hospital_id,official_name,candidate_alias,source_url,status,reason
cnha-cfdi-00d8af18c0a803330e3c694eb2196aae,临清市人民医院,People’s Hospital of Linqing,https://ror.org/01j2e9t73,review_required,Reference-only name; not approved for resolution
cnha-cfdi-01483885c0a80333753cc766ecffe4b4,湖北省妇幼保健院（湖北省妇女儿童医院）,Hubei MCH,https://ror.org/03323pz98,review_required,Reference-only name; not approved for resolution
cnha-cfdi-01483885c0a80333753cc766ecffe4b4,湖北省妇幼保健院（湖北省妇女儿童医院）,Hubei Province Hospital,https://ror.org/03323pz98,review_required,Reference-only name; not approved for resolution
cnha-cfdi-01483885c0a80333753cc766ecffe4b4,湖北省妇幼保健院（湖北省妇女儿童医院）,Hubei Provincial Women and Children's Hospital,https://ror.org/03323pz98,review_required,Reference-only name; not approved for resolution
cnha-cfdi-019d275ec0a803337282d3a0c06b7c4c,三亚中心医院（海南省第三人民医院）,Sanya Central Hospital,https://ror.org/03t65z939,review_required,Reference-only name; not approved for resolution
cnha-cfdi-019d275ec0a803337282d3a0c06b7c4c,三亚中心医院（海南省第三人民医院）,The Third People's Hospital of Hainan Province,https://ror.org/03t65z939,review_required,Reference-only name; not approved for resolution
cnha-cfdi-0204cf4ec0a8033354aff48acff76e63,襄阳市中医医院（襄阳市中医药研究所）,襄阳市中医药研究所,https://beian.cfdi.org.cn/CTMDS/pub/PUB010100.do?method=handle06&curPage=18&pageSize=100,review_required,Reference-only name; not approved for resolution
cnha-cfdi-021e8132c0a8033359bc9e716a57d0a7,南方医科大学中西医结合医院,Southern Hospital of Integrated Traditional Chinese and Western Medicine,https://ror.org/030xn5j74,review_required,Reference-only name; not approved for resolution
cnha-cfdi-021e8132c0a8033359bc9e716a57d0a7,南方医科大学中西医结合医院,TCM-Intigrated Cancer Center of Southern Medical University,https://ror.org/030xn5j74,review_required,Reference-only name; not approved for resolution
cnha-cfdi-02943794c0a80333107ca198e86e5766,中国中医科学院眼科医院,China Academy of Traditional Chinese Medicine Hospital of Ophthalmology,https://ror.org/04x5anb81,review_required,Reference-only name; not approved for resolution
cnha-cfdi-034b5767c0a803337498df639f33cbd4,陕西省第二人民医院,Second Peoples Hospital of Shaanxi Province,https://ror.org/03hwa6484,review_required,Reference-only name; not approved for resolution
cnha-cfdi-035af3a9c0a80333643874c85a536742,成都医学院第一附属医院,First Affiliated Hospital of Chengdu Medical College,https://ror.org/03jckbw05,review_required,Reference-only name; not approved for resolution
cnha-cfdi-0368c31ec0a803332e3a00811faed34d,宾县人民医院  (宾县医共体总医院）,宾县医共体总医院,https://beian.cfdi.org.cn/CTMDS/pub/PUB010100.do?method=handle06&curPage=16&pageSize=100,review_required,Reference-only name; not approved for resolution
cnha-cfdi-037384d3c0a803331f397cbb06c31c7e,宁波市第六医院,Ningbo No.6 Hospital,https://ror.org/054qnke07,review_required,Reference-only name; not approved for resolution
cnha-cfdi-03936a7cc0a803336ea258b096c459d4,中国中医科学院西苑医院,Xiyuan Hospital,https://ror.org/02y0vze35,review_required,Reference-only name; not approved for resolution
cnha-cfdi-042323dec0a8033323262e1b2d9a6d4c,威海市妇幼保健院,Weihai Maternal and Child Health Hospital,https://ror.org/0384ea937,review_required,Reference-only name; not approved for resolution
cnha-cfdi-042323dec0a8033323262e1b2d9a6d4c,威海市妇幼保健院,Weihai Municipal Second Hospital,https://ror.org/0384ea937,review_required,Reference-only name; not approved for resolution
cnha-cfdi-04e3be8bc0a80333183ed2b535c3e007,邢台市骨科医院（华北医疗健康集团邢台总医院  华北医疗健康集团邢台总医院互联网医院）,华北医疗健康集团邢台总医院  华北医疗健康集团邢台总医院互联网医院,https://beian.cfdi.org.cn/CTMDS/pub/PUB010100.do?method=handle06&curPage=1&pageSize=100,review_required,Reference-only name; not approved for resolution
cnha-cfdi-066b931bc0a8033351202887a2fd71fa,中国医科大学附属第一医院,First Affiliated Hospital of China Medical University,https://ror.org/04wjghj95,review_required,Reference-only name; not approved for resolution
cnha-cfdi-066b931bc0a8033351202887a2fd71fa,中国医科大学附属第一医院,First Hospital of China Medical University,https://ror.org/04wjghj95,review_required,Reference-only name; not approved for resolution
cnha-cfdi-073ac2adc0a803332217c5cf5a33c89e,绍兴市妇幼保健院（绍兴市妇女儿童医院，绍兴市妇幼保健院互联网医院）,绍兴市妇幼保健院互联网医院,https://beian.cfdi.org.cn/CTMDS/pub/PUB010100.do?method=handle06&curPage=15&pageSize=100,review_required,Reference-only name; not approved for resolution
cnha-cfdi-073ac2adc0a803332217c5cf5a33c89e,绍兴市妇幼保健院（绍兴市妇女儿童医院，绍兴市妇幼保健院互联网医院）,Shaoxing City Women and Children Hospital,https://ror.org/01hvjym56,review_required,Reference-only name; not approved for resolution
cnha-cfdi-073ac2adc0a803332217c5cf5a33c89e,绍兴市妇幼保健院（绍兴市妇女儿童医院，绍兴市妇幼保健院互联网医院）,"Shaoxing City, MCH",https://ror.org/01hvjym56,review_required,Reference-only name; not approved for resolution
cnha-cfdi-073ac2adc0a803332217c5cf5a33c89e,绍兴市妇幼保健院（绍兴市妇女儿童医院，绍兴市妇幼保健院互联网医院）,Shaoxing Maternity & Child Health Hospital,https://ror.org/01hvjym56,review_required,Reference-only name; not approved for resolution
cnha-cfdi-0760f716c0a8033319b4c71d741cd396,南通大学附属医院,Affiliated Hospital of Nantong University,https://ror.org/001rahr89,review_required,Reference-only name; not approved for resolution
cnha-cfdi-076aa611c0a803330a764cb7d6874b80,三门县人民医院（三门县人民医院医疗卫生服务共同体）,三门县人民医院医疗卫生服务共同体,https://beian.cfdi.org.cn/CTMDS/pub/PUB010100.do?method=handle06&curPage=16&pageSize=100,review_required,Reference-only name; not approved for resolution
cnha-cfdi-08832019c0a80333391fcbf3d4e5c1ee,厦门长庚医院,Xiamen Chang Gung Hospital,https://ror.org/048nc2z47,review_required,Reference-only name; not approved for resolution
cnha-cfdi-08a768bdc0a80333736f1b44bd8017df,九江市妇幼保健院（九江市儿童医院、九江市妇幼保健计划生育服务中心）,九江市妇幼保健计划生育服务中心,https://beian.cfdi.org.cn/CTMDS/pub/PUB010100.do?method=handle06&curPage=17&pageSize=100,review_required,Reference-only name; not approved for resolution
cnha-cfdi-08a768bdc0a80333736f1b44bd8017df,九江市妇幼保健院（九江市儿童医院、九江市妇幼保健计划生育服务中心）,Daford Hospital,https://ror.org/04knktv12,review_required,Reference-only name; not approved for resolution
cnha-cfdi-08a768bdc0a80333736f1b44bd8017df,九江市妇幼保健院（九江市儿童医院、九江市妇幼保健计划生育服务中心）,Jiujiang Maternal and Child Care Centres,https://ror.org/04knktv12,review_required,Reference-only name; not approved for resolution
cnha-cfdi-08be960ec0a8033305d325d8cfa7b761,广东省职业病防治院,Guangdong Provincial Occupational Disease Prevention Hospital,https://ror.org/00d9m6s48,review_required,Reference-only name; not approved for resolution
cnha-cfdi-09f3032ac0a8033300069fa609075bf2,北京大学口腔医院,Peking University Stomatological Hospital,https://ror.org/00s2xkh70,review_required,Reference-only name; not approved for resolution
cnha-cfdi-0b0c702ac0a803331bfa908b88234450,吉林省人民医院,Jilin People's Hospital,https://ror.org/00n5w1596,review_required,Reference-only name; not approved for resolution
cnha-cfdi-0b0c702ac0a803331bfa908b88234450,吉林省人民医院,People 's Hospital of Jilin Province,https://ror.org/00n5w1596,review_required,Reference-only name; not approved for resolution
cnha-cfdi-0b707dd0c0a8033311cd017b78273291,潍坊市人民医院,Weifang People's Hospital,https://ror.org/01xd2tj29,review_required,Reference-only name; not approved for resolution
cnha-cfdi-0b91b6edc0a8033315b41f749cbdd82f,鄂尔多斯市中心医院（内蒙古自治区超声影像研究所）,内蒙古自治区超声影像研究所,https://beian.cfdi.org.cn/CTMDS/pub/PUB010100.do?method=handle06&curPage=17&pageSize=100,review_required,Reference-only name; not approved for resolution
cnha-cfdi-0c73261fc0a80333131c13ca2a828824,中山大学附属口腔医院,"Hospital of Stomatology, Sun Yat-sen University",https://ror.org/04bswr545,review_required,Reference-only name; not approved for resolution
cnha-cfdi-0cf24949c0a803332821abbd34763079,枣庄市立医院,Zaozhuang Municipal Hospital,https://ror.org/01nvdh647,review_required,Reference-only name; not approved for resolution
cnha-cfdi-0d8fe814c0a8033364c56253e6a6cc5a,西安市红会医院,Xi'an Honghui Hospital,https://ror.org/015bnwc11,review_required,Reference-only name; not approved for resolution
cnha-cfdi-0d8fe814c0a8033364c56253e6a6cc5a,西安市红会医院,Xi'an Red Cross Hospital,https://ror.org/015bnwc11,review_required,Reference-only name; not approved for resolution
cnha-cfdi-0d9e9d19c0a803332f2e459fefe8ecda,大连理工大学附属肿瘤医院（辽宁省肿瘤医院、辽宁省肿瘤研究所）,辽宁省肿瘤研究所,https://beian.cfdi.org.cn/CTMDS/pub/PUB010100.do?method=handle06&curPage=3&pageSize=100,review_required,Reference-only name; not approved for resolution
cnha-cfdi-0d9e9d19c0a803332f2e459fefe8ecda,大连理工大学附属肿瘤医院（辽宁省肿瘤医院、辽宁省肿瘤研究所）,Cancer Hospital of Dalian University of Technology,https://ror.org/05d659s21,review_required,Reference-only name; not approved for resolution
cnha-cfdi-0d9e9d19c0a803332f2e459fefe8ecda,大连理工大学附属肿瘤医院（辽宁省肿瘤医院、辽宁省肿瘤研究所）,Liaoning Cancer Hospital & Institute,https://ror.org/05d659s21,review_required,Reference-only name; not approved for resolution
cnha-cfdi-0db8a76bc0a8033343b0ed0176df3d0f,河南省胸科医院,Henan Provincial Chest Hospital,https://ror.org/04d3sf574,review_required,Reference-only name; not approved for resolution
cnha-cfdi-0db8c151c0a803333837d21b7fdce2c4,兰州市第二人民医院,No. 2 People's Hospital of Lanzhou,https://ror.org/01fxcka27,review_required,Reference-only name; not approved for resolution
cnha-cfdi-0db8c151c0a803333837d21b7fdce2c4,兰州市第二人民医院,Second People's Hospital of Lanzhou,https://ror.org/01fxcka27,review_required,Reference-only name; not approved for resolution
cnha-cfdi-0db8c151c0a803333837d21b7fdce2c4,兰州市第二人民医院,The No. 2 People's Hospital of Lanzhou,https://ror.org/01fxcka27,review_required,Reference-only name; not approved for resolution
cnha-cfdi-0dd597e5c0a803331a246ea40e5a4354,大连市皮肤病医院,Dalian Dermatosis Hospital,https://ror.org/01ta56j94,review_required,Reference-only name; not approved for resolution
cnha-cfdi-0e9edb94c0a8033322217b6117bae902,温州医科大学附属眼视光医院,Affiliated Eye Hospital of Wenzhou Medical College,https://ror.org/000sxmx78,review_required,Reference-only name; not approved for resolution
cnha-cfdi-0e9edb94c0a8033322217b6117bae902,温州医科大学附属眼视光医院,Zhejiang Eye Hospital,https://ror.org/000sxmx78,review_required,Reference-only name; not approved for resolution
cnha-cfdi-0eb2c497c0a80333678fd52655b5932e,郑州市妇幼保健院（郑州市妇幼保健计划生育服务中心）,郑州市妇幼保健计划生育服务中心,https://beian.cfdi.org.cn/CTMDS/pub/PUB010100.do?method=handle06&curPage=19&pageSize=100,review_required,Reference-only name; not approved for resolution
cnha-cfdi-0f27c805c0a803332ce19ba6a765712a,济宁市第一人民医院,Jining First People's Hospital,https://ror.org/04gs6v336,review_required,Reference-only name; not approved for resolution
cnha-cfdi-0f27c805c0a803332ce19ba6a765712a,济宁市第一人民医院,Third Branch of Shandong Provincial Hospital,https://ror.org/04gs6v336,review_required,Reference-only name; not approved for resolution
cnha-cfdi-0f27c805c0a803332ce19ba6a765712a,济宁市第一人民医院,United Church of Christ Barco Gate Hospital,https://ror.org/04gs6v336,review_required,Reference-only name; not approved for resolution
cnha-cfdi-0f8bc51bc0a8033318e741ce8ccc0671,南方医科大学口腔医院（广东省口腔医院）,Guangdong Province Stomatological Hospital,https://ror.org/008p85724,review_required,Reference-only name; not approved for resolution
cnha-cfdi-0f96ca2bc0a80333003c85b5667dfb42,长沙市第四医院(长沙市中西医结合医院）,Fourth Hospital of Changsha,https://ror.org/01wkath48,review_required,Reference-only name; not approved for resolution
cnha-cfdi-111a51ebc0a8033351ddc3e578d4d069,株洲市中心医院,Zhuzhou Central Hospital,https://ror.org/03prq2784,review_required,Reference-only name; not approved for resolution
cnha-cfdi-111a51ebc0a8033351ddc3e578d4d069,株洲市中心医院,Zhuzhou City First Hospital,https://ror.org/03prq2784,review_required,Reference-only name; not approved for resolution
cnha-cfdi-124252dcc0a803335ad779336a44cff3,内蒙古自治区中医医院,Inner Mongolia Autonomous Region Hospital of Traditional Chinese Medicine,https://ror.org/05bxbrn63,review_required,Reference-only name; not approved for resolution
cnha-cfdi-12783270c0a8033304ea9c2064167117,新乡市中心医院,Xinxiang Central Hospital,https://ror.org/006zn6z18,review_required,Reference-only name; not approved for resolution
cnha-cfdi-12783270c0a8033304ea9c2064167117,新乡市中心医院,Xinxiang City Center Hospital,https://ror.org/006zn6z18,review_required,Reference-only name; not approved for resolution
cnha-cfdi-128a5901c0a80333093113a0926102fe,柳州市人民医院,Liuzhou General Hospital,https://ror.org/00er4d216,review_required,Reference-only name; not approved for resolution
cnha-cfdi-12ae2e13c0a803333503d61b7562910d,绍兴市人民医院,Shaoxing People's Hospital,https://ror.org/05v58y004,review_required,Reference-only name; not approved for resolution
cnha-cfdi-12ccb55bc0a80333400cfcf6fc52306b,上海市儿童医院,Shanghai Children's Hospital,https://ror.org/05pea1m70,review_required,Reference-only name; not approved for resolution
cnha-cfdi-12ccb55bc0a80333400cfcf6fc52306b,上海市儿童医院,Underprivileged Children's Hospital,https://ror.org/05pea1m70,review_required,Reference-only name; not approved for resolution
cnha-cfdi-138b56c4c0a803330e40ef24ba80d41f,复旦大学附属儿科医院,CHFU,https://ror.org/05n13be63,review_required,Reference-only name; not approved for resolution
cnha-cfdi-138b56c4c0a803330e40ef24ba80d41f,复旦大学附属儿科医院,Fudan Children's Hospital,https://ror.org/05n13be63,review_required,Reference-only name; not approved for resolution
cnha-cfdi-13c9eaf7c0a8033352df6dbdc89113dd,天津市环湖医院,Tianjin Huanhu Hospital,https://ror.org/00q6wbs64,review_required,Reference-only name; not approved for resolution
cnha-cfdi-13c9eaf7c0a8033352df6dbdc89113dd,天津市环湖医院,Tianjin Lake Hospital,https://ror.org/00q6wbs64,review_required,Reference-only name; not approved for resolution
cnha-cfdi-13cd3688c0a8033335a695c8d55c6e3d,长沙市第一医院,The First Hospital of Changsha,https://ror.org/01sy5t684,review_required,Reference-only name; not approved for resolution
cnha-cfdi-140c2c6dc0a803335ca95ef2d57d3156,杭州市红十字会医院,Hangzhou Charity Hospital,https://ror.org/03mh75s52,review_required,Reference-only name; not approved for resolution
cnha-cfdi-140c2c6dc0a803335ca95ef2d57d3156,杭州市红十字会医院,Hangzhou Red Cross Hospital,https://ror.org/03mh75s52,review_required,Reference-only name; not approved for resolution
cnha-cfdi-140c2c6dc0a803335ca95ef2d57d3156,杭州市红十字会医院,Zhejiang Province Traditional Chinese Medicine Hospital,https://ror.org/03mh75s52,review_required,Reference-only name; not approved for resolution
cnha-cfdi-14eee6b9c0a803333bb0df60448de8df,云南省曲靖中心医院、曲靖市第一人民医院、云南省曲靖中心医院互联网医院,云南省曲靖中心医院互联网医院,https://beian.cfdi.org.cn/CTMDS/pub/PUB010100.do?method=handle06&curPage=10&pageSize=100,review_required,Reference-only name; not approved for resolution
cnha-cfdi-14f98835c0a8033379ddb915cbbb848e,温州市人民医院,Charity Catholic Church hospital,https://ror.org/04jmysw33,review_required,Reference-only name; not approved for resolution
cnha-cfdi-14f98835c0a8033379ddb915cbbb848e,温州市人民医院,Wenzhou City People's Hospital,https://ror.org/04jmysw33,review_required,Reference-only name; not approved for resolution
cnha-cfdi-14f98835c0a8033379ddb915cbbb848e,温州市人民医院,Wenzhou Third People's Hospital,https://ror.org/04jmysw33,review_required,Reference-only name; not approved for resolution
cnha-cfdi-168a48d3c0a8033313f5bb254f89a644,柳州市妇幼保健院,Liuzhou MCH,https://ror.org/00fbwv278,review_required,Reference-only name; not approved for resolution
cnha-cfdi-168a48d3c0a8033313f5bb254f89a644,柳州市妇幼保健院,Liuzhou Maternal and Child Health Hospital,https://ror.org/00fbwv278,review_required,Reference-only name; not approved for resolution
cnha-cfdi-16da30a1c0a80333093840cbb76504fe,宝鸡市中心医院,Baoji City Central Hospital,https://ror.org/05xfh8p29,review_required,Reference-only name; not approved for resolution
cnha-cfdi-17863a03c0a803336d8f6df97549f453,中山大学中山眼科中心海南眼科医院,Hainan Eye Hospital,https://ror.org/03k18qw23,review_required,Reference-only name; not approved for resolution
cnha-cfdi-178e4af7c0a80333007a1e99b7a2da53,广西壮族自治区人民医院,The People's Hospital of Guangxi Zhuang Autonomous Region,https://ror.org/02aa8kj12,review_required,Reference-only name; not approved for resolution
cnha-cfdi-17b5389ac0a803330905d83b03a684c5,河南中医药大学第一附属医院,First Affiliated Hospital of Henan University of TCM,https://ror.org/059c9vn90,review_required,Reference-only name; not approved for resolution
cnha-cfdi-17b5389ac0a803330905d83b03a684c5,河南中医药大学第一附属医院,First Affiliated Hospital of Henan University of Traditional Chinese Medicine,https://ror.org/059c9vn90,review_required,Reference-only name; not approved for resolution
cnha-cfdi-17b5389ac0a803330905d83b03a684c5,河南中医药大学第一附属医院,河南中医学院第一医院,https://ror.org/059c9vn90,review_required,Reference-only name; not approved for resolution
cnha-cfdi-17c9c043c0a803330faf5ff5d6ea395b,甘肃省中医院,Gansu Provincial Hospital of TCM,https://ror.org/03j8e1479,review_required,Reference-only name; not approved for resolution
cnha-cfdi-185fd820c0a803336e62e2b6638280c9,昆明同仁医院,Kunming Tongren Hospital,https://ror.org/00sash423,review_required,Reference-only name; not approved for resolution
cnha-cfdi-18cb6e9ac0a8033363b0753f3cba5eee,广州医科大学附属市八医院(广州市第八人民医院、广州市肝病医院、广州市第八人民医院互联网医院）,广州市第八人民医院互联网医院,https://beian.cfdi.org.cn/CTMDS/pub/PUB010100.do?method=handle06&curPage=5&pageSize=100,review_required,Reference-only name; not approved for resolution
cnha-cfdi-18cb6e9ac0a8033363b0753f3cba5eee,广州医科大学附属市八医院(广州市第八人民医院、广州市肝病医院、广州市第八人民医院互联网医院）,Guangzhou Eighth People's Hospital,https://ror.org/0534awx66,review_required,Reference-only name; not approved for resolution
cnha-cfdi-190386fcc0a803330e2442e89ea33fa7,广元市第一人民医院,First People's Hospital of Guangyuan,https://ror.org/004v3m339,review_required,Reference-only name; not approved for resolution
cnha-cfdi-190386fcc0a803330e2442e89ea33fa7,广元市第一人民医院,Guangyuan First People's Hospital,https://ror.org/004v3m339,review_required,Reference-only name; not approved for resolution
cnha-cfdi-190386fcc0a803330e2442e89ea33fa7,广元市第一人民医院,The First People's Hospital of Guangyuan,https://ror.org/004v3m339,review_required,Reference-only name; not approved for resolution
cnha-cfdi-19a53ca3c0a80333786702fab1fece99,宁夏回族自治区人民医院,Ningxia Hui Autonomous Region Peoples Hospital,https://ror.org/01g8cdp94,review_required,Reference-only name; not approved for resolution
cnha-cfdi-19a53ca3c0a80333786702fab1fece99,宁夏回族自治区人民医院,Ningxia Peoples Hospital,https://ror.org/01g8cdp94,review_required,Reference-only name; not approved for resolution
cnha-cfdi-19e0f103c0a803336ebd2c700e31ac50,常德市第一人民医院,The First People's Hospital of Changde,https://ror.org/02h2ywm64,review_required,Reference-only name; not approved for resolution
cnha-cfdi-1afe040bc0a803331139421223856a6e,中山市人民医院,Zhongshan People's Hospital,https://ror.org/01x5dfh38,review_required,Reference-only name; not approved for resolution
cnha-cfdi-1b0d359fc0a803334a1c241e97d2032c,南昌大学第二附属医院,No.2 Affiliated Hospital of Nanchang University,https://ror.org/01nxv5c88,review_required,Reference-only name; not approved for resolution
cnha-cfdi-1b0d359fc0a803334a1c241e97d2032c,南昌大学第二附属医院,Second Affiliated Hospital of Nanchang University,https://ror.org/01nxv5c88,review_required,Reference-only name; not approved for resolution
cnha-cfdi-1b72ddd0c0a8033374b1791f5e1fde99,新泰市人民医院,Xintai People's Hospital,https://ror.org/02qyk0j27,review_required,Reference-only name; not approved for resolution
cnha-cfdi-1bd3b346c0a803330b01fa75ffa558e9,浙江大学医学院附属口腔医院,Zhejiang Province Stomatological Hospital,https://ror.org/02yk7ya44,review_required,Reference-only name; not approved for resolution
cnha-cfdi-1bd3b346c0a803330b01fa75ffa558e9,浙江大学医学院附属口腔医院,Zhejiang University Medical College Affiliated Stomatological Hospital,https://ror.org/02yk7ya44,review_required,Reference-only name; not approved for resolution
cnha-cfdi-1cfbfac5c0a8033324d864d23361f2eb,中山市第二人民医院,Zhongshan City Second People's Hospital,https://ror.org/01abmka80,review_required,Reference-only name; not approved for resolution
cnha-cfdi-1d1f6fa7c0a803337dca45f72ac95976,常熟市第二人民医院,CSEY,https://ror.org/029ys9z53,review_required,Reference-only name; not approved for resolution
cnha-cfdi-1d1f6fa7c0a803337dca45f72ac95976,常熟市第二人民医院,Changshu No. 2 People's Hospital,https://ror.org/029ys9z53,review_required,Reference-only name; not approved for resolution
cnha-cfdi-1d39cb98c0a803336eb07b85404c2ad5,邹城市人民医院,Zoucheng People's Hospital,https://ror.org/02exfk080,review_required,Reference-only name; not approved for resolution
cnha-cfdi-1d696d32c0a803331506764268553b23,苏州大学附属第四医院（苏州市独墅湖医院）,SDH,https://ror.org/04n3e7v86,review_required,Reference-only name; not approved for resolution
cnha-cfdi-1d696d32c0a803331506764268553b23,苏州大学附属第四医院（苏州市独墅湖医院）,Suzhou Dushu Lake Hospital,https://ror.org/04n3e7v86,review_required,Reference-only name; not approved for resolution
cnha-cfdi-1d696d32c0a803331506764268553b23,苏州大学附属第四医院（苏州市独墅湖医院）,The Fourth Affiliated Hospital of Soochow University,https://ror.org/04n3e7v86,review_required,Reference-only name; not approved for resolution
cnha-cfdi-1d696d32c0a803331506764268553b23,苏州大学附属第四医院（苏州市独墅湖医院）,The Fourth Affiliated Hospital of Soochow University (Suzhou Dushu Lake Hospital),https://ror.org/04n3e7v86,review_required,Reference-only name; not approved for resolution
cnha-cfdi-1df23858c0a803334f4955e760be953f,和祐医院,Heyou Hospital,https://ror.org/03s5kvf41,review_required,Reference-only name; not approved for resolution
cnha-cfdi-1e4d48ddc0a803331fd38588d727499e,北京大学首钢医院,Peking University Shougang Hospital,https://ror.org/040rwep31,review_required,Reference-only name; not approved for resolution
cnha-cfdi-1e4d48ddc0a803331fd38588d727499e,北京大学首钢医院,北京大学首鋼医院,https://ror.org/040rwep31,review_required,Reference-only name; not approved for resolution
cnha-cfdi-1ee7cbacc0a803333781c82ae9b72a5d,四川大学华西医院（四川省国际医院）,WCH,https://ror.org/007mrxy13,review_required,Reference-only name; not approved for resolution
cnha-cfdi-204f9ca2c0a80333669c8ca0f18ddb90,保定市第一中心医院,BDCH,https://ror.org/022nvaw58,review_required,Reference-only name; not approved for resolution
cnha-cfdi-204f9ca2c0a80333669c8ca0f18ddb90,保定市第一中心医院,Baoding No.1 Central Hospital,https://ror.org/022nvaw58,review_required,Reference-only name; not approved for resolution
cnha-cfdi-207c0e3cc0a80333422f4492f05bd844,天津市第三中心医院,Tianjin Third Central Hospital,https://ror.org/00911j719,review_required,Reference-only name; not approved for resolution
cnha-cfdi-20bf70afc0a803331d8b21c12f0aaad7,中国医科大学附属第四医院,Fourth Affiliated Hospital of China Medical University,https://ror.org/012sz4c50,review_required,Reference-only name; not approved for resolution
cnha-cfdi-2218dee8c0a803331ff02d06629e2c34,浙江省中医院（浙江中医药大学附属第一医院）,Zhejiang Provincial Hospital of TCM,https://ror.org/00mzdyq43,review_required,Reference-only name; not approved for resolution
cnha-cfdi-223461ecc0a8033359a1966478d511c5,宜昌市中心人民医院,Yichang Central Hospital,https://ror.org/04cr34a11,review_required,Reference-only name; not approved for resolution
cnha-cfdi-223461ecc0a8033359a1966478d511c5,宜昌市中心人民医院,Yichang Central People's Hospital,https://ror.org/04cr34a11,review_required,Reference-only name; not approved for resolution
cnha-cfdi-22a5b04ac0a8033307695169cc0ae397,温州医科大学附属第二医院,Second Affiliated Hospital & Yuying Children's Hospital of Wenzhou Medical University,https://ror.org/0156rhd17,review_required,Reference-only name; not approved for resolution
cnha-cfdi-2378a801c0a8033344aab2495f5daaf2,河北大学附属医院,Affiliated Hospital of Hebei University,https://ror.org/049vsq398,review_required,Reference-only name; not approved for resolution
cnha-cfdi-237f5736c0a803336c7aae5755712359,岳阳市中心医院（原岳阳市一人民医院）,原岳阳市一人民医院,https://beian.cfdi.org.cn/CTMDS/pub/PUB010100.do?method=handle06&curPage=6&pageSize=100,review_required,Reference-only name; not approved for resolution
cnha-cfdi-256658cdc0a803332003e75dd494b7ce,佛山市高明区人民医院,Foshan Gaoming District People's Hospital,https://ror.org/02hpsqa39,review_required,Reference-only name; not approved for resolution
cnha-cfdi-256658cdc0a803332003e75dd494b7ce,佛山市高明区人民医院,Gaoming District People's Hospital,https://ror.org/02hpsqa39,review_required,Reference-only name; not approved for resolution
cnha-cfdi-2582affec0a8033369862c097264a444,哈尔滨医科大学附属第二医院,Second Affiliated Hospital of Harbin Medical University,https://ror.org/03s8txj32,review_required,Reference-only name; not approved for resolution
cnha-cfdi-258dea77c0a80333428d8659643222f4,湖南中医药大学第一附属医院,First Affiliated Hospital of Hunan University of Traditional Chinese Medicine,https://ror.org/01ffek432,review_required,Reference-only name; not approved for resolution
cnha-cfdi-26c490e9c0a8033323c1e1fc3cc3cb1a,福建省漳州市医院,Zhangzhou Municipal Hospital of Fujian Province,https://ror.org/01cny4f98,review_required,Reference-only name; not approved for resolution
cnha-cfdi-26ddbb23c0a803332da8fc9bf4f5384a,华北理工大学附属医院,North China University of Science and Technology Affiliated Hospital,https://ror.org/015kdfj59,review_required,Reference-only name; not approved for resolution
cnha-cfdi-26f5fb1cc0a803332688fa69c56016b9,绍兴市上虞区中医医院（绍兴市上虞区中医医院医共体总院）,绍兴市上虞区中医医院医共体总院,https://beian.cfdi.org.cn/CTMDS/pub/PUB010100.do?method=handle06&curPage=20&pageSize=100,review_required,Reference-only name; not approved for resolution
cnha-cfdi-27288bcdc0a8033311523e0dfe55b3ff,中山大学附属第六医院,Gastrointestinal and Anal Hospital,https://ror.org/005pe1772,review_required,Reference-only name; not approved for resolution
cnha-cfdi-27288bcdc0a8033311523e0dfe55b3ff,中山大学附属第六医院,Guangdong Gastrointestinal Hospital,https://ror.org/005pe1772,review_required,Reference-only name; not approved for resolution
cnha-cfdi-27288bcdc0a8033311523e0dfe55b3ff,中山大学附属第六医院,Sixth Affiliated Hospital of Sun Yat-sen University,https://ror.org/005pe1772,review_required,Reference-only name; not approved for resolution
cnha-cfdi-27288bcdc0a8033311523e0dfe55b3ff,中山大学附属第六医院,Zhongshan Six Hospital,https://ror.org/005pe1772,review_required,Reference-only name; not approved for resolution
cnha-cfdi-281eb25dc0a803334728f8139013b871,兴化市人民医院,The Affiliated Xinghua People's Hospital,https://ror.org/05ht7qn52,review_required,Reference-only name; not approved for resolution
cnha-cfdi-281eb25dc0a803334728f8139013b871,兴化市人民医院,XHRY,https://ror.org/05ht7qn52,review_required,Reference-only name; not approved for resolution
cnha-cfdi-281eb25dc0a803334728f8139013b871,兴化市人民医院,Xinghua People's Hospital Affiliated to Yangzhou University,https://ror.org/05ht7qn52,review_required,Reference-only name; not approved for resolution
cnha-cfdi-28c180c3c0a803337c9a4eaf72b893ea,吉林大学第一医院,First Hospital of Jilin University,https://ror.org/034haf133,review_required,Reference-only name; not approved for resolution
cnha-cfdi-29911ba6c0a8033334c8d26c40ece079,淅川县人民医院(淅川县第一医共体总医院),淅川县第一医共体总医院,https://beian.cfdi.org.cn/CTMDS/pub/PUB010100.do?method=handle06&curPage=20&pageSize=100,review_required,Reference-only name; not approved for resolution
cnha-cfdi-29a0505ac0a8033367da5b7f0b11734c,重庆市红十字会医院（江北区人民医院）,江北区人民医院,https://beian.cfdi.org.cn/CTMDS/pub/PUB010100.do?method=handle06&curPage=1&pageSize=100,review_required,Reference-only name; not approved for resolution
cnha-cfdi-2a76f77dc0a8033311314f9be1ed9183,武汉市第四医院（武汉市普爱医院、武汉市骨科医院）,Wuhan Fourth Hospital,https://ror.org/00qavst65,review_required,Reference-only name; not approved for resolution
cnha-cfdi-2a76f77dc0a8033311314f9be1ed9183,武汉市第四医院（武汉市普爱医院、武汉市骨科医院）,Wuhan Puai Hospital,https://ror.org/00qavst65,review_required,Reference-only name; not approved for resolution
cnha-cfdi-2dd3b2e1c0a803332927affc6074b049,深圳平乐骨伤科医院（深圳市坪山区中医院）,Shenzhen Pingle Orthopedic Hospital,https://ror.org/04ppv2c95,review_required,Reference-only name; not approved for resolution
cnha-cfdi-31278b94c0a803333d226ab8b1471a8c,河北省人民医院,Hebei General Hospital,https://ror.org/01nv7k942,review_required,Reference-only name; not approved for resolution
cnha-cfdi-312ade48c0a803330dbbe4dc78900ab2,首都医科大学附属北京朝阳医院,Beijing Chao-Yang Hospital,https://ror.org/01eff5662,review_required,Reference-only name; not approved for resolution
cnha-cfdi-312ade48c0a803330dbbe4dc78900ab2,首都医科大学附属北京朝阳医院,"Beijing Chao-Yang Hospital, Capital Medical University",https://ror.org/01eff5662,review_required,Reference-only name; not approved for resolution
cnha-cfdi-312ade48c0a803330dbbe4dc78900ab2,首都医科大学附属北京朝阳医院,Běijīng Cháoyáng Yīyuàn,https://ror.org/01eff5662,review_required,Reference-only name; not approved for resolution
cnha-cfdi-312ade48c0a803330dbbe4dc78900ab2,首都医科大学附属北京朝阳医院,北京朝阳医院,https://ror.org/01eff5662,review_required,Reference-only name; not approved for resolution
cnha-cfdi-31343ef5c0a8033378eee0d9c7157d5a,山东省第二人民医院（山东省耳鼻喉医院、山东省耳鼻喉研究所）,山东省耳鼻喉研究所,https://beian.cfdi.org.cn/CTMDS/pub/PUB010100.do?method=handle06&curPage=7&pageSize=100,review_required,Reference-only name; not approved for resolution
cnha-cfdi-317e5390c0a80333428017c95b8e60d5,北京市海淀医院、北京市海淀医院互联网医院,北京市海淀医院互联网医院,https://beian.cfdi.org.cn/CTMDS/pub/PUB010100.do?method=handle06&curPage=13&pageSize=100,review_required,Reference-only name; not approved for resolution
cnha-cfdi-317e5390c0a80333428017c95b8e60d5,北京市海淀医院、北京市海淀医院互联网医院,Beijing Haidian Hospital,https://ror.org/058x5eq06,review_required,Reference-only name; not approved for resolution
cnha-cfdi-317e5390c0a80333428017c95b8e60d5,北京市海淀医院、北京市海淀医院互联网医院,Beijing Haidian Section of Peking University Third Hospital,https://ror.org/058x5eq06,review_required,Reference-only name; not approved for resolution
cnha-cfdi-318dc62bc0a8033361606bba37a83140,南京市第一医院,NFH,https://ror.org/02hw73q19,review_required,Reference-only name; not approved for resolution
cnha-cfdi-318dc62bc0a8033361606bba37a83140,南京市第一医院,Nanjing First Hospital,https://ror.org/02hw73q19,review_required,Reference-only name; not approved for resolution
cnha-cfdi-31c31344c0a803337cc19b734c5cf1ef,江西省儿童医院,Jiangxi Provincial Children's Hospital,https://ror.org/03tws3217,review_required,Reference-only name; not approved for resolution
cnha-cfdi-31c61602c0a803336b55426e8e04a4da,中国医学科学院肿瘤医院,Cancer Hospital of Chinese Academy of Medical Sciences,https://ror.org/03x937183,review_required,Reference-only name; not approved for resolution
cnha-cfdi-31c61602c0a803336b55426e8e04a4da,中国医学科学院肿瘤医院,Ritan Hospital,https://ror.org/03x937183,review_required,Reference-only name; not approved for resolution
cnha-cfdi-31fcd44ec0a803331ea8b90d035215eb,北京市顺义区中医医院(北京中医医院顺义医院),Shunyi District Traditional Chinese Medicine Hospital,https://ror.org/01qq0qd43,review_required,Reference-only name; not approved for resolution
cnha-cfdi-31fcd44ec0a803331ea8b90d035215eb,北京市顺义区中医医院(北京中医医院顺义医院),Shunyi Hospital of Beijing Traditional Chinese Medicine Hospital,https://ror.org/01qq0qd43,review_required,Reference-only name; not approved for resolution
cnha-cfdi-32c1abc9c0a8033320455d77bfaba578,文昌市人民医院（文昌市人民医院医共体总院）,文昌市人民医院医共体总院,https://beian.cfdi.org.cn/CTMDS/pub/PUB010100.do?method=handle06&curPage=16&pageSize=100,review_required,Reference-only name; not approved for resolution
cnha-cfdi-32e6838dc0a803330fdfe5db1ba459d5,安阳市中医院,Anyang Hospital of Traditional Chinese Medicine,https://ror.org/02x5sw589,review_required,Reference-only name; not approved for resolution
cnha-cfdi-330a5a5dc0a8033377e4178e3d5a8695,重庆医科大学附属第二医院,Second Affiliated Hospital of Chongqing Medical University,https://ror.org/00r67fz39,review_required,Reference-only name; not approved for resolution
cnha-cfdi-331e7c69c0a80333533c39fcf2e67d09,潮州市中心医院,Chaozhou Central Hospital,https://ror.org/03rzkxc19,review_required,Reference-only name; not approved for resolution
cnha-cfdi-3340923cc0a803335613d72a9247a1b9,吉林省肿瘤医院,Jilin Province Tumor Hospital,https://ror.org/00vgek070,review_required,Reference-only name; not approved for resolution
cnha-cfdi-350cb36ac0a803331b0d46566a10ed40,杭州市肿瘤医院,Hangzhou Cancer Hospital,https://ror.org/05psp9534,review_required,Reference-only name; not approved for resolution
cnha-cfdi-365a4244c0a803332a4f8494616895ea,太原市第三人民医院(太原市传染病医院、太原市肝病研究所),太原市肝病研究所,https://beian.cfdi.org.cn/CTMDS/pub/PUB010100.do?method=handle06&curPage=21&pageSize=100,review_required,Reference-only name; not approved for resolution
cnha-cfdi-3666f8ebc0a803330f21ccb373822eb1,河北省中医院,Hospital of Hebei Province,https://ror.org/0000yrh61,review_required,Reference-only name; not approved for resolution
cnha-cfdi-367d16a9c0a803334d358b8a60341c23,天津市中西医结合医院（天津市南开医院）,Tianjin Nankai Hospital,https://ror.org/00hq79z10,review_required,Reference-only name; not approved for resolution
cnha-cfdi-36994b74c0a80333783adf1e244d895b,商丘市第一人民医院,People's Hospital of Shangqiu District,https://ror.org/025gwsg11,review_required,Reference-only name; not approved for resolution
cnha-cfdi-36994b74c0a80333783adf1e244d895b,商丘市第一人民医院,Shangqiu First People's Hospital,https://ror.org/025gwsg11,review_required,Reference-only name; not approved for resolution
cnha-cfdi-36994b74c0a80333783adf1e244d895b,商丘市第一人民医院,St. Paul Hospital,https://ror.org/025gwsg11,review_required,Reference-only name; not approved for resolution
cnha-cfdi-370cbc66c0a80333260ea7d898e52ddf,河南省精神病医院,Henan Psychiatric Hospital,https://ror.org/015qzwq73,review_required,Reference-only name; not approved for resolution
cnha-cfdi-370cbc66c0a80333260ea7d898e52ddf,河南省精神病医院,Second Affiliated Hospital of Xinxiang Medical College,https://ror.org/015qzwq73,review_required,Reference-only name; not approved for resolution
cnha-cfdi-37551ed6c0a803335a0094ca2f2a9999,北京大学第三医院,PKU 3rd People's Hospital,https://ror.org/04wwqze12,review_required,Reference-only name; not approved for resolution
cnha-cfdi-37551ed6c0a803335a0094ca2f2a9999,北京大学第三医院,PUTH,https://ror.org/04wwqze12,review_required,Reference-only name; not approved for resolution
cnha-cfdi-37551ed6c0a803335a0094ca2f2a9999,北京大学第三医院,Sanyuan Hospital,https://ror.org/04wwqze12,review_required,Reference-only name; not approved for resolution
cnha-cfdi-377cbc83c0a8033328258152d0df5c96,济南市中心医院,Jinan Central Hospital,https://ror.org/01fr19c68,review_required,Reference-only name; not approved for resolution
cnha-cfdi-377cbc83c0a8033328258152d0df5c96,济南市中心医院,Jinan Central Hospital Affiliated to Shandong University,https://ror.org/01fr19c68,review_required,Reference-only name; not approved for resolution
cnha-cfdi-37b9443cc0a803331404f539fffb780c,惠州市中心人民医院,Huizhou Central People's Hospital,https://ror.org/04bwajd86,review_required,Reference-only name; not approved for resolution
cnha-cfdi-37c8c3b0c0a803333b681c8ab939c8fc,上海市光华中西医结合医院,Guanghua Hospital,https://ror.org/027cgen28,review_required,Reference-only name; not approved for resolution
cnha-cfdi-37c8c3b0c0a803333b681c8ab939c8fc,上海市光华中西医结合医院,Shanghai Guanghua Hospital of Integrated Traditional Chinese and Western Medicine,https://ror.org/027cgen28,review_required,Reference-only name; not approved for resolution
cnha-cfdi-37db2829c0a80333029503d06ea961a0,广西壮族自治区脑科医院,Guangxi Brain Hospital,https://ror.org/02cgt3c05,review_required,Reference-only name; not approved for resolution
cnha-cfdi-37db2829c0a80333029503d06ea961a0,广西壮族自治区脑科医院,Guangxi Longquanshan Hospital,https://ror.org/02cgt3c05,review_required,Reference-only name; not approved for resolution
cnha-cfdi-37db2829c0a80333029503d06ea961a0,广西壮族自治区脑科医院,Guangxi Zhuang Autonomous Region Brain Hospital,https://ror.org/02cgt3c05,review_required,Reference-only name; not approved for resolution
cnha-cfdi-382ba8b0c0a803335b4ce03a0dba2371,南京医科大学第一附属医院（江苏省人民医院）,First Affiliated Hospital of Nanjing Medical University,https://ror.org/04py1g812,review_required,Reference-only name; not approved for resolution
cnha-cfdi-38923137c0a803331b14a852300fcb00,国药葛洲坝中心医院,Gezhouba Central Hospital of Sinopharm,https://ror.org/0027z3756,review_required,Reference-only name; not approved for resolution
cnha-cfdi-38923137c0a803331b14a852300fcb00,国药葛洲坝中心医院,Gezhouba Group Central Hospital,https://ror.org/0027z3756,review_required,Reference-only name; not approved for resolution
cnha-cfdi-38923137c0a803331b14a852300fcb00,国药葛洲坝中心医院,Sinopharm Gezhouba Central Hospital,https://ror.org/0027z3756,review_required,Reference-only name; not approved for resolution
cnha-cfdi-38d4d4c9c0a8033370f802154de28e76,滕州市中心人民医院,Tengzhou Central People's Hospital,https://ror.org/03b867n98,review_required,Reference-only name; not approved for resolution
cnha-cfdi-3a2e5326c0a80333570115a701ae0590,云南省阜外心血管病医院,FYCH,https://ror.org/000r80389,review_required,Reference-only name; not approved for resolution
cnha-cfdi-3a2e5326c0a80333570115a701ae0590,云南省阜外心血管病医院,Fuwai Yunnan Cardiovascular Hospital,https://ror.org/000r80389,review_required,Reference-only name; not approved for resolution
cnha-cfdi-3a82f5aec0a80333558d48cdf85b8d1e,南京市儿童医院,Nanjing Children's Hospital,https://ror.org/000xvke80,review_required,Reference-only name; not approved for resolution
cnha-cfdi-3bbb9b13c0a80333757b560b5ab9e182,广东药科大学附属第一医院,First Affiliated Hospital of Guangdong Pharmaceutical University,https://ror.org/02gr42472,review_required,Reference-only name; not approved for resolution
cnha-cfdi-3bbb9b13c0a80333757b560b5ab9e182,广东药科大学附属第一医院,广东药学院第一附属医院,https://ror.org/02gr42472,review_required,Reference-only name; not approved for resolution
cnha-cfdi-3bbe3ceec0a803331320f715d583ef2c,广州医科大学附属第一医院,First Affiliated Hospital of Guangzhou Medical University,https://ror.org/00z0j0d77,review_required,Reference-only name; not approved for resolution
cnha-cfdi-3bdbeeaec0a803336bb4fc0b126bdd8e,江西省肿瘤医院（江西省第二人民医院）,Jiangxi Cancer Hospital,https://ror.org/00v8g0168,review_required,Reference-only name; not approved for resolution
cnha-cfdi-3bdbeeaec0a803336bb4fc0b126bdd8e,江西省肿瘤医院（江西省第二人民医院）,Jiangxi Provincial Cancer Hospital,https://ror.org/00v8g0168,review_required,Reference-only name; not approved for resolution
cnha-cfdi-3bdbeeaec0a803336bb4fc0b126bdd8e,江西省肿瘤医院（江西省第二人民医院）,Second People's Hospital of Jiangxi Province,https://ror.org/00v8g0168,review_required,Reference-only name; not approved for resolution
cnha-cfdi-3c6ca040c0a803335fe74d0963ac8b40,重庆大学附属涪陵医院（重庆市涪陵中心医院）,Fuling Center Hospital of Chongqing,https://ror.org/03d4twy92,review_required,Reference-only name; not approved for resolution
cnha-cfdi-3cc724a6c0a80333710dd56a968dec12,福建医科大学附属第二医院,Second Affiliated Hospital of Fujian Medical University,https://ror.org/03wnxd135,review_required,Reference-only name; not approved for resolution
cnha-cfdi-3ce595d2c0a803333acc798da7cf0c71,中山大学附属第一医院,Affiliated Hospital of Guangdong Public Institution of Medicine,https://ror.org/037p24858,review_required,Reference-only name; not approved for resolution
cnha-cfdi-3ce595d2c0a803333acc798da7cf0c71,中山大学附属第一医院,First Affiliated Hospital of Sun Yat-Sen University,https://ror.org/037p24858,review_required,Reference-only name; not approved for resolution
cnha-cfdi-3ce595d2c0a803333acc798da7cf0c71,中山大学附属第一医院,"First Affiliated Hospital, Sun Yat-sen University",https://ror.org/037p24858,review_required,Reference-only name; not approved for resolution
cnha-cfdi-3ce595d2c0a803333acc798da7cf0c71,中山大学附属第一医院,Sun Yat-sen University First Affiliated Hospital,https://ror.org/037p24858,review_required,Reference-only name; not approved for resolution
cnha-cfdi-3ce595d2c0a803333acc798da7cf0c71,中山大学附属第一医院,Zhongshan Hospital,https://ror.org/037p24858,review_required,Reference-only name; not approved for resolution
cnha-cfdi-3cf2b7afc0a803330527fa5f697d7524,深圳市妇幼保健院,"Shenzhen City, MCH",https://ror.org/01me2d674,review_required,Reference-only name; not approved for resolution
cnha-cfdi-3cf2b7afc0a803330527fa5f697d7524,深圳市妇幼保健院,Shenzhen MCH,https://ror.org/01me2d674,review_required,Reference-only name; not approved for resolution
cnha-cfdi-3cf2b7afc0a803330527fa5f697d7524,深圳市妇幼保健院,Shenzhen Maternal and Child Health Hospital,https://ror.org/01me2d674,review_required,Reference-only name; not approved for resolution
cnha-cfdi-3cf2b7afc0a803330527fa5f697d7524,深圳市妇幼保健院,Shenzhen Maternity and Child Healthcare Hospital,https://ror.org/01me2d674,review_required,Reference-only name; not approved for resolution
cnha-cfdi-3cf2b7afc0a803330527fa5f697d7524,深圳市妇幼保健院,Shenzhen Women and Children Hospital,https://ror.org/01me2d674,review_required,Reference-only name; not approved for resolution
cnha-cfdi-3cf2b7afc0a803330527fa5f697d7524,深圳市妇幼保健院,Shenzhen Women's Children's Hospital,https://ror.org/01me2d674,review_required,Reference-only name; not approved for resolution
cnha-cfdi-3d0b67a2c0a8033370b2e48f7b5c9870,广州医科大学附属第二医院,Second Affiliated Hospital of Guangzhou Medical University,https://ror.org/00a98yf63,review_required,Reference-only name; not approved for resolution
cnha-cfdi-3d130379c0a8033343dcaa51cb377049,肇庆市第一人民医院,The First People's Hospital of Zhaoqing,https://ror.org/04gcfwh66,review_required,Reference-only name; not approved for resolution
cnha-cfdi-3d423aabc0a803335c9e1a5a0347cb9b,成都市第七人民医院,7th People's Hospital of Chengdu,https://ror.org/0475btk05,review_required,Reference-only name; not approved for resolution
cnha-cfdi-3d423aabc0a803335c9e1a5a0347cb9b,成都市第七人民医院,Chengdu 7th People's Hospital,https://ror.org/0475btk05,review_required,Reference-only name; not approved for resolution
cnha-cfdi-3d423aabc0a803335c9e1a5a0347cb9b,成都市第七人民医院,Chengdu Seventh People's Hospital,https://ror.org/0475btk05,review_required,Reference-only name; not approved for resolution
cnha-cfdi-3d423aabc0a803335c9e1a5a0347cb9b,成都市第七人民医院,Seventh People's Hospital of Chengdu,https://ror.org/0475btk05,review_required,Reference-only name; not approved for resolution
cnha-cfdi-3d6de689c0a803337c438dd59d88f376,云南省精神病医院(云南省精神卫生防治中心),云南省精神卫生防治中心,https://beian.cfdi.org.cn/CTMDS/pub/PUB010100.do?method=handle06&curPage=17&pageSize=100,review_required,Reference-only name; not approved for resolution
cnha-cfdi-3d70b9bac0a803336b0fb5974b237caf,广州市第十二人民医院,Guangzhou No. 12 Hospital,https://ror.org/03hm7k454,review_required,Reference-only name; not approved for resolution
cnha-cfdi-3d70b9bac0a803336b0fb5974b237caf,广州市第十二人民医院,Guangzhou Occupational Disease Prevention Hospital,https://ror.org/03hm7k454,review_required,Reference-only name; not approved for resolution
cnha-cfdi-3d70b9bac0a803336b0fb5974b237caf,广州市第十二人民医院,Twelfth Guangzhou City People's Hospital,https://ror.org/03hm7k454,review_required,Reference-only name; not approved for resolution
cnha-cfdi-3d8eae89c0a803333f2f01a589e2b837,深圳市宝安区人民医院,Shenzhen Bao'an District People's Hospital,https://ror.org/04dkfar71,review_required,Reference-only name; not approved for resolution
cnha-cfdi-3d8eae89c0a803333f2f01a589e2b837,深圳市宝安区人民医院,Shenzhen Eighth People's Hospital,https://ror.org/04dkfar71,review_required,Reference-only name; not approved for resolution
cnha-cfdi-4140bdd4c0a8033369f660771215f2bd,汉中市中心医院,Hanzhong Central Hospital,https://ror.org/05mrmvf37,review_required,Reference-only name; not approved for resolution
cnha-cfdi-417dd7d5c0a803332053ddb03e929a9e,自贡市第一人民医院（自贡市传染病医院）,Zigong First People's Hospital,https://ror.org/04khs3e04,review_required,Reference-only name; not approved for resolution
cnha-cfdi-41b0f3eec0a80333797ab6fb32e74aba,济南市第三人民医院,Jinan Third People's Hospital,https://ror.org/019cb0c33,review_required,Reference-only name; not approved for resolution
cnha-cfdi-41bce0e2c0a8033315f29b2a61cee434,大连理工大学附属中心医院（大连市中心医院）,Dalian Municipal Central Hospital,https://ror.org/01n6v0a11,review_required,Reference-only name; not approved for resolution
cnha-cfdi-4285d661c0a80333643c35b45e2737d8,南通市妇幼保健院（南通市儿童医院、南通市妇幼保健院互联网医院）,南通市妇幼保健院互联网医院,https://beian.cfdi.org.cn/CTMDS/pub/PUB010100.do?method=handle06&curPage=17&pageSize=100,review_required,Reference-only name; not approved for resolution
cnha-cfdi-42d95032c0a80333133ed997a11b066f,首都医科大学附属北京儿童医院,Beijing Children’s Hospital,https://ror.org/04skmn292,review_required,Reference-only name; not approved for resolution
cnha-cfdi-42dc8a48c0a803334827b64f48cbe902,宁海县第一医院,First Hospital of Ninghai County,https://ror.org/03h0b2y74,review_required,Reference-only name; not approved for resolution
cnha-cfdi-42dc8a48c0a803334827b64f48cbe902,宁海县第一医院,Ninghai County First Hospital,https://ror.org/03h0b2y74,review_required,Reference-only name; not approved for resolution
cnha-cfdi-42dc8a48c0a803334827b64f48cbe902,宁海县第一医院,Ninghai First Hospital Medicare and Health Group,https://ror.org/03h0b2y74,review_required,Reference-only name; not approved for resolution
cnha-cfdi-44259fd7c0a80333772e83dcfca7e60f,上海交通大学医学院附属上海儿童医学中心,SCMC,https://ror.org/00cd9s024,review_required,Reference-only name; not approved for resolution
cnha-cfdi-44259fd7c0a80333772e83dcfca7e60f,上海交通大学医学院附属上海儿童医学中心,Shanghai Children's Medical Center,https://ror.org/00cd9s024,review_required,Reference-only name; not approved for resolution
cnha-cfdi-443b6fddc0a803334e068a5722e251fc,贵州省人民医院,Guizhou Provincial People's Hospital,https://ror.org/046q1bp69,review_required,Reference-only name; not approved for resolution
cnha-cfdi-4444e6f9c0a80333690871be04ab6545,成都市第三人民医院,Chengdu Third People's Hospital,https://ror.org/00ebdgr24,review_required,Reference-only name; not approved for resolution
cnha-cfdi-4444e6f9c0a80333690871be04ab6545,成都市第三人民医院,Third People's Hospital of Chengdu,https://ror.org/00ebdgr24,review_required,Reference-only name; not approved for resolution
cnha-cfdi-447c2c0fc0a8033306e7455935ce5d05,首都医科大学附属北京潞河医院,Beijing Luhe Hospital Affiliated to Capital Medical University,https://ror.org/01zyn4z03,review_required,Reference-only name; not approved for resolution
cnha-cfdi-448dcc59c0a80333001db6167761a323,鹤岗市人民医院,Hegang People's Hospital,https://ror.org/02sx09p05,review_required,Reference-only name; not approved for resolution
cnha-cfdi-44db4bffc0a8033313e33b5544492482,承德医学院附属医院,Affiliated Hospital of Chengde Medical College,https://ror.org/01bgds823,review_required,Reference-only name; not approved for resolution
cnha-cfdi-44ebe5c4c0a803336bc8983c0c7855fd,长沙市妇幼保健院（长沙市妇幼保健计划生育服务中心）,长沙市妇幼保健计划生育服务中心,https://beian.cfdi.org.cn/CTMDS/pub/PUB010100.do?method=handle06&curPage=11&pageSize=100,review_required,Reference-only name; not approved for resolution
cnha-cfdi-4513d0e5c0a80333752f89bce81d221b,天津市安定医院,Tianjin Anding Hospital,https://ror.org/011n2s048,review_required,Reference-only name; not approved for resolution
cnha-cfdi-4513d0e5c0a80333752f89bce81d221b,天津市安定医院,Tianjin Mental Health Center,https://ror.org/011n2s048,review_required,Reference-only name; not approved for resolution
cnha-cfdi-458e8225c0a803335ec2506c0d2b3ce8,常州市第二人民医院,Changzhou No.2 People's Hospital,https://ror.org/04bkhy554,review_required,Reference-only name; not approved for resolution
cnha-cfdi-45e31950c0a80333157eaf9ead1b853b,北京大学深圳医院,Peking University Shenzhen Hospital,https://ror.org/03kkjyb15,review_required,Reference-only name; not approved for resolution
cnha-cfdi-45e31950c0a80333157eaf9ead1b853b,北京大学深圳医院,Shenzhen Central Hospital,https://ror.org/03kkjyb15,review_required,Reference-only name; not approved for resolution
cnha-cfdi-464b547ac0a8033331338d0e08e74859,川北医学院附属医院,Affiliated Hospital of North Sichuan Medical College,https://ror.org/01673gn35,review_required,Reference-only name; not approved for resolution
cnha-cfdi-473fe7d4c0a80333369e1812752d6f58,汕头市中心医院,Affiliated Hospital of Shantou,https://ror.org/04jmrra88,review_required,Reference-only name; not approved for resolution
cnha-cfdi-473fe7d4c0a80333369e1812752d6f58,汕头市中心医院,Shantou Central Hospital,https://ror.org/04jmrra88,review_required,Reference-only name; not approved for resolution
cnha-cfdi-4754f3d4c0a803331cd8fdb4f4406ac0,揭阳市人民医院（中山大学附属揭阳医院）,Jieyang People's Hospital,https://ror.org/03mpy3k07,review_required,Reference-only name; not approved for resolution
cnha-cfdi-4754f3d4c0a803331cd8fdb4f4406ac0,揭阳市人民医院（中山大学附属揭阳医院）,Sun Yat-sen University Affiliated Jieyang Hospital,https://ror.org/03mpy3k07,review_required,Reference-only name; not approved for resolution
cnha-cfdi-478db37ec0a803334631163ec9328565,宁夏医科大学总医院,Ningxia Medical University General Hospital,https://ror.org/049dkqr57,review_required,Reference-only name; not approved for resolution
cnha-cfdi-49af8e67c0a803336507a7bb3f8db7bc,上海交通大学医学院附属瑞金医院,Guǎngcí Yīyuàn,https://ror.org/01hv94n30,review_required,Reference-only name; not approved for resolution
cnha-cfdi-49af8e67c0a803336507a7bb3f8db7bc,上海交通大学医学院附属瑞金医院,Ruijin Hospital,https://ror.org/01hv94n30,review_required,Reference-only name; not approved for resolution
cnha-cfdi-49af8e67c0a803336507a7bb3f8db7bc,上海交通大学医学院附属瑞金医院,Ruìjīn Yīyuàn,https://ror.org/01hv94n30,review_required,Reference-only name; not approved for resolution
cnha-cfdi-49af8e67c0a803336507a7bb3f8db7bc,上海交通大学医学院附属瑞金医院,St. Marie Hospital,https://ror.org/01hv94n30,review_required,Reference-only name; not approved for resolution
cnha-cfdi-4a7f74e8c0a8033314a7aadf1c8aa2b7,大连医科大学附属第一医院,First Affiliated Hospital of Dalian Medical University,https://ror.org/055w74b96,review_required,Reference-only name; not approved for resolution
cnha-cfdi-4ab33e0bc0a8033302630a51547a45f3,哈尔滨医科大学附属肿瘤医院、哈尔滨医科大学附属第三医院、哈尔滨医科大学第三临床医学院、黑龙江省肿瘤医院,哈尔滨医科大学第三临床医学院,https://beian.cfdi.org.cn/CTMDS/pub/PUB010100.do?method=handle06&curPage=3&pageSize=100,review_required,Reference-only name; not approved for resolution
cnha-cfdi-4ab33e0bc0a8033302630a51547a45f3,哈尔滨医科大学附属肿瘤医院、哈尔滨医科大学附属第三医院、哈尔滨医科大学第三临床医学院、黑龙江省肿瘤医院,Third Affiliated Hospital of Harbin Medical University,https://ror.org/01f77gp95,review_required,Reference-only name; not approved for resolution
cnha-cfdi-4ab33e0bc0a8033302630a51547a45f3,哈尔滨医科大学附属肿瘤医院、哈尔滨医科大学附属第三医院、哈尔滨医科大学第三临床医学院、黑龙江省肿瘤医院,哈尔滨医科大学第三临床医学院,https://ror.org/01f77gp95,review_required,Reference-only name; not approved for resolution
cnha-cfdi-4af055fbc0a8033321f03a33eb4d0fc2,山东第一医科大学第一附属医院（山东省千佛山医院）,Shandong Provincial QianFoShan Hospital,https://ror.org/03wnrsb51,review_required,Reference-only name; not approved for resolution
cnha-cfdi-4b02cdbcc0a803336e9d94419358241e,上海市精神卫生中心,SMHC,https://ror.org/05bd2wa15,review_required,Reference-only name; not approved for resolution
cnha-cfdi-4b02cdbcc0a803336e9d94419358241e,上海市精神卫生中心,Shanghai Mental Health Center,https://ror.org/05bd2wa15,review_required,Reference-only name; not approved for resolution
cnha-cfdi-4b02cdbcc0a803336e9d94419358241e,上海市精神卫生中心,Shanghai Psychiatric Hospital,https://ror.org/05bd2wa15,review_required,Reference-only name; not approved for resolution
cnha-cfdi-4b02cdbcc0a803336e9d94419358241e,上海市精神卫生中心,Shanghai Psychological Consultative Center,https://ror.org/05bd2wa15,review_required,Reference-only name; not approved for resolution
cnha-cfdi-4b83d9e7c0a803334076ba9db495e4b9,威海市立医院,Weihai Municipal Hospital,https://ror.org/03vpa9q11,review_required,Reference-only name; not approved for resolution
cnha-cfdi-4e9c2119c0a8033379c5d32b60a98c58,渭南市中心医院,Weinan Central Hospital,https://ror.org/02jkgv284,review_required,Reference-only name; not approved for resolution
cnha-cfdi-4f0ed4cac0a803333ee9974b1e6f6636,新疆维吾尔自治区人民医院,People's Hospital of Xinjiang Uygur Autonomous Region,https://ror.org/02r247g67,review_required,Reference-only name; not approved for resolution
cnha-cfdi-4fa345fec0a803330ff2441744c11a4a,登封市人民医院（登封市总医院）,登封市总医院,https://beian.cfdi.org.cn/CTMDS/pub/PUB010100.do?method=handle06&curPage=18&pageSize=100,review_required,Reference-only name; not approved for resolution
cnha-cfdi-51264b97c0a803335a11041859470683,安阳市眼科医院,Anyang Eye Hospital,https://ror.org/01a7g4m79,review_required,Reference-only name; not approved for resolution
cnha-cfdi-52101297c0a8033368e548da094d0bcc,青海省藏医院,Qinghai Tibetan Hospital,https://ror.org/03mmka096,review_required,Reference-only name; not approved for resolution
cnha-cfdi-522ea2e9c0a8033328b3052f21083b94,内蒙古医科大学附属医院,Affiliated Hospital of Inner Mongolia Medical College,https://ror.org/038ygd080,review_required,Reference-only name; not approved for resolution
cnha-cfdi-522ea2e9c0a8033328b3052f21083b94,内蒙古医科大学附属医院,Inner Mongolia Medical College Hospital,https://ror.org/038ygd080,review_required,Reference-only name; not approved for resolution
cnha-cfdi-556fc35ac0a8033337b37344bce4537d,绵阳市中心医院,Mianyang Central Hospital,https://ror.org/00s528j33,review_required,Reference-only name; not approved for resolution
cnha-cfdi-5577712bc0a8033304fcb807dbd904e0,甘肃省人民医院,Gansu Provincial Hospital,https://ror.org/02axars19,review_required,Reference-only name; not approved for resolution
cnha-cfdi-558f64c8c0a803333b2960fdbcb95bb7,内蒙古自治区人民医院,IMPH,https://ror.org/02yng3249,review_required,Reference-only name; not approved for resolution
cnha-cfdi-558f64c8c0a803333b2960fdbcb95bb7,内蒙古自治区人民医院,Inner Mongolia Autonomous Region People's Hospital,https://ror.org/02yng3249,review_required,Reference-only name; not approved for resolution
cnha-cfdi-558f64c8c0a803333b2960fdbcb95bb7,内蒙古自治区人民医院,Inner Mongolia People's Hospital,https://ror.org/02yng3249,review_required,Reference-only name; not approved for resolution
cnha-cfdi-55a50612c0a80333003733d3d6e16f10,宁波市第二医院,HuaMei Hospital,https://ror.org/01apc5d07,review_required,Reference-only name; not approved for resolution
cnha-cfdi-55a50612c0a80333003733d3d6e16f10,宁波市第二医院,"Hwa Mei Hospital, University of Chinese Academy of Sciences",https://ror.org/01apc5d07,review_required,Reference-only name; not approved for resolution
cnha-cfdi-55a50612c0a80333003733d3d6e16f10,宁波市第二医院,HwaMei Hospital,https://ror.org/01apc5d07,review_required,Reference-only name; not approved for resolution
cnha-cfdi-55a50612c0a80333003733d3d6e16f10,宁波市第二医院,Ningbo No. 2 Hospital,https://ror.org/01apc5d07,review_required,Reference-only name; not approved for resolution
cnha-cfdi-55a50612c0a80333003733d3d6e16f10,宁波市第二医院,Ramada Hospital,https://ror.org/01apc5d07,review_required,Reference-only name; not approved for resolution
cnha-cfdi-55d75901c0a8033318658d9a04561618,贵阳市第一人民医院,The First People's Hospital of Guiyang,https://ror.org/043hxea55,review_required,Reference-only name; not approved for resolution
cnha-cfdi-55dcf7d2c0a8033343c3319e939e4d05,陕西中医药大学附属医院,Affiliated Hospital of Shaanxi University of Chinese Medicine,https://ror.org/041v5th48,review_required,Reference-only name; not approved for resolution
cnha-cfdi-55dcf7d2c0a8033343c3319e939e4d05,陕西中医药大学附属医院,Affiliated Hospital of Shaanxi University of Traditional Chinese Medicine,https://ror.org/041v5th48,review_required,Reference-only name; not approved for resolution
cnha-cfdi-56692f49c0a803335013e3da1634f3d6,南方医科大学第三附属医院、广东省骨科医院,Third Affiliated Hospital of Southern Medical University,https://ror.org/0050r1b65,review_required,Reference-only name; not approved for resolution
cnha-cfdi-5688a594c0a8033332d74ef231918790,赤峰市医院,Chifeng Municipal Hospital,https://ror.org/02j136k79,review_required,Reference-only name; not approved for resolution
cnha-cfdi-56984763c0a803336779babb6fc8fa42,南昌大学第一附属医院,First Affiliated Hospital of Nanchang University,https://ror.org/05gbwr869,review_required,Reference-only name; not approved for resolution
cnha-cfdi-56a3e579c0a8033316c03e0005d96bba,温州市第七人民医院,Wenzhou Seventh People's Hospital,https://ror.org/047hegk60,review_required,Reference-only name; not approved for resolution
cnha-cfdi-56aefbecc0a8033339b855884e059fac,泰达国际心血管病医院,TEDA International Cardiovascular Hospital,https://ror.org/0247xav12,review_required,Reference-only name; not approved for resolution
cnha-cfdi-58255b82c0a8033308b1da6c85fd0870,徐州市妇幼保健院,Maternal and Child Health Hospital of Xuzhou,https://ror.org/05nfdhr48,review_required,Reference-only name; not approved for resolution
cnha-cfdi-58255b82c0a8033308b1da6c85fd0870,徐州市妇幼保健院,Xuzhou MCH,https://ror.org/05nfdhr48,review_required,Reference-only name; not approved for resolution
cnha-cfdi-583d67e0c0a803331ff29cfe5c8fdebd,深圳市人民医院,2nd Clinical Medical College of Jinan University,https://ror.org/01hcefx46,review_required,Reference-only name; not approved for resolution
cnha-cfdi-583d67e0c0a803331ff29cfe5c8fdebd,深圳市人民医院,Bao'an County People's Hospital,https://ror.org/01hcefx46,review_required,Reference-only name; not approved for resolution
cnha-cfdi-583d67e0c0a803331ff29cfe5c8fdebd,深圳市人民医院,ShenZhen People’s Hospital,https://ror.org/01hcefx46,review_required,Reference-only name; not approved for resolution
cnha-cfdi-58e6f846c0a803330889b4ac03b6bd5f,咸阳市第一人民医院,First People's Hospital of Xianyang,https://ror.org/0171pkj22,review_required,Reference-only name; not approved for resolution
cnha-cfdi-58e6f846c0a803330889b4ac03b6bd5f,咸阳市第一人民医院,The First People's Hospital of Xianyang,https://ror.org/0171pkj22,review_required,Reference-only name; not approved for resolution
cnha-cfdi-58e6f846c0a803330889b4ac03b6bd5f,咸阳市第一人民医院,Xianyang First People's Hospital,https://ror.org/0171pkj22,review_required,Reference-only name; not approved for resolution
cnha-cfdi-59ab496ec0a8033369c6dc64de81f975,湖南省人民医院（湖南师范大学附属第一医院）,Hunan Provincial People's Hospital,https://ror.org/03wwr4r78,review_required,Reference-only name; not approved for resolution
cnha-cfdi-5a804228c0a8033331181ae6708a5cad,广州市胸科医院,Guangzhou Chest Hospital,https://ror.org/04szr1369,review_required,Reference-only name; not approved for resolution
cnha-cfdi-5a977001c0a803332e59a866f980f41f,郑州大学第三附属医院,Third Affiliated Hospital of Zhengzhou University,https://ror.org/039nw9e11,review_required,Reference-only name; not approved for resolution
cnha-cfdi-5a9b087bc0a803337e94e03983195adc,山西省人民医院,Shanxi Provincial People’s Hospital,https://ror.org/057ckzt47,review_required,Reference-only name; not approved for resolution
cnha-cfdi-5bab55c5c0a80333610579ad125f6ac3,恩施土家族苗族自治州中心医院,The Central Hospital of Enshi Tujia and Miao Autonomous Prefecture,https://ror.org/01s12ye51,review_required,Reference-only name; not approved for resolution
cnha-cfdi-5bc5271cc0a80333216d3eb98f39844f,湖北省肿瘤医院,HBCH,https://ror.org/05p38yh32,review_required,Reference-only name; not approved for resolution
cnha-cfdi-5c297385c0a803334317fc3900954e03,包头市中心医院,Baotou Central Hospital,https://ror.org/031pkxq11,review_required,Reference-only name; not approved for resolution
cnha-cfdi-5f712753c0a803331d370b9b32d5890f,杭州市临安区第一人民医院（杭州市临安区第一人民医院医共体）,杭州市临安区第一人民医院医共体,https://beian.cfdi.org.cn/CTMDS/pub/PUB010100.do?method=handle06&curPage=18&pageSize=100,review_required,Reference-only name; not approved for resolution
cnha-cfdi-5f7fb650c0a803337cdca078ffbae3a2,佛山市妇幼保健院,Foshan Branch of Guangdong Provincial Maternal and Child Health Care Hospital,https://ror.org/00rg8e315,review_required,Reference-only name; not approved for resolution
cnha-cfdi-5f7fb650c0a803337cdca078ffbae3a2,佛山市妇幼保健院,Foshan MCH,https://ror.org/00rg8e315,review_required,Reference-only name; not approved for resolution
cnha-cfdi-5f7fb650c0a803337cdca078ffbae3a2,佛山市妇幼保健院,Foshan Maternity and Child Health Care Hospital,https://ror.org/00rg8e315,review_required,Reference-only name; not approved for resolution
cnha-cfdi-5fa1b83ec0a803333f2b2d82ab77ebfe,复旦大学附属华山医院,Huashan Hospital,https://ror.org/05201qm87,review_required,Reference-only name; not approved for resolution
cnha-cfdi-5fd1e49ac0a803333857e5c171409a33,大连市第三人民医院,The Third People's Hospital of Dalian City,https://ror.org/01kr9ze74,review_required,Reference-only name; not approved for resolution
cnha-cfdi-5ff16d56c0a8033301369ae7065da1cc,青岛市中医医院（青岛市海慈医院，青岛市康复医学研究所）,青岛市康复医学研究所,https://beian.cfdi.org.cn/CTMDS/pub/PUB010100.do?method=handle06&curPage=9&pageSize=100,review_required,Reference-only name; not approved for resolution
cnha-cfdi-601a3506c0a803332c09e912a6ed6a6f,山东中医药大学附属医院,Affiliated Hospital of Shandong University of Traditional Chinese Medicine,https://ror.org/052q26725,review_required,Reference-only name; not approved for resolution
cnha-cfdi-6021cae6c0a803330526f86552ac3b0f,安阳市肿瘤医院,Anyang Tumor Hospital,https://ror.org/01hs21r74,review_required,Reference-only name; not approved for resolution
cnha-cfdi-60f5b325c0a803331a6f8a0d94e41c3c,武汉市中西医结合医院（武汉市第一医院）,Wuhan No.1 Hospital,https://ror.org/021ty3131,review_required,Reference-only name; not approved for resolution
cnha-cfdi-6353ff43c0a803336cbef04cd7956567,北京市顺义区医院,Beijing Shunyi District Hospital,https://ror.org/01xwm1a56,review_required,Reference-only name; not approved for resolution
cnha-cfdi-637b975dc0a803333264020224c4f75d,陕西省人民医院,Shaanxi Provincial People's Hospital,https://ror.org/009czp143,review_required,Reference-only name; not approved for resolution
cnha-cfdi-637b975dc0a803333264020224c4f75d,陕西省人民医院,Third Affiliated Hospital of Xi'an Jiaotong University,https://ror.org/009czp143,review_required,Reference-only name; not approved for resolution
cnha-cfdi-645d8541c0a8033356127b1b254f2668,衡水市人民医院（哈励逊国际和平医院）,Harrison International Peace Hospital,https://ror.org/03kgydk02,review_required,Reference-only name; not approved for resolution
cnha-cfdi-67686738c0a803330b2a06e4664d1d5f,淄博市中心医院,Central Hospital of Zibo,https://ror.org/04n3h0p93,review_required,Reference-only name; not approved for resolution
cnha-cfdi-6871630cc0a803330daafd3f80189bd7,沈阳市第六人民医院（沈阳市传染病医院）,The Sixth People's Hospital of Shenyang,https://ror.org/0524grj14,review_required,Reference-only name; not approved for resolution
cnha-cfdi-698c53f4c0a803330feb1f8e3ea3b91b,沈阳市第四人民医院,Shenyang The Fourth Hospital of People,https://ror.org/05m9m3d82,review_required,Reference-only name; not approved for resolution
cnha-cfdi-6bebda94c0a803333a899a0522a5a8fc,中山大学附属第一医院广西医院,GXH-FAH-SYSU,https://ror.org/027pjy323,review_required,Reference-only name; not approved for resolution
cnha-cfdi-6bebda94c0a803333a899a0522a5a8fc,中山大学附属第一医院广西医院,Guangxi Hospital Division of The First Affiliated Hospital,https://ror.org/027pjy323,review_required,Reference-only name; not approved for resolution
cnha-cfdi-6bebda94c0a803333a899a0522a5a8fc,中山大学附属第一医院广西医院,"Guangxi Hospital Division of The First Affiliated Hospital, Sun Yat-sen University",https://ror.org/027pjy323,review_required,Reference-only name; not approved for resolution
cnha-cfdi-6d24fd09c0a8033368f413f801d34c05,北京爱尔英智眼科医院,Beijing Aier Eye Hospital,https://ror.org/03yvmd717,review_required,Reference-only name; not approved for resolution
cnha-cfdi-6d24fd09c0a8033368f413f801d34c05,北京爱尔英智眼科医院,Beijing Aier Intech Eye Hospital,https://ror.org/03yvmd717,review_required,Reference-only name; not approved for resolution
cnha-cfdi-6d24fd09c0a8033368f413f801d34c05,北京爱尔英智眼科医院,北京爱尔眼科医院,https://ror.org/03yvmd717,review_required,Reference-only name; not approved for resolution
cnha-cfdi-6d86801dc0a8033309fe64ed2f53a5f6,上海中医药大学附属龙华医院,Longhua Hospital Shanghai University of Traditional Chinese Medicine,https://ror.org/016yezh07,review_required,Reference-only name; not approved for resolution
cnha-cfdi-6dae90ddc0a803335e342eb63d0590c0,南京市中医院,Nanjing Hospital of TCM,https://ror.org/016k98t76,review_required,Reference-only name; not approved for resolution
cnha-cfdi-6dae90ddc0a803335e342eb63d0590c0,南京市中医院,Nanjing Traditional Chinese Medicine Hospital,https://ror.org/016k98t76,review_required,Reference-only name; not approved for resolution
cnha-cfdi-6dae90ddc0a803335e342eb63d0590c0,南京市中医院,Third Affiliated Hospital of Nanjing Medical University,https://ror.org/016k98t76,review_required,Reference-only name; not approved for resolution
cnha-cfdi-6dbec404c0a803332f72931bc454ee4e,北京肿瘤医院、北京大学肿瘤医院、北京大学肿瘤医院互联网医院,北京大学肿瘤医院互联网医院,https://beian.cfdi.org.cn/CTMDS/pub/PUB010100.do?method=handle06&curPage=1&pageSize=100,review_required,Reference-only name; not approved for resolution
cnha-cfdi-6dbec404c0a803332f72931bc454ee4e,北京肿瘤医院、北京大学肿瘤医院、北京大学肿瘤医院互联网医院,Beijing Institute for Cancer Research,https://ror.org/00nyxxr91,review_required,Reference-only name; not approved for resolution
cnha-cfdi-6dbec404c0a803332f72931bc454ee4e,北京肿瘤医院、北京大学肿瘤医院、北京大学肿瘤医院互联网医院,Peking University School of Oncology,https://ror.org/00nyxxr91,review_required,Reference-only name; not approved for resolution
cnha-cfdi-6e097590c0a803337ad35f0dd5f34ba6,中山市博爱医院（中山市妇幼保健院）,Boai Hospital of Zhongshan,https://ror.org/0440kgc56,review_required,Reference-only name; not approved for resolution
cnha-cfdi-6ec7f323c0a8033357cd9d8a9faa7c45,青海大学附属医院,QUAH,https://ror.org/000j1tr86,review_required,Reference-only name; not approved for resolution
cnha-cfdi-6ec7f323c0a8033357cd9d8a9faa7c45,青海大学附属医院,Qinghai University Affiliated Hospital,https://ror.org/000j1tr86,review_required,Reference-only name; not approved for resolution
cnha-cfdi-6ef3ba1fc0a803335a951950d4a738de,安徽医科大学第二附属医院,Second Affiliated Hospital of Anhui Medical University,https://ror.org/047aw1y82,review_required,Reference-only name; not approved for resolution
cnha-cfdi-6ef3ba1fc0a803335a951950d4a738de,安徽医科大学第二附属医院,Second Hospital of Anhui Medical University,https://ror.org/047aw1y82,review_required,Reference-only name; not approved for resolution
cnha-cfdi-6f0f5fcbc0a80333441420e40a83ed4b,北京中医医院内蒙古医院（巴彦淖尔市中医医院、巴彦淖尔市中医药研究所）,巴彦淖尔市中医药研究所,https://beian.cfdi.org.cn/CTMDS/pub/PUB010100.do?method=handle06&curPage=15&pageSize=100,review_required,Reference-only name; not approved for resolution
cnha-cfdi-6f123361c0a8033301dca0f48216c258,成都市第二人民医院、成都市第二人民医院皮肤病医院、四川仁济医院、成都市第二人民医院互联网医院,成都市第二人民医院互联网医院,https://beian.cfdi.org.cn/CTMDS/pub/PUB010100.do?method=handle06&curPage=8&pageSize=100,review_required,Reference-only name; not approved for resolution
cnha-cfdi-6f123361c0a8033301dca0f48216c258,成都市第二人民医院、成都市第二人民医院皮肤病医院、四川仁济医院、成都市第二人民医院互联网医院,CSPH,https://ror.org/02q28q956,review_required,Reference-only name; not approved for resolution
cnha-cfdi-6f123361c0a8033301dca0f48216c258,成都市第二人民医院、成都市第二人民医院皮肤病医院、四川仁济医院、成都市第二人民医院互联网医院,Chengdu Second People's Hospital,https://ror.org/02q28q956,review_required,Reference-only name; not approved for resolution
cnha-cfdi-6fa97338c0a80333236fb8630457acfa,北大荒集团总医院(黑龙江省第二肿瘤医院、北大荒集团总医院互联网医院）,北大荒集团总医院互联网医院,https://beian.cfdi.org.cn/CTMDS/pub/PUB010100.do?method=handle06&curPage=19&pageSize=100,review_required,Reference-only name; not approved for resolution
cnha-cfdi-71459876c0a803331478331a585293db,云南省第三人民医院,Third People's Hospital of Yunnan Province,https://ror.org/0555qme52,review_required,Reference-only name; not approved for resolution
cnha-cfdi-71459876c0a803331478331a585293db,云南省第三人民医院,Yunnan Third People's Hospital,https://ror.org/0555qme52,review_required,Reference-only name; not approved for resolution
cnha-cfdi-72402946c0a80333358e0b3c7b0e665c,河北医科大学第四医院（河北省肿瘤医院）,Fourth Hospital of Hebei Medical University,https://ror.org/01mdjbm03,review_required,Reference-only name; not approved for resolution
cnha-cfdi-72402946c0a80333358e0b3c7b0e665c,河北医科大学第四医院（河北省肿瘤医院）,Tumor Hospital of Hebei,https://ror.org/01mdjbm03,review_required,Reference-only name; not approved for resolution
cnha-cfdi-73493c6ec0a803331cb2c67e96698d50,保山市隆阳区妇幼保健院(保山市隆阳区妇幼保健计划生育服务中心、保山市隆阳区妇女儿童医院),保山市隆阳区妇幼保健计划生育服务中心,https://beian.cfdi.org.cn/CTMDS/pub/PUB010100.do?method=handle06&curPage=21&pageSize=100,review_required,Reference-only name; not approved for resolution
cnha-cfdi-7cd5f605c0a8033313b6b64d97e193fe,台州市第一人民医院,First People's Hospital Taizhou,https://ror.org/04jyt7608,review_required,Reference-only name; not approved for resolution
cnha-cfdi-7cd5f605c0a8033313b6b64d97e193fe,台州市第一人民医院,Hospital of Wenzhou Medical College Huangyan,https://ror.org/04jyt7608,review_required,Reference-only name; not approved for resolution
cnha-cfdi-7cd5f605c0a8033313b6b64d97e193fe,台州市第一人民医院,Taizhou First People's Hospital,https://ror.org/04jyt7608,review_required,Reference-only name; not approved for resolution
cnha-cfdi-7cd8549ac0a803334bcbd7864a8c1a2c,郑州市中医院（郑州市红十字医院）,Zhengzhou City Hospital,https://ror.org/01z5evd58,review_required,Reference-only name; not approved for resolution
cnha-cfdi-7cd8549ac0a803334bcbd7864a8c1a2c,郑州市中医院（郑州市红十字医院）,Zhengzhou Red Cross Hospital,https://ror.org/01z5evd58,review_required,Reference-only name; not approved for resolution
cnha-cfdi-7cd8549ac0a803334bcbd7864a8c1a2c,郑州市中医院（郑州市红十字医院）,Zhengzhou Traditional Chinese Medicine Hospital,https://ror.org/01z5evd58,review_required,Reference-only name; not approved for resolution
cnha-cfdi-7ceaf23ec0a8033333aba3b60f0ec08c,荆州市中心医院（长江大学附属荆州医院）,Jingzhou Central Hospital,https://ror.org/04gnkpp77,review_required,Reference-only name; not approved for resolution
cnha-cfdi-7d137124c0a80333539fcd8a474e028d,武汉市金银潭医院（武汉市传染病医院）,Jinyintan Hospital,https://ror.org/038p1ty61,review_required,Reference-only name; not approved for resolution
cnha-cfdi-7d137124c0a80333539fcd8a474e028d,武汉市金银潭医院（武汉市传染病医院）,Wuhan Jinyintan Hospital,https://ror.org/038p1ty61,review_required,Reference-only name; not approved for resolution
cnha-cfdi-7d137124c0a80333539fcd8a474e028d,武汉市金银潭医院（武汉市传染病医院）,Wuhan Medical Treatment Center,https://ror.org/038p1ty61,review_required,Reference-only name; not approved for resolution
cnha-cfdi-7d91501ec0a8033358a9ffad44d0f532,四川省妇幼保健院,Maternal and Child Health Hospital of Sichuan Province,https://ror.org/02taaxx56,review_required,Reference-only name; not approved for resolution
cnha-cfdi-7d91501ec0a8033358a9ffad44d0f532,四川省妇幼保健院,Sichuan MCH,https://ror.org/02taaxx56,review_required,Reference-only name; not approved for resolution
cnha-cfdi-7d960a6cc0a803333c09ac6228e51753,福州大学附属省立医院,Fujian Provincial Hospital,https://ror.org/045wzwx52,review_required,Reference-only name; not approved for resolution
cnha-cfdi-80e0d7e7c0a803331dcf2361ad2b01f1,江苏省省级机关医院（南京医科大学附属老年医院）,Jiangsu Provincial Authorities Hospital,https://ror.org/02aj9jk84,review_required,Reference-only name; not approved for resolution
cnha-cfdi-81f985e5c0a803337f61a0d25febb6a6,广西中医药大学第一附属医院,The First Affiliated Hospital of Guangxi University of Traditional Chinese Medicine,https://ror.org/01qh7se39,review_required,Reference-only name; not approved for resolution
cnha-cfdi-8262816fc0a80333674bf72767903a94,武汉市中心医院,Central Hospital of Wuhan,https://ror.org/04qs2sz84,review_required,Reference-only name; not approved for resolution
cnha-cfdi-83c0860bc0a8033360f9794df56395fd,天津市第四中心医院,Tianjin Fourth Central Hospital,https://ror.org/02m9tqe79,review_required,Reference-only name; not approved for resolution
cnha-cfdi-8411957ac0a803331e837ff978318cf4,海南省人民医院,Hainan General Hospital,https://ror.org/030sr2v21,review_required,Reference-only name; not approved for resolution
cnha-cfdi-846375bac0a803337464390230129518,佛山市第二人民医院,Foshan Second People's Hospital,https://ror.org/03h7jyq46,review_required,Reference-only name; not approved for resolution
cnha-cfdi-84b6305fc0a80333497b86a456c5c545,新疆维吾尔自治区维吾尔医医院,Xinjiang Uygur Autonomous Region Uygur Medicine Hospital,https://ror.org/03t47sr41,review_required,Reference-only name; not approved for resolution
cnha-cfdi-84b6305fc0a80333497b86a456c5c545,新疆维吾尔自治区维吾尔医医院,Xinjiang Uygur Medicine Hospital,https://ror.org/03t47sr41,review_required,Reference-only name; not approved for resolution
cnha-cfdi-85eb4b82c0a803331df18fb4918e3bf6,中国科学技术大学附属第一医院（安徽省立医院）,Hefei Christ's Hospital,https://ror.org/03n5gdd09,review_required,Reference-only name; not approved for resolution
cnha-cfdi-85ebd49ec0a80333553a4190a0080ea0,赣州市人民医院,Ganzhou People's Hospital,https://ror.org/00r398124,review_required,Reference-only name; not approved for resolution
cnha-cfdi-873b5d46c0a803330a7612cc11addeb9,山西省汾阳医院,Shanxi Fenyang Hospital,https://ror.org/04xfjgw45,review_required,Reference-only name; not approved for resolution
cnha-cfdi-87425d16c0a803332cf760b3931ed20b,复旦大学附属妇产科医院,Obstetrics and Gynecology Hospital of Fudan University,https://ror.org/04rhdtb47,review_required,Reference-only name; not approved for resolution
cnha-cfdi-87425d16c0a803332cf760b3931ed20b,复旦大学附属妇产科医院,Shanghai Red House Obstetrics and Gynecology Hospital,https://ror.org/04rhdtb47,review_required,Reference-only name; not approved for resolution
cnha-cfdi-8797db49c0a8033306c27968cc3990d6,浙江省台州医院,Taizhou Enze Medical Center,https://ror.org/05m0wv206,review_required,Reference-only name; not approved for resolution
cnha-cfdi-8797db49c0a8033306c27968cc3990d6,浙江省台州医院,Zhejiang Taizhou Hospital,https://ror.org/05m0wv206,review_required,Reference-only name; not approved for resolution
cnha-cfdi-87a361ebc0a8033332c5e8986e853e18,梧州市红十字会医院,Wuzhou Red Cross Hospital,https://ror.org/059wqqf58,review_required,Reference-only name; not approved for resolution
cnha-cfdi-87bad074c0a80333038e13e2148ea3da,南京医科大学附属淮安第一医院（淮安市第一人民医院）,Huai'an No.1 People's Hospital,https://ror.org/00xpfw690,review_required,Reference-only name; not approved for resolution
cnha-cfdi-87bad074c0a80333038e13e2148ea3da,南京医科大学附属淮安第一医院（淮安市第一人民医院）,Huaian First People’s Hospital,https://ror.org/00xpfw690,review_required,Reference-only name; not approved for resolution
cnha-cfdi-88d3b2b8c0a803331b12a6cc08d63a3f,北京大学第一医院,Beida Hospital,https://ror.org/02z1vqm45,review_required,Reference-only name; not approved for resolution
cnha-cfdi-8943f31ac0a80333354a0df6962a1108,福建省肿瘤医院,Fujian Provincial Cancer Hospital,https://ror.org/058ms9w43,review_required,Reference-only name; not approved for resolution
cnha-cfdi-8bacc487c0a8033318d8410e953b3c04,大庆市人民医院,Daqing City People's Hospital,https://ror.org/010z8j306,review_required,Reference-only name; not approved for resolution
cnha-cfdi-8bacc487c0a8033318d8410e953b3c04,大庆市人民医院,Fifth Affiliated Hospital of Harbin Medical University,https://ror.org/010z8j306,review_required,Reference-only name; not approved for resolution
cnha-cfdi-8c9677c6c0a80333732f874986787cb3,南方医科大学南方医院,Nanfang Hospital,https://ror.org/01eq10738,review_required,Reference-only name; not approved for resolution
cnha-cfdi-8cc8acb7c0a803337d9c8f8bc4ae361c,盐城市第一人民医院,Yancheng First People's Hospital,https://ror.org/02rbkz523,review_required,Reference-only name; not approved for resolution
cnha-cfdi-8cf388e0c0a803337749671c48b11e67,湖南省第二人民医院（湖南省脑科医院）,Provincial Brain Hospital,https://ror.org/01eda7a75,review_required,Reference-only name; not approved for resolution
cnha-cfdi-8cf388e0c0a803337749671c48b11e67,湖南省第二人民医院（湖南省脑科医院）,Second People Hospital of Hunan,https://ror.org/01eda7a75,review_required,Reference-only name; not approved for resolution
cnha-cfdi-8d5e7d36c0a80333718f051d3ecd4885,信阳市中心医院,Xinyang Central Hospital,https://ror.org/03hqvqf51,review_required,Reference-only name; not approved for resolution
cnha-cfdi-8dd7b9b9c0a80333785f0d8e2e12854d,粤北人民医院,People's Hospital of Shantou University,https://ror.org/0149pmh27,review_required,Reference-only name; not approved for resolution
cnha-cfdi-8dd7b9b9c0a80333785f0d8e2e12854d,粤北人民医院,Yue Bei People's Hospital,https://ror.org/0149pmh27,review_required,Reference-only name; not approved for resolution
cnha-cfdi-8e20a2dac0a80333543d3dd8675674e1,汕头大学医学院附属肿瘤医院,Cancer Hospital of Shantou University Medical College,https://ror.org/00a53nq42,review_required,Reference-only name; not approved for resolution
cnha-cfdi-8f069e4dc0a8033311493fedc11ca1b2,香港大学深圳医院,HKU-SZ,https://ror.org/047w7d678,review_required,Reference-only name; not approved for resolution
cnha-cfdi-8f069e4dc0a8033311493fedc11ca1b2,香港大学深圳医院,University of Hong Kong - Shenzhen Hospital,https://ror.org/047w7d678,review_required,Reference-only name; not approved for resolution
cnha-cfdi-90498cb3c0a80333608cf87ec8056ce6,山西医科大学第二医院（山西医科大学第二医院互联网医院、山西红十字医院）,山西医科大学第二医院互联网医院,https://beian.cfdi.org.cn/CTMDS/pub/PUB010100.do?method=handle06&curPage=6&pageSize=100,review_required,Reference-only name; not approved for resolution
cnha-cfdi-90498cb3c0a80333608cf87ec8056ce6,山西医科大学第二医院（山西医科大学第二医院互联网医院、山西红十字医院）,Second Hospital of Shanxi Medical University,https://ror.org/03tn5kh37,review_required,Reference-only name; not approved for resolution
cnha-cfdi-90498cb3c0a80333608cf87ec8056ce6,山西医科大学第二医院（山西医科大学第二医院互联网医院、山西红十字医院）,Shanxi Medical University Second Clinical Medical College,https://ror.org/03tn5kh37,review_required,Reference-only name; not approved for resolution
cnha-cfdi-90498cb3c0a80333608cf87ec8056ce6,山西医科大学第二医院（山西医科大学第二医院互联网医院、山西红十字医院）,Shanxi Red Cross Hospital,https://ror.org/03tn5kh37,review_required,Reference-only name; not approved for resolution
cnha-cfdi-90e8bfbcc0a8033311829d2674af920d,北京大学第六医院,Peking University Sixth Hospital,https://ror.org/05rzcwg85,review_required,Reference-only name; not approved for resolution
cnha-cfdi-90e8bfbcc0a8033311829d2674af920d,北京大学第六医院,"School of Mental Health, Peking University",https://ror.org/05rzcwg85,review_required,Reference-only name; not approved for resolution
cnha-cfdi-9160584dc0a803334852b549174b5336,昆明医科大学第二附属医院,KMU,https://ror.org/01kq6mv68,review_required,Reference-only name; not approved for resolution
cnha-cfdi-9160584dc0a803334852b549174b5336,昆明医科大学第二附属医院,Second Affiliated Hospital of Kunming Medical College,https://ror.org/01kq6mv68,review_required,Reference-only name; not approved for resolution
cnha-cfdi-91a41265c0a8033300fb4939efc36480,南京脑科医院（南京市胸科医院、南京市康复医院、南京脑科医院互联网医院）,南京脑科医院互联网医院,https://beian.cfdi.org.cn/CTMDS/pub/PUB010100.do?method=handle06&curPage=8&pageSize=100,review_required,Reference-only name; not approved for resolution
cnha-cfdi-91ae13e4c0a803334363b0261c5172c2,金华市中心医院,Jinhua Central Hospital,https://ror.org/04z13ha89,review_required,Reference-only name; not approved for resolution
cnha-cfdi-92117c9fc0a803335247ab0d903f965e,青岛大学附属妇女儿童医院（青岛市妇女儿童医院）,QWCH,https://ror.org/05pwzcb81,review_required,Reference-only name; not approved for resolution
cnha-cfdi-92117c9fc0a803335247ab0d903f965e,青岛大学附属妇女儿童医院（青岛市妇女儿童医院）,Qingdao Maternal and Child Health Center,https://ror.org/05pwzcb81,review_required,Reference-only name; not approved for resolution
cnha-cfdi-92117c9fc0a803335247ab0d903f965e,青岛大学附属妇女儿童医院（青岛市妇女儿童医院）,Qingdao Women and Children's Hospital,https://ror.org/05pwzcb81,review_required,Reference-only name; not approved for resolution
cnha-cfdi-93522bd2c0a803336e15782f2702af34,中国人民解放军中部战区总医院,General Hospital of Central Theater Command,https://ror.org/030ev1m28,review_required,Reference-only name; not approved for resolution
cnha-cfdi-93522bd2c0a803336e15782f2702af34,中国人民解放军中部战区总医院,General Hospital of Central Theater Command of People's Liberation Army,https://ror.org/030ev1m28,review_required,Reference-only name; not approved for resolution
cnha-cfdi-93522bd2c0a803336e15782f2702af34,中国人民解放军中部战区总医院,PLA General Hospital of Central Theater Command,https://ror.org/030ev1m28,review_required,Reference-only name; not approved for resolution
cnha-cfdi-93522bd2c0a803336e15782f2702af34,中国人民解放军中部战区总医院,People's Liberation Army General Hospital of Central Theater Command,https://ror.org/030ev1m28,review_required,Reference-only name; not approved for resolution
cnha-cfdi-9460a6c2c0a803331308e8b6e4d1bbf2,西北妇女儿童医院,Northwest Women's and Children's Hospital,https://ror.org/00wydr975,review_required,Reference-only name; not approved for resolution
cnha-cfdi-9460a6c2c0a803331308e8b6e4d1bbf2,西北妇女儿童医院,Shaanxi Provincial Maternal and Child Health Hospital,https://ror.org/00wydr975,review_required,Reference-only name; not approved for resolution
cnha-cfdi-953e8612c0a8033376513975edb6662e,茂名市妇幼保健院 （茂名市妇幼保健计划生育服务中心、茂名市妇幼保健院互联网医院、茂名市妇产医院、茂名市儿童医院）,茂名市妇幼保健计划生育服务中心,https://beian.cfdi.org.cn/CTMDS/pub/PUB010100.do?method=handle06&curPage=19&pageSize=100,review_required,Reference-only name; not approved for resolution
cnha-cfdi-953e8612c0a8033376513975edb6662e,茂名市妇幼保健院 （茂名市妇幼保健计划生育服务中心、茂名市妇幼保健院互联网医院、茂名市妇产医院、茂名市儿童医院）,茂名市妇幼保健院互联网医院,https://beian.cfdi.org.cn/CTMDS/pub/PUB010100.do?method=handle06&curPage=19&pageSize=100,review_required,Reference-only name; not approved for resolution
cnha-cfdi-95a4d38cc0a803333e4235f2ddb5c2f6,南通市第一人民医院,Affiliated Hospital 2 of Nantong University,https://ror.org/05pdn2z45,review_required,Reference-only name; not approved for resolution
cnha-cfdi-95a4d38cc0a803333e4235f2ddb5c2f6,南通市第一人民医院,Nantong First People’s Hospital,https://ror.org/05pdn2z45,review_required,Reference-only name; not approved for resolution
cnha-cfdi-95a4d38cc0a803333e4235f2ddb5c2f6,南通市第一人民医院,Second Affiliated Hospital of Nantong University,https://ror.org/05pdn2z45,review_required,Reference-only name; not approved for resolution
cnha-cfdi-95a4d38cc0a803333e4235f2ddb5c2f6,南通市第一人民医院,第一人民医院,https://ror.org/05pdn2z45,review_required,Reference-only name; not approved for resolution
cnha-cfdi-974762cfc0a803334dd40ca549d38fed,苏州科技城医院,Nanjing University Medical School Affiliated Suzhou Hospital,https://ror.org/01wcs0854,review_required,Reference-only name; not approved for resolution
cnha-cfdi-974762cfc0a803334dd40ca549d38fed,苏州科技城医院,Suzhou Science and Technology Town Hospital,https://ror.org/01wcs0854,review_required,Reference-only name; not approved for resolution
cnha-cfdi-974762cfc0a803334dd40ca549d38fed,苏州科技城医院,南京医科大学附属苏州科技城医院,https://ror.org/01wcs0854,review_required,Reference-only name; not approved for resolution
cnha-cfdi-9a4828d4c0a803336d65b0548efdace5,宁波市医疗中心李惠利医院,Ningbo Medical Center Lihuili Hospital,https://ror.org/030zcqn97,review_required,Reference-only name; not approved for resolution
cnha-cfdi-9ab355d1c0a8033305cc8fed8fd9f878,江西省人民医院（南昌医学院第一附属医院）,Jiangxi Provincial People's Hospital,https://ror.org/01dspcb60,review_required,Reference-only name; not approved for resolution
cnha-cfdi-9c37e137c0a803334be840b08250055d,暨南大学附属第一医院（广州华侨医院）,First Affiliated Hospital of Jinan University,https://ror.org/05d5vvz89,review_required,Reference-only name; not approved for resolution
cnha-cfdi-9c37e137c0a803334be840b08250055d,暨南大学附属第一医院（广州华侨医院）,Guangzhou Overseas Chinese Hospital,https://ror.org/05d5vvz89,review_required,Reference-only name; not approved for resolution
cnha-cfdi-a05fe19bc0a80333436d4969b12ce12d,江山市人民医院（江山市人民医院医共体）,江山市人民医院医共体,https://beian.cfdi.org.cn/CTMDS/pub/PUB010100.do?method=handle06&curPage=14&pageSize=100,review_required,Reference-only name; not approved for resolution
cnha-cfdi-a10466e9c0a803333b937f30e488fed6,临沂市人民医院,American Mission Hospital,https://ror.org/011r8ce56,review_required,Reference-only name; not approved for resolution
cnha-cfdi-a10466e9c0a803333b937f30e488fed6,临沂市人民医院,Linyi People's Hospital,https://ror.org/011r8ce56,review_required,Reference-only name; not approved for resolution
cnha-cfdi-a110ca6fc0a8033361d8961082e5e19e,浙江省立同德医院,Tongde Hospital of Zhejiang Province,https://ror.org/00trnhw76,review_required,Reference-only name; not approved for resolution
cnha-cfdi-a1420d41c0a803334698912873fd2624,上海市浦东新区公利医院,Shanghai Pudong New Area Gongli Hospital,https://ror.org/04v5gcw55,review_required,Reference-only name; not approved for resolution
cnha-cfdi-a142e98bc0a803336a3b193e17e91236,河南省传染病医院（郑州市第六人民医院）,The Sixth People's Hospital of Zhengzhou,https://ror.org/046znv447,review_required,Reference-only name; not approved for resolution
cnha-cfdi-a142e98bc0a803336a3b193e17e91236,河南省传染病医院（郑州市第六人民医院）,Zhengzhou Infectious Disease Hospital,https://ror.org/046znv447,review_required,Reference-only name; not approved for resolution
cnha-cfdi-a142e98bc0a803336a3b193e17e91236,河南省传染病医院（郑州市第六人民医院）,Zhengzhou Isolation Hospital,https://ror.org/046znv447,review_required,Reference-only name; not approved for resolution
cnha-cfdi-a14c19f7c0a8033314a9ad2b71f5a68f,淄博市传染病医院（淄博市第四人民医院、淄博市肿瘤医院、淄博市鲁中中医院）,The Fourth People's Hospital of Zibo City,https://ror.org/00h626c53,review_required,Reference-only name; not approved for resolution
cnha-cfdi-a15cc9cbc0a8033339bd35fd623e7255,上海市浦东医院,Pudong Medical Center,https://ror.org/02nptez24,review_required,Reference-only name; not approved for resolution
cnha-cfdi-a15cc9cbc0a8033339bd35fd623e7255,上海市浦东医院,Shanghai Pudong Hospital,https://ror.org/02nptez24,review_required,Reference-only name; not approved for resolution
cnha-cfdi-a187f5a6c0a8033341bfac25249a0894,厦门大学附属中山医院,Zhongshan Hospital of Xiamen University,https://ror.org/02z125451,review_required,Reference-only name; not approved for resolution
cnha-cfdi-a19cdcf4c0a8033304a04100126047c3,丽水市中心医院,Lishui Central Hospital,https://ror.org/023e72x78,review_required,Reference-only name; not approved for resolution
cnha-cfdi-a28b3933c0a803335f687833f986f8f0,"宜兴市人民医院,宜兴市人民医院互联网医院",宜兴市人民医院互联网医院,https://beian.cfdi.org.cn/CTMDS/pub/PUB010100.do?method=handle06&curPage=8&pageSize=100,review_required,Reference-only name; not approved for resolution
cnha-cfdi-a28b3933c0a803335f687833f986f8f0,"宜兴市人民医院,宜兴市人民医院互联网医院",Yixing People's Hospital,https://ror.org/049avne82,review_required,Reference-only name; not approved for resolution
cnha-cfdi-a28c6de9c0a8033379f837adb6475ef8,沈阳市中西医结合医院（沈阳市第七人民医院、沈阳市皮肤病研究所）,沈阳市皮肤病研究所,https://beian.cfdi.org.cn/CTMDS/pub/PUB010100.do?method=handle06&curPage=12&pageSize=100,review_required,Reference-only name; not approved for resolution
cnha-cfdi-a2d79c24c0a803336726896fad70ebb6,天津市第一中心医院,Tianjin First Center Hospital,https://ror.org/02ch1zb66,review_required,Reference-only name; not approved for resolution
cnha-cfdi-a2d79c24c0a803336726896fad70ebb6,天津市第一中心医院,Tianjin No.1 Center Hospital,https://ror.org/02ch1zb66,review_required,Reference-only name; not approved for resolution
cnha-cfdi-a30ce83cc0a803336cb64ad296df9070,天津市儿童医院(天津大学儿童医院),Tianjin Children's Hospital,https://ror.org/02a0k6s81,review_required,Reference-only name; not approved for resolution
cnha-cfdi-a30ce83cc0a803336cb64ad296df9070,天津市儿童医院(天津大学儿童医院),Tianjin Women and Children,https://ror.org/02a0k6s81,review_required,Reference-only name; not approved for resolution
cnha-cfdi-a31d20a3c0a803333f0784da0389236b,广州医科大学附属第三医院,Third Affiliated Hospital of Guangzhou Medical University,https://ror.org/00fb35g87,review_required,Reference-only name; not approved for resolution
cnha-cfdi-a47ed180c0a8033378b54c5fc15a2892,儋州市人民医院（儋州市人民医院医疗集团总院）,儋州市人民医院医疗集团总院,https://beian.cfdi.org.cn/CTMDS/pub/PUB010100.do?method=handle06&curPage=20&pageSize=100,review_required,Reference-only name; not approved for resolution
cnha-cfdi-a5118e92c0a80333711b29311f9b9bcf,广东省中医院海南医院（海南省中医院、海南省中西医结合医院、海南省中医药研究院））,海南省中医药研究院,https://beian.cfdi.org.cn/CTMDS/pub/PUB010100.do?method=handle06&curPage=6&pageSize=100,review_required,Reference-only name; not approved for resolution
cnha-cfdi-a5118e92c0a80333711b29311f9b9bcf,广东省中医院海南医院（海南省中医院、海南省中西医结合医院、海南省中医药研究院））,Hainan Provincial Hospital of Traditional Chinese Medicine,https://ror.org/04xar0g84,review_required,Reference-only name; not approved for resolution
cnha-cfdi-a55325c3c0a8033354d620afa20ac26c,中国医学科学院血液病医院,Institute of Hematology & Blood Diseases Hospital,https://ror.org/04n16t016,review_required,Reference-only name; not approved for resolution
cnha-cfdi-a55325c3c0a8033354d620afa20ac26c,中国医学科学院血液病医院,Institute of Hematology and Blood Diseases Hospital,https://ror.org/04n16t016,review_required,Reference-only name; not approved for resolution
cnha-cfdi-a67a543cc0a80333715ff1453326cb61,汕头大学医学院第二附属医院,Second Affiliated Hospital of Shantou University Medical College,https://ror.org/035rs9v13,review_required,Reference-only name; not approved for resolution
cnha-cfdi-a68dae61c0a803330aa87c8efde9c72b,娄底市中心医院,Loudi Central Hospital,https://ror.org/04jref587,review_required,Reference-only name; not approved for resolution
cnha-cfdi-a73af40bc0a803331f4d700d06434be4,嘉兴市妇幼保健院（嘉兴市市立三一医院 嘉兴市妇幼保健院互联网医院）,嘉兴市市立三一医院 嘉兴市妇幼保健院互联网医院,https://beian.cfdi.org.cn/CTMDS/pub/PUB010100.do?method=handle06&curPage=20&pageSize=100,review_required,Reference-only name; not approved for resolution
cnha-cfdi-a77f73acc0a8033351ef676fcbe2692c,辽宁省人民医院,Liaoning Provincial People's Hospital,https://ror.org/01n3v7c44,review_required,Reference-only name; not approved for resolution
cnha-cfdi-a77f73acc0a8033351ef676fcbe2692c,辽宁省人民医院,Worker's Hospital,https://ror.org/01n3v7c44,review_required,Reference-only name; not approved for resolution
cnha-cfdi-a80f2247c0a80333027f42dab0c78035,广州医科大学附属脑科医院（广州市惠爱医院、广州市精神病医院、广州市脑科医院）,Guangzhou Brain Hospital,https://ror.org/03k4xgp92,review_required,Reference-only name; not approved for resolution
cnha-cfdi-a80f2247c0a80333027f42dab0c78035,广州医科大学附属脑科医院（广州市惠爱医院、广州市精神病医院、广州市脑科医院）,Guangzhou Psychiatric Hospital,https://ror.org/03k4xgp92,review_required,Reference-only name; not approved for resolution
cnha-cfdi-a8ca5ae4c0a803332f40cb299fdbe61d,东莞市人民医院,China Christian Lixian Association Dongguan Puji Hospital,https://ror.org/022s5gm85,review_required,Reference-only name; not approved for resolution
cnha-cfdi-a8ca5ae4c0a803332f40cb299fdbe61d,东莞市人民医院,Dongguan People’s Hospital,https://ror.org/022s5gm85,review_required,Reference-only name; not approved for resolution
cnha-cfdi-a8ff6eb3c0a8033331c18c3104c9e71b,暨南大学附属顺德医院(佛山市顺德区第二人民医院、佛山市顺德区冯尧敬纪念医院),Affiliated Shunde Hospital of Jinan University,https://ror.org/04x2nq985,review_required,Reference-only name; not approved for resolution
cnha-cfdi-a8ff6eb3c0a8033331c18c3104c9e71b,暨南大学附属顺德医院(佛山市顺德区第二人民医院、佛山市顺德区冯尧敬纪念医院),Second People's Hospital of Shunde,https://ror.org/04x2nq985,review_required,Reference-only name; not approved for resolution
cnha-cfdi-a8ff6eb3c0a8033331c18c3104c9e71b,暨南大学附属顺德医院(佛山市顺德区第二人民医院、佛山市顺德区冯尧敬纪念医院),The Affiliated Shunde Hospital of Jinan University,https://ror.org/04x2nq985,review_required,Reference-only name; not approved for resolution
cnha-cfdi-a8ff6eb3c0a8033331c18c3104c9e71b,暨南大学附属顺德医院(佛山市顺德区第二人民医院、佛山市顺德区冯尧敬纪念医院),The Second People's Hospital of Shunde,https://ror.org/04x2nq985,review_required,Reference-only name; not approved for resolution
cnha-cfdi-a8ff6eb3c0a8033331c18c3104c9e71b,暨南大学附属顺德医院(佛山市顺德区第二人民医院、佛山市顺德区冯尧敬纪念医院),顺德第二人民医院,https://ror.org/04x2nq985,review_required,Reference-only name; not approved for resolution
cnha-cfdi-a900ffadc0a803333486f23102c2e40e,天津市人民医院,Tianjin People's Hospital,https://ror.org/01x62kg38,review_required,Reference-only name; not approved for resolution
cnha-cfdi-a9e58d41c0a803334712a9fdd252ffd2,福建医科大学附属第一医院,First Affiliated Hospital of Fujian Medical University,https://ror.org/030e09f60,review_required,Reference-only name; not approved for resolution
cnha-cfdi-a9fa9d18c0a803332f4d1f107e549c20,安定医院芜湖医院（芜湖市第四人民医院）,Wuhu City Psychiatric Hospital,https://ror.org/00t93jj79,review_required,Reference-only name; not approved for resolution
cnha-cfdi-a9fa9d18c0a803332f4d1f107e549c20,安定医院芜湖医院（芜湖市第四人民医院）,Wuhu Fourth People Hospital,https://ror.org/00t93jj79,review_required,Reference-only name; not approved for resolution
cnha-cfdi-aa1ee30bc0a80333230b8748f2d0263c,中日友好医院,CJFH,https://ror.org/037cjxp13,review_required,Reference-only name; not approved for resolution
cnha-cfdi-aa5e801bc0a80333103950ba923572ae,湖州市中心医院,Huzhou Central Hospital,https://ror.org/01czx1v82,review_required,Reference-only name; not approved for resolution
cnha-cfdi-aaf35c6ec0a803332e232c9de3002662,复旦大学附属中山医院,Chung Shan Memorial Hospital,https://ror.org/032x22645,review_required,Reference-only name; not approved for resolution
cnha-cfdi-aaf35c6ec0a803332e232c9de3002662,复旦大学附属中山医院,Zhongshan Hospital,https://ror.org/032x22645,review_required,Reference-only name; not approved for resolution
cnha-cfdi-aaf35c6ec0a803332e232c9de3002662,复旦大学附属中山医院,中山医院,https://ror.org/032x22645,review_required,Reference-only name; not approved for resolution
cnha-cfdi-ab94acb3c0a80333370367d2fac85029,湖南省儿童医院,Hunan Children's Hospital,https://ror.org/03e207173,review_required,Reference-only name; not approved for resolution
cnha-cfdi-aca5253cc0a803331756b31326d171c1,成都市妇女儿童中心医院,Chengdu Women's and Children's Central Hospital,https://ror.org/008x2am79,review_required,Reference-only name; not approved for resolution
cnha-cfdi-ad94b118c0a80333719526c741366821,云南省第一人民医院,First People's Hospital of Yunnan Province,https://ror.org/00c099g34,review_required,Reference-only name; not approved for resolution
cnha-cfdi-af02162ac0a8033362ca0616b61130da,内江市第一人民医院,The First People's Hospital of Neijiang,https://ror.org/03nr56d94,review_required,Reference-only name; not approved for resolution
cnha-cfdi-af5e98d2c0a80333063cbddc1f98b8b0,天津市第五中心医院,Fifth Tianjin Central Hospital,https://ror.org/01924nm42,review_required,Reference-only name; not approved for resolution
cnha-cfdi-af5e98d2c0a80333063cbddc1f98b8b0,天津市第五中心医院,Peking University Binhai Hospital,https://ror.org/01924nm42,review_required,Reference-only name; not approved for resolution
cnha-cfdi-af5e98d2c0a80333063cbddc1f98b8b0,天津市第五中心医院,Tanggu Hospital,https://ror.org/01924nm42,review_required,Reference-only name; not approved for resolution
cnha-cfdi-b038edf7c0a803336f9a4874a663b6b5,山东第二医科大学附属医院，山东第二医科大学附属医院互联网医院,山东第二医科大学附属医院互联网医院,https://beian.cfdi.org.cn/CTMDS/pub/PUB010100.do?method=handle06&curPage=2&pageSize=100,review_required,Reference-only name; not approved for resolution
cnha-cfdi-b0e294e2c0a8033365254668ebd20dbc,珠海市人民医院,Zhuhai People's Hospital,https://ror.org/01k1x3b35,review_required,Reference-only name; not approved for resolution
cnha-cfdi-b1b916e1c0a803337959d7fcacbd5db1,无锡市第二人民医院,Wuxi No.2 People's Hospital,https://ror.org/0399zkh42,review_required,Reference-only name; not approved for resolution
cnha-cfdi-b262d5cac0a803334b7f5fbc89516e15,沈阳市第五人民医院,Shenyang Fifth People Hospital,https://ror.org/03f3pxe20,review_required,Reference-only name; not approved for resolution
cnha-cfdi-b2779d0bc0a80333060a0020985b123b,潍坊市益都中心医院,Yidu Central Hospital of Weifang,https://ror.org/03cst3c12,review_required,Reference-only name; not approved for resolution
cnha-cfdi-b2ba4b41c0a80333455f44fef81c53c1,武汉亚洲心脏病医院,Wuhan Asia Heart Hospital,https://ror.org/02zzfj172,review_required,Reference-only name; not approved for resolution
cnha-cfdi-b2c8b7b4c0a80333148b83d0d809fd72,开平市中心医院,Kaiping Central Hospital,https://ror.org/04ac7y941,review_required,Reference-only name; not approved for resolution
cnha-cfdi-b45b220cc0a803337480611370b57181,兰州大学第一医院,First Hospital of Lanzhou University,https://ror.org/05d2xpa49,review_required,Reference-only name; not approved for resolution
cnha-cfdi-b45b220cc0a803337480611370b57181,兰州大学第一医院,兰州大学第一医院: 欢迎您| 兰大一院,https://ror.org/05d2xpa49,review_required,Reference-only name; not approved for resolution
cnha-cfdi-b463d2bec0a803336b5465344a9bd2eb,北京中医药大学东直门医院,Dongzhimen Hospital Affiliated to Beijing University of Chinese Medicine,https://ror.org/02yacz525,review_required,Reference-only name; not approved for resolution
cnha-cfdi-b4770ef7c0a803336d6b4797b9feaedd,中国人民解放军联勤保障部队第九八三医院（原中国人民解放军第二五四医院）,原中国人民解放军第二五四医院,https://beian.cfdi.org.cn/CTMDS/pub/PUB010100.do?method=handle06&curPage=4&pageSize=100,review_required,Reference-only name; not approved for resolution
cnha-cfdi-b4bd52dec0a803335d4f6537390bc5c7,咸阳市中心医院,Second People's Hospital,https://ror.org/042g3qa69,review_required,Reference-only name; not approved for resolution
cnha-cfdi-b4bd52dec0a803335d4f6537390bc5c7,咸阳市中心医院,Xian Yang Central Hospital,https://ror.org/042g3qa69,review_required,Reference-only name; not approved for resolution
cnha-cfdi-b5b6a2a3c0a8033320d7dfb2aeb8b3eb,佛山市中医院,Foshan Hospital of TCM,https://ror.org/01dw0ab98,review_required,Reference-only name; not approved for resolution
cnha-cfdi-b5b6a2a3c0a8033320d7dfb2aeb8b3eb,佛山市中医院,Foshan Hospital of Traditional Chinese Medicine,https://ror.org/01dw0ab98,review_required,Reference-only name; not approved for resolution
cnha-cfdi-b5cd6543c0a803330d96755e77d8daa5,苏州大学附属第一医院,First Affiliated Hospital of Soochow University,https://ror.org/051jg5p78,review_required,Reference-only name; not approved for resolution
cnha-cfdi-b642d952c0a803334aa6b910471c02c8,黑龙江省医院(黑龙江省中日友谊医院、黑龙江省医院互联网医院）,黑龙江省医院互联网医院,https://beian.cfdi.org.cn/CTMDS/pub/PUB010100.do?method=handle06&curPage=11&pageSize=100,review_required,Reference-only name; not approved for resolution
cnha-cfdi-b642d952c0a803334aa6b910471c02c8,黑龙江省医院(黑龙江省中日友谊医院、黑龙江省医院互联网医院）,Heilongjiang Provincial Hospital,https://ror.org/03qrkhd32,review_required,Reference-only name; not approved for resolution
cnha-cfdi-b6aa117ec0a8033334ef2ec8e5caf185,武汉市第五医院,Fifth Hospital In Wuhan,https://ror.org/02hpna219,review_required,Reference-only name; not approved for resolution
cnha-cfdi-b6f8a320c0a803336c1b10e9c1eb907d,成都市新都区人民医院,XDPH,https://ror.org/05b035a98,review_required,Reference-only name; not approved for resolution
cnha-cfdi-b6f8a320c0a803336c1b10e9c1eb907d,成都市新都区人民医院,Xindu District People's Hospital of Chengdu,https://ror.org/05b035a98,review_required,Reference-only name; not approved for resolution
cnha-cfdi-b7135e8ec0a8033334fcf2c79754a182,中国人民解放军联勤保障部队第九〇〇医院,Fuzhou General Hospital of Nanjing Military Command,https://ror.org/02pqjgd54,review_required,Reference-only name; not approved for resolution
cnha-cfdi-b7135e8ec0a8033334fcf2c79754a182,中国人民解放军联勤保障部队第九〇〇医院,中国人民解放军南京军区福州总医院,https://ror.org/02pqjgd54,review_required,Reference-only name; not approved for resolution
cnha-cfdi-b797ac6ec0a8033377b0e5412a0d24da,南通市肿瘤医院,Nantong Tumor Hospital,https://ror.org/01egmr022,review_required,Reference-only name; not approved for resolution
cnha-cfdi-b7b8a9fdc0a803337ced25c6e678b6b6,成都市公共卫生临床医疗中心,Chengdu Public Health Clinical Medical Center,https://ror.org/046m3e234,review_required,Reference-only name; not approved for resolution
cnha-cfdi-b7b8a9fdc0a803337ced25c6e678b6b6,成都市公共卫生临床医疗中心,Public Health Clinical Center of Chengdu,https://ror.org/046m3e234,review_required,Reference-only name; not approved for resolution
cnha-cfdi-b7d39e7dc0a803332aaf872223fb5cbb,中山市第三人民医院（中山市心理健康和精神卫生防治中心）,中山市心理健康和精神卫生防治中心,https://beian.cfdi.org.cn/CTMDS/pub/PUB010100.do?method=handle06&curPage=13&pageSize=100,review_required,Reference-only name; not approved for resolution
cnha-cfdi-b7d8b816c0a80333148e2d188b047f39,浙江大学医学院附属妇产科医院,"Women's Hospital, School of Medicine, Zhejiang University",https://ror.org/042t7yh44,review_required,Reference-only name; not approved for resolution
cnha-cfdi-b7d8b816c0a80333148e2d188b047f39,浙江大学医学院附属妇产科医院,Zhejiang Women's Hospital,https://ror.org/042t7yh44,review_required,Reference-only name; not approved for resolution
cnha-cfdi-b9aca995c0a80333611d05ea02c4f52c,广西壮族自治区江滨医院,Guangxi Third People's Hospital,https://ror.org/03zrj3m15,review_required,Reference-only name; not approved for resolution
cnha-cfdi-b9aca995c0a80333611d05ea02c4f52c,广西壮族自治区江滨医院,Riverside Hospital of Guangxi Zhuang Autonomous Region,https://ror.org/03zrj3m15,review_required,Reference-only name; not approved for resolution
cnha-cfdi-ba79120bc0a80333310eb36509b47b8c,江西省胸科医院(江西省第三人民医院）,Jiangxi Chest Hospital,https://ror.org/02895kk89,review_required,Reference-only name; not approved for resolution
cnha-cfdi-ba79120bc0a80333310eb36509b47b8c,江西省胸科医院(江西省第三人民医院）,Jiangxi Provincial Pulmonary Hospital,https://ror.org/02895kk89,review_required,Reference-only name; not approved for resolution
cnha-cfdi-ba79120bc0a80333310eb36509b47b8c,江西省胸科医院(江西省第三人民医院）,Jiangxi Provincial Third People's Hospital,https://ror.org/02895kk89,review_required,Reference-only name; not approved for resolution
cnha-cfdi-ba92bd23c0a803335b6367b1bc020994,亳州市人民医院,Bozhou People's Hospital,https://ror.org/025qsj431,review_required,Reference-only name; not approved for resolution
cnha-cfdi-bb1cc0b4c0a8033314481f126e4cca9a,宁波市奉化区人民医院（宁波市奉化区人民医院医共体总院）,宁波市奉化区人民医院医共体总院,https://beian.cfdi.org.cn/CTMDS/pub/PUB010100.do?method=handle06&curPage=17&pageSize=100,review_required,Reference-only name; not approved for resolution
cnha-cfdi-bb202fccc0a80333644292ae5ad9b2a7,大连市第七人民医院,Dalian Mental Health Center,https://ror.org/05thfh396,review_required,Reference-only name; not approved for resolution
cnha-cfdi-bb202fccc0a80333644292ae5ad9b2a7,大连市第七人民医院,Seventh People's Hospital of Dalian,https://ror.org/05thfh396,review_required,Reference-only name; not approved for resolution
cnha-cfdi-bb227303c0a80333649177bf19b9e15c,启东市人民医院（启东肝癌防治研究所）,启东肝癌防治研究所,https://beian.cfdi.org.cn/CTMDS/pub/PUB010100.do?method=handle06&curPage=13&pageSize=100,review_required,Reference-only name; not approved for resolution
cnha-cfdi-be58dd73c0a803333d3a61f48bdbad55,黄石市中心医院,Huangshi Central Hospital,https://ror.org/05ncqj764,review_required,Reference-only name; not approved for resolution
cnha-cfdi-be58dd73c0a803333d3a61f48bdbad55,黄石市中心医院,Pu Ai Hospital,https://ror.org/05ncqj764,review_required,Reference-only name; not approved for resolution
cnha-cfdi-bfa4823dc0a80333039f7cb1ae92ffdd,天津市口腔医院,Nankai University Stomatological Hospital,https://ror.org/047rxfg53,review_required,Reference-only name; not approved for resolution
cnha-cfdi-bfa4823dc0a80333039f7cb1ae92ffdd,天津市口腔医院,Tianjin Stomatological Hospital,https://ror.org/047rxfg53,review_required,Reference-only name; not approved for resolution
cnha-cfdi-c5606ae5c0a80333747962d788fb303b,淮安市第二人民医院,Huai'an Mercy Hospital,https://ror.org/02sqxcg48,review_required,Reference-only name; not approved for resolution
cnha-cfdi-c5606ae5c0a80333747962d788fb303b,淮安市第二人民医院,Second People’s Hospital of Huai’an,https://ror.org/02sqxcg48,review_required,Reference-only name; not approved for resolution
cnha-cfdi-c59865fbc0a8033357f5ad827184fd2d,天津市天津医院,Tianjin Hospital,https://ror.org/04j9yn198,review_required,Reference-only name; not approved for resolution
cnha-cfdi-c59865fbc0a8033357f5ad827184fd2d,天津市天津医院,Tianjin Orthopaedic Hospital,https://ror.org/04j9yn198,review_required,Reference-only name; not approved for resolution
cnha-cfdi-c5cce4b1c0a803335033af7c44be0ffa,昆山市第一人民医院,First People's Hospital of Kunshan,https://ror.org/01kzsq416,review_required,Reference-only name; not approved for resolution
cnha-cfdi-c5cce4b1c0a803335033af7c44be0ffa,昆山市第一人民医院,Jiangsu University Affiliated Hospital of Kunshan,https://ror.org/01kzsq416,review_required,Reference-only name; not approved for resolution
cnha-cfdi-c67a9a6ac0a80333722fe5ca5230e903,天津医科大学朱宪彝纪念医院(天津医科大学代谢病医院、天津代谢病防治中心),天津代谢病防治中心,https://beian.cfdi.org.cn/CTMDS/pub/PUB010100.do?method=handle06&curPage=6&pageSize=100,review_required,Reference-only name; not approved for resolution
cnha-cfdi-c96cb6cfc0a80333106c5822b7f9113e,新疆医科大学第一附属医院,First Affiliated Hospital of Xinjiang Medical University,https://ror.org/02qx1ae98,review_required,Reference-only name; not approved for resolution
cnha-cfdi-ca7f6785c0a803337e2d0ee1130a6e8b,昆明市第一人民医院,Kunming First People's Hospital,https://ror.org/01hq7pd83,review_required,Reference-only name; not approved for resolution
cnha-cfdi-ca7f6785c0a803337e2d0ee1130a6e8b,昆明市第一人民医院,The First Hospital of Kunming,https://ror.org/01hq7pd83,review_required,Reference-only name; not approved for resolution
cnha-cfdi-cabaa023c0a8033300c1560ebc08099a,兰州大学第二医院(第二临床医学院）,第二临床医学院,https://beian.cfdi.org.cn/CTMDS/pub/PUB010100.do?method=handle06&curPage=4&pageSize=100,review_required,Reference-only name; not approved for resolution
cnha-cfdi-cac245e9c0a80333661ce99773e9b741,首都医科大学附属北京佑安医院,Beijing YouAn Hospital,https://ror.org/04etaja30,review_required,Reference-only name; not approved for resolution
cnha-cfdi-cac245e9c0a80333661ce99773e9b741,首都医科大学附属北京佑安医院,Youan Hospital of Beijing,https://ror.org/04etaja30,review_required,Reference-only name; not approved for resolution
cnha-cfdi-cac245e9c0a80333661ce99773e9b741,首都医科大学附属北京佑安医院,北京佑安医院,https://ror.org/04etaja30,review_required,Reference-only name; not approved for resolution
cnha-cfdi-ce825239c0a80333050e076a5993cb1e,深圳市儿童医院,Shenzhen Children's Hospital,https://ror.org/0409k5a27,review_required,Reference-only name; not approved for resolution
cnha-cfdi-cf62400cc0a8033342d992903809dafe,湖南省妇幼保健院,Hunan Provincial Maternal and Child Health Hospital,https://ror.org/05szwcv45,review_required,Reference-only name; not approved for resolution
cnha-cfdi-cf7fafe0c0a803337c221769696693dc,中山大学孙逸仙纪念医院,Second Affiliated Hospital of Sun Yat-sen,https://ror.org/01px77p81,review_required,Reference-only name; not approved for resolution
cnha-cfdi-cf7fafe0c0a803337c221769696693dc,中山大学孙逸仙纪念医院,Sun Yat-sen Memorial Hospital,https://ror.org/01px77p81,review_required,Reference-only name; not approved for resolution
cnha-cfdi-cfc87cfdc0a8033370f2b59ea8bf5206,华中科技大学同济医学院附属协和医院,Hankow Renji Hospital,https://ror.org/0371fqr87,review_required,Reference-only name; not approved for resolution
cnha-cfdi-cfc87cfdc0a8033370f2b59ea8bf5206,华中科技大学同济医学院附属协和医院,Union Hospital of Tongji Medical College of Huazhong University of Science and Technology,https://ror.org/0371fqr87,review_required,Reference-only name; not approved for resolution
cnha-cfdi-cfc87cfdc0a8033370f2b59ea8bf5206,华中科技大学同济医学院附属协和医院,Wuhan Union Hospital,https://ror.org/0371fqr87,review_required,Reference-only name; not approved for resolution
cnha-cfdi-cfc87cfdc0a8033370f2b59ea8bf5206,华中科技大学同济医学院附属协和医院,武汉协和医院,https://ror.org/0371fqr87,review_required,Reference-only name; not approved for resolution
cnha-cfdi-d00dfa19c0a8033361c9f822dde08acc,西南医科大学附属中医医院,Affiliated Hospital of Southwest Medical University,https://ror.org/0014a0n68,review_required,Reference-only name; not approved for resolution
cnha-cfdi-d096fe98c0a803333c5d67902f3d14b9,山东第一医科大学附属肿瘤医院（山东省肿瘤防治研究院、山东省肿瘤医院）,山东省肿瘤防治研究院,https://beian.cfdi.org.cn/CTMDS/pub/PUB010100.do?method=handle06&curPage=2&pageSize=100,review_required,Reference-only name; not approved for resolution
cnha-cfdi-d096fe98c0a803333c5d67902f3d14b9,山东第一医科大学附属肿瘤医院（山东省肿瘤防治研究院、山东省肿瘤医院）,Shandong Cancer Hospital,https://ror.org/01413r497,review_required,Reference-only name; not approved for resolution
cnha-cfdi-d096fe98c0a803333c5d67902f3d14b9,山东第一医科大学附属肿瘤医院（山东省肿瘤防治研究院、山东省肿瘤医院）,Shandong Tumor Hospital,https://ror.org/01413r497,review_required,Reference-only name; not approved for resolution
cnha-cfdi-d164b26bc0a803335e5e81c86205b5be,上海市第六人民医院,Shanghai Sixth People's Hospital,https://ror.org/049zrh188,review_required,Reference-only name; not approved for resolution
cnha-cfdi-d19c4e19c0a803335262224a25945248,随州市中心医院（湖北医药学院附属随州医院）,Suizhou Central Hospital,https://ror.org/00q3p9p08,review_required,Reference-only name; not approved for resolution
cnha-cfdi-d19c4e19c0a803335262224a25945248,随州市中心医院（湖北医药学院附属随州医院）,Suizhou First People's Hospital,https://ror.org/00q3p9p08,review_required,Reference-only name; not approved for resolution
cnha-cfdi-d19c4e19c0a803335262224a25945248,随州市中心医院（湖北医药学院附属随州医院）,Suizhou Red Cross Hospital,https://ror.org/00q3p9p08,review_required,Reference-only name; not approved for resolution
cnha-cfdi-d1c01b8cc0a8033364f88bcba241cded,沧州市人民医院（沧州市人民医院互联网医院；沧州医学高等专科学校附属医院）,沧州市人民医院互联网医院,https://beian.cfdi.org.cn/CTMDS/pub/PUB010100.do?method=handle06&curPage=2&pageSize=100,review_required,Reference-only name; not approved for resolution
cnha-cfdi-d35eebd7c0a8033371afaada8883b6d4,沈阳市第一人民医院,Shenyang Brain Hospital,https://ror.org/022aez802,review_required,Reference-only name; not approved for resolution
cnha-cfdi-d35eebd7c0a8033371afaada8883b6d4,沈阳市第一人民医院,Shenyang First People's Hospital,https://ror.org/022aez802,review_required,Reference-only name; not approved for resolution
cnha-cfdi-d3a7de8ac0a803332ae265949d8bca90,南宁市第二人民医院,The Second Nanning People's Hospital,https://ror.org/02qmhct90,review_required,Reference-only name; not approved for resolution
cnha-cfdi-d482f73ec0a8033332700273742c74b6,上海交通大学医学院附属仁济医院,Renji Hospital,https://ror.org/03ypbx660,review_required,Reference-only name; not approved for resolution
cnha-cfdi-d482f73ec0a8033332700273742c74b6,上海交通大学医学院附属仁济医院,Rénjì Yīyuàn,https://ror.org/03ypbx660,review_required,Reference-only name; not approved for resolution
cnha-cfdi-d4996488c0a8033325a3e53943dbb474,大冶市人民医院,Daye People's Hospital,https://ror.org/05rc73571,review_required,Reference-only name; not approved for resolution
cnha-cfdi-d4996488c0a8033325a3e53943dbb474,大冶市人民医院,Second Affiliated Hospital of Hubei Institute of Technology,https://ror.org/05rc73571,review_required,Reference-only name; not approved for resolution
cnha-cfdi-d4996488c0a8033325a3e53943dbb474,大冶市人民医院,The Second Affiliated Hospital of Hubei Polytechnic College,https://ror.org/05rc73571,review_required,Reference-only name; not approved for resolution
cnha-cfdi-d4b86629c0a803336e995356cd7958fa,杭州市萧山区第一人民医院,"The First People's Hospital of Xiaoshan District, Hangzhou",https://ror.org/05m7fas76,review_required,Reference-only name; not approved for resolution
cnha-cfdi-d5145855c0a8033370794d513cd3ba26,广州开发区医院,Guangzhou Development Zone Hospital,https://ror.org/02bpgfv91,review_required,Reference-only name; not approved for resolution
cnha-cfdi-d5c307d8c0a803337a16265be20f745b,襄阳市第一人民医院,Xiang Yang No.1 People's Hospital,https://ror.org/05q9ymz20,review_required,Reference-only name; not approved for resolution
cnha-cfdi-d5c307d8c0a803337a16265be20f745b,襄阳市第一人民医院,Xiangyang First People's Hospital,https://ror.org/05q9ymz20,review_required,Reference-only name; not approved for resolution
cnha-cfdi-d5c307d8c0a803337a16265be20f745b,襄阳市第一人民医院,Xiangyang First People's Hospital Affiliated to Hubei Medical College,https://ror.org/05q9ymz20,review_required,Reference-only name; not approved for resolution
cnha-cfdi-d5d0a870c0a8033365bd187136c16c8c,烟台毓璜顶医院,Yantai Yuhuangding Hospital,https://ror.org/05vawe413,review_required,Reference-only name; not approved for resolution
cnha-cfdi-d5d0a870c0a8033365bd187136c16c8c,烟台毓璜顶医院,Yuhuangding Hospital,https://ror.org/05vawe413,review_required,Reference-only name; not approved for resolution
cnha-cfdi-d5d39237c0a80333089149662db7a5be,北京大学人民医院（北京大学第二临床医学院）,北京大学第二临床医学院,https://beian.cfdi.org.cn/CTMDS/pub/PUB010100.do?method=handle06&curPage=6&pageSize=100,review_required,Reference-only name; not approved for resolution
cnha-cfdi-d5d39237c0a80333089149662db7a5be,北京大学人民医院（北京大学第二临床医学院）,PKUPH,https://ror.org/035adwg89,review_required,Reference-only name; not approved for resolution
cnha-cfdi-d5d39237c0a80333089149662db7a5be,北京大学人民医院（北京大学第二临床医学院）,北京大学第二临床医学院,https://www.pkuph.cn/about,review_required,Reference-only name; not approved for resolution
cnha-cfdi-d624272dc0a80333145e4fbaf6f26c0a,聊城市人民医院,Liaocheng People's Hospital,https://ror.org/052vn2478,review_required,Reference-only name; not approved for resolution
cnha-cfdi-d67e6dfec0a80333728934bfcd7f4627,海口市人民医院,Haikou City People's Hospital,https://ror.org/00ha5jx35,review_required,Reference-only name; not approved for resolution
cnha-cfdi-d69f82dcc0a803334d7d817d180f6075,达州市中心医院,Dazhou Central Hospital,https://ror.org/05qz7n275,review_required,Reference-only name; not approved for resolution
cnha-cfdi-d6ef24aac0a8033338dc6eae29c3581b,瑞安市人民医院,Ruian People's Hospital,https://ror.org/011b9vp56,review_required,Reference-only name; not approved for resolution
cnha-cfdi-d6ef24aac0a8033338dc6eae29c3581b,瑞安市人民医院,Third Affiliated Hospital of Wenzhou Medical University,https://ror.org/011b9vp56,review_required,Reference-only name; not approved for resolution
cnha-cfdi-d707cae9c0a8033355a48dc114d9c7e4,航天中心医院,ASCH,https://ror.org/01yb3sb52,review_required,Reference-only name; not approved for resolution
cnha-cfdi-d707cae9c0a8033355a48dc114d9c7e4,航天中心医院,Aerospace Center Hospital,https://ror.org/01yb3sb52,review_required,Reference-only name; not approved for resolution
cnha-cfdi-d989d0dfc0a8033306848527c4c2289a,南方医科大学深圳医院,Southern Medical University Shenzhen Hospital,https://ror.org/037c01n91,review_required,Reference-only name; not approved for resolution
cnha-cfdi-da01ecacc0a8033339460c91fae5a533,咸宁市中心医院(湖北科技学院附属第一医院),Xianning Central Hospital,https://ror.org/0138a8a04,review_required,Reference-only name; not approved for resolution
cnha-cfdi-da1d66e2c0a80333798ad8db23cb49b5,铜陵市人民医院,The People's Hospital Tongling,https://ror.org/01pbexw16,review_required,Reference-only name; not approved for resolution
cnha-cfdi-da258dd8c0a803336deabb9e583ced9d,温岭市第一人民医院,The First People's Hospital of Wenling,https://ror.org/04e3jvd14,review_required,Reference-only name; not approved for resolution
cnha-cfdi-da50e69ac0a8033314c4be56ac99fa22,中国医科大学附属盛京医院,Sheng Jing Hospital,https://ror.org/0202bj006,review_required,Reference-only name; not approved for resolution
cnha-cfdi-dac651f9c0a8033306f8c466867e4477,中国医学科学院阜外医院,Fu Wai Hospital,https://ror.org/0590dnz19,review_required,Reference-only name; not approved for resolution
cnha-cfdi-daf80563c0a803336eab36c33beddc96,上海中医药大学附属岳阳中西医结合医院,Yueyang Hospital,https://ror.org/03yd12021,review_required,Reference-only name; not approved for resolution
cnha-cfdi-db14c9dac0a803330de3e9f495fdb997,深圳市康宁医院,Shenzhen KangNing Hospital,https://ror.org/02skpkw64,review_required,Reference-only name; not approved for resolution
cnha-cfdi-db2f07fbc0a803330c55315b2f266279,太原市中心医院,Taiyuan Central Hospital,https://ror.org/040f10867,review_required,Reference-only name; not approved for resolution
cnha-cfdi-db373e4bc0a8033358aa9e0c82bd6c96,首都医科大学附属北京安贞医院南充医院 (南充市中心医院),Kawakita Hospital,https://ror.org/05n50qc07,review_required,Reference-only name; not approved for resolution
cnha-cfdi-db373e4bc0a8033358aa9e0c82bd6c96,首都医科大学附属北京安贞医院南充医院 (南充市中心医院),Nanchong Central Hospital,https://ror.org/05n50qc07,review_required,Reference-only name; not approved for resolution
cnha-cfdi-db5c4b7ec0a80333477f440d3257d8fe,广州医科大学附属肿瘤医院,Guangzhou Medical University Cancer Hospital,https://ror.org/046c18a90,review_required,Reference-only name; not approved for resolution
cnha-cfdi-db5c4b7ec0a80333477f440d3257d8fe,广州医科大学附属肿瘤医院,Guangzhou Tumor Hospital,https://ror.org/046c18a90,review_required,Reference-only name; not approved for resolution
cnha-cfdi-dd351874c0a803335d8f1ac23e74e4ae,北京市垂杨柳医院,Beijing Chuiyangliu Hospital,https://ror.org/04ky9n739,review_required,Reference-only name; not approved for resolution
cnha-cfdi-dd351874c0a803335d8f1ac23e74e4ae,北京市垂杨柳医院,Beijing Minimally Invasive Hospital,https://ror.org/04ky9n739,review_required,Reference-only name; not approved for resolution
cnha-cfdi-df73ed59c0a803334aafbe6ab76fc10e,十堰市人民医院,People's Hospital of Shiyan,https://ror.org/02t268r72,review_required,Reference-only name; not approved for resolution
cnha-cfdi-df76e03ec0a80333055eee200850aa5a,天津市中心妇产科医院,Tianjin Central Hospital of Gynecology Obstetrics,https://ror.org/02ke5vh78,review_required,Reference-only name; not approved for resolution
cnha-cfdi-e30ce946c0a8033351ee8f7c92fb0378,山东第一医科大学附属皮肤病医院（山东省皮肤病性病防治研究所，山东省皮肤病医院）,山东省皮肤病性病防治研究所,https://beian.cfdi.org.cn/CTMDS/pub/PUB010100.do?method=handle06&curPage=3&pageSize=100,review_required,Reference-only name; not approved for resolution
cnha-cfdi-e316dc10c0a803330c04ed74c08fb93d,中国中医科学院望京医院,Wangjing Hospital of China Academy of Chinese Medical Sciences,https://ror.org/02fn8j763,review_required,Reference-only name; not approved for resolution
cnha-cfdi-e4c2299ec0a8033344cc6b10cb3c6b7f,江苏大学附属医院,Affiliated Hospital of Jiangsu University,https://ror.org/028pgd321,review_required,Reference-only name; not approved for resolution
cnha-cfdi-e4c2299ec0a8033344cc6b10cb3c6b7f,江苏大学附属医院,Zhenjiang Riverside Hospital,https://ror.org/028pgd321,review_required,Reference-only name; not approved for resolution
cnha-cfdi-e4d6ed53c0a802330656196a6089dd05,西藏自治区人民医院,Tibet Autonomous Region People's Hospital,https://ror.org/0476td389,review_required,Reference-only name; not approved for resolution
cnha-cfdi-e514dac8c0a8033358ba3af5456945db,临汾市妇幼保健计划生育服务中心(临汾市妇幼保健院 儿童医院),临汾市妇幼保健院 儿童医院,https://beian.cfdi.org.cn/CTMDS/pub/PUB010100.do?method=handle06&curPage=15&pageSize=100,review_required,Reference-only name; not approved for resolution
cnha-cfdi-e5ebc653c0a8033335b7e92a86ccd03c,鄂州市中心医院,Ezhou Central Hospital,https://ror.org/00vx54857,review_required,Reference-only name; not approved for resolution
cnha-cfdi-e6c2a8f4c0a8023354e353c74a4249de,西安市第八医院,The Eighth Hospital of Xi'an,https://ror.org/0569p8y61,review_required,Reference-only name; not approved for resolution
cnha-cfdi-e8936aabc0a8033375f39f115b8bc63b,河南省洛阳正骨医院（河南省骨科医院）,Henan Provincial Orthopedic Hospital,https://ror.org/05br7cm44,review_required,Reference-only name; not approved for resolution
cnha-cfdi-e8936aabc0a8033375f39f115b8bc63b,河南省洛阳正骨医院（河南省骨科医院）,Luoyang Orthopedic-Traumatological Hospital of Henan Province,https://ror.org/05br7cm44,review_required,Reference-only name; not approved for resolution
cnha-cfdi-e8bfa09ec0a8033330f2eac76664e23d,芜湖市第一人民医院,Wuhu No 1 People's Hospital,https://ror.org/02xae6c61,review_required,Reference-only name; not approved for resolution
cnha-cfdi-e9603a52c0a803337902959920aa3a8d,汕头大学医学院第一附属医院,First Affiliated Hospital of Shantou University Medical College,https://ror.org/02bnz8785,review_required,Reference-only name; not approved for resolution
cnha-cfdi-e9823db2c0a803332c7b4c99237fc869,玉环市人民医院（玉环市人民医院健共体集团）,玉环市人民医院健共体集团,https://beian.cfdi.org.cn/CTMDS/pub/PUB010100.do?method=handle06&curPage=14&pageSize=100,review_required,Reference-only name; not approved for resolution
cnha-cfdi-e9931cafc0a80333076533365daf5152,杭州市第一人民医院（西湖大学附属杭州市第一人民医院）,"Affiliated Hangzhou First People's Hospital, School of Medicine, Westlake University",https://ror.org/05pwsw714,review_required,Reference-only name; not approved for resolution
cnha-cfdi-e9931cafc0a80333076533365daf5152,杭州市第一人民医院（西湖大学附属杭州市第一人民医院）,"Affiliated Hangzhou First People's Hospital, Westlake University School of Medicine",https://ror.org/05pwsw714,review_required,Reference-only name; not approved for resolution
cnha-cfdi-e9931cafc0a80333076533365daf5152,杭州市第一人民医院（西湖大学附属杭州市第一人民医院）,"Affiliated Hangzhou First People's Hospital, Westlake University, School of Medicine",https://ror.org/05pwsw714,review_required,Reference-only name; not approved for resolution
cnha-cfdi-e9931cafc0a80333076533365daf5152,杭州市第一人民医院（西湖大学附属杭州市第一人民医院）,Hangzhou First People's Hospital,https://ror.org/05pwsw714,review_required,Reference-only name; not approved for resolution
cnha-cfdi-e9931cafc0a80333076533365daf5152,杭州市第一人民医院（西湖大学附属杭州市第一人民医院）,Nanjing Medical University affiliated Hangzhou hospital,https://ror.org/05pwsw714,review_required,Reference-only name; not approved for resolution
cnha-cfdi-e9b9a4f2c0a8033300e7faad7d29b375,阜阳市妇产医院（阜阳市妇女儿童医院）,Fuyang Maternity and Child Health Care Hospital,https://ror.org/02x760e19,review_required,Reference-only name; not approved for resolution
cnha-cfdi-e9b9a4f2c0a8033300e7faad7d29b375,阜阳市妇产医院（阜阳市妇女儿童医院）,Fuyang No.6 People's Hospital,https://ror.org/02x760e19,review_required,Reference-only name; not approved for resolution
cnha-cfdi-e9beaddcc0a803334f331eb0128beba4,武汉市汉口医院,Hankou Railway Hospital,https://ror.org/02s7ck732,review_required,Reference-only name; not approved for resolution
cnha-cfdi-e9beaddcc0a803334f331eb0128beba4,武汉市汉口医院,Wuhan Hankou Hospital,https://ror.org/02s7ck732,review_required,Reference-only name; not approved for resolution
cnha-cfdi-e9cabd3dc0a803335c3d6f6cf27e207c,十堰市太和医院,Taihe Hospital,https://ror.org/02ftdsn70,review_required,Reference-only name; not approved for resolution
cnha-cfdi-e9cabd3dc0a803335c3d6f6cf27e207c,十堰市太和医院,Yunyang Region People's Hospital,https://ror.org/02ftdsn70,review_required,Reference-only name; not approved for resolution
cnha-cfdi-ea0d4158c0a8033303db75e4c5aa1975,广东省中医院（广州中医药大学第二附属医院）,Guangdong Provincial Hospital of Traditional Chinese Medicine,https://ror.org/01gb3y148,review_required,Reference-only name; not approved for resolution
cnha-cfdi-ea0d4158c0a8033303db75e4c5aa1975,广东省中医院（广州中医药大学第二附属医院）,Second Affiliated Hospital of Guangzhou University of Traditional Chinese Medicine,https://ror.org/01gb3y148,review_required,Reference-only name; not approved for resolution
cnha-cfdi-ea2747e5c0a80333638fd0970d6d734c,上海交通大学医学院附属新华医院,XinHua Hospital,https://ror.org/04dzvks42,review_required,Reference-only name; not approved for resolution
cnha-cfdi-eadc636bc0a8033366af4da6d276f9e5,福建中医药大学附属人民医院（福建省人民医院）,Fujian Provincial People's Hospital,https://ror.org/038thw008,review_required,Reference-only name; not approved for resolution
cnha-cfdi-eadc8d77c0a8033363cbc4f3f4dcc4c9,北京清华长庚医院,Beijing Tsinghua Chang Gung Hospital,https://ror.org/050nfgr37,review_required,Reference-only name; not approved for resolution
cnha-cfdi-eb3dbaefc0a80333424e13a0d9e18aa7,湖北民族大学附属民大医院,Minda Hospital,https://ror.org/02gqm1y63,review_required,Reference-only name; not approved for resolution
cnha-cfdi-eb3dbaefc0a80333424e13a0d9e18aa7,湖北民族大学附属民大医院,Minda Hospital Affiliated to Hubei University for Nationalities,https://ror.org/02gqm1y63,review_required,Reference-only name; not approved for resolution
cnha-cfdi-ed0919eec0a803331b7650cbab60f06e,济南市第二人民医院（济南市眼科医院 济南市眼视光医院）,济南市眼科医院 济南市眼视光医院,https://beian.cfdi.org.cn/CTMDS/pub/PUB010100.do?method=handle06&curPage=1&pageSize=100,review_required,Reference-only name; not approved for resolution
cnha-cfdi-ed4299acc0a8033334c60ac1439148d5,淮安市淮安医院(淮安市肿瘤医院),Huai'an Cancer Hospital,https://ror.org/04xmrga76,review_required,Reference-only name; not approved for resolution
cnha-cfdi-ed4299acc0a8033334c60ac1439148d5,淮安市淮安医院(淮安市肿瘤医院),Huai'an Hospital of Huai'an City,https://ror.org/04xmrga76,review_required,Reference-only name; not approved for resolution
cnha-cfdi-ed4299acc0a8033334c60ac1439148d5,淮安市淮安医院(淮安市肿瘤医院),Huaian Hospital of Huaian City,https://ror.org/04xmrga76,review_required,Reference-only name; not approved for resolution
cnha-cfdi-ed4d836ec0a803330121353252f3a595,成都市双流区第一人民医院,The First People's Hospital of Shuangliu District,https://ror.org/04cjrj888,review_required,Reference-only name; not approved for resolution
cnha-cfdi-ed4d836ec0a803330121353252f3a595,成都市双流区第一人民医院,West China Airport Hospital Sichuan University,https://ror.org/04cjrj888,review_required,Reference-only name; not approved for resolution
cnha-cfdi-ed9ec3cec0a803336ab9f4aef2604d11,天门市第一人民医院（天门市第一人民医院互联网医院、武汉科技大学附属天门医院）,天门市第一人民医院互联网医院,https://beian.cfdi.org.cn/CTMDS/pub/PUB010100.do?method=handle06&curPage=17&pageSize=100,review_required,Reference-only name; not approved for resolution
cnha-cfdi-ed9ec3cec0a803336ab9f4aef2604d11,天门市第一人民医院（天门市第一人民医院互联网医院、武汉科技大学附属天门医院）,The First People's Hospital of Tianmen,https://ror.org/0305gdg87,review_required,Reference-only name; not approved for resolution
cnha-cfdi-ed9ec3cec0a803336ab9f4aef2604d11,天门市第一人民医院（天门市第一人民医院互联网医院、武汉科技大学附属天门医院）,Tianmen First People's Hospital,https://ror.org/0305gdg87,review_required,Reference-only name; not approved for resolution
cnha-cfdi-ed9ec3cec0a803336ab9f4aef2604d11,天门市第一人民医院（天门市第一人民医院互联网医院、武汉科技大学附属天门医院）,Tianmen No.1 People's Hospital,https://ror.org/0305gdg87,review_required,Reference-only name; not approved for resolution
cnha-cfdi-ee623edbc0a8033330de327baef0596f,首都医科大学附属北京同仁医院,BTH,https://ror.org/013e4n276,review_required,Reference-only name; not approved for resolution
cnha-cfdi-ee623edbc0a8033330de327baef0596f,首都医科大学附属北京同仁医院,Beijing Tongren Hospital,https://ror.org/013e4n276,review_required,Reference-only name; not approved for resolution
cnha-cfdi-ee623edbc0a8033330de327baef0596f,首都医科大学附属北京同仁医院,北京同仁医院,https://ror.org/013e4n276,review_required,Reference-only name; not approved for resolution
cnha-cfdi-eee70534c0a803335eeb40135bf5b47c,山东省妇幼保健院,Shandong Maternal and Child Health Hospital,https://ror.org/04ger2z06,review_required,Reference-only name; not approved for resolution
cnha-cfdi-eee70534c0a803335eeb40135bf5b47c,山东省妇幼保健院,Shandong Maternity Hospital,https://ror.org/04ger2z06,review_required,Reference-only name; not approved for resolution
cnha-cfdi-ef878593c0a803331633f9dae5bad270,杭州市第三人民医院,Third People's Hospital of Hangzhou,https://ror.org/02sysn258,review_required,Reference-only name; not approved for resolution
cnha-cfdi-efcef543c0a803333bac3cae8cf3a7ca,济宁医学院附属医院,Affiliated Hospital of Jining Medical University,https://ror.org/05e8kbn88,review_required,Reference-only name; not approved for resolution
cnha-cfdi-efea42a5c0a803331e021fb0528498e7,深圳市宝安区松岗人民医院,SGRMYY,https://ror.org/04zgjsw72,review_required,Reference-only name; not approved for resolution
cnha-cfdi-efea42a5c0a803331e021fb0528498e7,深圳市宝安区松岗人民医院,Shenzhen Bao'an District Songgang People's Hospital,https://ror.org/04zgjsw72,review_required,Reference-only name; not approved for resolution
cnha-cfdi-f04b3a1bc0a803331df9ed77fa224b2e,河北医科大学第三医院,Third Hospital of Hebei Medical University,https://ror.org/004eknx63,review_required,Reference-only name; not approved for resolution
cnha-cfdi-f338e66cc0a803337adcdf3ac9b68fa1,浙江医院,Zhejiang Hospital,https://ror.org/02kzr5g33,review_required,Reference-only name; not approved for resolution
cnha-cfdi-f37348c4c0a803336341ac6f21808c84,常州市第一人民医院,The First People's Hospital of Changzhou,https://ror.org/01gaj0s81,review_required,Reference-only name; not approved for resolution
cnha-cfdi-f38bbd78c0a80333056a73b8390ed2c2,天津市肿瘤医院（天津医科大学肿瘤医院）,TMUCIH,https://ror.org/0152hn881,review_required,Reference-only name; not approved for resolution
cnha-cfdi-f39d1486c0a8033356e66cced185f148,西安市中心医院,Xian Central Hospital,https://ror.org/004cdc714,review_required,Reference-only name; not approved for resolution
cnha-cfdi-f3a7e2f1c0a803331669a8eac99ac9be,沈阳医学院附属第二医院（沈阳医学院沈洲医院、沈阳市心血管病研究所）,沈阳市心血管病研究所,https://beian.cfdi.org.cn/CTMDS/pub/PUB010100.do?method=handle06&curPage=17&pageSize=100,review_required,Reference-only name; not approved for resolution
cnha-cfdi-f3bc866dc0a803331d52dab2ceb409ca,上海交通大学医学院附属松江医院（上海市松江医院、上海交通大学医学院附属松江医院互联网医院）,上海交通大学医学院附属松江医院互联网医院,https://beian.cfdi.org.cn/CTMDS/pub/PUB010100.do?method=handle06&curPage=6&pageSize=100,review_required,Reference-only name; not approved for resolution
cnha-cfdi-f3c097fec0a803334a989b63c800827f,天津市胸科医院,TJCH,https://ror.org/05r9v1368,review_required,Reference-only name; not approved for resolution
cnha-cfdi-f3c097fec0a803334a989b63c800827f,天津市胸科医院,Tianjin Chest Hospital,https://ror.org/05r9v1368,review_required,Reference-only name; not approved for resolution
cnha-cfdi-f4272ec5c0a80333460485425a122d1d,中国医学科学院北京协和医院,Beijing Xiehe Hospital,https://ror.org/04jztag35,review_required,Reference-only name; not approved for resolution
cnha-cfdi-f4a48744c0a803333867da16826d2699,深圳市中医院,Shenzhen Traditional Chinese Medicine Hospital,https://ror.org/00b16vp10,review_required,Reference-only name; not approved for resolution
cnha-cfdi-f54478f4c0a803337f778cd3b4849179,厦门大学附属第一医院,First Affiliated Hospital of Xiamen University,https://ror.org/0006swh35,review_required,Reference-only name; not approved for resolution
cnha-cfdi-f6f4975cc0a8033320de9c80fce13b2c,义乌市中心医院（义乌市中心医院医共体）,义乌市中心医院医共体,https://beian.cfdi.org.cn/CTMDS/pub/PUB010100.do?method=handle06&curPage=14&pageSize=100,review_required,Reference-only name; not approved for resolution
cnha-cfdi-f723a667c0a803337bbbd1a71a8a05c0,苏州市第五人民医院,The Fifth People’s Hospital of Suzhou,https://ror.org/05jy72h47,review_required,Reference-only name; not approved for resolution
cnha-cfdi-f75fef0bc0a803337fd6ece95424d9e8,温州市中心医院,Wenzhou Cancer Hospital,https://ror.org/00w5h0n54,review_required,Reference-only name; not approved for resolution
cnha-cfdi-f75fef0bc0a803337fd6ece95424d9e8,温州市中心医院,Wenzhou Central Hospital,https://ror.org/00w5h0n54,review_required,Reference-only name; not approved for resolution
cnha-cfdi-f75fef0bc0a803337fd6ece95424d9e8,温州市中心医院,Wenzhou City Central Hospital,https://ror.org/00w5h0n54,review_required,Reference-only name; not approved for resolution
cnha-cfdi-f75fef0bc0a803337fd6ece95424d9e8,温州市中心医院,Wenzhou No.6 People's Hospital,https://ror.org/00w5h0n54,review_required,Reference-only name; not approved for resolution
cnha-cfdi-f876a885c0a803331d6a1cc6b4748dad,北京华信医院（清华大学第一附属医院）,Beijing Hua Xin Hospital,https://ror.org/04k6zqn86,review_required,Reference-only name; not approved for resolution
cnha-cfdi-f876a885c0a803331d6a1cc6b4748dad,北京华信医院（清华大学第一附属医院）,First Hospital of Tsinghua University,https://ror.org/04k6zqn86,review_required,Reference-only name; not approved for resolution
cnha-cfdi-f88d48b5c0a803336f18516b60653f7c,云南省中医医院,Yunnan Provincial Hospital of Traditional Chinese Medicine,https://ror.org/01khc4e56,review_required,Reference-only name; not approved for resolution
cnha-cfdi-f8b6f2b9c0a8033316cd39eead68296b,浙江大学医学院附属邵逸夫医院,SRRSH,https://ror.org/00ka6rp58,review_required,Reference-only name; not approved for resolution
cnha-cfdi-f8b6f2b9c0a8033316cd39eead68296b,浙江大学医学院附属邵逸夫医院,Shao Yifu Hospital,https://ror.org/00ka6rp58,review_required,Reference-only name; not approved for resolution
cnha-cfdi-f8b6f2b9c0a8033316cd39eead68296b,浙江大学医学院附属邵逸夫医院,Shào Yìfū Yīyuàn,https://ror.org/00ka6rp58,review_required,Reference-only name; not approved for resolution
cnha-cfdi-f8b6f2b9c0a8033316cd39eead68296b,浙江大学医学院附属邵逸夫医院,Sir Run Run Shaw Hospital,https://ror.org/00ka6rp58,review_required,Reference-only name; not approved for resolution
cnha-cfdi-f8fa2368c0a8033321f0b9fa59249e56,濮阳市人民医院,Fuyang City People's Hospital,https://ror.org/00p1jee13,review_required,Reference-only name; not approved for resolution
cnha-cfdi-f9225458c0a8033321f824bbb774a21f,安徽医科大学第一附属医院,First Affiliated Hospital of Anhui Medical University,https://ror.org/03t1yn780,review_required,Reference-only name; not approved for resolution
cnha-cfdi-f95c1345c0a80333560d27a5569eb472,楚雄彝族自治州中医医院、云南省彝医医院、楚雄彝族自治州中医医院互联网医院,楚雄彝族自治州中医医院互联网医院,https://beian.cfdi.org.cn/CTMDS/pub/PUB010100.do?method=handle06&curPage=18&pageSize=100,review_required,Reference-only name; not approved for resolution
cnha-cfdi-f98452e6c0a803333a5e33e6d5b095c2,安康市中心医院,Ankang City Central Hospital,https://ror.org/02fstqr33,review_required,Reference-only name; not approved for resolution
cnha-cfdi-f9ba3bf5c0a80333382b791d42fb79e1,深圳市第三人民医院,Shenzhen Third People’s Hospital,https://ror.org/04xfsbk97,review_required,Reference-only name; not approved for resolution
cnha-cfdi-fa77d1dec0a8033306984ebd806c1603,乌鲁木齐市第四人民医院,Urumqi 4th People's Hospital,https://ror.org/00gmbx398,review_required,Reference-only name; not approved for resolution
cnha-cfdi-facc9168c0a8033363febee1c20df657,孝感市中心医院,The Central Hospital of Xiao gan,https://ror.org/01has8079,review_required,Reference-only name; not approved for resolution
cnha-cfdi-facc9168c0a8033363febee1c20df657,孝感市中心医院,Xiaogan Hospital,https://ror.org/01has8079,review_required,Reference-only name; not approved for resolution
cnha-cfdi-fc254ab5c0a80333398c3d47efac2e86,汕头大学·香港中文大学联合汕头国际眼科中心,JSIEC,https://ror.org/03f99vf20,review_required,Reference-only name; not approved for resolution
cnha-cfdi-fc254ab5c0a80333398c3d47efac2e86,汕头大学·香港中文大学联合汕头国际眼科中心,Joint Shantou International Eye Center,https://ror.org/03f99vf20,review_required,Reference-only name; not approved for resolution
cnha-cfdi-fc8093c0c0a80333634c8842c417afb5,青海省人民医院,Qinghai Provincial Peoples Hospital,https://ror.org/04vtzbx16,review_required,Reference-only name; not approved for resolution
cnha-cfdi-fcd1711ec0a803337779219bf09aa1f7,嘉兴市第一医院,First Hospital of Jiaxing,https://ror.org/03q5hbn76,review_required,Reference-only name; not approved for resolution
cnha-cfdi-fd46491cc0a80333759c158741f29de4,西安市胸科医院,Xi'an Chest Hospital,https://ror.org/052f2mx26,review_required,Reference-only name; not approved for resolution
cnha-cfdi-fdab536cc0a8033331f709e0eb34965d,山东省立医院,SPH,https://ror.org/02ar2nf05,review_required,Reference-only name; not approved for resolution
cnha-cfdi-fdab536cc0a8033331f709e0eb34965d,山东省立医院,Shandong Provincial Hospital,https://ror.org/02ar2nf05,review_required,Reference-only name; not approved for resolution
cnha-cfdi-fdd05094c0a803332e4470a4901a5db0,昆明市儿童医院,Kunming Children's Hospital,https://ror.org/00fjv1g65,review_required,Reference-only name; not approved for resolution
cnha-cfdi-fe2311f4c0a803333539d49197e1634b,苏州市立医院,Suzhou Municipal Hospital,https://ror.org/02cdyrc89,review_required,Reference-only name; not approved for resolution
cnha-cfdi-fe331b2cc0a8033358190f7d21422464,济南市人民医院,Jinan City People's Hospital,https://ror.org/05b2ycy47,review_required,Reference-only name; not approved for resolution
cnha-cfdi-fe331b2cc0a8033358190f7d21422464,济南市人民医院,Laiwu People's Hospital,https://ror.org/05b2ycy47,review_required,Reference-only name; not approved for resolution
cnha-cfdi-fed3593dc0a80333600b18eaeaecf1f8,温州市中医院、温州市中医院互联网医院,温州市中医院互联网医院,https://beian.cfdi.org.cn/CTMDS/pub/PUB010100.do?method=handle06&curPage=4&pageSize=100,review_required,Reference-only name; not approved for resolution
cnha-cfdi-fef887cdc0a803330c1eb15f1b49a708,天津市海河医院,Tianjin haihe hospital,https://ror.org/05m762q77,review_required,Reference-only name; not approved for resolution
cnha-cfdi-ffb8ab44c0a8033373451474a5ea8118,甘肃省妇幼保健院（甘肃省中心医院）,Gansu Provincial Maternal and Child Health Hospital,https://ror.org/02n9as466,review_required,Reference-only name; not approved for resolution
cnha-cfdi-fff9474dc0a80333235f1a3d04d0fcc9,安徽省儿童医院（安徽省新华医院、安徽省儿科医学研究所、复旦大学附属儿科医院安徽医院）,安徽省儿科医学研究所,https://beian.cfdi.org.cn/CTMDS/pub/PUB010100.do?method=handle06&curPage=12&pageSize=100,review_required,Reference-only name; not approved for resolution
cnha-cfdi-fff9474dc0a80333235f1a3d04d0fcc9,安徽省儿童医院（安徽省新华医院、安徽省儿科医学研究所、复旦大学附属儿科医院安徽医院）,Anhui Provincial Children's Hospital,https://ror.org/04je70584,review_required,Reference-only name; not approved for resolution
