hospital_id,official_name_zh,filing_number,filing_status,identity_confirmation_status,english_name,english_review_status,approved_alias_count,pending_aliases_json,all_identity_fields_reviewed,source_url,accessed_at,scope
cnha-cfdi-000aedc9c0a803335a2fafee6c48cc40,麻城市人民医院,药临床机构备字2026000066,filed,confirmed_against_filing_snapshot,,deferred_not_required_for_identity,0,[],False,https://beian.cfdi.org.cn/CTMDS/pub/PUB010100.do?method=handle06&curPage=20&pageSize=100,2026-09-05,"Snapshot identity only; not all aliases, trial participation or current eligibility"
cnha-cfdi-009e135ac0a8033336f22321f58a0acf,北大荒集团建三江医院,药临床机构备字2026000122,filed,confirmed_against_filing_snapshot,,deferred_not_required_for_identity,0,[],False,https://beian.cfdi.org.cn/CTMDS/pub/PUB010100.do?method=handle06&curPage=20&pageSize=100,2026-09-05,"Snapshot identity only; not all aliases, trial participation or current eligibility"
cnha-cfdi-00d6817bc0a8033337402001af0a9db9,株洲市妇幼保健院,药临床机构备字2024000120,filed,confirmed_against_filing_snapshot,,deferred_not_required_for_identity,0,[],False,https://beian.cfdi.org.cn/CTMDS/pub/PUB010100.do?method=handle06&curPage=16&pageSize=100,2026-09-05,"Snapshot identity only; not all aliases, trial participation or current eligibility"
cnha-cfdi-00d8af18c0a803330e3c694eb2196aae,临清市人民医院,药临床机构备字2026000026,filed,confirmed_against_filing_snapshot,,deferred_not_required_for_identity,0,"[{""hospital_id"": ""cnha-cfdi-00d8af18c0a803330e3c694eb2196aae"", ""official_name"": ""临清市人民医院"", ""candidate_alias"": ""People’s Hospital of Linqing"", ""source_url"": ""https://ror.org/01j2e9t73"", ""status"": ""review_required"", ""reason"": ""Reference-only name; not approved for resolution""}]",False,https://beian.cfdi.org.cn/CTMDS/pub/PUB010100.do?method=handle06&curPage=20&pageSize=100,2026-09-05,"Snapshot identity only; not all aliases, trial participation or current eligibility"
cnha-cfdi-00dd9d6cc0a80333655e3cf356040981,九江市第一人民医院,药临床机构备字2020000122,filed,confirmed_against_filing_snapshot,,deferred_not_required_for_identity,0,[],False,https://beian.cfdi.org.cn/CTMDS/pub/PUB010100.do?method=handle06&curPage=2&pageSize=100,2026-09-05,"Snapshot identity only; not all aliases, trial participation or current eligibility"
cnha-cfdi-0134209cc0a803333f9d3f2ff5e6d540,大连大学附属中山医院,药临床机构备字2020000269,filed,confirmed_against_filing_snapshot,,deferred_not_required_for_identity,0,[],False,https://beian.cfdi.org.cn/CTMDS/pub/PUB010100.do?method=handle06&curPage=4&pageSize=100,2026-09-05,"Snapshot identity only; not all aliases, trial participation or current eligibility"
cnha-cfdi-01483885c0a80333753cc766ecffe4b4,湖北省妇幼保健院（湖北省妇女儿童医院）,药临床机构备字2021000178,filed,confirmed_against_filing_snapshot,,deferred_not_required_for_identity,2,"[{""hospital_id"": ""cnha-cfdi-01483885c0a80333753cc766ecffe4b4"", ""official_name"": ""湖北省妇幼保健院（湖北省妇女儿童医院）"", ""candidate_alias"": ""Hubei MCH"", ""source_url"": ""https://ror.org/03323pz98"", ""status"": ""review_required"", ""reason"": ""Reference-only name; not approved for resolution""}, {""hospital_id"": ""cnha-cfdi-01483885c0a80333753cc766ecffe4b4"", ""official_name"": ""湖北省妇幼保健院（湖北省妇女儿童医院）"", ""candidate_alias"": ""Hubei Province Hospital"", ""source_url"": ""https://ror.org/03323pz98"", ""status"": ""review_required"", ""reason"": ""Reference-only name; not approved for resolution""}, {""hospital_id"": ""cnha-cfdi-01483885c0a80333753cc766ecffe4b4"", ""official_name"": ""湖北省妇幼保健院（湖北省妇女儿童医院）"", ""candidate_alias"": ""Hubei Provincial Women and Children's Hospital"", ""source_url"": ""https://ror.org/03323pz98"", ""status"": ""review_required"", ""reason"": ""Reference-only name; not approved for resolution""}]",False,https://beian.cfdi.org.cn/CTMDS/pub/PUB010100.do?method=handle06&curPage=12&pageSize=100,2026-09-05,"Snapshot identity only; not all aliases, trial participation or current eligibility"
cnha-cfdi-0163c2b0c0a803331ec564e83464d5d9,湘雅常德医院药物临床试验机构,药临床机构备字2021000046,filed,confirmed_against_filing_snapshot,,deferred_not_required_for_identity,0,[],False,https://beian.cfdi.org.cn/CTMDS/pub/PUB010100.do?method=handle06&curPage=11&pageSize=100,2026-09-05,"Snapshot identity only; not all aliases, trial participation or current eligibility"
cnha-cfdi-0167b160c0a8033327f5d32a5f94e8bb,云浮市人民医院,药临床机构备字2024000038,filed,confirmed_against_filing_snapshot,,deferred_not_required_for_identity,0,[],False,https://beian.cfdi.org.cn/CTMDS/pub/PUB010100.do?method=handle06&curPage=15&pageSize=100,2026-09-05,"Snapshot identity only; not all aliases, trial participation or current eligibility"
cnha-cfdi-017d5690c0a8033349cda12df77eb1ef,牡丹江市肿瘤医院,药临床机构备字2021000003,filed,confirmed_against_filing_snapshot,,deferred_not_required_for_identity,0,[],False,https://beian.cfdi.org.cn/CTMDS/pub/PUB010100.do?method=handle06&curPage=10&pageSize=100,2026-09-05,"Snapshot identity only; not all aliases, trial participation or current eligibility"
cnha-cfdi-017f14c0c0a803332fa8a85a3b4cda37,北京燕化医院,药临床机构备字2024000083,filed,confirmed_against_filing_snapshot,,deferred_not_required_for_identity,0,[],False,https://beian.cfdi.org.cn/CTMDS/pub/PUB010100.do?method=handle06&curPage=16&pageSize=100,2026-09-05,"Snapshot identity only; not all aliases, trial participation or current eligibility"
cnha-cfdi-019bd4fdc0a80333295037ed6c30e5ef,临沂市妇幼保健院,药临床机构备字2020000909,filed,confirmed_against_filing_snapshot,,deferred_not_required_for_identity,0,[],False,https://beian.cfdi.org.cn/CTMDS/pub/PUB010100.do?method=handle06&curPage=10&pageSize=100,2026-09-05,"Snapshot identity only; not all aliases, trial participation or current eligibility"
cnha-cfdi-019d275ec0a803337282d3a0c06b7c4c,三亚中心医院（海南省第三人民医院）,药临床机构备字2020000023,filed,confirmed_against_filing_snapshot,,deferred_not_required_for_identity,2,"[{""hospital_id"": ""cnha-cfdi-019d275ec0a803337282d3a0c06b7c4c"", ""official_name"": ""三亚中心医院（海南省第三人民医院）"", ""candidate_alias"": ""Sanya Central Hospital"", ""source_url"": ""https://ror.org/03t65z939"", ""status"": ""review_required"", ""reason"": ""Reference-only name; not approved for resolution""}, {""hospital_id"": ""cnha-cfdi-019d275ec0a803337282d3a0c06b7c4c"", ""official_name"": ""三亚中心医院（海南省第三人民医院）"", ""candidate_alias"": ""The Third People's Hospital of Hainan Province"", ""source_url"": ""https://ror.org/03t65z939"", ""status"": ""review_required"", ""reason"": ""Reference-only name; not approved for resolution""}]",False,https://beian.cfdi.org.cn/CTMDS/pub/PUB010100.do?method=handle06&curPage=2&pageSize=100,2026-09-05,"Snapshot identity only; not all aliases, trial participation or current eligibility"
cnha-cfdi-01b102bec0a803331ea32189f63ef53a,天津医科大学第二医院,药临床机构备字2020000186,filed,confirmed_against_filing_snapshot,The Second Hospital of Tianjin Medical University,source_reviewed,1,[],False,https://beian.cfdi.org.cn/CTMDS/pub/PUB010100.do?method=handle06&curPage=3&pageSize=100,2026-09-05,"Snapshot identity only; not all aliases, trial participation or current eligibility"
cnha-cfdi-01ce64fbc0a8033311bb8697e65ed7a2,西安市第一医院,药临床机构备字2021000158,filed,confirmed_against_filing_snapshot,,deferred_not_required_for_identity,0,[],False,https://beian.cfdi.org.cn/CTMDS/pub/PUB010100.do?method=handle06&curPage=11&pageSize=100,2026-09-05,"Snapshot identity only; not all aliases, trial participation or current eligibility"
cnha-cfdi-01e7c530c0a8033376dfcfbb36aca1e9,中山大学附属第八医院（深圳福田）,药临床机构备字2020000922,filed,confirmed_against_filing_snapshot,,deferred_not_required_for_identity,0,[],False,https://beian.cfdi.org.cn/CTMDS/pub/PUB010100.do?method=handle06&curPage=10&pageSize=100,2026-09-05,"Snapshot identity only; not all aliases, trial participation or current eligibility"
cnha-cfdi-01e8a04dc0a803333b7a357bca186d73,许昌市中心医院,药临床机构备字2023000002,filed,confirmed_against_filing_snapshot,,deferred_not_required_for_identity,0,[],False,https://beian.cfdi.org.cn/CTMDS/pub/PUB010100.do?method=handle06&curPage=13&pageSize=100,2026-09-05,"Snapshot identity only; not all aliases, trial participation or current eligibility"
cnha-cfdi-0200cd89c0a8033354de4fd0c517c12a,合肥市第四人民医院,药临床机构备字2020000893,filed,confirmed_against_filing_snapshot,,deferred_not_required_for_identity,0,[],False,https://beian.cfdi.org.cn/CTMDS/pub/PUB010100.do?method=handle06&curPage=9&pageSize=100,2026-09-05,"Snapshot identity only; not all aliases, trial participation or current eligibility"
cnha-cfdi-02025899c0a8033333fd920d992c9cd2,长春肿瘤医院,药临床机构备字2020000064,filed,confirmed_against_filing_snapshot,,deferred_not_required_for_identity,0,[],False,https://beian.cfdi.org.cn/CTMDS/pub/PUB010100.do?method=handle06&curPage=2&pageSize=100,2026-09-05,"Snapshot identity only; not all aliases, trial participation or current eligibility"
cnha-cfdi-0204cf4ec0a8033354aff48acff76e63,襄阳市中医医院（襄阳市中医药研究所）,药临床机构备字2025000175,filed,confirmed_against_filing_snapshot,,deferred_not_required_for_identity,1,"[{""hospital_id"": ""cnha-cfdi-0204cf4ec0a8033354aff48acff76e63"", ""official_name"": ""襄阳市中医医院（襄阳市中医药研究所）"", ""candidate_alias"": ""襄阳市中医药研究所"", ""source_url"": ""https://beian.cfdi.org.cn/CTMDS/pub/PUB010100.do?method=handle06&curPage=18&pageSize=100"", ""status"": ""review_required"", ""reason"": ""Reference-only name; not approved for resolution""}]",False,https://beian.cfdi.org.cn/CTMDS/pub/PUB010100.do?method=handle06&curPage=18&pageSize=100,2026-09-05,"Snapshot identity only; not all aliases, trial participation or current eligibility"
cnha-cfdi-020b6b97c0a8033343681575b8b0d5ac,吉林省神经精神病医院,药临床机构备字2020000289,filed,confirmed_against_filing_snapshot,,deferred_not_required_for_identity,0,[],False,https://beian.cfdi.org.cn/CTMDS/pub/PUB010100.do?method=handle06&curPage=4&pageSize=100,2026-09-05,"Snapshot identity only; not all aliases, trial participation or current eligibility"
cnha-cfdi-0214f190c0a80333202c87af1b34eb9b,国家电网公司北京电力医院,药临床机构备字2026000078,filed,confirmed_against_filing_snapshot,,deferred_not_required_for_identity,0,[],False,https://beian.cfdi.org.cn/CTMDS/pub/PUB010100.do?method=handle06&curPage=20&pageSize=100,2026-09-05,"Snapshot identity only; not all aliases, trial participation or current eligibility"
cnha-cfdi-021e8132c0a8033359bc9e716a57d0a7,南方医科大学中西医结合医院,药临床机构备字2020000116,filed,confirmed_against_filing_snapshot,,deferred_not_required_for_identity,0,"[{""hospital_id"": ""cnha-cfdi-021e8132c0a8033359bc9e716a57d0a7"", ""official_name"": ""南方医科大学中西医结合医院"", ""candidate_alias"": ""Southern Hospital of Integrated Traditional Chinese and Western Medicine"", ""source_url"": ""https://ror.org/030xn5j74"", ""status"": ""review_required"", ""reason"": ""Reference-only name; not approved for resolution""}, {""hospital_id"": ""cnha-cfdi-021e8132c0a8033359bc9e716a57d0a7"", ""official_name"": ""南方医科大学中西医结合医院"", ""candidate_alias"": ""TCM-Intigrated Cancer Center of Southern Medical University"", ""source_url"": ""https://ror.org/030xn5j74"", ""status"": ""review_required"", ""reason"": ""Reference-only name; not approved for resolution""}]",False,https://beian.cfdi.org.cn/CTMDS/pub/PUB010100.do?method=handle06&curPage=2&pageSize=100,2026-09-05,"Snapshot identity only; not all aliases, trial participation or current eligibility"
cnha-cfdi-0222d222c0a8033311f46719292466bc,眉山心脑血管病医院,药临床机构备字2023000097,filed,confirmed_against_filing_snapshot,,deferred_not_required_for_identity,0,[],False,https://beian.cfdi.org.cn/CTMDS/pub/PUB010100.do?method=handle06&curPage=14&pageSize=100,2026-09-05,"Snapshot identity only; not all aliases, trial participation or current eligibility"
cnha-cfdi-022b91abc0a80333197322ee9d3a890c,河北北方学院附属第一医院,药临床机构备字2020000375,filed,confirmed_against_filing_snapshot,,deferred_not_required_for_identity,0,[],False,https://beian.cfdi.org.cn/CTMDS/pub/PUB010100.do?method=handle06&curPage=5&pageSize=100,2026-09-05,"Snapshot identity only; not all aliases, trial participation or current eligibility"
cnha-cfdi-022bf75fc0a803330ffcffa38d6c9668,宜昌市第三人民医院,药临床机构备字2024000039,filed,confirmed_against_filing_snapshot,,deferred_not_required_for_identity,0,[],False,https://beian.cfdi.org.cn/CTMDS/pub/PUB010100.do?method=handle06&curPage=15&pageSize=100,2026-09-05,"Snapshot identity only; not all aliases, trial participation or current eligibility"
cnha-cfdi-022df06fc0a8033317b33e6c341915b7,重庆医科大学附属口腔医院,药临床机构备字2020000094,filed,confirmed_against_filing_snapshot,,deferred_not_required_for_identity,0,[],False,https://beian.cfdi.org.cn/CTMDS/pub/PUB010100.do?method=handle06&curPage=2&pageSize=100,2026-09-05,"Snapshot identity only; not all aliases, trial participation or current eligibility"
cnha-cfdi-0237f8e8c0a80333500b0a40443b715e,福建省疾病预防控制中心,药临床机构备字2022000175,filed,confirmed_against_filing_snapshot,,deferred_not_required_for_identity,0,[],False,https://beian.cfdi.org.cn/CTMDS/pub/PUB010100.do?method=handle06&curPage=13&pageSize=100,2026-09-05,"Snapshot identity only; not all aliases, trial participation or current eligibility"
cnha-cfdi-023ca52ec0a8033358655f82b112f925,晋江市医院（上海市第六人民医院福建医院）,药临床机构备字2024000128,filed,confirmed_against_filing_snapshot,,deferred_not_required_for_identity,2,[],False,https://beian.cfdi.org.cn/CTMDS/pub/PUB010100.do?method=handle06&curPage=16&pageSize=100,2026-09-05,"Snapshot identity only; not all aliases, trial participation or current eligibility"
cnha-cfdi-023da477c0a803335767db9fc2de4af4,定州市人民医院,药临床机构备字2023000104,filed,confirmed_against_filing_snapshot,,deferred_not_required_for_identity,0,[],False,https://beian.cfdi.org.cn/CTMDS/pub/PUB010100.do?method=handle06&curPage=14&pageSize=100,2026-09-05,"Snapshot identity only; not all aliases, trial participation or current eligibility"
cnha-cfdi-023f6dedc0a803337691c8e5528d9e23,庆阳市中医医院,药临床机构备字2024000035,filed,confirmed_against_filing_snapshot,,deferred_not_required_for_identity,0,[],False,https://beian.cfdi.org.cn/CTMDS/pub/PUB010100.do?method=handle06&curPage=15&pageSize=100,2026-09-05,"Snapshot identity only; not all aliases, trial participation or current eligibility"
cnha-cfdi-02431fbec0a8033378d62a922815684b,太原市第四人民医院（太原市结核病医院）,药临床机构备字2020000071,filed,confirmed_against_filing_snapshot,,deferred_not_required_for_identity,2,[],False,https://beian.cfdi.org.cn/CTMDS/pub/PUB010100.do?method=handle06&curPage=2&pageSize=100,2026-09-05,"Snapshot identity only; not all aliases, trial participation or current eligibility"
cnha-cfdi-0243ea7bc0a80333604f1c1845b6c2ca,北京怀柔医院,药临床机构备字2024000199,filed,confirmed_against_filing_snapshot,,deferred_not_required_for_identity,0,[],False,https://beian.cfdi.org.cn/CTMDS/pub/PUB010100.do?method=handle06&curPage=17&pageSize=100,2026-09-05,"Snapshot identity only; not all aliases, trial participation or current eligibility"
cnha-cfdi-0246c649c0a803337beebd552ff02aed,烟台市莱阳中心医院,药临床机构备字2024000087,filed,confirmed_against_filing_snapshot,,deferred_not_required_for_identity,0,[],False,https://beian.cfdi.org.cn/CTMDS/pub/PUB010100.do?method=handle06&curPage=16&pageSize=100,2026-09-05,"Snapshot identity only; not all aliases, trial participation or current eligibility"
cnha-cfdi-0255932fc0a8033304d8d37f23b83a07,西电集团医院,药临床机构备字2020000755,filed,confirmed_against_filing_snapshot,,deferred_not_required_for_identity,0,[],False,https://beian.cfdi.org.cn/CTMDS/pub/PUB010100.do?method=handle06&curPage=8&pageSize=100,2026-09-05,"Snapshot identity only; not all aliases, trial participation or current eligibility"
cnha-cfdi-025e0d70c0a803331b14c3a75e70769d,昌吉市人民医院,药临床机构备字2025000065,filed,confirmed_against_filing_snapshot,,deferred_not_required_for_identity,0,[],False,https://beian.cfdi.org.cn/CTMDS/pub/PUB010100.do?method=handle06&curPage=18&pageSize=100,2026-09-05,"Snapshot identity only; not all aliases, trial participation or current eligibility"
cnha-cfdi-026da985c0a803330344ad79f9f50b3e,泉州市第一医院,药临床机构备字2020000844,filed,confirmed_against_filing_snapshot,,deferred_not_required_for_identity,0,[],False,https://beian.cfdi.org.cn/CTMDS/pub/PUB010100.do?method=handle06&curPage=9&pageSize=100,2026-09-05,"Snapshot identity only; not all aliases, trial participation or current eligibility"
cnha-cfdi-02938fd2c0a803335ba593d7d4dace72,中国人民解放军火箭军特色医学中心,药临床机构备字2020000777,filed,confirmed_against_filing_snapshot,,deferred_not_required_for_identity,0,[],False,https://beian.cfdi.org.cn/CTMDS/pub/PUB010100.do?method=handle06&curPage=8&pageSize=100,2026-09-05,"Snapshot identity only; not all aliases, trial participation or current eligibility"
cnha-cfdi-02943794c0a80333107ca198e86e5766,中国中医科学院眼科医院,药临床机构备字2020000293,filed,confirmed_against_filing_snapshot,,deferred_not_required_for_identity,0,"[{""hospital_id"": ""cnha-cfdi-02943794c0a80333107ca198e86e5766"", ""official_name"": ""中国中医科学院眼科医院"", ""candidate_alias"": ""China Academy of Traditional Chinese Medicine Hospital of Ophthalmology"", ""source_url"": ""https://ror.org/04x5anb81"", ""status"": ""review_required"", ""reason"": ""Reference-only name; not approved for resolution""}]",False,https://beian.cfdi.org.cn/CTMDS/pub/PUB010100.do?method=handle06&curPage=4&pageSize=100,2026-09-05,"Snapshot identity only; not all aliases, trial participation or current eligibility"
cnha-cfdi-029677b0c0a803330e12f88987a987ae,成都大学附属医院,药临床机构备字2020000401,filed,confirmed_against_filing_snapshot,,deferred_not_required_for_identity,0,[],False,https://beian.cfdi.org.cn/CTMDS/pub/PUB010100.do?method=handle06&curPage=5&pageSize=100,2026-09-05,"Snapshot identity only; not all aliases, trial participation or current eligibility"
cnha-cfdi-029c782dc0a803337234b2440a735dec,江油市第二人民医院,药临床机构备字2023000172,filed,confirmed_against_filing_snapshot,,deferred_not_required_for_identity,0,[],False,https://beian.cfdi.org.cn/CTMDS/pub/PUB010100.do?method=handle06&curPage=14&pageSize=100,2026-09-05,"Snapshot identity only; not all aliases, trial participation or current eligibility"
cnha-cfdi-02ae8d29c0a8033332c4aa22017e5f97,邢台市人民医院,药临床机构备字2020000345,filed,confirmed_against_filing_snapshot,,deferred_not_required_for_identity,0,[],False,https://beian.cfdi.org.cn/CTMDS/pub/PUB010100.do?method=handle06&curPage=5&pageSize=100,2026-09-05,"Snapshot identity only; not all aliases, trial participation or current eligibility"
cnha-cfdi-02bbb58bc0a8033357a4ad26c04c44ea,赤峰市宁城县中心医院,药临床机构备字2024000157,filed,confirmed_against_filing_snapshot,,deferred_not_required_for_identity,0,[],False,https://beian.cfdi.org.cn/CTMDS/pub/PUB010100.do?method=handle06&curPage=16&pageSize=100,2026-09-05,"Snapshot identity only; not all aliases, trial participation or current eligibility"
cnha-cfdi-02c48e10c0a8033368ae38aa591fc2a8,中国中医科学院广安门医院  中国中医科学院第二临床医药研究所,药临床机构备字2020000362,filed,confirmed_against_filing_snapshot,,deferred_not_required_for_identity,0,[],False,https://beian.cfdi.org.cn/CTMDS/pub/PUB010100.do?method=handle06&curPage=5&pageSize=100,2026-09-05,"Snapshot identity only; not all aliases, trial participation or current eligibility"
cnha-cfdi-02d4049dc0a80333634b885f68167bfb,昆明医科大学第一附属医院,药临床机构备字2020000797,filed,confirmed_against_filing_snapshot,,deferred_not_required_for_identity,0,[],False,https://beian.cfdi.org.cn/CTMDS/pub/PUB010100.do?method=handle06&curPage=9&pageSize=100,2026-09-05,"Snapshot identity only; not all aliases, trial participation or current eligibility"
cnha-cfdi-02d59fd4c0a803332d9aad409e9fd2f1,沭阳中医院,药临床机构备字2023000151,filed,confirmed_against_filing_snapshot,,deferred_not_required_for_identity,0,[],False,https://beian.cfdi.org.cn/CTMDS/pub/PUB010100.do?method=handle06&curPage=14&pageSize=100,2026-09-05,"Snapshot identity only; not all aliases, trial participation or current eligibility"
cnha-cfdi-02e7231ec0a80333522bb946bf7fc385,阜阳市人民医院,药临床机构备字2020000646,filed,confirmed_against_filing_snapshot,,deferred_not_required_for_identity,0,[],False,https://beian.cfdi.org.cn/CTMDS/pub/PUB010100.do?method=handle06&curPage=7&pageSize=100,2026-09-05,"Snapshot identity only; not all aliases, trial participation or current eligibility"
cnha-cfdi-03069df4c0a80333388554deff76c9fa,安庆市立医院,药临床机构备字2020000877,filed,confirmed_against_filing_snapshot,,deferred_not_required_for_identity,0,[],False,https://beian.cfdi.org.cn/CTMDS/pub/PUB010100.do?method=handle06&curPage=9&pageSize=100,2026-09-05,"Snapshot identity only; not all aliases, trial participation or current eligibility"
cnha-cfdi-030e3777c0a803332a22e1cf224a4335,南京医科大学第二附属医院,药临床机构备字2020000793,filed,confirmed_against_filing_snapshot,,deferred_not_required_for_identity,0,[],False,https://beian.cfdi.org.cn/CTMDS/pub/PUB010100.do?method=handle06&curPage=9&pageSize=100,2026-09-05,"Snapshot identity only; not all aliases, trial participation or current eligibility"
cnha-cfdi-031536cec0a8033363ea666bb0e4781c,苏州市相城人民医院,药临床机构备字2023000238,filed,confirmed_against_filing_snapshot,,deferred_not_required_for_identity,0,[],False,https://beian.cfdi.org.cn/CTMDS/pub/PUB010100.do?method=handle06&curPage=15&pageSize=100,2026-09-05,"Snapshot identity only; not all aliases, trial participation or current eligibility"
cnha-cfdi-031ca1c1c0a803331d96ff47bec14a8f,无锡市中医医院,药临床机构备字2020000705,filed,confirmed_against_filing_snapshot,,deferred_not_required_for_identity,0,[],False,https://beian.cfdi.org.cn/CTMDS/pub/PUB010100.do?method=handle06&curPage=8&pageSize=100,2026-09-05,"Snapshot identity only; not all aliases, trial participation or current eligibility"
cnha-cfdi-034b5767c0a803337498df639f33cbd4,陕西省第二人民医院,药临床机构备字2021000068,filed,confirmed_against_filing_snapshot,,deferred_not_required_for_identity,0,"[{""hospital_id"": ""cnha-cfdi-034b5767c0a803337498df639f33cbd4"", ""official_name"": ""陕西省第二人民医院"", ""candidate_alias"": ""Second Peoples Hospital of Shaanxi Province"", ""source_url"": ""https://ror.org/03hwa6484"", ""status"": ""review_required"", ""reason"": ""Reference-only name; not approved for resolution""}]",False,https://beian.cfdi.org.cn/CTMDS/pub/PUB010100.do?method=handle06&curPage=11&pageSize=100,2026-09-05,"Snapshot identity only; not all aliases, trial participation or current eligibility"
cnha-cfdi-0355c74dc0a803332d9ba47afbee6005,保山市人民医院,药临床机构备字2023000133,filed,confirmed_against_filing_snapshot,,deferred_not_required_for_identity,0,[],False,https://beian.cfdi.org.cn/CTMDS/pub/PUB010100.do?method=handle06&curPage=14&pageSize=100,2026-09-05,"Snapshot identity only; not all aliases, trial participation or current eligibility"
cnha-cfdi-035af3a9c0a80333643874c85a536742,成都医学院第一附属医院,药临床机构备字2019000013,filed,confirmed_against_filing_snapshot,,deferred_not_required_for_identity,0,"[{""hospital_id"": ""cnha-cfdi-035af3a9c0a80333643874c85a536742"", ""official_name"": ""成都医学院第一附属医院"", ""candidate_alias"": ""First Affiliated Hospital of Chengdu Medical College"", ""source_url"": ""https://ror.org/03jckbw05"", ""status"": ""review_required"", ""reason"": ""Reference-only name; not approved for resolution""}]",False,https://beian.cfdi.org.cn/CTMDS/pub/PUB010100.do?method=handle06&curPage=1&pageSize=100,2026-09-05,"Snapshot identity only; not all aliases, trial participation or current eligibility"
cnha-cfdi-0368c31ec0a803332e3a00811faed34d,宾县人民医院  (宾县医共体总医院）,药临床机构备字2024000191,filed,confirmed_against_filing_snapshot,,deferred_not_required_for_identity,1,"[{""hospital_id"": ""cnha-cfdi-0368c31ec0a803332e3a00811faed34d"", ""official_name"": ""宾县人民医院  (宾县医共体总医院）"", ""candidate_alias"": ""宾县医共体总医院"", ""source_url"": ""https://beian.cfdi.org.cn/CTMDS/pub/PUB010100.do?method=handle06&curPage=16&pageSize=100"", ""status"": ""review_required"", ""reason"": ""Reference-only name; not approved for resolution""}]",False,https://beian.cfdi.org.cn/CTMDS/pub/PUB010100.do?method=handle06&curPage=16&pageSize=100,2026-09-05,"Snapshot identity only; not all aliases, trial participation or current eligibility"
cnha-cfdi-036d0cf0c0a803335c983c2912bce8ae,惠阳三和医院（有限合伙）,药临床机构备字2025000100,filed,confirmed_against_filing_snapshot,,deferred_not_required_for_identity,0,[],False,https://beian.cfdi.org.cn/CTMDS/pub/PUB010100.do?method=handle06&curPage=18&pageSize=100,2026-09-05,"Snapshot identity only; not all aliases, trial participation or current eligibility"
cnha-cfdi-0370a829c0a803335db2d5840813ff77,蚌埠市第三人民医院,药临床机构备字2025000238,filed,confirmed_against_filing_snapshot,,deferred_not_required_for_identity,0,[],False,https://beian.cfdi.org.cn/CTMDS/pub/PUB010100.do?method=handle06&curPage=19&pageSize=100,2026-09-05,"Snapshot identity only; not all aliases, trial participation or current eligibility"
cnha-cfdi-037384d3c0a803331f397cbb06c31c7e,宁波市第六医院,药临床机构备字2023000086,filed,confirmed_against_filing_snapshot,,deferred_not_required_for_identity,0,"[{""hospital_id"": ""cnha-cfdi-037384d3c0a803331f397cbb06c31c7e"", ""official_name"": ""宁波市第六医院"", ""candidate_alias"": ""Ningbo No.6 Hospital"", ""source_url"": ""https://ror.org/054qnke07"", ""status"": ""review_required"", ""reason"": ""Reference-only name; not approved for resolution""}]",False,https://beian.cfdi.org.cn/CTMDS/pub/PUB010100.do?method=handle06&curPage=14&pageSize=100,2026-09-05,"Snapshot identity only; not all aliases, trial participation or current eligibility"
cnha-cfdi-038a67adc0a803337563e67e5c65852d,郑州颐和医院,药临床机构备字2022000056,filed,confirmed_against_filing_snapshot,,deferred_not_required_for_identity,0,[],False,https://beian.cfdi.org.cn/CTMDS/pub/PUB010100.do?method=handle06&curPage=12&pageSize=100,2026-09-05,"Snapshot identity only; not all aliases, trial participation or current eligibility"
cnha-cfdi-0390ecafc0a80333326f7b34484d06ef,北京市普仁医院,药临床机构备字2026000115,filed,confirmed_against_filing_snapshot,,deferred_not_required_for_identity,0,[],False,https://beian.cfdi.org.cn/CTMDS/pub/PUB010100.do?method=handle06&curPage=20&pageSize=100,2026-09-05,"Snapshot identity only; not all aliases, trial participation or current eligibility"
cnha-cfdi-03936a7cc0a803336ea258b096c459d4,中国中医科学院西苑医院,药临床机构备字2020000251,filed,confirmed_against_filing_snapshot,,deferred_not_required_for_identity,0,"[{""hospital_id"": ""cnha-cfdi-03936a7cc0a803336ea258b096c459d4"", ""official_name"": ""中国中医科学院西苑医院"", ""candidate_alias"": ""Xiyuan Hospital"", ""source_url"": ""https://ror.org/02y0vze35"", ""status"": ""review_required"", ""reason"": ""Reference-only name; not approved for resolution""}]",False,https://beian.cfdi.org.cn/CTMDS/pub/PUB010100.do?method=handle06&curPage=4&pageSize=100,2026-09-05,"Snapshot identity only; not all aliases, trial participation or current eligibility"
cnha-cfdi-03a3decec0a8033359ecc1313b33f17a,辉县市人民医院,药临床机构备字2021000155,filed,confirmed_against_filing_snapshot,,deferred_not_required_for_identity,0,[],False,https://beian.cfdi.org.cn/CTMDS/pub/PUB010100.do?method=handle06&curPage=11&pageSize=100,2026-09-05,"Snapshot identity only; not all aliases, trial participation or current eligibility"
cnha-cfdi-03b10e4fc0a8033303b0cf0fb68f7311,赤峰市中医蒙医医院,药临床机构备字2025000093,filed,confirmed_against_filing_snapshot,,deferred_not_required_for_identity,0,[],False,https://beian.cfdi.org.cn/CTMDS/pub/PUB010100.do?method=handle06&curPage=18&pageSize=100,2026-09-05,"Snapshot identity only; not all aliases, trial participation or current eligibility"
cnha-cfdi-03bf148dc0a803331fb0bca49b01ac7c,山西省中西医结合医院,药临床机构备字2025000262,filed,confirmed_against_filing_snapshot,,deferred_not_required_for_identity,0,[],False,https://beian.cfdi.org.cn/CTMDS/pub/PUB010100.do?method=handle06&curPage=19&pageSize=100,2026-09-05,"Snapshot identity only; not all aliases, trial participation or current eligibility"
cnha-cfdi-03c28f2ac0a80333185edae0e3e1674e,合肥市第三人民医院,药临床机构备字2022000086,filed,confirmed_against_filing_snapshot,,deferred_not_required_for_identity,0,[],False,https://beian.cfdi.org.cn/CTMDS/pub/PUB010100.do?method=handle06&curPage=12&pageSize=100,2026-09-05,"Snapshot identity only; not all aliases, trial participation or current eligibility"
cnha-cfdi-03c69237c0a80333202442a9d46fa5e6,厦门莲花医院,药临床机构备字2020000009,filed,confirmed_against_filing_snapshot,,deferred_not_required_for_identity,0,[],False,https://beian.cfdi.org.cn/CTMDS/pub/PUB010100.do?method=handle06&curPage=1&pageSize=100,2026-09-05,"Snapshot identity only; not all aliases, trial participation or current eligibility"
cnha-cfdi-03d9294ec0a803333d17bf8d2370a3da,渑池县中医院,药临床机构备字2023000134,filed,confirmed_against_filing_snapshot,,deferred_not_required_for_identity,0,[],False,https://beian.cfdi.org.cn/CTMDS/pub/PUB010100.do?method=handle06&curPage=14&pageSize=100,2026-09-05,"Snapshot identity only; not all aliases, trial participation or current eligibility"
cnha-cfdi-03f9d88bc0a803334272a06029021712,中国人民解放军联勤保障部队第九二一医院,药临床机构备字2024000251,filed,confirmed_against_filing_snapshot,,deferred_not_required_for_identity,0,[],False,https://beian.cfdi.org.cn/CTMDS/pub/PUB010100.do?method=handle06&curPage=17&pageSize=100,2026-09-05,"Snapshot identity only; not all aliases, trial participation or current eligibility"
cnha-cfdi-03feefe3c0a8033316ea5c4f2597b74b,镇江市第一人民医院,药临床机构备字2025000109,filed,confirmed_against_filing_snapshot,,deferred_not_required_for_identity,0,[],False,https://beian.cfdi.org.cn/CTMDS/pub/PUB010100.do?method=handle06&curPage=18&pageSize=100,2026-09-05,"Snapshot identity only; not all aliases, trial participation or current eligibility"
cnha-cfdi-041e5f99c0a803331607b70a8193db2c,江苏省肿瘤医院,药临床机构备字2020000455,filed,confirmed_against_filing_snapshot,,deferred_not_required_for_identity,0,[],False,https://beian.cfdi.org.cn/CTMDS/pub/PUB010100.do?method=handle06&curPage=6&pageSize=100,2026-09-05,"Snapshot identity only; not all aliases, trial participation or current eligibility"
cnha-cfdi-0421f394c0a803336b91a71ce217cd8f,钦州市第一人民医院临床试验机构,药临床机构备字2022000031,filed,confirmed_against_filing_snapshot,,deferred_not_required_for_identity,0,[],False,https://beian.cfdi.org.cn/CTMDS/pub/PUB010100.do?method=handle06&curPage=12&pageSize=100,2026-09-05,"Snapshot identity only; not all aliases, trial participation or current eligibility"
cnha-cfdi-042323dec0a8033323262e1b2d9a6d4c,威海市妇幼保健院,药临床机构备字2020000962,filed,confirmed_against_filing_snapshot,,deferred_not_required_for_identity,0,"[{""hospital_id"": ""cnha-cfdi-042323dec0a8033323262e1b2d9a6d4c"", ""official_name"": ""威海市妇幼保健院"", ""candidate_alias"": ""Weihai Maternal and Child Health Hospital"", ""source_url"": ""https://ror.org/0384ea937"", ""status"": ""review_required"", ""reason"": ""Reference-only name; not approved for resolution""}, {""hospital_id"": ""cnha-cfdi-042323dec0a8033323262e1b2d9a6d4c"", ""official_name"": ""威海市妇幼保健院"", ""candidate_alias"": ""Weihai Municipal Second Hospital"", ""source_url"": ""https://ror.org/0384ea937"", ""status"": ""review_required"", ""reason"": ""Reference-only name; not approved for resolution""}]",False,https://beian.cfdi.org.cn/CTMDS/pub/PUB010100.do?method=handle06&curPage=10&pageSize=100,2026-09-05,"Snapshot identity only; not all aliases, trial participation or current eligibility"
cnha-cfdi-043bef52c0a803330ce5f152a86be7d4,通江县人民医院,药临床机构备字2025000240,filed,confirmed_against_filing_snapshot,,deferred_not_required_for_identity,0,[],False,https://beian.cfdi.org.cn/CTMDS/pub/PUB010100.do?method=handle06&curPage=19&pageSize=100,2026-09-05,"Snapshot identity only; not all aliases, trial participation or current eligibility"
cnha-cfdi-04e3be8bc0a80333183ed2b535c3e007,邢台市骨科医院（华北医疗健康集团邢台总医院  华北医疗健康集团邢台总医院互联网医院）,药临床机构备字2019000053,filed,confirmed_against_filing_snapshot,,deferred_not_required_for_identity,1,"[{""hospital_id"": ""cnha-cfdi-04e3be8bc0a80333183ed2b535c3e007"", ""official_name"": ""邢台市骨科医院（华北医疗健康集团邢台总医院  华北医疗健康集团邢台总医院互联网医院）"", ""candidate_alias"": ""华北医疗健康集团邢台总医院  华北医疗健康集团邢台总医院互联网医院"", ""source_url"": ""https://beian.cfdi.org.cn/CTMDS/pub/PUB010100.do?method=handle06&curPage=1&pageSize=100"", ""status"": ""review_required"", ""reason"": ""Reference-only name; not approved for resolution""}]",False,https://beian.cfdi.org.cn/CTMDS/pub/PUB010100.do?method=handle06&curPage=1&pageSize=100,2026-09-05,"Snapshot identity only; not all aliases, trial participation or current eligibility"
cnha-cfdi-0511a7ffc0a8033320dbb7952f85ac4f,上海市同济医院,药临床机构备字2019000067,filed,confirmed_against_filing_snapshot,,deferred_not_required_for_identity,0,[],False,https://beian.cfdi.org.cn/CTMDS/pub/PUB010100.do?method=handle06&curPage=1&pageSize=100,2026-09-05,"Snapshot identity only; not all aliases, trial participation or current eligibility"
cnha-cfdi-0515eef5c0a803336e2451ec7e1792b5,哈尔滨市第一医院,药临床机构备字2020000699,filed,confirmed_against_filing_snapshot,,deferred_not_required_for_identity,0,[],False,https://beian.cfdi.org.cn/CTMDS/pub/PUB010100.do?method=handle06&curPage=8&pageSize=100,2026-09-05,"Snapshot identity only; not all aliases, trial participation or current eligibility"
cnha-cfdi-052330b2c0a803332a21bd2f3abf8182,常德市第四人民医院,药临床机构备字2025000052,filed,confirmed_against_filing_snapshot,,deferred_not_required_for_identity,0,[],False,https://beian.cfdi.org.cn/CTMDS/pub/PUB010100.do?method=handle06&curPage=17&pageSize=100,2026-09-05,"Snapshot identity only; not all aliases, trial participation or current eligibility"
cnha-cfdi-06031012c0a8033324b22f495b5777c1,鲁山县人民医院,药临床机构备字2022000067,filed,confirmed_against_filing_snapshot,,deferred_not_required_for_identity,0,[],False,https://beian.cfdi.org.cn/CTMDS/pub/PUB010100.do?method=handle06&curPage=12&pageSize=100,2026-09-05,"Snapshot identity only; not all aliases, trial participation or current eligibility"
cnha-cfdi-062bdb4dc0a8033379c07027f5ac65af,抚顺市中心医院(抚顺市临床检验中心、抚顺市急救中心),药临床机构备字2025000275,filed,confirmed_against_filing_snapshot,,deferred_not_required_for_identity,0,[],False,https://beian.cfdi.org.cn/CTMDS/pub/PUB010100.do?method=handle06&curPage=19&pageSize=100,2026-09-05,"Snapshot identity only; not all aliases, trial participation or current eligibility"
cnha-cfdi-06415a3cc0a80333586f41d31f8a5dbe,中国科学院合肥肿瘤医院,药临床机构备字2023000071,filed,confirmed_against_filing_snapshot,,deferred_not_required_for_identity,0,[],False,https://beian.cfdi.org.cn/CTMDS/pub/PUB010100.do?method=handle06&curPage=14&pageSize=100,2026-09-05,"Snapshot identity only; not all aliases, trial participation or current eligibility"
cnha-cfdi-066b931bc0a8033351202887a2fd71fa,中国医科大学附属第一医院,药临床机构备字2020000106,filed,confirmed_against_filing_snapshot,The First Hospital of China Medical University,source_reviewed,1,"[{""hospital_id"": ""cnha-cfdi-066b931bc0a8033351202887a2fd71fa"", ""official_name"": ""中国医科大学附属第一医院"", ""candidate_alias"": ""First Affiliated Hospital of China Medical University"", ""source_url"": ""https://ror.org/04wjghj95"", ""status"": ""review_required"", ""reason"": ""Reference-only name; not approved for resolution""}, {""hospital_id"": ""cnha-cfdi-066b931bc0a8033351202887a2fd71fa"", ""official_name"": ""中国医科大学附属第一医院"", ""candidate_alias"": ""First Hospital of China Medical University"", ""source_url"": ""https://ror.org/04wjghj95"", ""status"": ""review_required"", ""reason"": ""Reference-only name; not approved for resolution""}]",False,https://beian.cfdi.org.cn/CTMDS/pub/PUB010100.do?method=handle06&curPage=2&pageSize=100,2026-09-05,"Snapshot identity only; not all aliases, trial participation or current eligibility"
cnha-cfdi-067c9145c0a803337fd704ed3c430ef7,永州市中心医院,药临床机构备字2020000935,filed,confirmed_against_filing_snapshot,,deferred_not_required_for_identity,0,[],False,https://beian.cfdi.org.cn/CTMDS/pub/PUB010100.do?method=handle06&curPage=10&pageSize=100,2026-09-05,"Snapshot identity only; not all aliases, trial participation or current eligibility"
cnha-cfdi-073ac2adc0a803332217c5cf5a33c89e,绍兴市妇幼保健院（绍兴市妇女儿童医院，绍兴市妇幼保健院互联网医院）,药临床机构备字2023000235,filed,confirmed_against_filing_snapshot,,deferred_not_required_for_identity,2,"[{""hospital_id"": ""cnha-cfdi-073ac2adc0a803332217c5cf5a33c89e"", ""official_name"": ""绍兴市妇幼保健院（绍兴市妇女儿童医院，绍兴市妇幼保健院互联网医院）"", ""candidate_alias"": ""绍兴市妇幼保健院互联网医院"", ""source_url"": ""https://beian.cfdi.org.cn/CTMDS/pub/PUB010100.do?method=handle06&curPage=15&pageSize=100"", ""status"": ""review_required"", ""reason"": ""Reference-only name; not approved for resolution""}, {""hospital_id"": ""cnha-cfdi-073ac2adc0a803332217c5cf5a33c89e"", ""official_name"": ""绍兴市妇幼保健院（绍兴市妇女儿童医院，绍兴市妇幼保健院互联网医院）"", ""candidate_alias"": ""Shaoxing City Women and Children Hospital"", ""source_url"": ""https://ror.org/01hvjym56"", ""status"": ""review_required"", ""reason"": ""Reference-only name; not approved for resolution""}, {""hospital_id"": ""cnha-cfdi-073ac2adc0a803332217c5cf5a33c89e"", ""official_name"": ""绍兴市妇幼保健院（绍兴市妇女儿童医院，绍兴市妇幼保健院互联网医院）"", ""candidate_alias"": ""Shaoxing City, MCH"", ""source_url"": ""https://ror.org/01hvjym56"", ""status"": ""review_required"", ""reason"": ""Reference-only name; not approved for resolution""}, {""hospital_id"": ""cnha-cfdi-073ac2adc0a803332217c5cf5a33c89e"", ""official_name"": ""绍兴市妇幼保健院（绍兴市妇女儿童医院，绍兴市妇幼保健院互联网医院）"", ""candidate_alias"": ""Shaoxing Maternity & Child Health Hospital"", ""source_url"": ""https://ror.org/01hvjym56"", ""status"": ""review_required"", ""reason"": ""Reference-only name; not approved for resolution""}]",False,https://beian.cfdi.org.cn/CTMDS/pub/PUB010100.do?method=handle06&curPage=15&pageSize=100,2026-09-05,"Snapshot identity only; not all aliases, trial participation or current eligibility"
cnha-cfdi-0742c520c0a8033361a60d21e4cf2e8d,西安医学院第三附属医院,药临床机构备字2024000045,filed,confirmed_against_filing_snapshot,,deferred_not_required_for_identity,0,[],False,https://beian.cfdi.org.cn/CTMDS/pub/PUB010100.do?method=handle06&curPage=15&pageSize=100,2026-09-05,"Snapshot identity only; not all aliases, trial participation or current eligibility"
cnha-cfdi-074c568bc0a803335e331220e1a1574e,前海人寿广州总医院,药临床机构备字2025000026,filed,confirmed_against_filing_snapshot,,deferred_not_required_for_identity,0,[],False,https://beian.cfdi.org.cn/CTMDS/pub/PUB010100.do?method=handle06&curPage=17&pageSize=100,2026-09-05,"Snapshot identity only; not all aliases, trial participation or current eligibility"
cnha-cfdi-075560dac0a803332b667bb373803bd3,上海市静安区中心医院,药临床机构备字2020000450,filed,confirmed_against_filing_snapshot,,deferred_not_required_for_identity,0,[],False,https://beian.cfdi.org.cn/CTMDS/pub/PUB010100.do?method=handle06&curPage=6&pageSize=100,2026-09-05,"Snapshot identity only; not all aliases, trial participation or current eligibility"
cnha-cfdi-0756e559c0a803330dd6b4e78db30257,东莞市谢岗医院,药临床机构备字2025000121,filed,confirmed_against_filing_snapshot,,deferred_not_required_for_identity,0,[],False,https://beian.cfdi.org.cn/CTMDS/pub/PUB010100.do?method=handle06&curPage=18&pageSize=100,2026-09-05,"Snapshot identity only; not all aliases, trial participation or current eligibility"
cnha-cfdi-0760f716c0a8033319b4c71d741cd396,南通大学附属医院,药临床机构备字2020000615,filed,confirmed_against_filing_snapshot,,deferred_not_required_for_identity,0,"[{""hospital_id"": ""cnha-cfdi-0760f716c0a8033319b4c71d741cd396"", ""official_name"": ""南通大学附属医院"", ""candidate_alias"": ""Affiliated Hospital of Nantong University"", ""source_url"": ""https://ror.org/001rahr89"", ""status"": ""review_required"", ""reason"": ""Reference-only name; not approved for resolution""}]",False,https://beian.cfdi.org.cn/CTMDS/pub/PUB010100.do?method=handle06&curPage=7&pageSize=100,2026-09-05,"Snapshot identity only; not all aliases, trial participation or current eligibility"
cnha-cfdi-076aa611c0a803330a764cb7d6874b80,三门县人民医院（三门县人民医院医疗卫生服务共同体）,药临床机构备字2024000082,filed,confirmed_against_filing_snapshot,,deferred_not_required_for_identity,1,"[{""hospital_id"": ""cnha-cfdi-076aa611c0a803330a764cb7d6874b80"", ""official_name"": ""三门县人民医院（三门县人民医院医疗卫生服务共同体）"", ""candidate_alias"": ""三门县人民医院医疗卫生服务共同体"", ""source_url"": ""https://beian.cfdi.org.cn/CTMDS/pub/PUB010100.do?method=handle06&curPage=16&pageSize=100"", ""status"": ""review_required"", ""reason"": ""Reference-only name; not approved for resolution""}]",False,https://beian.cfdi.org.cn/CTMDS/pub/PUB010100.do?method=handle06&curPage=16&pageSize=100,2026-09-05,"Snapshot identity only; not all aliases, trial participation or current eligibility"
cnha-cfdi-0784dd14c0a803330fc024f232665926,长春国文医院,药临床机构备字2023000224,filed,confirmed_against_filing_snapshot,,deferred_not_required_for_identity,0,[],False,https://beian.cfdi.org.cn/CTMDS/pub/PUB010100.do?method=handle06&curPage=15&pageSize=100,2026-09-05,"Snapshot identity only; not all aliases, trial participation or current eligibility"
cnha-cfdi-078da6a9c0a80333097b34ae6adfcd6b,邵阳学院附属第一医院,药临床机构备字2020000498,filed,confirmed_against_filing_snapshot,,deferred_not_required_for_identity,0,[],False,https://beian.cfdi.org.cn/CTMDS/pub/PUB010100.do?method=handle06&curPage=6&pageSize=100,2026-09-05,"Snapshot identity only; not all aliases, trial participation or current eligibility"
cnha-cfdi-079fa738c0a8033352a0df32035aa0bc,天津市黄河医院(天津市体育医院),药临床机构备字2020000144,filed,confirmed_against_filing_snapshot,,deferred_not_required_for_identity,2,[],False,https://beian.cfdi.org.cn/CTMDS/pub/PUB010100.do?method=handle06&curPage=3&pageSize=100,2026-09-05,"Snapshot identity only; not all aliases, trial participation or current eligibility"
cnha-cfdi-07cd1419c0a80333156610eb4dcb0a3a,西安高新医院,药临床机构备字2020000304,filed,confirmed_against_filing_snapshot,,deferred_not_required_for_identity,0,[],False,https://beian.cfdi.org.cn/CTMDS/pub/PUB010100.do?method=handle06&curPage=4&pageSize=100,2026-09-05,"Snapshot identity only; not all aliases, trial participation or current eligibility"
cnha-cfdi-07cdc7fcc0a8033353840775219fba23,深圳市龙华区中心医院,药临床机构备字2022000186,filed,confirmed_against_filing_snapshot,,deferred_not_required_for_identity,0,[],False,https://beian.cfdi.org.cn/CTMDS/pub/PUB010100.do?method=handle06&curPage=13&pageSize=100,2026-09-05,"Snapshot identity only; not all aliases, trial participation or current eligibility"
cnha-cfdi-07dee524c0a803334b18ba8eb8da58a4,新安县人民医院,药临床机构备字2023000132,filed,confirmed_against_filing_snapshot,,deferred_not_required_for_identity,0,[],False,https://beian.cfdi.org.cn/CTMDS/pub/PUB010100.do?method=handle06&curPage=14&pageSize=100,2026-09-05,"Snapshot identity only; not all aliases, trial participation or current eligibility"
cnha-cfdi-08832019c0a80333391fcbf3d4e5c1ee,厦门长庚医院,药临床机构备字2025000097,filed,confirmed_against_filing_snapshot,,deferred_not_required_for_identity,0,"[{""hospital_id"": ""cnha-cfdi-08832019c0a80333391fcbf3d4e5c1ee"", ""official_name"": ""厦门长庚医院"", ""candidate_alias"": ""Xiamen Chang Gung Hospital"", ""source_url"": ""https://ror.org/048nc2z47"", ""status"": ""review_required"", ""reason"": ""Reference-only name; not approved for resolution""}]",False,https://beian.cfdi.org.cn/CTMDS/pub/PUB010100.do?method=handle06&curPage=18&pageSize=100,2026-09-05,"Snapshot identity only; not all aliases, trial participation or current eligibility"
cnha-cfdi-08a768bdc0a80333736f1b44bd8017df,九江市妇幼保健院（九江市儿童医院、九江市妇幼保健计划生育服务中心）,药临床机构备字2025000042,filed,confirmed_against_filing_snapshot,,deferred_not_required_for_identity,2,"[{""hospital_id"": ""cnha-cfdi-08a768bdc0a80333736f1b44bd8017df"", ""official_name"": ""九江市妇幼保健院（九江市儿童医院、九江市妇幼保健计划生育服务中心）"", ""candidate_alias"": ""九江市妇幼保健计划生育服务中心"", ""source_url"": ""https://beian.cfdi.org.cn/CTMDS/pub/PUB010100.do?method=handle06&curPage=17&pageSize=100"", ""status"": ""review_required"", ""reason"": ""Reference-only name; not approved for resolution""}, {""hospital_id"": ""cnha-cfdi-08a768bdc0a80333736f1b44bd8017df"", ""official_name"": ""九江市妇幼保健院（九江市儿童医院、九江市妇幼保健计划生育服务中心）"", ""candidate_alias"": ""Daford Hospital"", ""source_url"": ""https://ror.org/04knktv12"", ""status"": ""review_required"", ""reason"": ""Reference-only name; not approved for resolution""}, {""hospital_id"": ""cnha-cfdi-08a768bdc0a80333736f1b44bd8017df"", ""official_name"": ""九江市妇幼保健院（九江市儿童医院、九江市妇幼保健计划生育服务中心）"", ""candidate_alias"": ""Jiujiang Maternal and Child Care Centres"", ""source_url"": ""https://ror.org/04knktv12"", ""status"": ""review_required"", ""reason"": ""Reference-only name; not approved for resolution""}]",False,https://beian.cfdi.org.cn/CTMDS/pub/PUB010100.do?method=handle06&curPage=17&pageSize=100,2026-09-05,"Snapshot identity only; not all aliases, trial participation or current eligibility"
cnha-cfdi-08a88ffbc0a80333301d7c9454703702,内蒙古自治区第四医院,药临床机构备字2022000139,filed,confirmed_against_filing_snapshot,,deferred_not_required_for_identity,0,[],False,https://beian.cfdi.org.cn/CTMDS/pub/PUB010100.do?method=handle06&curPage=13&pageSize=100,2026-09-05,"Snapshot identity only; not all aliases, trial participation or current eligibility"
cnha-cfdi-08adf632c0a803336f9f8dd2a0b17fcd,南昌市洪都中医院,药临床机构备字2020000540,filed,confirmed_against_filing_snapshot,,deferred_not_required_for_identity,0,[],False,https://beian.cfdi.org.cn/CTMDS/pub/PUB010100.do?method=handle06&curPage=6&pageSize=100,2026-09-05,"Snapshot identity only; not all aliases, trial participation or current eligibility"
cnha-cfdi-08be960ec0a8033305d325d8cfa7b761,广东省职业病防治院,药临床机构备字2021000093,filed,confirmed_against_filing_snapshot,,deferred_not_required_for_identity,0,"[{""hospital_id"": ""cnha-cfdi-08be960ec0a8033305d325d8cfa7b761"", ""official_name"": ""广东省职业病防治院"", ""candidate_alias"": ""Guangdong Provincial Occupational Disease Prevention Hospital"", ""source_url"": ""https://ror.org/00d9m6s48"", ""status"": ""review_required"", ""reason"": ""Reference-only name; not approved for resolution""}]",False,https://beian.cfdi.org.cn/CTMDS/pub/PUB010100.do?method=handle06&curPage=11&pageSize=100,2026-09-05,"Snapshot identity only; not all aliases, trial participation or current eligibility"
cnha-cfdi-08cbe684c0a803331bad385b99d0cb87,天津中医药大学第二附属医院,药临床机构备字2020000508,filed,confirmed_against_filing_snapshot,,deferred_not_required_for_identity,0,[],False,https://beian.cfdi.org.cn/CTMDS/pub/PUB010100.do?method=handle06&curPage=6&pageSize=100,2026-09-05,"Snapshot identity only; not all aliases, trial participation or current eligibility"
cnha-cfdi-08d50000c0a803334254b5151143a34e,林州市肿瘤医院药物临床试验机构,药临床机构备字2024000238,filed,confirmed_against_filing_snapshot,,deferred_not_required_for_identity,0,[],False,https://beian.cfdi.org.cn/CTMDS/pub/PUB010100.do?method=handle06&curPage=17&pageSize=100,2026-09-05,"Snapshot identity only; not all aliases, trial participation or current eligibility"
cnha-cfdi-08e45572c0a803332d0f4ace60f1f7dd,济南市莱芜人民医院,药临床机构备字2025000197,filed,confirmed_against_filing_snapshot,,deferred_not_required_for_identity,0,[],False,https://beian.cfdi.org.cn/CTMDS/pub/PUB010100.do?method=handle06&curPage=19&pageSize=100,2026-09-05,"Snapshot identity only; not all aliases, trial participation or current eligibility"
cnha-cfdi-08e55024c0a8033369d08b3c7bfd3984,天水市中西医结合医院  天水市第二人民医院   天水市麦积区人民医院,药临床机构备字2024000208,filed,confirmed_against_filing_snapshot,,deferred_not_required_for_identity,0,[],False,https://beian.cfdi.org.cn/CTMDS/pub/PUB010100.do?method=handle06&curPage=17&pageSize=100,2026-09-05,"Snapshot identity only; not all aliases, trial participation or current eligibility"
cnha-cfdi-08e7aab2c0a803333a7859b5c9e0a372,石家庄市第三医院,药临床机构备字2022000164,filed,confirmed_against_filing_snapshot,,deferred_not_required_for_identity,0,[],False,https://beian.cfdi.org.cn/CTMDS/pub/PUB010100.do?method=handle06&curPage=13&pageSize=100,2026-09-05,"Snapshot identity only; not all aliases, trial participation or current eligibility"
cnha-cfdi-08fbd4b3c0a803334057f747625612a6,长治市妇幼保健院,药临床机构备字2024000184,filed,confirmed_against_filing_snapshot,,deferred_not_required_for_identity,0,[],False,https://beian.cfdi.org.cn/CTMDS/pub/PUB010100.do?method=handle06&curPage=16&pageSize=100,2026-09-05,"Snapshot identity only; not all aliases, trial participation or current eligibility"
cnha-cfdi-090f47f7c0a80333660e9f994e3ed9e4,普洱市人民医院,药临床机构备字2020000779,filed,confirmed_against_filing_snapshot,,deferred_not_required_for_identity,0,[],False,https://beian.cfdi.org.cn/CTMDS/pub/PUB010100.do?method=handle06&curPage=8&pageSize=100,2026-09-05,"Snapshot identity only; not all aliases, trial participation or current eligibility"
cnha-cfdi-09350658c0a803330cfe8b4dd9ce691a,浙江大学医学院附属邵逸夫医院新疆兵团阿拉尔医院,药临床机构备字2024000001,filed,confirmed_against_filing_snapshot,,deferred_not_required_for_identity,0,[],False,https://beian.cfdi.org.cn/CTMDS/pub/PUB010100.do?method=handle06&curPage=15&pageSize=100,2026-09-05,"Snapshot identity only; not all aliases, trial participation or current eligibility"
cnha-cfdi-095ab6f0c0a803330fc45770ed6ca6a7,东莞市茶山医院,药临床机构备字2023000210,filed,confirmed_against_filing_snapshot,,deferred_not_required_for_identity,0,[],False,https://beian.cfdi.org.cn/CTMDS/pub/PUB010100.do?method=handle06&curPage=15&pageSize=100,2026-09-05,"Snapshot identity only; not all aliases, trial participation or current eligibility"
cnha-cfdi-09936381c0a803333aa291d5848572fe,重庆医科大学附属大学城医院,药临床机构备字2024000197,filed,confirmed_against_filing_snapshot,,deferred_not_required_for_identity,0,[],False,https://beian.cfdi.org.cn/CTMDS/pub/PUB010100.do?method=handle06&curPage=17&pageSize=100,2026-09-05,"Snapshot identity only; not all aliases, trial participation or current eligibility"
cnha-cfdi-0998e327c0a8033359c2f335c7afd77d,浙江中医药大学附属第三医院,药临床机构备字2019000087,filed,confirmed_against_filing_snapshot,,deferred_not_required_for_identity,0,[],False,https://beian.cfdi.org.cn/CTMDS/pub/PUB010100.do?method=handle06&curPage=1&pageSize=100,2026-09-05,"Snapshot identity only; not all aliases, trial participation or current eligibility"
cnha-cfdi-099dcbb9c0a8033352ab940c92631c20,中国人民解放军北部战区空军医院,药临床机构备字2021000006,filed,confirmed_against_filing_snapshot,,deferred_not_required_for_identity,0,[],False,https://beian.cfdi.org.cn/CTMDS/pub/PUB010100.do?method=handle06&curPage=10&pageSize=100,2026-09-05,"Snapshot identity only; not all aliases, trial participation or current eligibility"
cnha-cfdi-099e8ce5c0a8033310fe8548e6138c39,滁州市第一人民医院,药临床机构备字2023000053,filed,confirmed_against_filing_snapshot,,deferred_not_required_for_identity,0,[],False,https://beian.cfdi.org.cn/CTMDS/pub/PUB010100.do?method=handle06&curPage=13&pageSize=100,2026-09-05,"Snapshot identity only; not all aliases, trial participation or current eligibility"
cnha-cfdi-09ce6907c0a803336077cb96a9ad7a29,天津市蓟州区人民医院,药临床机构备字2024000253,filed,confirmed_against_filing_snapshot,,deferred_not_required_for_identity,0,[],False,https://beian.cfdi.org.cn/CTMDS/pub/PUB010100.do?method=handle06&curPage=17&pageSize=100,2026-09-05,"Snapshot identity only; not all aliases, trial participation or current eligibility"
cnha-cfdi-09f3032ac0a8033300069fa609075bf2,北京大学口腔医院,药临床机构备字2020000942,filed,confirmed_against_filing_snapshot,,deferred_not_required_for_identity,0,"[{""hospital_id"": ""cnha-cfdi-09f3032ac0a8033300069fa609075bf2"", ""official_name"": ""北京大学口腔医院"", ""candidate_alias"": ""Peking University Stomatological Hospital"", ""source_url"": ""https://ror.org/00s2xkh70"", ""status"": ""review_required"", ""reason"": ""Reference-only name; not approved for resolution""}]",False,https://beian.cfdi.org.cn/CTMDS/pub/PUB010100.do?method=handle06&curPage=10&pageSize=100,2026-09-05,"Snapshot identity only; not all aliases, trial participation or current eligibility"
cnha-cfdi-0a1917e2c0a80333691f8e18199bc311,上海国际医学中心,药临床机构备字2020000761,filed,confirmed_against_filing_snapshot,,deferred_not_required_for_identity,0,[],False,https://beian.cfdi.org.cn/CTMDS/pub/PUB010100.do?method=handle06&curPage=8&pageSize=100,2026-09-05,"Snapshot identity only; not all aliases, trial participation or current eligibility"
cnha-cfdi-0a2332ffc0a8033315472a515790bf0b,枣阳市第一人民医院,药临床机构备字2026000061,filed,confirmed_against_filing_snapshot,,deferred_not_required_for_identity,0,[],False,https://beian.cfdi.org.cn/CTMDS/pub/PUB010100.do?method=handle06&curPage=20&pageSize=100,2026-09-05,"Snapshot identity only; not all aliases, trial participation or current eligibility"
cnha-cfdi-0a3e3b2fc0a8033336d28cd0f165c1f0,诸暨市人民医院,药临床机构备字2021000009,filed,confirmed_against_filing_snapshot,,deferred_not_required_for_identity,0,[],False,https://beian.cfdi.org.cn/CTMDS/pub/PUB010100.do?method=handle06&curPage=10&pageSize=100,2026-09-05,"Snapshot identity only; not all aliases, trial participation or current eligibility"
cnha-cfdi-0a4b17f2c0a8033352dd41da28452fc3,南京医科大学附属逸夫医院,药临床机构备字2020000890,filed,confirmed_against_filing_snapshot,,deferred_not_required_for_identity,0,[],False,https://beian.cfdi.org.cn/CTMDS/pub/PUB010100.do?method=handle06&curPage=9&pageSize=100,2026-09-05,"Snapshot identity only; not all aliases, trial participation or current eligibility"
cnha-cfdi-0a6d4188c0a803334d7b47577161b3b2,新疆生产建设兵团第六师医院,药临床机构备字2025000124,filed,confirmed_against_filing_snapshot,,deferred_not_required_for_identity,0,[],False,https://beian.cfdi.org.cn/CTMDS/pub/PUB010100.do?method=handle06&curPage=18&pageSize=100,2026-09-05,"Snapshot identity only; not all aliases, trial participation or current eligibility"
cnha-cfdi-0a860400c0a8033311cc53c781d30719,广西壮族自治区南溪山医院（广西壮族自治区第二人民医院）,药临床机构备字2022000087,filed,confirmed_against_filing_snapshot,,deferred_not_required_for_identity,2,[],False,https://beian.cfdi.org.cn/CTMDS/pub/PUB010100.do?method=handle06&curPage=12&pageSize=100,2026-09-05,"Snapshot identity only; not all aliases, trial participation or current eligibility"
cnha-cfdi-0aa694b0c0a803337d853ec0d064a0d5,广西科技大学第二附属医院药物临床试验管理机构,药临床机构备字2023000096,filed,confirmed_against_filing_snapshot,,deferred_not_required_for_identity,0,[],False,https://beian.cfdi.org.cn/CTMDS/pub/PUB010100.do?method=handle06&curPage=14&pageSize=100,2026-09-05,"Snapshot identity only; not all aliases, trial participation or current eligibility"
cnha-cfdi-0ac3de96c0a803333b850b56838dc27e,广州市番禺区妇幼保健院,药临床机构备字2022000137,filed,confirmed_against_filing_snapshot,,deferred_not_required_for_identity,0,[],False,https://beian.cfdi.org.cn/CTMDS/pub/PUB010100.do?method=handle06&curPage=13&pageSize=100,2026-09-05,"Snapshot identity only; not all aliases, trial participation or current eligibility"
cnha-cfdi-0b0c702ac0a803331bfa908b88234450,吉林省人民医院,药临床机构备字2020000055,filed,confirmed_against_filing_snapshot,,deferred_not_required_for_identity,0,"[{""hospital_id"": ""cnha-cfdi-0b0c702ac0a803331bfa908b88234450"", ""official_name"": ""吉林省人民医院"", ""candidate_alias"": ""Jilin People's Hospital"", ""source_url"": ""https://ror.org/00n5w1596"", ""status"": ""review_required"", ""reason"": ""Reference-only name; not approved for resolution""}, {""hospital_id"": ""cnha-cfdi-0b0c702ac0a803331bfa908b88234450"", ""official_name"": ""吉林省人民医院"", ""candidate_alias"": ""People 's Hospital of Jilin Province"", ""source_url"": ""https://ror.org/00n5w1596"", ""status"": ""review_required"", ""reason"": ""Reference-only name; not approved for resolution""}]",False,https://beian.cfdi.org.cn/CTMDS/pub/PUB010100.do?method=handle06&curPage=2&pageSize=100,2026-09-05,"Snapshot identity only; not all aliases, trial participation or current eligibility"
cnha-cfdi-0b707dd0c0a8033311cd017b78273291,潍坊市人民医院,药临床机构备字2020000538,filed,confirmed_against_filing_snapshot,,deferred_not_required_for_identity,0,"[{""hospital_id"": ""cnha-cfdi-0b707dd0c0a8033311cd017b78273291"", ""official_name"": ""潍坊市人民医院"", ""candidate_alias"": ""Weifang People's Hospital"", ""source_url"": ""https://ror.org/01xd2tj29"", ""status"": ""review_required"", ""reason"": ""Reference-only name; not approved for resolution""}]",False,https://beian.cfdi.org.cn/CTMDS/pub/PUB010100.do?method=handle06&curPage=6&pageSize=100,2026-09-05,"Snapshot identity only; not all aliases, trial participation or current eligibility"
cnha-cfdi-0b91b6edc0a8033315b41f749cbdd82f,鄂尔多斯市中心医院（内蒙古自治区超声影像研究所）,药临床机构备字2025000048,filed,confirmed_against_filing_snapshot,,deferred_not_required_for_identity,1,"[{""hospital_id"": ""cnha-cfdi-0b91b6edc0a8033315b41f749cbdd82f"", ""official_name"": ""鄂尔多斯市中心医院（内蒙古自治区超声影像研究所）"", ""candidate_alias"": ""内蒙古自治区超声影像研究所"", ""source_url"": ""https://beian.cfdi.org.cn/CTMDS/pub/PUB010100.do?method=handle06&curPage=17&pageSize=100"", ""status"": ""review_required"", ""reason"": ""Reference-only name; not approved for resolution""}]",False,https://beian.cfdi.org.cn/CTMDS/pub/PUB010100.do?method=handle06&curPage=17&pageSize=100,2026-09-05,"Snapshot identity only; not all aliases, trial participation or current eligibility"
cnha-cfdi-0bf15a2dc0a8033365d2b959085b7fe4,江西中医药大学第二附属医院,药临床机构备字2026000036,filed,confirmed_against_filing_snapshot,,deferred_not_required_for_identity,0,[],False,https://beian.cfdi.org.cn/CTMDS/pub/PUB010100.do?method=handle06&curPage=20&pageSize=100,2026-09-05,"Snapshot identity only; not all aliases, trial participation or current eligibility"
cnha-cfdi-0c1f54a9c0a802334e5e608dacc77df5,武汉华科生殖专科医院,药临床机构备字2020000230,filed,confirmed_against_filing_snapshot,,deferred_not_required_for_identity,0,[],False,https://beian.cfdi.org.cn/CTMDS/pub/PUB010100.do?method=handle06&curPage=3&pageSize=100,2026-09-05,"Snapshot identity only; not all aliases, trial participation or current eligibility"
cnha-cfdi-0c5512a4c0a803337f7fcd04856f9e5d,东莞市第八人民医院（东莞市儿童医院）,药临床机构备字2023000109,filed,confirmed_against_filing_snapshot,,deferred_not_required_for_identity,2,[],False,https://beian.cfdi.org.cn/CTMDS/pub/PUB010100.do?method=handle06&curPage=14&pageSize=100,2026-09-05,"Snapshot identity only; not all aliases, trial participation or current eligibility"
cnha-cfdi-0c5faffdc0a80333487c199ea451752d,盱眙县人民医院,药临床机构备字2024000043,filed,confirmed_against_filing_snapshot,,deferred_not_required_for_identity,0,[],False,https://beian.cfdi.org.cn/CTMDS/pub/PUB010100.do?method=handle06&curPage=15&pageSize=100,2026-09-05,"Snapshot identity only; not all aliases, trial participation or current eligibility"
cnha-cfdi-0c63ca56c0a8033321e33bc807524131,黄河三门峡医院,药临床机构备字2023000176,filed,confirmed_against_filing_snapshot,,deferred_not_required_for_identity,0,[],False,https://beian.cfdi.org.cn/CTMDS/pub/PUB010100.do?method=handle06&curPage=14&pageSize=100,2026-09-05,"Snapshot identity only; not all aliases, trial participation or current eligibility"
cnha-cfdi-0c6a6e22c0a80333471547dbd3825c16,宁波市眼科医院,药临床机构备字2020000470,filed,confirmed_against_filing_snapshot,,deferred_not_required_for_identity,0,[],False,https://beian.cfdi.org.cn/CTMDS/pub/PUB010100.do?method=handle06&curPage=6&pageSize=100,2026-09-05,"Snapshot identity only; not all aliases, trial participation or current eligibility"
cnha-cfdi-0c73261fc0a80333131c13ca2a828824,中山大学附属口腔医院,药临床机构备字2021000007,filed,confirmed_against_filing_snapshot,,deferred_not_required_for_identity,0,"[{""hospital_id"": ""cnha-cfdi-0c73261fc0a80333131c13ca2a828824"", ""official_name"": ""中山大学附属口腔医院"", ""candidate_alias"": ""Hospital of Stomatology, Sun Yat-sen University"", ""source_url"": ""https://ror.org/04bswr545"", ""status"": ""review_required"", ""reason"": ""Reference-only name; not approved for resolution""}]",False,https://beian.cfdi.org.cn/CTMDS/pub/PUB010100.do?method=handle06&curPage=10&pageSize=100,2026-09-05,"Snapshot identity only; not all aliases, trial participation or current eligibility"
cnha-cfdi-0c80ae74c0a80333546bbfbd2cacd3d3,南宁市第四人民医院,药临床机构备字2022000030,filed,confirmed_against_filing_snapshot,,deferred_not_required_for_identity,0,[],False,https://beian.cfdi.org.cn/CTMDS/pub/PUB010100.do?method=handle06&curPage=12&pageSize=100,2026-09-05,"Snapshot identity only; not all aliases, trial participation or current eligibility"
cnha-cfdi-0c836a42c0a803335ddee99c02a0d6f0,平湖市第一人民医院,药临床机构备字2023000291,filed,confirmed_against_filing_snapshot,,deferred_not_required_for_identity,0,[],False,https://beian.cfdi.org.cn/CTMDS/pub/PUB010100.do?method=handle06&curPage=15&pageSize=100,2026-09-05,"Snapshot identity only; not all aliases, trial participation or current eligibility"
cnha-cfdi-0c86ed29c0a803331941ed600715ba90,河南大学第一附属医院,药临床机构备字2020000908,filed,confirmed_against_filing_snapshot,,deferred_not_required_for_identity,0,[],False,https://beian.cfdi.org.cn/CTMDS/pub/PUB010100.do?method=handle06&curPage=10&pageSize=100,2026-09-05,"Snapshot identity only; not all aliases, trial participation or current eligibility"
cnha-cfdi-0c87e2ddc0a80333245a2bde1b361fd0,苏州理想眼科医院,药临床机构备字2023000147,filed,confirmed_against_filing_snapshot,,deferred_not_required_for_identity,0,[],False,https://beian.cfdi.org.cn/CTMDS/pub/PUB010100.do?method=handle06&curPage=14&pageSize=100,2026-09-05,"Snapshot identity only; not all aliases, trial participation or current eligibility"
cnha-cfdi-0c95228ec0a80333658cab64f404b92f,株洲市三三一医院,药临床机构备字2023000145,filed,confirmed_against_filing_snapshot,,deferred_not_required_for_identity,0,[],False,https://beian.cfdi.org.cn/CTMDS/pub/PUB010100.do?method=handle06&curPage=14&pageSize=100,2026-09-05,"Snapshot identity only; not all aliases, trial participation or current eligibility"
cnha-cfdi-0c976883c0a803333317f2851736dc7a,会同县人民医院,药临床机构备字2024000147,filed,confirmed_against_filing_snapshot,,deferred_not_required_for_identity,0,[],False,https://beian.cfdi.org.cn/CTMDS/pub/PUB010100.do?method=handle06&curPage=16&pageSize=100,2026-09-05,"Snapshot identity only; not all aliases, trial participation or current eligibility"
cnha-cfdi-0c9dfba1c0a80333497fcffd895e5469,金乡县人民医院,药临床机构备字2024000123,filed,confirmed_against_filing_snapshot,,deferred_not_required_for_identity,0,[],False,https://beian.cfdi.org.cn/CTMDS/pub/PUB010100.do?method=handle06&curPage=16&pageSize=100,2026-09-05,"Snapshot identity only; not all aliases, trial participation or current eligibility"
cnha-cfdi-0ca7b7f4c0a8033325f7d2e9d62a2a59,延安大学附属医院,药临床机构备字2020000357,filed,confirmed_against_filing_snapshot,,deferred_not_required_for_identity,0,[],False,https://beian.cfdi.org.cn/CTMDS/pub/PUB010100.do?method=handle06&curPage=5&pageSize=100,2026-09-05,"Snapshot identity only; not all aliases, trial participation or current eligibility"
cnha-cfdi-0cab0401c0a803336655ae0d2e453024,香港眼科医院,药临床机构备字2022000041,filed,confirmed_against_filing_snapshot,,deferred_not_required_for_identity,0,[],False,https://beian.cfdi.org.cn/CTMDS/pub/PUB010100.do?method=handle06&curPage=12&pageSize=100,2026-09-05,"Snapshot identity only; not all aliases, trial participation or current eligibility"
cnha-cfdi-0cb070d7c0a803334388effa10683415,曲靖市妇幼保健院,药临床机构备字2025000186,filed,confirmed_against_filing_snapshot,,deferred_not_required_for_identity,0,[],False,https://beian.cfdi.org.cn/CTMDS/pub/PUB010100.do?method=handle06&curPage=19&pageSize=100,2026-09-05,"Snapshot identity only; not all aliases, trial participation or current eligibility"
cnha-cfdi-0cc1b475c0a80333197c3a170c6c0930,西安交通大学口腔医院,药临床机构备字2020000329,filed,confirmed_against_filing_snapshot,,deferred_not_required_for_identity,0,[],False,https://beian.cfdi.org.cn/CTMDS/pub/PUB010100.do?method=handle06&curPage=4&pageSize=100,2026-09-05,"Snapshot identity only; not all aliases, trial participation or current eligibility"
cnha-cfdi-0cd0595ec0a80333496962754a69c7e7,上海市眼病防治中心,药临床机构备字2020000975,filed,confirmed_against_filing_snapshot,,deferred_not_required_for_identity,0,[],False,https://beian.cfdi.org.cn/CTMDS/pub/PUB010100.do?method=handle06&curPage=10&pageSize=100,2026-09-05,"Snapshot identity only; not all aliases, trial participation or current eligibility"
cnha-cfdi-0cd44273c0a803331fdc15186def8409,大竹县人民医院,药临床机构备字2020000483,filed,confirmed_against_filing_snapshot,,deferred_not_required_for_identity,0,[],False,https://beian.cfdi.org.cn/CTMDS/pub/PUB010100.do?method=handle06&curPage=6&pageSize=100,2026-09-05,"Snapshot identity only; not all aliases, trial participation or current eligibility"
cnha-cfdi-0cd7a626c0a803331782da609869753c,广州医科大学附属中医医院（广州市中医医院）,药临床机构备字2020000437,filed,confirmed_against_filing_snapshot,,deferred_not_required_for_identity,2,[],False,https://beian.cfdi.org.cn/CTMDS/pub/PUB010100.do?method=handle06&curPage=5&pageSize=100,2026-09-05,"Snapshot identity only; not all aliases, trial participation or current eligibility"
cnha-cfdi-0cdac0cac0a8033354b44b5530d6826b,新乡市中医院,药临床机构备字2020000011,filed,confirmed_against_filing_snapshot,,deferred_not_required_for_identity,0,[],False,https://beian.cfdi.org.cn/CTMDS/pub/PUB010100.do?method=handle06&curPage=1&pageSize=100,2026-09-05,"Snapshot identity only; not all aliases, trial participation or current eligibility"
cnha-cfdi-0cf24949c0a803332821abbd34763079,枣庄市立医院,药临床机构备字2020000686,filed,confirmed_against_filing_snapshot,,deferred_not_required_for_identity,0,"[{""hospital_id"": ""cnha-cfdi-0cf24949c0a803332821abbd34763079"", ""official_name"": ""枣庄市立医院"", ""candidate_alias"": ""Zaozhuang Municipal Hospital"", ""source_url"": ""https://ror.org/01nvdh647"", ""status"": ""review_required"", ""reason"": ""Reference-only name; not approved for resolution""}]",False,https://beian.cfdi.org.cn/CTMDS/pub/PUB010100.do?method=handle06&curPage=8&pageSize=100,2026-09-05,"Snapshot identity only; not all aliases, trial participation or current eligibility"
cnha-cfdi-0cfc6e5ac0a8033343a80c5f6f68ba6d,华中科技大学同济医学院附属同济医院,药临床机构备字2020000520,filed,confirmed_against_filing_snapshot,,deferred_not_required_for_identity,0,[],False,https://beian.cfdi.org.cn/CTMDS/pub/PUB010100.do?method=handle06&curPage=6&pageSize=100,2026-09-05,"Snapshot identity only; not all aliases, trial participation or current eligibility"
cnha-cfdi-0d0ddae8c0a8033320cdfbc7438e80d1,贵航贵阳医院,药临床机构备字2022000050,filed,confirmed_against_filing_snapshot,,deferred_not_required_for_identity,0,[],False,https://beian.cfdi.org.cn/CTMDS/pub/PUB010100.do?method=handle06&curPage=12&pageSize=100,2026-09-05,"Snapshot identity only; not all aliases, trial participation or current eligibility"
cnha-cfdi-0d143fe7c0a803334def92a604ea042a,楚雄彝族自治州人民医院,药临床机构备字2023000144,filed,confirmed_against_filing_snapshot,,deferred_not_required_for_identity,0,[],False,https://beian.cfdi.org.cn/CTMDS/pub/PUB010100.do?method=handle06&curPage=14&pageSize=100,2026-09-05,"Snapshot identity only; not all aliases, trial participation or current eligibility"
cnha-cfdi-0d2c2e62c0a803332c43f08713a0af3c,山西爱尔眼科医院,药临床机构备字2024000016,filed,confirmed_against_filing_snapshot,,deferred_not_required_for_identity,0,[],False,https://beian.cfdi.org.cn/CTMDS/pub/PUB010100.do?method=handle06&curPage=15&pageSize=100,2026-09-05,"Snapshot identity only; not all aliases, trial participation or current eligibility"
cnha-cfdi-0d2d831bc0a8033307b3882b495d0999,连云港市立东方医院,药临床机构备字2020000895,filed,confirmed_against_filing_snapshot,,deferred_not_required_for_identity,0,[],False,https://beian.cfdi.org.cn/CTMDS/pub/PUB010100.do?method=handle06&curPage=10&pageSize=100,2026-09-05,"Snapshot identity only; not all aliases, trial participation or current eligibility"
cnha-cfdi-0d2ed1e9c0a803334fc1b3c0f2852b77,濮阳油田总医院（濮阳市油田总医院）,药临床机构备字2020000282,filed,confirmed_against_filing_snapshot,,deferred_not_required_for_identity,2,[],False,https://beian.cfdi.org.cn/CTMDS/pub/PUB010100.do?method=handle06&curPage=4&pageSize=100,2026-09-05,"Snapshot identity only; not all aliases, trial participation or current eligibility"
cnha-cfdi-0d33ccadc0a8033321a5b7cab78e7816,南阳市中心医院,药临床机构备字2020000112,filed,confirmed_against_filing_snapshot,,deferred_not_required_for_identity,0,[],False,https://beian.cfdi.org.cn/CTMDS/pub/PUB010100.do?method=handle06&curPage=2&pageSize=100,2026-09-05,"Snapshot identity only; not all aliases, trial participation or current eligibility"
cnha-cfdi-0d3c3ebcc0a803333eb862552e5b3c95,井冈山大学附属医院,药临床机构备字2020000971,filed,confirmed_against_filing_snapshot,,deferred_not_required_for_identity,0,[],False,https://beian.cfdi.org.cn/CTMDS/pub/PUB010100.do?method=handle06&curPage=10&pageSize=100,2026-09-05,"Snapshot identity only; not all aliases, trial participation or current eligibility"
cnha-cfdi-0d572e90c0a8033345f56bb5c402dce1,上海市杨浦区市东医院,药临床机构备字2020000914,filed,confirmed_against_filing_snapshot,,deferred_not_required_for_identity,0,[],False,https://beian.cfdi.org.cn/CTMDS/pub/PUB010100.do?method=handle06&curPage=10&pageSize=100,2026-09-05,"Snapshot identity only; not all aliases, trial participation or current eligibility"
cnha-cfdi-0d5ba4b0c0a803334723811129c0c362,江门市人民医院,药临床机构备字2023000120,filed,confirmed_against_filing_snapshot,,deferred_not_required_for_identity,0,[],False,https://beian.cfdi.org.cn/CTMDS/pub/PUB010100.do?method=handle06&curPage=14&pageSize=100,2026-09-05,"Snapshot identity only; not all aliases, trial participation or current eligibility"
cnha-cfdi-0d5f01d8c0a803332fc050a50b4dae93,大同市第二人民医院,药临床机构备字2025000233,filed,confirmed_against_filing_snapshot,,deferred_not_required_for_identity,0,[],False,https://beian.cfdi.org.cn/CTMDS/pub/PUB010100.do?method=handle06&curPage=19&pageSize=100,2026-09-05,"Snapshot identity only; not all aliases, trial participation or current eligibility"
cnha-cfdi-0d6cdcd5c0a803336f896af4c3b2de50,青岛大学附属医院,药临床机构备字2020000017,filed,confirmed_against_filing_snapshot,The Affiliated Hospital of QingDao University,source_reviewed,1,[],False,https://beian.cfdi.org.cn/CTMDS/pub/PUB010100.do?method=handle06&curPage=1&pageSize=100,2026-09-05,"Snapshot identity only; not all aliases, trial participation or current eligibility"
cnha-cfdi-0d75a2fdc0a803330407fb36972d9d6d,吕梁市第一人民医院/吕梁市职业病防治院,药临床机构备字2025000249,filed,confirmed_against_filing_snapshot,,deferred_not_required_for_identity,0,[],False,https://beian.cfdi.org.cn/CTMDS/pub/PUB010100.do?method=handle06&curPage=19&pageSize=100,2026-09-05,"Snapshot identity only; not all aliases, trial participation or current eligibility"
cnha-cfdi-0d7abc52c0a8033340277d163bed5ff6,徐州市东方人民医院,药临床机构备字2023000236,filed,confirmed_against_filing_snapshot,,deferred_not_required_for_identity,0,[],False,https://beian.cfdi.org.cn/CTMDS/pub/PUB010100.do?method=handle06&curPage=15&pageSize=100,2026-09-05,"Snapshot identity only; not all aliases, trial participation or current eligibility"
cnha-cfdi-0d809f43c0a803335f19ae07e727fc45,黑龙江省中医药科学院（黑龙江省中医医院）,药临床机构备字2020000795,filed,confirmed_against_filing_snapshot,,deferred_not_required_for_identity,0,[],False,https://beian.cfdi.org.cn/CTMDS/pub/PUB010100.do?method=handle06&curPage=9&pageSize=100,2026-09-05,"Snapshot identity only; not all aliases, trial participation or current eligibility"
cnha-cfdi-0d8df8dac0a80333036ec3369ee915af,兰陵县人民医院,药临床机构备字2020000862,filed,confirmed_against_filing_snapshot,,deferred_not_required_for_identity,0,[],False,https://beian.cfdi.org.cn/CTMDS/pub/PUB010100.do?method=handle06&curPage=9&pageSize=100,2026-09-05,"Snapshot identity only; not all aliases, trial participation or current eligibility"
cnha-cfdi-0d8fe814c0a8033364c56253e6a6cc5a,西安市红会医院,药临床机构备字2020000781,filed,confirmed_against_filing_snapshot,,deferred_not_required_for_identity,0,"[{""hospital_id"": ""cnha-cfdi-0d8fe814c0a8033364c56253e6a6cc5a"", ""official_name"": ""西安市红会医院"", ""candidate_alias"": ""Xi'an Honghui Hospital"", ""source_url"": ""https://ror.org/015bnwc11"", ""status"": ""review_required"", ""reason"": ""Reference-only name; not approved for resolution""}, {""hospital_id"": ""cnha-cfdi-0d8fe814c0a8033364c56253e6a6cc5a"", ""official_name"": ""西安市红会医院"", ""candidate_alias"": ""Xi'an Red Cross Hospital"", ""source_url"": ""https://ror.org/015bnwc11"", ""status"": ""review_required"", ""reason"": ""Reference-only name; not approved for resolution""}]",False,https://beian.cfdi.org.cn/CTMDS/pub/PUB010100.do?method=handle06&curPage=8&pageSize=100,2026-09-05,"Snapshot identity only; not all aliases, trial participation or current eligibility"
cnha-cfdi-0d970ab9c0a803337909888054531007,威尔斯亲王医院(香港),药临床机构备字2022000037,filed,confirmed_against_filing_snapshot,,deferred_not_required_for_identity,0,[],False,https://beian.cfdi.org.cn/CTMDS/pub/PUB010100.do?method=handle06&curPage=12&pageSize=100,2026-09-05,"Snapshot identity only; not all aliases, trial participation or current eligibility"
cnha-cfdi-0d9aacb2c0a803334f43b2d3ad402e54,天津市职业病防治院,药临床机构备字2020000417,filed,confirmed_against_filing_snapshot,,deferred_not_required_for_identity,0,[],False,https://beian.cfdi.org.cn/CTMDS/pub/PUB010100.do?method=handle06&curPage=5&pageSize=100,2026-09-05,"Snapshot identity only; not all aliases, trial participation or current eligibility"
cnha-cfdi-0d9c16cac0a8033308c292ab2c8d527c,杭州市妇产科医院,药临床机构备字2022000170,filed,confirmed_against_filing_snapshot,,deferred_not_required_for_identity,0,[],False,https://beian.cfdi.org.cn/CTMDS/pub/PUB010100.do?method=handle06&curPage=13&pageSize=100,2026-09-05,"Snapshot identity only; not all aliases, trial participation or current eligibility"
cnha-cfdi-0d9e9d19c0a803332f2e459fefe8ecda,大连理工大学附属肿瘤医院（辽宁省肿瘤医院、辽宁省肿瘤研究所）,药临床机构备字2020000130,filed,confirmed_against_filing_snapshot,,deferred_not_required_for_identity,2,"[{""hospital_id"": ""cnha-cfdi-0d9e9d19c0a803332f2e459fefe8ecda"", ""official_name"": ""大连理工大学附属肿瘤医院（辽宁省肿瘤医院、辽宁省肿瘤研究所）"", ""candidate_alias"": ""辽宁省肿瘤研究所"", ""source_url"": ""https://beian.cfdi.org.cn/CTMDS/pub/PUB010100.do?method=handle06&curPage=3&pageSize=100"", ""status"": ""review_required"", ""reason"": ""Reference-only name; not approved for resolution""}, {""hospital_id"": ""cnha-cfdi-0d9e9d19c0a803332f2e459fefe8ecda"", ""official_name"": ""大连理工大学附属肿瘤医院（辽宁省肿瘤医院、辽宁省肿瘤研究所）"", ""candidate_alias"": ""Cancer Hospital of Dalian University of Technology"", ""source_url"": ""https://ror.org/05d659s21"", ""status"": ""review_required"", ""reason"": ""Reference-only name; not approved for resolution""}, {""hospital_id"": ""cnha-cfdi-0d9e9d19c0a803332f2e459fefe8ecda"", ""official_name"": ""大连理工大学附属肿瘤医院（辽宁省肿瘤医院、辽宁省肿瘤研究所）"", ""candidate_alias"": ""Liaoning Cancer Hospital & Institute"", ""source_url"": ""https://ror.org/05d659s21"", ""status"": ""review_required"", ""reason"": ""Reference-only name; not approved for resolution""}]",False,https://beian.cfdi.org.cn/CTMDS/pub/PUB010100.do?method=handle06&curPage=3&pageSize=100,2026-09-05,"Snapshot identity only; not all aliases, trial participation or current eligibility"
cnha-cfdi-0da03f64c0a8033358fdd9d6ae15ef85,中国人民解放军联勤保障部队第九二六医院,药临床机构备字2025000007,filed,confirmed_against_filing_snapshot,,deferred_not_required_for_identity,0,[],False,https://beian.cfdi.org.cn/CTMDS/pub/PUB010100.do?method=handle06&curPage=17&pageSize=100,2026-09-05,"Snapshot identity only; not all aliases, trial participation or current eligibility"
cnha-cfdi-0da39878c0a80333131c020bc34d274e,上海市中西医结合医院,药临床机构备字2020000302,filed,confirmed_against_filing_snapshot,,deferred_not_required_for_identity,0,[],False,https://beian.cfdi.org.cn/CTMDS/pub/PUB010100.do?method=handle06&curPage=4&pageSize=100,2026-09-05,"Snapshot identity only; not all aliases, trial participation or current eligibility"
cnha-cfdi-0db5a9dbc0a8033328f6ebfd0619b7fa,抚州市第一人民医院,药临床机构备字2022000126,filed,confirmed_against_filing_snapshot,,deferred_not_required_for_identity,0,[],False,https://beian.cfdi.org.cn/CTMDS/pub/PUB010100.do?method=handle06&curPage=13&pageSize=100,2026-09-05,"Snapshot identity only; not all aliases, trial participation or current eligibility"
cnha-cfdi-0db8a76bc0a8033343b0ed0176df3d0f,河南省胸科医院,药临床机构备字2020000223,filed,confirmed_against_filing_snapshot,,deferred_not_required_for_identity,0,"[{""hospital_id"": ""cnha-cfdi-0db8a76bc0a8033343b0ed0176df3d0f"", ""official_name"": ""河南省胸科医院"", ""candidate_alias"": ""Henan Provincial Chest Hospital"", ""source_url"": ""https://ror.org/04d3sf574"", ""status"": ""review_required"", ""reason"": ""Reference-only name; not approved for resolution""}]",False,https://beian.cfdi.org.cn/CTMDS/pub/PUB010100.do?method=handle06&curPage=3&pageSize=100,2026-09-05,"Snapshot identity only; not all aliases, trial participation or current eligibility"
cnha-cfdi-0db8c151c0a803333837d21b7fdce2c4,兰州市第二人民医院,药临床机构备字2023000130,filed,confirmed_against_filing_snapshot,,deferred_not_required_for_identity,0,"[{""hospital_id"": ""cnha-cfdi-0db8c151c0a803333837d21b7fdce2c4"", ""official_name"": ""兰州市第二人民医院"", ""candidate_alias"": ""No. 2 People's Hospital of Lanzhou"", ""source_url"": ""https://ror.org/01fxcka27"", ""status"": ""review_required"", ""reason"": ""Reference-only name; not approved for resolution""}, {""hospital_id"": ""cnha-cfdi-0db8c151c0a803333837d21b7fdce2c4"", ""official_name"": ""兰州市第二人民医院"", ""candidate_alias"": ""Second People's Hospital of Lanzhou"", ""source_url"": ""https://ror.org/01fxcka27"", ""status"": ""review_required"", ""reason"": ""Reference-only name; not approved for resolution""}, {""hospital_id"": ""cnha-cfdi-0db8c151c0a803333837d21b7fdce2c4"", ""official_name"": ""兰州市第二人民医院"", ""candidate_alias"": ""The No. 2 People's Hospital of Lanzhou"", ""source_url"": ""https://ror.org/01fxcka27"", ""status"": ""review_required"", ""reason"": ""Reference-only name; not approved for resolution""}]",False,https://beian.cfdi.org.cn/CTMDS/pub/PUB010100.do?method=handle06&curPage=14&pageSize=100,2026-09-05,"Snapshot identity only; not all aliases, trial participation or current eligibility"
cnha-cfdi-0dca8c2fc0a803334e61b89d75b7706c,福州市第二总医院,药临床机构备字2025000099,filed,confirmed_against_filing_snapshot,,deferred_not_required_for_identity,0,[],False,https://beian.cfdi.org.cn/CTMDS/pub/PUB010100.do?method=handle06&curPage=18&pageSize=100,2026-09-05,"Snapshot identity only; not all aliases, trial participation or current eligibility"
cnha-cfdi-0dcccc5bc0a80333634bdef6b17f43b1,曹县人民医院,药临床机构备字2023000219,filed,confirmed_against_filing_snapshot,,deferred_not_required_for_identity,0,[],False,https://beian.cfdi.org.cn/CTMDS/pub/PUB010100.do?method=handle06&curPage=15&pageSize=100,2026-09-05,"Snapshot identity only; not all aliases, trial participation or current eligibility"
cnha-cfdi-0dcd9acfc0a8033361ae85cfd69bd748,绵阳市第三人民医院,药临床机构备字2020000098,filed,confirmed_against_filing_snapshot,,deferred_not_required_for_identity,0,[],False,https://beian.cfdi.org.cn/CTMDS/pub/PUB010100.do?method=handle06&curPage=2&pageSize=100,2026-09-05,"Snapshot identity only; not all aliases, trial participation or current eligibility"
cnha-cfdi-0dd019c6c0a8033311ec31fc813bcaba,上海市第十人民医院,药临床机构备字2020000160,filed,confirmed_against_filing_snapshot,,deferred_not_required_for_identity,0,[],False,https://beian.cfdi.org.cn/CTMDS/pub/PUB010100.do?method=handle06&curPage=3&pageSize=100,2026-09-05,"Snapshot identity only; not all aliases, trial participation or current eligibility"
cnha-cfdi-0dd597e5c0a803331a246ea40e5a4354,大连市皮肤病医院,药临床机构备字2023000178,filed,confirmed_against_filing_snapshot,,deferred_not_required_for_identity,0,"[{""hospital_id"": ""cnha-cfdi-0dd597e5c0a803331a246ea40e5a4354"", ""official_name"": ""大连市皮肤病医院"", ""candidate_alias"": ""Dalian Dermatosis Hospital"", ""source_url"": ""https://ror.org/01ta56j94"", ""status"": ""review_required"", ""reason"": ""Reference-only name; not approved for resolution""}]",False,https://beian.cfdi.org.cn/CTMDS/pub/PUB010100.do?method=handle06&curPage=14&pageSize=100,2026-09-05,"Snapshot identity only; not all aliases, trial participation or current eligibility"
cnha-cfdi-0dd99758c0a803336c1568ab21f40194,太原西山医院,药临床机构备字2025000189,filed,confirmed_against_filing_snapshot,,deferred_not_required_for_identity,0,[],False,https://beian.cfdi.org.cn/CTMDS/pub/PUB010100.do?method=handle06&curPage=19&pageSize=100,2026-09-05,"Snapshot identity only; not all aliases, trial participation or current eligibility"
cnha-cfdi-0ddef7eec0a803336db1ac688b5e3220,承德市中心医院,药临床机构备字2022000146,filed,confirmed_against_filing_snapshot,,deferred_not_required_for_identity,0,[],False,https://beian.cfdi.org.cn/CTMDS/pub/PUB010100.do?method=handle06&curPage=13&pageSize=100,2026-09-05,"Snapshot identity only; not all aliases, trial participation or current eligibility"
cnha-cfdi-0de89f74c0a8033361d979f3ec99a2b6,邵阳市中心医院,药临床机构备字2020000867,filed,confirmed_against_filing_snapshot,,deferred_not_required_for_identity,0,[],False,https://beian.cfdi.org.cn/CTMDS/pub/PUB010100.do?method=handle06&curPage=9&pageSize=100,2026-09-05,"Snapshot identity only; not all aliases, trial participation or current eligibility"
cnha-cfdi-0dec0299c0a803333c9b3c629c4cf6fb,平度市人民医院,药临床机构备字2025000193,filed,confirmed_against_filing_snapshot,,deferred_not_required_for_identity,0,[],False,https://beian.cfdi.org.cn/CTMDS/pub/PUB010100.do?method=handle06&curPage=19&pageSize=100,2026-09-05,"Snapshot identity only; not all aliases, trial participation or current eligibility"
cnha-cfdi-0dedd15dc0a8033348038d01c0319a8e,广汉市人民医院,药临床机构备字2023000061,filed,confirmed_against_filing_snapshot,,deferred_not_required_for_identity,0,[],False,https://beian.cfdi.org.cn/CTMDS/pub/PUB010100.do?method=handle06&curPage=13&pageSize=100,2026-09-05,"Snapshot identity only; not all aliases, trial participation or current eligibility"
cnha-cfdi-0df75244c0a803335bc7ca93ead01fad,上海市奉贤区中心医院,药临床机构备字2020000528,filed,confirmed_against_filing_snapshot,,deferred_not_required_for_identity,0,[],False,https://beian.cfdi.org.cn/CTMDS/pub/PUB010100.do?method=handle06&curPage=6&pageSize=100,2026-09-05,"Snapshot identity only; not all aliases, trial participation or current eligibility"
cnha-cfdi-0dffe87ac0a803334befbfe5e73dab85,深圳精诚医疗集团如皋医院,药临床机构备字2023000114,filed,confirmed_against_filing_snapshot,,deferred_not_required_for_identity,0,[],False,https://beian.cfdi.org.cn/CTMDS/pub/PUB010100.do?method=handle06&curPage=14&pageSize=100,2026-09-05,"Snapshot identity only; not all aliases, trial participation or current eligibility"
cnha-cfdi-0e02b73ec0a803336191c56a842a5089,中国人民解放军空军第九八六医院,药临床机构备字2025000140,filed,confirmed_against_filing_snapshot,,deferred_not_required_for_identity,0,[],False,https://beian.cfdi.org.cn/CTMDS/pub/PUB010100.do?method=handle06&curPage=18&pageSize=100,2026-09-05,"Snapshot identity only; not all aliases, trial participation or current eligibility"
cnha-cfdi-0e2aea94c0a8033354d04a2786ba20b8,枣庄市精神卫生中心,药临床机构备字2025000117,filed,confirmed_against_filing_snapshot,,deferred_not_required_for_identity,0,[],False,https://beian.cfdi.org.cn/CTMDS/pub/PUB010100.do?method=handle06&curPage=18&pageSize=100,2026-09-05,"Snapshot identity only; not all aliases, trial participation or current eligibility"
cnha-cfdi-0e2b81d3c0a80333206b457faff3f06b,漯河市立医院(漯河市骨科医院、漯河医学高等专科学校第二附属医院),药临床机构备字2020000363,filed,confirmed_against_filing_snapshot,,deferred_not_required_for_identity,3,[],False,https://beian.cfdi.org.cn/CTMDS/pub/PUB010100.do?method=handle06&curPage=5&pageSize=100,2026-09-05,"Snapshot identity only; not all aliases, trial participation or current eligibility"
cnha-cfdi-0e2dfdb6c0a80333060069a394285275,陕西省肿瘤医院,药临床机构备字2020000507,filed,confirmed_against_filing_snapshot,,deferred_not_required_for_identity,0,[],False,https://beian.cfdi.org.cn/CTMDS/pub/PUB010100.do?method=handle06&curPage=6&pageSize=100,2026-09-05,"Snapshot identity only; not all aliases, trial participation or current eligibility"
cnha-cfdi-0e2f5d62c0a8033361e5d9236ffca924,广元市精神卫生中心,药临床机构备字2020000735,filed,confirmed_against_filing_snapshot,,deferred_not_required_for_identity,0,[],False,https://beian.cfdi.org.cn/CTMDS/pub/PUB010100.do?method=handle06&curPage=8&pageSize=100,2026-09-05,"Snapshot identity only; not all aliases, trial participation or current eligibility"
cnha-cfdi-0e380f7cc0a803334b87575efc0cddc9,益阳市中心医院,药临床机构备字2020000495,filed,confirmed_against_filing_snapshot,,deferred_not_required_for_identity,0,[],False,https://beian.cfdi.org.cn/CTMDS/pub/PUB010100.do?method=handle06&curPage=6&pageSize=100,2026-09-05,"Snapshot identity only; not all aliases, trial participation or current eligibility"
cnha-cfdi-0e4a6687c0a803333186d8effee283f2,青岛市公共卫生临床中心（山东省公共卫生临床中心青岛分中心、青岛市第六人民医院、青岛市传染病医院、青岛肝病研究所）,药临床机构备字2024000109,filed,confirmed_against_filing_snapshot,,deferred_not_required_for_identity,0,[],False,https://beian.cfdi.org.cn/CTMDS/pub/PUB010100.do?method=handle06&curPage=16&pageSize=100,2026-09-05,"Snapshot identity only; not all aliases, trial participation or current eligibility"
cnha-cfdi-0e4cb3eac0a8033374f36d00b996383b,台州市中心医院（台州学院附属医院）,药临床机构备字2020000941,filed,confirmed_against_filing_snapshot,,deferred_not_required_for_identity,2,[],False,https://beian.cfdi.org.cn/CTMDS/pub/PUB010100.do?method=handle06&curPage=10&pageSize=100,2026-09-05,"Snapshot identity only; not all aliases, trial participation or current eligibility"
cnha-cfdi-0e6172c2c0a80333324c924dd53c9a69,陕西省核工业二一五医院,药临床机构备字2023000194,filed,confirmed_against_filing_snapshot,,deferred_not_required_for_identity,0,[],False,https://beian.cfdi.org.cn/CTMDS/pub/PUB010100.do?method=handle06&curPage=14&pageSize=100,2026-09-05,"Snapshot identity only; not all aliases, trial participation or current eligibility"
cnha-cfdi-0e65b6a4c0a8033310bba919c7ef36b3,桂林医科大学第二附属医院,药临床机构备字2020000913,filed,confirmed_against_filing_snapshot,,deferred_not_required_for_identity,0,[],False,https://beian.cfdi.org.cn/CTMDS/pub/PUB010100.do?method=handle06&curPage=10&pageSize=100,2026-09-05,"Snapshot identity only; not all aliases, trial participation or current eligibility"
cnha-cfdi-0e67454cc0a803331ee5e7a2e24a0cce,西安市长安区医院,药临床机构备字2025000263,filed,confirmed_against_filing_snapshot,,deferred_not_required_for_identity,0,[],False,https://beian.cfdi.org.cn/CTMDS/pub/PUB010100.do?method=handle06&curPage=19&pageSize=100,2026-09-05,"Snapshot identity only; not all aliases, trial participation or current eligibility"
cnha-cfdi-0e7a5cadc0a8033339b012e1d777f328,北京京煤集团总医院,药临床机构备字2020000871,filed,confirmed_against_filing_snapshot,,deferred_not_required_for_identity,0,[],False,https://beian.cfdi.org.cn/CTMDS/pub/PUB010100.do?method=handle06&curPage=9&pageSize=100,2026-09-05,"Snapshot identity only; not all aliases, trial participation or current eligibility"
cnha-cfdi-0e8382e3c0a803332db7d0861ab71e35,北京中医药大学第三附属医院,药临床机构备字2020000875,filed,confirmed_against_filing_snapshot,,deferred_not_required_for_identity,0,[],False,https://beian.cfdi.org.cn/CTMDS/pub/PUB010100.do?method=handle06&curPage=9&pageSize=100,2026-09-05,"Snapshot identity only; not all aliases, trial participation or current eligibility"
cnha-cfdi-0e9b407cc0a803330a9fee40b578e848,云南省保山市第二人民医院（保山市第二人民医院）,药临床机构备字2023000188,filed,confirmed_against_filing_snapshot,,deferred_not_required_for_identity,2,[],False,https://beian.cfdi.org.cn/CTMDS/pub/PUB010100.do?method=handle06&curPage=14&pageSize=100,2026-09-05,"Snapshot identity only; not all aliases, trial participation or current eligibility"
cnha-cfdi-0e9edb94c0a8033322217b6117bae902,温州医科大学附属眼视光医院,药临床机构备字2020000406,filed,confirmed_against_filing_snapshot,,deferred_not_required_for_identity,0,"[{""hospital_id"": ""cnha-cfdi-0e9edb94c0a8033322217b6117bae902"", ""official_name"": ""温州医科大学附属眼视光医院"", ""candidate_alias"": ""Affiliated Eye Hospital of Wenzhou Medical College"", ""source_url"": ""https://ror.org/000sxmx78"", ""status"": ""review_required"", ""reason"": ""Reference-only name; not approved for resolution""}, {""hospital_id"": ""cnha-cfdi-0e9edb94c0a8033322217b6117bae902"", ""official_name"": ""温州医科大学附属眼视光医院"", ""candidate_alias"": ""Zhejiang Eye Hospital"", ""source_url"": ""https://ror.org/000sxmx78"", ""status"": ""review_required"", ""reason"": ""Reference-only name; not approved for resolution""}]",False,https://beian.cfdi.org.cn/CTMDS/pub/PUB010100.do?method=handle06&curPage=5&pageSize=100,2026-09-05,"Snapshot identity only; not all aliases, trial participation or current eligibility"
cnha-cfdi-0ea03125c0a8033366d43a5783f3590a,天津市泰达医院,药临床机构备字2025000242,filed,confirmed_against_filing_snapshot,,deferred_not_required_for_identity,0,[],False,https://beian.cfdi.org.cn/CTMDS/pub/PUB010100.do?method=handle06&curPage=19&pageSize=100,2026-09-05,"Snapshot identity only; not all aliases, trial participation or current eligibility"
cnha-cfdi-0eb0e9e1c0a80333643b675fb676c411,南方医科大学第五附属医院,药临床机构备字2022000097,filed,confirmed_against_filing_snapshot,,deferred_not_required_for_identity,0,[],False,https://beian.cfdi.org.cn/CTMDS/pub/PUB010100.do?method=handle06&curPage=12&pageSize=100,2026-09-05,"Snapshot identity only; not all aliases, trial participation or current eligibility"
cnha-cfdi-0eb2c497c0a80333678fd52655b5932e,郑州市妇幼保健院（郑州市妇幼保健计划生育服务中心）,药临床机构备字2025000191,filed,confirmed_against_filing_snapshot,,deferred_not_required_for_identity,1,"[{""hospital_id"": ""cnha-cfdi-0eb2c497c0a80333678fd52655b5932e"", ""official_name"": ""郑州市妇幼保健院（郑州市妇幼保健计划生育服务中心）"", ""candidate_alias"": ""郑州市妇幼保健计划生育服务中心"", ""source_url"": ""https://beian.cfdi.org.cn/CTMDS/pub/PUB010100.do?method=handle06&curPage=19&pageSize=100"", ""status"": ""review_required"", ""reason"": ""Reference-only name; not approved for resolution""}]",False,https://beian.cfdi.org.cn/CTMDS/pub/PUB010100.do?method=handle06&curPage=19&pageSize=100,2026-09-05,"Snapshot identity only; not all aliases, trial participation or current eligibility"
cnha-cfdi-0eb581dec0a80333092f49dd1bd60215,河南省肿瘤医院,药临床机构备字2020000172,filed,confirmed_against_filing_snapshot,Henan Cancer Hospital,source_reviewed,1,[],False,https://beian.cfdi.org.cn/CTMDS/pub/PUB010100.do?method=handle06&curPage=3&pageSize=100,2026-09-05,"Snapshot identity only; not all aliases, trial participation or current eligibility"
cnha-cfdi-0ec8de8dc0a80333429f19df7526edd6,北京王府中西医结合医院,药临床机构备字2021000187,filed,confirmed_against_filing_snapshot,,deferred_not_required_for_identity,0,[],False,https://beian.cfdi.org.cn/CTMDS/pub/PUB010100.do?method=handle06&curPage=12&pageSize=100,2026-09-05,"Snapshot identity only; not all aliases, trial participation or current eligibility"
cnha-cfdi-0ed64e94c0a803331dbaf0442f822c33,濮阳市第二人民医院（濮阳市眼科医院）,药临床机构备字2025000080,filed,confirmed_against_filing_snapshot,,deferred_not_required_for_identity,2,[],False,https://beian.cfdi.org.cn/CTMDS/pub/PUB010100.do?method=handle06&curPage=18&pageSize=100,2026-09-05,"Snapshot identity only; not all aliases, trial participation or current eligibility"
cnha-cfdi-0ee52caec0a803330b398091b148a866,树兰（衢州）医院,药临床机构备字2024000101,filed,confirmed_against_filing_snapshot,,deferred_not_required_for_identity,0,[],False,https://beian.cfdi.org.cn/CTMDS/pub/PUB010100.do?method=handle06&curPage=16&pageSize=100,2026-09-05,"Snapshot identity only; not all aliases, trial participation or current eligibility"
cnha-cfdi-0ef0bfa6c0a803332587b073f70d0e7a,运城市妇幼保健院,药临床机构备字2025000142,filed,confirmed_against_filing_snapshot,,deferred_not_required_for_identity,0,[],False,https://beian.cfdi.org.cn/CTMDS/pub/PUB010100.do?method=handle06&curPage=18&pageSize=100,2026-09-05,"Snapshot identity only; not all aliases, trial participation or current eligibility"
cnha-cfdi-0f18daf1c0a8033355e743036f3b3cc4,六盘水市人民医院,药临床机构备字2026000003,filed,confirmed_against_filing_snapshot,,deferred_not_required_for_identity,0,[],False,https://beian.cfdi.org.cn/CTMDS/pub/PUB010100.do?method=handle06&curPage=19&pageSize=100,2026-09-05,"Snapshot identity only; not all aliases, trial participation or current eligibility"
cnha-cfdi-0f1a0c3fc0a803334375c804912644c3,丽水市人民医院,药临床机构备字2020000881,filed,confirmed_against_filing_snapshot,,deferred_not_required_for_identity,0,[],False,https://beian.cfdi.org.cn/CTMDS/pub/PUB010100.do?method=handle06&curPage=9&pageSize=100,2026-09-05,"Snapshot identity only; not all aliases, trial participation or current eligibility"
cnha-cfdi-0f27c805c0a803332ce19ba6a765712a,济宁市第一人民医院,药临床机构备字2020000931,filed,confirmed_against_filing_snapshot,,deferred_not_required_for_identity,0,"[{""hospital_id"": ""cnha-cfdi-0f27c805c0a803332ce19ba6a765712a"", ""official_name"": ""济宁市第一人民医院"", ""candidate_alias"": ""Jining First People's Hospital"", ""source_url"": ""https://ror.org/04gs6v336"", ""status"": ""review_required"", ""reason"": ""Reference-only name; not approved for resolution""}, {""hospital_id"": ""cnha-cfdi-0f27c805c0a803332ce19ba6a765712a"", ""official_name"": ""济宁市第一人民医院"", ""candidate_alias"": ""Third Branch of Shandong Provincial Hospital"", ""source_url"": ""https://ror.org/04gs6v336"", ""status"": ""review_required"", ""reason"": ""Reference-only name; not approved for resolution""}, {""hospital_id"": ""cnha-cfdi-0f27c805c0a803332ce19ba6a765712a"", ""official_name"": ""济宁市第一人民医院"", ""candidate_alias"": ""United Church of Christ Barco Gate Hospital"", ""source_url"": ""https://ror.org/04gs6v336"", ""status"": ""review_required"", ""reason"": ""Reference-only name; not approved for resolution""}]",False,https://beian.cfdi.org.cn/CTMDS/pub/PUB010100.do?method=handle06&curPage=10&pageSize=100,2026-09-05,"Snapshot identity only; not all aliases, trial participation or current eligibility"
cnha-cfdi-0f56a407c0a803331a40bc38fad8843c,泽州县人民医院,药临床机构备字2023000174,filed,confirmed_against_filing_snapshot,,deferred_not_required_for_identity,0,[],False,https://beian.cfdi.org.cn/CTMDS/pub/PUB010100.do?method=handle06&curPage=14&pageSize=100,2026-09-05,"Snapshot identity only; not all aliases, trial participation or current eligibility"
cnha-cfdi-0f8bc51bc0a8033318e741ce8ccc0671,南方医科大学口腔医院（广东省口腔医院）,药临床机构备字2025000009,filed,confirmed_against_filing_snapshot,,deferred_not_required_for_identity,2,"[{""hospital_id"": ""cnha-cfdi-0f8bc51bc0a8033318e741ce8ccc0671"", ""official_name"": ""南方医科大学口腔医院（广东省口腔医院）"", ""candidate_alias"": ""Guangdong Province Stomatological Hospital"", ""source_url"": ""https://ror.org/008p85724"", ""status"": ""review_required"", ""reason"": ""Reference-only name; not approved for resolution""}]",False,https://beian.cfdi.org.cn/CTMDS/pub/PUB010100.do?method=handle06&curPage=17&pageSize=100,2026-09-05,"Snapshot identity only; not all aliases, trial participation or current eligibility"
cnha-cfdi-0f96ca2bc0a80333003c85b5667dfb42,长沙市第四医院(长沙市中西医结合医院）,药临床机构备字2020000650,filed,confirmed_against_filing_snapshot,,deferred_not_required_for_identity,2,"[{""hospital_id"": ""cnha-cfdi-0f96ca2bc0a80333003c85b5667dfb42"", ""official_name"": ""长沙市第四医院(长沙市中西医结合医院）"", ""candidate_alias"": ""Fourth Hospital of Changsha"", ""source_url"": ""https://ror.org/01wkath48"", ""status"": ""review_required"", ""reason"": ""Reference-only name; not approved for resolution""}]",False,https://beian.cfdi.org.cn/CTMDS/pub/PUB010100.do?method=handle06&curPage=7&pageSize=100,2026-09-05,"Snapshot identity only; not all aliases, trial participation or current eligibility"
cnha-cfdi-10d2b0c6c0a8033354a39b2b56632abb,太和县中医院,药临床机构备字2024000027,filed,confirmed_against_filing_snapshot,,deferred_not_required_for_identity,0,[],False,https://beian.cfdi.org.cn/CTMDS/pub/PUB010100.do?method=handle06&curPage=15&pageSize=100,2026-09-05,"Snapshot identity only; not all aliases, trial participation or current eligibility"
cnha-cfdi-10d410a1c0a803332c838345f00ddc18,安徽中科庚玖医院,药临床机构备字2026000049,filed,confirmed_against_filing_snapshot,,deferred_not_required_for_identity,0,[],False,https://beian.cfdi.org.cn/CTMDS/pub/PUB010100.do?method=handle06&curPage=20&pageSize=100,2026-09-05,"Snapshot identity only; not all aliases, trial participation or current eligibility"
cnha-cfdi-10d9a559c0a803330680fada08303780,太和县人民医院,药临床机构备字2022000048,filed,confirmed_against_filing_snapshot,,deferred_not_required_for_identity,0,[],False,https://beian.cfdi.org.cn/CTMDS/pub/PUB010100.do?method=handle06&curPage=12&pageSize=100,2026-09-05,"Snapshot identity only; not all aliases, trial participation or current eligibility"
cnha-cfdi-10e05c79c0a803334c86929a875ef5c4,复旦大学附属中山医院青浦分院,药临床机构备字2020000624,filed,confirmed_against_filing_snapshot,,deferred_not_required_for_identity,0,[],False,https://beian.cfdi.org.cn/CTMDS/pub/PUB010100.do?method=handle06&curPage=7&pageSize=100,2026-09-05,"Snapshot identity only; not all aliases, trial participation or current eligibility"
cnha-cfdi-10f45d32c0a803331bd14d4cc712d232,马鞍山市人民医院,药临床机构备字2020000929,filed,confirmed_against_filing_snapshot,,deferred_not_required_for_identity,0,[],False,https://beian.cfdi.org.cn/CTMDS/pub/PUB010100.do?method=handle06&curPage=10&pageSize=100,2026-09-05,"Snapshot identity only; not all aliases, trial participation or current eligibility"
cnha-cfdi-111a51ebc0a8033351ddc3e578d4d069,株洲市中心医院,药临床机构备字2020000361,filed,confirmed_against_filing_snapshot,,deferred_not_required_for_identity,0,"[{""hospital_id"": ""cnha-cfdi-111a51ebc0a8033351ddc3e578d4d069"", ""official_name"": ""株洲市中心医院"", ""candidate_alias"": ""Zhuzhou Central Hospital"", ""source_url"": ""https://ror.org/03prq2784"", ""status"": ""review_required"", ""reason"": ""Reference-only name; not approved for resolution""}, {""hospital_id"": ""cnha-cfdi-111a51ebc0a8033351ddc3e578d4d069"", ""official_name"": ""株洲市中心医院"", ""candidate_alias"": ""Zhuzhou City First Hospital"", ""source_url"": ""https://ror.org/03prq2784"", ""status"": ""review_required"", ""reason"": ""Reference-only name; not approved for resolution""}]",False,https://beian.cfdi.org.cn/CTMDS/pub/PUB010100.do?method=handle06&curPage=5&pageSize=100,2026-09-05,"Snapshot identity only; not all aliases, trial participation or current eligibility"
cnha-cfdi-1237a31ec0a80333265d8dbe7e8dcd73,北京市健宫医院有限公司,药临床机构备字2025000143,filed,confirmed_against_filing_snapshot,,deferred_not_required_for_identity,0,[],False,https://beian.cfdi.org.cn/CTMDS/pub/PUB010100.do?method=handle06&curPage=18&pageSize=100,2026-09-05,"Snapshot identity only; not all aliases, trial participation or current eligibility"
cnha-cfdi-123ed715c0a8033356250d3278cc2c0d,中国人民解放军陆军特色医学中心,药临床机构备字2020000604,filed,confirmed_against_filing_snapshot,,deferred_not_required_for_identity,0,[],False,https://beian.cfdi.org.cn/CTMDS/pub/PUB010100.do?method=handle06&curPage=7&pageSize=100,2026-09-05,"Snapshot identity only; not all aliases, trial participation or current eligibility"
cnha-cfdi-124252dcc0a803335ad779336a44cff3,内蒙古自治区中医医院,药临床机构备字2023000017,filed,confirmed_against_filing_snapshot,,deferred_not_required_for_identity,0,"[{""hospital_id"": ""cnha-cfdi-124252dcc0a803335ad779336a44cff3"", ""official_name"": ""内蒙古自治区中医医院"", ""candidate_alias"": ""Inner Mongolia Autonomous Region Hospital of Traditional Chinese Medicine"", ""source_url"": ""https://ror.org/05bxbrn63"", ""status"": ""review_required"", ""reason"": ""Reference-only name; not approved for resolution""}]",False,https://beian.cfdi.org.cn/CTMDS/pub/PUB010100.do?method=handle06&curPage=13&pageSize=100,2026-09-05,"Snapshot identity only; not all aliases, trial participation or current eligibility"
cnha-cfdi-1253ac8bc0a803336960f7cceccc8196,遂宁市中心医院,药临床机构备字2020000127,filed,confirmed_against_filing_snapshot,,deferred_not_required_for_identity,0,[],False,https://beian.cfdi.org.cn/CTMDS/pub/PUB010100.do?method=handle06&curPage=2&pageSize=100,2026-09-05,"Snapshot identity only; not all aliases, trial participation or current eligibility"
cnha-cfdi-125a1915c0a803337591284873c0ef70,蚌埠医科大学第一附属医院,药临床机构备字2020000593,filed,confirmed_against_filing_snapshot,,deferred_not_required_for_identity,0,[],False,https://beian.cfdi.org.cn/CTMDS/pub/PUB010100.do?method=handle06&curPage=7&pageSize=100,2026-09-05,"Snapshot identity only; not all aliases, trial participation or current eligibility"
cnha-cfdi-12783270c0a8033304ea9c2064167117,新乡市中心医院,药临床机构备字2020000255,filed,confirmed_against_filing_snapshot,,deferred_not_required_for_identity,0,"[{""hospital_id"": ""cnha-cfdi-12783270c0a8033304ea9c2064167117"", ""official_name"": ""新乡市中心医院"", ""candidate_alias"": ""Xinxiang Central Hospital"", ""source_url"": ""https://ror.org/006zn6z18"", ""status"": ""review_required"", ""reason"": ""Reference-only name; not approved for resolution""}, {""hospital_id"": ""cnha-cfdi-12783270c0a8033304ea9c2064167117"", ""official_name"": ""新乡市中心医院"", ""candidate_alias"": ""Xinxiang City Center Hospital"", ""source_url"": ""https://ror.org/006zn6z18"", ""status"": ""review_required"", ""reason"": ""Reference-only name; not approved for resolution""}]",False,https://beian.cfdi.org.cn/CTMDS/pub/PUB010100.do?method=handle06&curPage=4&pageSize=100,2026-09-05,"Snapshot identity only; not all aliases, trial participation or current eligibility"
cnha-cfdi-128a5901c0a80333093113a0926102fe,柳州市人民医院,药临床机构备字2020000415,filed,confirmed_against_filing_snapshot,,deferred_not_required_for_identity,0,"[{""hospital_id"": ""cnha-cfdi-128a5901c0a80333093113a0926102fe"", ""official_name"": ""柳州市人民医院"", ""candidate_alias"": ""Liuzhou General Hospital"", ""source_url"": ""https://ror.org/00er4d216"", ""status"": ""review_required"", ""reason"": ""Reference-only name; not approved for resolution""}]",False,https://beian.cfdi.org.cn/CTMDS/pub/PUB010100.do?method=handle06&curPage=5&pageSize=100,2026-09-05,"Snapshot identity only; not all aliases, trial participation or current eligibility"
cnha-cfdi-128b70a6c0a803336a05ab58539f06cf,湖北省直属机关医院（湖北省康复医院）,药临床机构备字2024000126,filed,confirmed_against_filing_snapshot,,deferred_not_required_for_identity,2,[],False,https://beian.cfdi.org.cn/CTMDS/pub/PUB010100.do?method=handle06&curPage=16&pageSize=100,2026-09-05,"Snapshot identity only; not all aliases, trial participation or current eligibility"
cnha-cfdi-12923404c0a80333052fdb1a6f0286e6,周口市中医院,药临床机构备字2026000087,filed,confirmed_against_filing_snapshot,,deferred_not_required_for_identity,0,[],False,https://beian.cfdi.org.cn/CTMDS/pub/PUB010100.do?method=handle06&curPage=20&pageSize=100,2026-09-05,"Snapshot identity only; not all aliases, trial participation or current eligibility"
cnha-cfdi-12ad5c1fc0a80333262056aed61a63ba,厦门医学院附属第二医院,药临床机构备字2021000037,filed,confirmed_against_filing_snapshot,,deferred_not_required_for_identity,0,[],False,https://beian.cfdi.org.cn/CTMDS/pub/PUB010100.do?method=handle06&curPage=11&pageSize=100,2026-09-05,"Snapshot identity only; not all aliases, trial participation or current eligibility"
cnha-cfdi-12ae2e13c0a803333503d61b7562910d,绍兴市人民医院,药临床机构备字2020000751,filed,confirmed_against_filing_snapshot,,deferred_not_required_for_identity,0,"[{""hospital_id"": ""cnha-cfdi-12ae2e13c0a803333503d61b7562910d"", ""official_name"": ""绍兴市人民医院"", ""candidate_alias"": ""Shaoxing People's Hospital"", ""source_url"": ""https://ror.org/05v58y004"", ""status"": ""review_required"", ""reason"": ""Reference-only name; not approved for resolution""}]",False,https://beian.cfdi.org.cn/CTMDS/pub/PUB010100.do?method=handle06&curPage=8&pageSize=100,2026-09-05,"Snapshot identity only; not all aliases, trial participation or current eligibility"
cnha-cfdi-12b7177bc0a803330e47bcfab38bfe3c,邯郸市中西医结合医院（邯郸市精神病医院、邯郸市肿瘤医院）药物临床试验机构,药临床机构备字2025000075,filed,confirmed_against_filing_snapshot,,deferred_not_required_for_identity,0,[],False,https://beian.cfdi.org.cn/CTMDS/pub/PUB010100.do?method=handle06&curPage=18&pageSize=100,2026-09-05,"Snapshot identity only; not all aliases, trial participation or current eligibility"
cnha-cfdi-12ccb55bc0a80333400cfcf6fc52306b,上海市儿童医院,药临床机构备字2023000165,filed,confirmed_against_filing_snapshot,,deferred_not_required_for_identity,0,"[{""hospital_id"": ""cnha-cfdi-12ccb55bc0a80333400cfcf6fc52306b"", ""official_name"": ""上海市儿童医院"", ""candidate_alias"": ""Shanghai Children's Hospital"", ""source_url"": ""https://ror.org/05pea1m70"", ""status"": ""review_required"", ""reason"": ""Reference-only name; not approved for resolution""}, {""hospital_id"": ""cnha-cfdi-12ccb55bc0a80333400cfcf6fc52306b"", ""official_name"": ""上海市儿童医院"", ""candidate_alias"": ""Underprivileged Children's Hospital"", ""source_url"": ""https://ror.org/05pea1m70"", ""status"": ""review_required"", ""reason"": ""Reference-only name; not approved for resolution""}]",False,https://beian.cfdi.org.cn/CTMDS/pub/PUB010100.do?method=handle06&curPage=14&pageSize=100,2026-09-05,"Snapshot identity only; not all aliases, trial participation or current eligibility"
cnha-cfdi-12dfdc3dc0a80333532bcb81ded534f4,潍坊眼科医院,药临床机构备字2020000810,filed,confirmed_against_filing_snapshot,,deferred_not_required_for_identity,0,[],False,https://beian.cfdi.org.cn/CTMDS/pub/PUB010100.do?method=handle06&curPage=9&pageSize=100,2026-09-05,"Snapshot identity only; not all aliases, trial participation or current eligibility"
cnha-cfdi-12fc792ec0a8033302754324ab135f1b,福鼎市医院,药临床机构备字2026000073,filed,confirmed_against_filing_snapshot,,deferred_not_required_for_identity,0,[],False,https://beian.cfdi.org.cn/CTMDS/pub/PUB010100.do?method=handle06&curPage=20&pageSize=100,2026-09-05,"Snapshot identity only; not all aliases, trial participation or current eligibility"
cnha-cfdi-13080943c0a803332d6c72a9f23407ba,宝鸡市人民医院(市急救中心),药临床机构备字2023000278,filed,confirmed_against_filing_snapshot,,deferred_not_required_for_identity,0,[],False,https://beian.cfdi.org.cn/CTMDS/pub/PUB010100.do?method=handle06&curPage=15&pageSize=100,2026-09-05,"Snapshot identity only; not all aliases, trial participation or current eligibility"
cnha-cfdi-130d52e3c0a80333483ac95146d334ed,无锡市新吴区新瑞医院,药临床机构备字2025000057,filed,confirmed_against_filing_snapshot,,deferred_not_required_for_identity,0,[],False,https://beian.cfdi.org.cn/CTMDS/pub/PUB010100.do?method=handle06&curPage=18&pageSize=100,2026-09-05,"Snapshot identity only; not all aliases, trial participation or current eligibility"
cnha-cfdi-1323705dc0a8033308b92cd05283f3f1,中国人民解放军联勤保障部队第九九一医院,药临床机构备字2025000162,filed,confirmed_against_filing_snapshot,,deferred_not_required_for_identity,0,[],False,https://beian.cfdi.org.cn/CTMDS/pub/PUB010100.do?method=handle06&curPage=18&pageSize=100,2026-09-05,"Snapshot identity only; not all aliases, trial participation or current eligibility"
cnha-cfdi-132c35bdc0a803336756288b78cd9f0e,洛阳市孟津人民医院,药临床机构备字2024000116,filed,confirmed_against_filing_snapshot,,deferred_not_required_for_identity,0,[],False,https://beian.cfdi.org.cn/CTMDS/pub/PUB010100.do?method=handle06&curPage=16&pageSize=100,2026-09-05,"Snapshot identity only; not all aliases, trial participation or current eligibility"
cnha-cfdi-135ee306c0a803330247cda104cbf7ce,柳州市工人医院,药临床机构备字2020000676,filed,confirmed_against_filing_snapshot,,deferred_not_required_for_identity,0,[],False,https://beian.cfdi.org.cn/CTMDS/pub/PUB010100.do?method=handle06&curPage=7&pageSize=100,2026-09-05,"Snapshot identity only; not all aliases, trial participation or current eligibility"
cnha-cfdi-138b56c4c0a803330e40ef24ba80d41f,复旦大学附属儿科医院,药临床机构备字2020000372,filed,confirmed_against_filing_snapshot,Children's Hospital of Fudan University,source_reviewed,1,"[{""hospital_id"": ""cnha-cfdi-138b56c4c0a803330e40ef24ba80d41f"", ""official_name"": ""复旦大学附属儿科医院"", ""candidate_alias"": ""CHFU"", ""source_url"": ""https://ror.org/05n13be63"", ""status"": ""review_required"", ""reason"": ""Reference-only name; not approved for resolution""}, {""hospital_id"": ""cnha-cfdi-138b56c4c0a803330e40ef24ba80d41f"", ""official_name"": ""复旦大学附属儿科医院"", ""candidate_alias"": ""Fudan Children's Hospital"", ""source_url"": ""https://ror.org/05n13be63"", ""status"": ""review_required"", ""reason"": ""Reference-only name; not approved for resolution""}]",False,https://beian.cfdi.org.cn/CTMDS/pub/PUB010100.do?method=handle06&curPage=5&pageSize=100,2026-09-05,"Snapshot identity only; not all aliases, trial participation or current eligibility"
cnha-cfdi-1392fc52c0a803334afa253fa58cef7f,厦门弘爱医院,药临床机构备字2021000034,filed,confirmed_against_filing_snapshot,,deferred_not_required_for_identity,0,[],False,https://beian.cfdi.org.cn/CTMDS/pub/PUB010100.do?method=handle06&curPage=11&pageSize=100,2026-09-05,"Snapshot identity only; not all aliases, trial participation or current eligibility"
cnha-cfdi-139487f0c0a803334975987b8e59c63f,首都医科大学附属北京地坛医院,药临床机构备字2020000002,filed,confirmed_against_filing_snapshot,,deferred_not_required_for_identity,0,[],False,https://beian.cfdi.org.cn/CTMDS/pub/PUB010100.do?method=handle06&curPage=1&pageSize=100,2026-09-05,"Snapshot identity only; not all aliases, trial participation or current eligibility"
cnha-cfdi-13b68b1ac0a80333016029aca62197f8,东莞康华医院,药临床机构备字2020000136,filed,confirmed_against_filing_snapshot,,deferred_not_required_for_identity,0,[],False,https://beian.cfdi.org.cn/CTMDS/pub/PUB010100.do?method=handle06&curPage=3&pageSize=100,2026-09-05,"Snapshot identity only; not all aliases, trial participation or current eligibility"
cnha-cfdi-13b811fbc0a803336948cdf74e13258e,成都市中西医结合医院,药临床机构备字2021000149,filed,confirmed_against_filing_snapshot,,deferred_not_required_for_identity,0,[],False,https://beian.cfdi.org.cn/CTMDS/pub/PUB010100.do?method=handle06&curPage=11&pageSize=100,2026-09-05,"Snapshot identity only; not all aliases, trial participation or current eligibility"
cnha-cfdi-13c9eaf7c0a8033352df6dbdc89113dd,天津市环湖医院,药临床机构备字2019000060,filed,confirmed_against_filing_snapshot,,deferred_not_required_for_identity,0,"[{""hospital_id"": ""cnha-cfdi-13c9eaf7c0a8033352df6dbdc89113dd"", ""official_name"": ""天津市环湖医院"", ""candidate_alias"": ""Tianjin Huanhu Hospital"", ""source_url"": ""https://ror.org/00q6wbs64"", ""status"": ""review_required"", ""reason"": ""Reference-only name; not approved for resolution""}, {""hospital_id"": ""cnha-cfdi-13c9eaf7c0a8033352df6dbdc89113dd"", ""official_name"": ""天津市环湖医院"", ""candidate_alias"": ""Tianjin Lake Hospital"", ""source_url"": ""https://ror.org/00q6wbs64"", ""status"": ""review_required"", ""reason"": ""Reference-only name; not approved for resolution""}]",False,https://beian.cfdi.org.cn/CTMDS/pub/PUB010100.do?method=handle06&curPage=1&pageSize=100,2026-09-05,"Snapshot identity only; not all aliases, trial participation or current eligibility"
cnha-cfdi-13cd3688c0a8033335a695c8d55c6e3d,长沙市第一医院,药临床机构备字2020000809,filed,confirmed_against_filing_snapshot,,deferred_not_required_for_identity,0,"[{""hospital_id"": ""cnha-cfdi-13cd3688c0a8033335a695c8d55c6e3d"", ""official_name"": ""长沙市第一医院"", ""candidate_alias"": ""The First Hospital of Changsha"", ""source_url"": ""https://ror.org/01sy5t684"", ""status"": ""review_required"", ""reason"": ""Reference-only name; not approved for resolution""}]",False,https://beian.cfdi.org.cn/CTMDS/pub/PUB010100.do?method=handle06&curPage=9&pageSize=100,2026-09-05,"Snapshot identity only; not all aliases, trial participation or current eligibility"
cnha-cfdi-13ce68efc0a803331eba87703e3eb680,内蒙古自治区精神卫生中心（内蒙古自治区第三医院、内蒙古自治区脑科医院）,药临床机构备字2026000015,filed,confirmed_against_filing_snapshot,,deferred_not_required_for_identity,0,[],False,https://beian.cfdi.org.cn/CTMDS/pub/PUB010100.do?method=handle06&curPage=19&pageSize=100,2026-09-05,"Snapshot identity only; not all aliases, trial participation or current eligibility"
cnha-cfdi-140a1c93c0a803334121d8ba8ffa768b,应急总医院,药临床机构备字2020000244,filed,confirmed_against_filing_snapshot,,deferred_not_required_for_identity,0,[],False,https://beian.cfdi.org.cn/CTMDS/pub/PUB010100.do?method=handle06&curPage=4&pageSize=100,2026-09-05,"Snapshot identity only; not all aliases, trial participation or current eligibility"
cnha-cfdi-140c2c6dc0a803335ca95ef2d57d3156,杭州市红十字会医院,药临床机构备字2021000060,filed,confirmed_against_filing_snapshot,,deferred_not_required_for_identity,0,"[{""hospital_id"": ""cnha-cfdi-140c2c6dc0a803335ca95ef2d57d3156"", ""official_name"": ""杭州市红十字会医院"", ""candidate_alias"": ""Hangzhou Charity Hospital"", ""source_url"": ""https://ror.org/03mh75s52"", ""status"": ""review_required"", ""reason"": ""Reference-only name; not approved for resolution""}, {""hospital_id"": ""cnha-cfdi-140c2c6dc0a803335ca95ef2d57d3156"", ""official_name"": ""杭州市红十字会医院"", ""candidate_alias"": ""Hangzhou Red Cross Hospital"", ""source_url"": ""https://ror.org/03mh75s52"", ""status"": ""review_required"", ""reason"": ""Reference-only name; not approved for resolution""}, {""hospital_id"": ""cnha-cfdi-140c2c6dc0a803335ca95ef2d57d3156"", ""official_name"": ""杭州市红十字会医院"", ""candidate_alias"": ""Zhejiang Province Traditional Chinese Medicine Hospital"", ""source_url"": ""https://ror.org/03mh75s52"", ""status"": ""review_required"", ""reason"": ""Reference-only name; not approved for resolution""}]",False,https://beian.cfdi.org.cn/CTMDS/pub/PUB010100.do?method=handle06&curPage=11&pageSize=100,2026-09-05,"Snapshot identity only; not all aliases, trial participation or current eligibility"
cnha-cfdi-1420d698c0a8033363bf75fbbce59853,首都医科大学附属北京中医医院,药临床机构备字2020000043,filed,confirmed_against_filing_snapshot,,deferred_not_required_for_identity,0,[],False,https://beian.cfdi.org.cn/CTMDS/pub/PUB010100.do?method=handle06&curPage=2&pageSize=100,2026-09-05,"Snapshot identity only; not all aliases, trial participation or current eligibility"
cnha-cfdi-14890a1fc0a803337220725104ffdb15,中国中医科学院广安门医院保定医院 （保定市第一中医院）,药临床机构备字2020000683,filed,confirmed_against_filing_snapshot,,deferred_not_required_for_identity,2,[],False,https://beian.cfdi.org.cn/CTMDS/pub/PUB010100.do?method=handle06&curPage=8&pageSize=100,2026-09-05,"Snapshot identity only; not all aliases, trial participation or current eligibility"
cnha-cfdi-148bb0d3c0a803332d1655e00a494c06,成都市龙泉驿区第一人民医院,药临床机构备字2021000112,filed,confirmed_against_filing_snapshot,,deferred_not_required_for_identity,0,[],False,https://beian.cfdi.org.cn/CTMDS/pub/PUB010100.do?method=handle06&curPage=11&pageSize=100,2026-09-05,"Snapshot identity only; not all aliases, trial participation or current eligibility"
cnha-cfdi-148e6748c0a803337277fdfb7112ece2,宣汉县人民医院,药临床机构备字2020000061,filed,confirmed_against_filing_snapshot,,deferred_not_required_for_identity,0,[],False,https://beian.cfdi.org.cn/CTMDS/pub/PUB010100.do?method=handle06&curPage=2&pageSize=100,2026-09-05,"Snapshot identity only; not all aliases, trial participation or current eligibility"
cnha-cfdi-1498fcd6c0a803333d45605047d19db1,寿光综合医院,药临床机构备字2025000152,filed,confirmed_against_filing_snapshot,,deferred_not_required_for_identity,0,[],False,https://beian.cfdi.org.cn/CTMDS/pub/PUB010100.do?method=handle06&curPage=18&pageSize=100,2026-09-05,"Snapshot identity only; not all aliases, trial participation or current eligibility"
cnha-cfdi-14eee6b9c0a803333bb0df60448de8df,云南省曲靖中心医院、曲靖市第一人民医院、云南省曲靖中心医院互联网医院,药临床机构备字2021000018,filed,confirmed_against_filing_snapshot,,deferred_not_required_for_identity,2,"[{""hospital_id"": ""cnha-cfdi-14eee6b9c0a803333bb0df60448de8df"", ""official_name"": ""云南省曲靖中心医院、曲靖市第一人民医院、云南省曲靖中心医院互联网医院"", ""candidate_alias"": ""云南省曲靖中心医院互联网医院"", ""source_url"": ""https://beian.cfdi.org.cn/CTMDS/pub/PUB010100.do?method=handle06&curPage=10&pageSize=100"", ""status"": ""review_required"", ""reason"": ""Reference-only name; not approved for resolution""}]",False,https://beian.cfdi.org.cn/CTMDS/pub/PUB010100.do?method=handle06&curPage=10&pageSize=100,2026-09-05,"Snapshot identity only; not all aliases, trial participation or current eligibility"
cnha-cfdi-14f5f710c0a803336ca1e660a32e0e92,山东第一医科大学附属青岛眼科医院,药临床机构备字2020000680,filed,confirmed_against_filing_snapshot,,deferred_not_required_for_identity,0,[],False,https://beian.cfdi.org.cn/CTMDS/pub/PUB010100.do?method=handle06&curPage=7&pageSize=100,2026-09-05,"Snapshot identity only; not all aliases, trial participation or current eligibility"
cnha-cfdi-14f98835c0a8033379ddb915cbbb848e,温州市人民医院,药临床机构备字2020000016,filed,confirmed_against_filing_snapshot,,deferred_not_required_for_identity,0,"[{""hospital_id"": ""cnha-cfdi-14f98835c0a8033379ddb915cbbb848e"", ""official_name"": ""温州市人民医院"", ""candidate_alias"": ""Charity Catholic Church hospital"", ""source_url"": ""https://ror.org/04jmysw33"", ""status"": ""review_required"", ""reason"": ""Reference-only name; not approved for resolution""}, {""hospital_id"": ""cnha-cfdi-14f98835c0a8033379ddb915cbbb848e"", ""official_name"": ""温州市人民医院"", ""candidate_alias"": ""Wenzhou City People's Hospital"", ""source_url"": ""https://ror.org/04jmysw33"", ""status"": ""review_required"", ""reason"": ""Reference-only name; not approved for resolution""}, {""hospital_id"": ""cnha-cfdi-14f98835c0a8033379ddb915cbbb848e"", ""official_name"": ""温州市人民医院"", ""candidate_alias"": ""Wenzhou Third People's Hospital"", ""source_url"": ""https://ror.org/04jmysw33"", ""status"": ""review_required"", ""reason"": ""Reference-only name; not approved for resolution""}]",False,https://beian.cfdi.org.cn/CTMDS/pub/PUB010100.do?method=handle06&curPage=1&pageSize=100,2026-09-05,"Snapshot identity only; not all aliases, trial participation or current eligibility"
cnha-cfdi-153d90a9c0a803332301550d412c03cb,重庆市精神卫生中心,药临床机构备字2020000047,filed,confirmed_against_filing_snapshot,,deferred_not_required_for_identity,0,[],False,https://beian.cfdi.org.cn/CTMDS/pub/PUB010100.do?method=handle06&curPage=2&pageSize=100,2026-09-05,"Snapshot identity only; not all aliases, trial participation or current eligibility"
cnha-cfdi-15de13f3c0a80333056d46e5aa3af4e5,齐齐哈尔医学院附属第三医院,药临床机构备字2020000654,filed,confirmed_against_filing_snapshot,,deferred_not_required_for_identity,0,[],False,https://beian.cfdi.org.cn/CTMDS/pub/PUB010100.do?method=handle06&curPage=7&pageSize=100,2026-09-05,"Snapshot identity only; not all aliases, trial participation or current eligibility"
cnha-cfdi-15fc9e59c0a80333210d54086f49c889,崇左市人民医院,药临床机构备字2023000214,filed,confirmed_against_filing_snapshot,,deferred_not_required_for_identity,0,[],False,https://beian.cfdi.org.cn/CTMDS/pub/PUB010100.do?method=handle06&curPage=15&pageSize=100,2026-09-05,"Snapshot identity only; not all aliases, trial participation or current eligibility"
cnha-cfdi-1646cf5ec0a8033376a10b15ec8a42e2,郯城县第一人民医院,药临床机构备字2020000966,filed,confirmed_against_filing_snapshot,,deferred_not_required_for_identity,0,[],False,https://beian.cfdi.org.cn/CTMDS/pub/PUB010100.do?method=handle06&curPage=10&pageSize=100,2026-09-05,"Snapshot identity only; not all aliases, trial participation or current eligibility"
cnha-cfdi-16527b40c0a8033363fe063fe8545713,北京市平谷区医院,药临床机构备字2020000242,filed,confirmed_against_filing_snapshot,,deferred_not_required_for_identity,0,[],False,https://beian.cfdi.org.cn/CTMDS/pub/PUB010100.do?method=handle06&curPage=4&pageSize=100,2026-09-05,"Snapshot identity only; not all aliases, trial participation or current eligibility"
cnha-cfdi-1672b40dc0a803336b328b771bfa0c19,北京中医药大学东方医院,药临床机构备字2020000373,filed,confirmed_against_filing_snapshot,,deferred_not_required_for_identity,0,[],False,https://beian.cfdi.org.cn/CTMDS/pub/PUB010100.do?method=handle06&curPage=5&pageSize=100,2026-09-05,"Snapshot identity only; not all aliases, trial participation or current eligibility"
cnha-cfdi-167be9c9c0a8033309e0e04353744577,海南西部中心医院(儋州市第一人民医院、海南省西部区域医疗中心),药临床机构备字2026000097,filed,confirmed_against_filing_snapshot,,deferred_not_required_for_identity,0,[],False,https://beian.cfdi.org.cn/CTMDS/pub/PUB010100.do?method=handle06&curPage=20&pageSize=100,2026-09-05,"Snapshot identity only; not all aliases, trial participation or current eligibility"
cnha-cfdi-167ff9e6c0a8033330c5f4f8493652cf,泰州市中医院,药临床机构备字2020000259,filed,confirmed_against_filing_snapshot,,deferred_not_required_for_identity,0,[],False,https://beian.cfdi.org.cn/CTMDS/pub/PUB010100.do?method=handle06&curPage=4&pageSize=100,2026-09-05,"Snapshot identity only; not all aliases, trial participation or current eligibility"
cnha-cfdi-168a48d3c0a8033313f5bb254f89a644,柳州市妇幼保健院,药临床机构备字2020000972,filed,confirmed_against_filing_snapshot,,deferred_not_required_for_identity,0,"[{""hospital_id"": ""cnha-cfdi-168a48d3c0a8033313f5bb254f89a644"", ""official_name"": ""柳州市妇幼保健院"", ""candidate_alias"": ""Liuzhou MCH"", ""source_url"": ""https://ror.org/00fbwv278"", ""status"": ""review_required"", ""reason"": ""Reference-only name; not approved for resolution""}, {""hospital_id"": ""cnha-cfdi-168a48d3c0a8033313f5bb254f89a644"", ""official_name"": ""柳州市妇幼保健院"", ""candidate_alias"": ""Liuzhou Maternal and Child Health Hospital"", ""source_url"": ""https://ror.org/00fbwv278"", ""status"": ""review_required"", ""reason"": ""Reference-only name; not approved for resolution""}]",False,https://beian.cfdi.org.cn/CTMDS/pub/PUB010100.do?method=handle06&curPage=10&pageSize=100,2026-09-05,"Snapshot identity only; not all aliases, trial participation or current eligibility"
cnha-cfdi-16da30a1c0a80333093840cbb76504fe,宝鸡市中心医院,药临床机构备字2020000759,filed,confirmed_against_filing_snapshot,,deferred_not_required_for_identity,0,"[{""hospital_id"": ""cnha-cfdi-16da30a1c0a80333093840cbb76504fe"", ""official_name"": ""宝鸡市中心医院"", ""candidate_alias"": ""Baoji City Central Hospital"", ""source_url"": ""https://ror.org/05xfh8p29"", ""status"": ""review_required"", ""reason"": ""Reference-only name; not approved for resolution""}]",False,https://beian.cfdi.org.cn/CTMDS/pub/PUB010100.do?method=handle06&curPage=8&pageSize=100,2026-09-05,"Snapshot identity only; not all aliases, trial participation or current eligibility"
cnha-cfdi-1706463dc0a803334a5fa341a33adedd,威海市中心医院,药临床机构备字2020000959,filed,confirmed_against_filing_snapshot,,deferred_not_required_for_identity,0,[],False,https://beian.cfdi.org.cn/CTMDS/pub/PUB010100.do?method=handle06&curPage=10&pageSize=100,2026-09-05,"Snapshot identity only; not all aliases, trial participation or current eligibility"
cnha-cfdi-172d5f99c0a8033318c60f77df51a4fc,河北工程大学附属医院,药临床机构备字2020000339,filed,confirmed_against_filing_snapshot,,deferred_not_required_for_identity,0,[],False,https://beian.cfdi.org.cn/CTMDS/pub/PUB010100.do?method=handle06&curPage=4&pageSize=100,2026-09-05,"Snapshot identity only; not all aliases, trial participation or current eligibility"
cnha-cfdi-176c6b9ac0a80333499e44d94c9e2274,广东医科大学附属第二医院,药临床机构备字2024000011,filed,confirmed_against_filing_snapshot,,deferred_not_required_for_identity,0,[],False,https://beian.cfdi.org.cn/CTMDS/pub/PUB010100.do?method=handle06&curPage=15&pageSize=100,2026-09-05,"Snapshot identity only; not all aliases, trial participation or current eligibility"
cnha-cfdi-17734c2ac0a8033339f22aa99f71540e,厦门市中医院,药临床机构备字2020000778,filed,confirmed_against_filing_snapshot,,deferred_not_required_for_identity,0,[],False,https://beian.cfdi.org.cn/CTMDS/pub/PUB010100.do?method=handle06&curPage=8&pageSize=100,2026-09-05,"Snapshot identity only; not all aliases, trial participation or current eligibility"
cnha-cfdi-1778cb29c0a8033347bc4465145c1fd6,辽宁中医药大学附属医院,药临床机构备字2019000098,filed,confirmed_against_filing_snapshot,,deferred_not_required_for_identity,0,[],False,https://beian.cfdi.org.cn/CTMDS/pub/PUB010100.do?method=handle06&curPage=1&pageSize=100,2026-09-05,"Snapshot identity only; not all aliases, trial participation or current eligibility"
cnha-cfdi-17863a03c0a803336d8f6df97549f453,中山大学中山眼科中心海南眼科医院,药临床机构备字2020000611,filed,confirmed_against_filing_snapshot,,deferred_not_required_for_identity,0,"[{""hospital_id"": ""cnha-cfdi-17863a03c0a803336d8f6df97549f453"", ""official_name"": ""中山大学中山眼科中心海南眼科医院"", ""candidate_alias"": ""Hainan Eye Hospital"", ""source_url"": ""https://ror.org/03k18qw23"", ""status"": ""review_required"", ""reason"": ""Reference-only name; not approved for resolution""}]",False,https://beian.cfdi.org.cn/CTMDS/pub/PUB010100.do?method=handle06&curPage=7&pageSize=100,2026-09-05,"Snapshot identity only; not all aliases, trial participation or current eligibility"
cnha-cfdi-178e4af7c0a80333007a1e99b7a2da53,广西壮族自治区人民医院,药临床机构备字2020000564,filed,confirmed_against_filing_snapshot,,deferred_not_required_for_identity,0,"[{""hospital_id"": ""cnha-cfdi-178e4af7c0a80333007a1e99b7a2da53"", ""official_name"": ""广西壮族自治区人民医院"", ""candidate_alias"": ""The People's Hospital of Guangxi Zhuang Autonomous Region"", ""source_url"": ""https://ror.org/02aa8kj12"", ""status"": ""review_required"", ""reason"": ""Reference-only name; not approved for resolution""}]",False,https://beian.cfdi.org.cn/CTMDS/pub/PUB010100.do?method=handle06&curPage=7&pageSize=100,2026-09-05,"Snapshot identity only; not all aliases, trial participation or current eligibility"
cnha-cfdi-1791edfac0a8033300fd32062200ef03,滑县人民医院,药临床机构备字2022000051,filed,confirmed_against_filing_snapshot,,deferred_not_required_for_identity,0,[],False,https://beian.cfdi.org.cn/CTMDS/pub/PUB010100.do?method=handle06&curPage=12&pageSize=100,2026-09-05,"Snapshot identity only; not all aliases, trial participation or current eligibility"
cnha-cfdi-179bc7ccc0a803332bdb45204550353a,吉林大学中日联谊医院,药临床机构备字2020000457,filed,confirmed_against_filing_snapshot,,deferred_not_required_for_identity,0,[],False,https://beian.cfdi.org.cn/CTMDS/pub/PUB010100.do?method=handle06&curPage=6&pageSize=100,2026-09-05,"Snapshot identity only; not all aliases, trial participation or current eligibility"
cnha-cfdi-17b00126c0a803337541510bfc74d2fa,玉林市红十字会医院,药临床机构备字2023000012,filed,confirmed_against_filing_snapshot,,deferred_not_required_for_identity,0,[],False,https://beian.cfdi.org.cn/CTMDS/pub/PUB010100.do?method=handle06&curPage=13&pageSize=100,2026-09-05,"Snapshot identity only; not all aliases, trial participation or current eligibility"
cnha-cfdi-17b5389ac0a803330905d83b03a684c5,河南中医药大学第一附属医院,药临床机构备字2020000318,filed,confirmed_against_filing_snapshot,,deferred_not_required_for_identity,0,"[{""hospital_id"": ""cnha-cfdi-17b5389ac0a803330905d83b03a684c5"", ""official_name"": ""河南中医药大学第一附属医院"", ""candidate_alias"": ""First Affiliated Hospital of Henan University of TCM"", ""source_url"": ""https://ror.org/059c9vn90"", ""status"": ""review_required"", ""reason"": ""Reference-only name; not approved for resolution""}, {""hospital_id"": ""cnha-cfdi-17b5389ac0a803330905d83b03a684c5"", ""official_name"": ""河南中医药大学第一附属医院"", ""candidate_alias"": ""First Affiliated Hospital of Henan University of Traditional Chinese Medicine"", ""source_url"": ""https://ror.org/059c9vn90"", ""status"": ""review_required"", ""reason"": ""Reference-only name; not approved for resolution""}, {""hospital_id"": ""cnha-cfdi-17b5389ac0a803330905d83b03a684c5"", ""official_name"": ""河南中医药大学第一附属医院"", ""candidate_alias"": ""河南中医学院第一医院"", ""source_url"": ""https://ror.org/059c9vn90"", ""status"": ""review_required"", ""reason"": ""Reference-only name; not approved for resolution""}]",False,https://beian.cfdi.org.cn/CTMDS/pub/PUB010100.do?method=handle06&curPage=4&pageSize=100,2026-09-05,"Snapshot identity only; not all aliases, trial participation or current eligibility"
cnha-cfdi-17badd7fc0a8033348429f2c890ae1f6,浙江大学医学院附属第二医院,药临床机构备字2020000192,filed,confirmed_against_filing_snapshot,The Second Affiliated Hospital Zhejiang University School of Medicine,source_reviewed,2,[],False,https://beian.cfdi.org.cn/CTMDS/pub/PUB010100.do?method=handle06&curPage=3&pageSize=100,2026-09-05,"Snapshot identity only; not all aliases, trial participation or current eligibility"
cnha-cfdi-17bec32fc0a803333814e964f332e0d0,南昌市人民医院,药临床机构备字2020000828,filed,confirmed_against_filing_snapshot,,deferred_not_required_for_identity,0,[],False,https://beian.cfdi.org.cn/CTMDS/pub/PUB010100.do?method=handle06&curPage=9&pageSize=100,2026-09-05,"Snapshot identity only; not all aliases, trial participation or current eligibility"
cnha-cfdi-17c9c043c0a803330faf5ff5d6ea395b,甘肃省中医院,药临床机构备字2020000610,filed,confirmed_against_filing_snapshot,,deferred_not_required_for_identity,0,"[{""hospital_id"": ""cnha-cfdi-17c9c043c0a803330faf5ff5d6ea395b"", ""official_name"": ""甘肃省中医院"", ""candidate_alias"": ""Gansu Provincial Hospital of TCM"", ""source_url"": ""https://ror.org/03j8e1479"", ""status"": ""review_required"", ""reason"": ""Reference-only name; not approved for resolution""}]",False,https://beian.cfdi.org.cn/CTMDS/pub/PUB010100.do?method=handle06&curPage=7&pageSize=100,2026-09-05,"Snapshot identity only; not all aliases, trial participation or current eligibility"
cnha-cfdi-17ca4eccc0a80333325d29e08cc9b173,东莞市第六人民医院(东莞市皮肤病医院、东莞市职业病防治院、东莞市结核病防治院、东莞市第六人民医院互联网医院),药临床机构备字2023000230,filed,confirmed_against_filing_snapshot,,deferred_not_required_for_identity,0,[],False,https://beian.cfdi.org.cn/CTMDS/pub/PUB010100.do?method=handle06&curPage=15&pageSize=100,2026-09-05,"Snapshot identity only; not all aliases, trial participation or current eligibility"
cnha-cfdi-17eb92edc0a8033306661aeb1fabe07a,延津县人民医院,药临床机构备字2026000098,filed,confirmed_against_filing_snapshot,,deferred_not_required_for_identity,0,[],False,https://beian.cfdi.org.cn/CTMDS/pub/PUB010100.do?method=handle06&curPage=20&pageSize=100,2026-09-05,"Snapshot identity only; not all aliases, trial participation or current eligibility"
cnha-cfdi-17f89c91c0a803332986f43abfbfd4be,陕西省中医医院,药临床机构备字2020000502,filed,confirmed_against_filing_snapshot,,deferred_not_required_for_identity,0,[],False,https://beian.cfdi.org.cn/CTMDS/pub/PUB010100.do?method=handle06&curPage=6&pageSize=100,2026-09-05,"Snapshot identity only; not all aliases, trial participation or current eligibility"
cnha-cfdi-180aa805c0a80333187e9fbe2fc680c1,桂林市中医医院,药临床机构备字2026000136,filed,confirmed_against_filing_snapshot,,deferred_not_required_for_identity,0,[],False,https://beian.cfdi.org.cn/CTMDS/pub/PUB010100.do?method=handle06&curPage=20&pageSize=100,2026-09-05,"Snapshot identity only; not all aliases, trial participation or current eligibility"
cnha-cfdi-18193aa6c0a803330225f0e974d6ad3f,深圳市南山区人民医院,药临床机构备字2020000336,filed,confirmed_against_filing_snapshot,,deferred_not_required_for_identity,0,[],False,https://beian.cfdi.org.cn/CTMDS/pub/PUB010100.do?method=handle06&curPage=4&pageSize=100,2026-09-05,"Snapshot identity only; not all aliases, trial participation or current eligibility"
cnha-cfdi-181b0ef4c0a80333509a395ca6798f9e,中国人民解放军南部战区空军医院,药临床机构备字2026000018,filed,confirmed_against_filing_snapshot,,deferred_not_required_for_identity,0,[],False,https://beian.cfdi.org.cn/CTMDS/pub/PUB010100.do?method=handle06&curPage=19&pageSize=100,2026-09-05,"Snapshot identity only; not all aliases, trial participation or current eligibility"
cnha-cfdi-1824f9bdc0a803331a93870dbb8e2b7d,唐山中心医院,药临床机构备字2022000069,filed,confirmed_against_filing_snapshot,,deferred_not_required_for_identity,0,[],False,https://beian.cfdi.org.cn/CTMDS/pub/PUB010100.do?method=handle06&curPage=12&pageSize=100,2026-09-05,"Snapshot identity only; not all aliases, trial participation or current eligibility"
cnha-cfdi-1828eb4dc0a8033301b85249f960d1c9,上海市同仁医院,药临床机构备字2020000466,filed,confirmed_against_filing_snapshot,,deferred_not_required_for_identity,0,[],False,https://beian.cfdi.org.cn/CTMDS/pub/PUB010100.do?method=handle06&curPage=6&pageSize=100,2026-09-05,"Snapshot identity only; not all aliases, trial participation or current eligibility"
cnha-cfdi-18405b6cc0a8033302f834e912aa5eed,泰安八十八医院,药临床机构备字2025000278,filed,confirmed_against_filing_snapshot,,deferred_not_required_for_identity,0,[],False,https://beian.cfdi.org.cn/CTMDS/pub/PUB010100.do?method=handle06&curPage=19&pageSize=100,2026-09-05,"Snapshot identity only; not all aliases, trial participation or current eligibility"
cnha-cfdi-184ca4e8c0a80333272a38bd4b13273c,东台市中医院,药临床机构备字2026000056,filed,confirmed_against_filing_snapshot,,deferred_not_required_for_identity,0,[],False,https://beian.cfdi.org.cn/CTMDS/pub/PUB010100.do?method=handle06&curPage=20&pageSize=100,2026-09-05,"Snapshot identity only; not all aliases, trial participation or current eligibility"
cnha-cfdi-185fd820c0a803336e62e2b6638280c9,昆明同仁医院,药临床机构备字2023000153,filed,confirmed_against_filing_snapshot,,deferred_not_required_for_identity,0,"[{""hospital_id"": ""cnha-cfdi-185fd820c0a803336e62e2b6638280c9"", ""official_name"": ""昆明同仁医院"", ""candidate_alias"": ""Kunming Tongren Hospital"", ""source_url"": ""https://ror.org/00sash423"", ""status"": ""review_required"", ""reason"": ""Reference-only name; not approved for resolution""}]",False,https://beian.cfdi.org.cn/CTMDS/pub/PUB010100.do?method=handle06&curPage=14&pageSize=100,2026-09-05,"Snapshot identity only; not all aliases, trial participation or current eligibility"
cnha-cfdi-18cb6e9ac0a8033363b0753f3cba5eee,广州医科大学附属市八医院(广州市第八人民医院、广州市肝病医院、广州市第八人民医院互联网医院）,药临床机构备字2020000388,filed,confirmed_against_filing_snapshot,,deferred_not_required_for_identity,3,"[{""hospital_id"": ""cnha-cfdi-18cb6e9ac0a8033363b0753f3cba5eee"", ""official_name"": ""广州医科大学附属市八医院(广州市第八人民医院、广州市肝病医院、广州市第八人民医院互联网医院）"", ""candidate_alias"": ""广州市第八人民医院互联网医院"", ""source_url"": ""https://beian.cfdi.org.cn/CTMDS/pub/PUB010100.do?method=handle06&curPage=5&pageSize=100"", ""status"": ""review_required"", ""reason"": ""Reference-only name; not approved for resolution""}, {""hospital_id"": ""cnha-cfdi-18cb6e9ac0a8033363b0753f3cba5eee"", ""official_name"": ""广州医科大学附属市八医院(广州市第八人民医院、广州市肝病医院、广州市第八人民医院互联网医院）"", ""candidate_alias"": ""Guangzhou Eighth People's Hospital"", ""source_url"": ""https://ror.org/0534awx66"", ""status"": ""review_required"", ""reason"": ""Reference-only name; not approved for resolution""}]",False,https://beian.cfdi.org.cn/CTMDS/pub/PUB010100.do?method=handle06&curPage=5&pageSize=100,2026-09-05,"Snapshot identity only; not all aliases, trial participation or current eligibility"
cnha-cfdi-18d590ccc0a803334105fe9f60a8f817,九江学院第二附属医院,药临床机构备字2026000052,filed,confirmed_against_filing_snapshot,,deferred_not_required_for_identity,0,[],False,https://beian.cfdi.org.cn/CTMDS/pub/PUB010100.do?method=handle06&curPage=20&pageSize=100,2026-09-05,"Snapshot identity only; not all aliases, trial participation or current eligibility"
cnha-cfdi-18e1e4e6c0a8033309dd544ae217ced3,复旦大学附属金山医院,药临床机构备字2020000298,filed,confirmed_against_filing_snapshot,Jinshan Hospital of Fudan University,source_reviewed,1,[],False,https://beian.cfdi.org.cn/CTMDS/pub/PUB010100.do?method=handle06&curPage=4&pageSize=100,2026-09-05,"Snapshot identity only; not all aliases, trial participation or current eligibility"
cnha-cfdi-18f7fa79c0a803330152598487d9a925,西安市第三医院,药临床机构备字2023000014,filed,confirmed_against_filing_snapshot,,deferred_not_required_for_identity,0,[],False,https://beian.cfdi.org.cn/CTMDS/pub/PUB010100.do?method=handle06&curPage=13&pageSize=100,2026-09-05,"Snapshot identity only; not all aliases, trial participation or current eligibility"
cnha-cfdi-190386fcc0a803330e2442e89ea33fa7,广元市第一人民医院,药临床机构备字2022000038,filed,confirmed_against_filing_snapshot,,deferred_not_required_for_identity,0,"[{""hospital_id"": ""cnha-cfdi-190386fcc0a803330e2442e89ea33fa7"", ""official_name"": ""广元市第一人民医院"", ""candidate_alias"": ""First People's Hospital of Guangyuan"", ""source_url"": ""https://ror.org/004v3m339"", ""status"": ""review_required"", ""reason"": ""Reference-only name; not approved for resolution""}, {""hospital_id"": ""cnha-cfdi-190386fcc0a803330e2442e89ea33fa7"", ""official_name"": ""广元市第一人民医院"", ""candidate_alias"": ""Guangyuan First People's Hospital"", ""source_url"": ""https://ror.org/004v3m339"", ""status"": ""review_required"", ""reason"": ""Reference-only name; not approved for resolution""}, {""hospital_id"": ""cnha-cfdi-190386fcc0a803330e2442e89ea33fa7"", ""official_name"": ""广元市第一人民医院"", ""candidate_alias"": ""The First People's Hospital of Guangyuan"", ""source_url"": ""https://ror.org/004v3m339"", ""status"": ""review_required"", ""reason"": ""Reference-only name; not approved for resolution""}]",False,https://beian.cfdi.org.cn/CTMDS/pub/PUB010100.do?method=handle06&curPage=12&pageSize=100,2026-09-05,"Snapshot identity only; not all aliases, trial participation or current eligibility"
cnha-cfdi-1907957fc0a8033367635446b4ced5da,赣州市肿瘤医院,药临床机构备字2020000801,filed,confirmed_against_filing_snapshot,,deferred_not_required_for_identity,0,[],False,https://beian.cfdi.org.cn/CTMDS/pub/PUB010100.do?method=handle06&curPage=9&pageSize=100,2026-09-05,"Snapshot identity only; not all aliases, trial participation or current eligibility"
cnha-cfdi-190e0217c0a8033374700db6d77f8542,山东省疾病预防控制中心,药临床机构备字2022000021,filed,confirmed_against_filing_snapshot,,deferred_not_required_for_identity,0,[],False,https://beian.cfdi.org.cn/CTMDS/pub/PUB010100.do?method=handle06&curPage=12&pageSize=100,2026-09-05,"Snapshot identity only; not all aliases, trial participation or current eligibility"
cnha-cfdi-1916a43fc0a8033355bffcaa27811d3f,南通市精神卫生中心(南通市第四人民医院、南通市脑科医院、南通市精神卫生中心互联网医院),药临床机构备字2023000203,filed,confirmed_against_filing_snapshot,,deferred_not_required_for_identity,0,[],False,https://beian.cfdi.org.cn/CTMDS/pub/PUB010100.do?method=handle06&curPage=15&pageSize=100,2026-09-05,"Snapshot identity only; not all aliases, trial participation or current eligibility"
cnha-cfdi-192a1b8ec0a80333007edc7da9e43603,郑州市第八人民医院,药临床机构备字2026000111,filed,confirmed_against_filing_snapshot,,deferred_not_required_for_identity,0,[],False,https://beian.cfdi.org.cn/CTMDS/pub/PUB010100.do?method=handle06&curPage=20&pageSize=100,2026-09-05,"Snapshot identity only; not all aliases, trial participation or current eligibility"
cnha-cfdi-193ace68c0a8033329e9bd356ae77e76,唐山市工人医院,药临床机构备字2021000074,filed,confirmed_against_filing_snapshot,,deferred_not_required_for_identity,0,[],False,https://beian.cfdi.org.cn/CTMDS/pub/PUB010100.do?method=handle06&curPage=11&pageSize=100,2026-09-05,"Snapshot identity only; not all aliases, trial participation or current eligibility"
cnha-cfdi-1943cbbec0a8033322e3dce9e2583b0b,东阳市人民医院,药临床机构备字2020000839,filed,confirmed_against_filing_snapshot,,deferred_not_required_for_identity,0,[],False,https://beian.cfdi.org.cn/CTMDS/pub/PUB010100.do?method=handle06&curPage=9&pageSize=100,2026-09-05,"Snapshot identity only; not all aliases, trial participation or current eligibility"
cnha-cfdi-19722fe3c0a803335c1fe9a5841bcb7a,桂林市人民医院,药临床机构备字2020000848,filed,confirmed_against_filing_snapshot,,deferred_not_required_for_identity,0,[],False,https://beian.cfdi.org.cn/CTMDS/pub/PUB010100.do?method=handle06&curPage=9&pageSize=100,2026-09-05,"Snapshot identity only; not all aliases, trial participation or current eligibility"
cnha-cfdi-198163a3c0a8033331284f5edb188170,中国人民解放军总医院第八医学中心,药临床机构备字2020000396,filed,confirmed_against_filing_snapshot,,deferred_not_required_for_identity,0,[],False,https://beian.cfdi.org.cn/CTMDS/pub/PUB010100.do?method=handle06&curPage=5&pageSize=100,2026-09-05,"Snapshot identity only; not all aliases, trial participation or current eligibility"
cnha-cfdi-19970e04c0a80333422e554e7ba42bc6,天台县人民医院,药临床机构备字2024000090,filed,confirmed_against_filing_snapshot,,deferred_not_required_for_identity,0,[],False,https://beian.cfdi.org.cn/CTMDS/pub/PUB010100.do?method=handle06&curPage=16&pageSize=100,2026-09-05,"Snapshot identity only; not all aliases, trial participation or current eligibility"
cnha-cfdi-19a53ca3c0a80333786702fab1fece99,宁夏回族自治区人民医院,药临床机构备字2019000028,filed,confirmed_against_filing_snapshot,,deferred_not_required_for_identity,0,"[{""hospital_id"": ""cnha-cfdi-19a53ca3c0a80333786702fab1fece99"", ""official_name"": ""宁夏回族自治区人民医院"", ""candidate_alias"": ""Ningxia Hui Autonomous Region Peoples Hospital"", ""source_url"": ""https://ror.org/01g8cdp94"", ""status"": ""review_required"", ""reason"": ""Reference-only name; not approved for resolution""}, {""hospital_id"": ""cnha-cfdi-19a53ca3c0a80333786702fab1fece99"", ""official_name"": ""宁夏回族自治区人民医院"", ""candidate_alias"": ""Ningxia Peoples Hospital"", ""source_url"": ""https://ror.org/01g8cdp94"", ""status"": ""review_required"", ""reason"": ""Reference-only name; not approved for resolution""}]",False,https://beian.cfdi.org.cn/CTMDS/pub/PUB010100.do?method=handle06&curPage=1&pageSize=100,2026-09-05,"Snapshot identity only; not all aliases, trial participation or current eligibility"
cnha-cfdi-19a95a27c0a8033344973511ed6bcab2,遂溪县人民医院,药临床机构备字2024000264,filed,confirmed_against_filing_snapshot,,deferred_not_required_for_identity,0,[],False,https://beian.cfdi.org.cn/CTMDS/pub/PUB010100.do?method=handle06&curPage=17&pageSize=100,2026-09-05,"Snapshot identity only; not all aliases, trial participation or current eligibility"
cnha-cfdi-19b7ef29c0a8033377e2af0315339747,周口永兴医院,药临床机构备字2025000081,filed,confirmed_against_filing_snapshot,,deferred_not_required_for_identity,0,[],False,https://beian.cfdi.org.cn/CTMDS/pub/PUB010100.do?method=handle06&curPage=18&pageSize=100,2026-09-05,"Snapshot identity only; not all aliases, trial participation or current eligibility"
cnha-cfdi-19cc8567c0a80333065eb186ff823080,醴陵市中医院(醴陵市一医院),药临床机构备字2025000064,filed,confirmed_against_filing_snapshot,,deferred_not_required_for_identity,2,[],False,https://beian.cfdi.org.cn/CTMDS/pub/PUB010100.do?method=handle06&curPage=18&pageSize=100,2026-09-05,"Snapshot identity only; not all aliases, trial participation or current eligibility"
cnha-cfdi-19d376dcc0a803332ef941e3d98754c0,中南大学湘雅二医院,药临床机构备字2020000438,filed,confirmed_against_filing_snapshot,The Second Xiangya Hospital of Central South University,source_reviewed,1,[],False,https://beian.cfdi.org.cn/CTMDS/pub/PUB010100.do?method=handle06&curPage=5&pageSize=100,2026-09-05,"Snapshot identity only; not all aliases, trial participation or current eligibility"
cnha-cfdi-19e0f103c0a803336ebd2c700e31ac50,常德市第一人民医院,药临床机构备字2020000747,filed,confirmed_against_filing_snapshot,,deferred_not_required_for_identity,0,"[{""hospital_id"": ""cnha-cfdi-19e0f103c0a803336ebd2c700e31ac50"", ""official_name"": ""常德市第一人民医院"", ""candidate_alias"": ""The First People's Hospital of Changde"", ""source_url"": ""https://ror.org/02h2ywm64"", ""status"": ""review_required"", ""reason"": ""Reference-only name; not approved for resolution""}]",False,https://beian.cfdi.org.cn/CTMDS/pub/PUB010100.do?method=handle06&curPage=8&pageSize=100,2026-09-05,"Snapshot identity only; not all aliases, trial participation or current eligibility"
cnha-cfdi-19f38b93c0a803335668768b1edb3c8f,上海市宝山区大场医院/上海交通大学医学院附属仁济医院宝山分院,药临床机构备字2026000014,filed,confirmed_against_filing_snapshot,,deferred_not_required_for_identity,0,[],False,https://beian.cfdi.org.cn/CTMDS/pub/PUB010100.do?method=handle06&curPage=19&pageSize=100,2026-09-05,"Snapshot identity only; not all aliases, trial participation or current eligibility"
cnha-cfdi-1aee15bfc0a803334b6f8c2eb7f1c545,北京市大兴区人民医院,药临床机构备字2022000150,filed,confirmed_against_filing_snapshot,,deferred_not_required_for_identity,0,[],False,https://beian.cfdi.org.cn/CTMDS/pub/PUB010100.do?method=handle06&curPage=13&pageSize=100,2026-09-05,"Snapshot identity only; not all aliases, trial participation or current eligibility"
cnha-cfdi-1afe040bc0a803331139421223856a6e,中山市人民医院,药临床机构备字2020000651,filed,confirmed_against_filing_snapshot,,deferred_not_required_for_identity,0,"[{""hospital_id"": ""cnha-cfdi-1afe040bc0a803331139421223856a6e"", ""official_name"": ""中山市人民医院"", ""candidate_alias"": ""Zhongshan People's Hospital"", ""source_url"": ""https://ror.org/01x5dfh38"", ""status"": ""review_required"", ""reason"": ""Reference-only name; not approved for resolution""}]",False,https://beian.cfdi.org.cn/CTMDS/pub/PUB010100.do?method=handle06&curPage=7&pageSize=100,2026-09-05,"Snapshot identity only; not all aliases, trial participation or current eligibility"
cnha-cfdi-1b0d359fc0a803334a1c241e97d2032c,南昌大学第二附属医院,药临床机构备字2019000055,filed,confirmed_against_filing_snapshot,,deferred_not_required_for_identity,0,"[{""hospital_id"": ""cnha-cfdi-1b0d359fc0a803334a1c241e97d2032c"", ""official_name"": ""南昌大学第二附属医院"", ""candidate_alias"": ""No.2 Affiliated Hospital of Nanchang University"", ""source_url"": ""https://ror.org/01nxv5c88"", ""status"": ""review_required"", ""reason"": ""Reference-only name; not approved for resolution""}, {""hospital_id"": ""cnha-cfdi-1b0d359fc0a803334a1c241e97d2032c"", ""official_name"": ""南昌大学第二附属医院"", ""candidate_alias"": ""Second Affiliated Hospital of Nanchang University"", ""source_url"": ""https://ror.org/01nxv5c88"", ""status"": ""review_required"", ""reason"": ""Reference-only name; not approved for resolution""}]",False,https://beian.cfdi.org.cn/CTMDS/pub/PUB010100.do?method=handle06&curPage=1&pageSize=100,2026-09-05,"Snapshot identity only; not all aliases, trial participation or current eligibility"
cnha-cfdi-1b186cdfc0a803336273d61fb341b8f1,洛阳市第三人民医院（洛阳职业技术学院第一附属医院）,药临床机构备字2020000872,filed,confirmed_against_filing_snapshot,,deferred_not_required_for_identity,2,[],False,https://beian.cfdi.org.cn/CTMDS/pub/PUB010100.do?method=handle06&curPage=9&pageSize=100,2026-09-05,"Snapshot identity only; not all aliases, trial participation or current eligibility"
cnha-cfdi-1b72ddd0c0a8033374b1791f5e1fde99,新泰市人民医院,药临床机构备字2024000212,filed,confirmed_against_filing_snapshot,,deferred_not_required_for_identity,0,"[{""hospital_id"": ""cnha-cfdi-1b72ddd0c0a8033374b1791f5e1fde99"", ""official_name"": ""新泰市人民医院"", ""candidate_alias"": ""Xintai People's Hospital"", ""source_url"": ""https://ror.org/02qyk0j27"", ""status"": ""review_required"", ""reason"": ""Reference-only name; not approved for resolution""}]",False,https://beian.cfdi.org.cn/CTMDS/pub/PUB010100.do?method=handle06&curPage=17&pageSize=100,2026-09-05,"Snapshot identity only; not all aliases, trial participation or current eligibility"
cnha-cfdi-1bb3c484c0a803334053d04d7f37b31c,甘肃爱尔眼视光医院,药临床机构备字2024000032,filed,confirmed_against_filing_snapshot,,deferred_not_required_for_identity,0,[],False,https://beian.cfdi.org.cn/CTMDS/pub/PUB010100.do?method=handle06&curPage=15&pageSize=100,2026-09-05,"Snapshot identity only; not all aliases, trial participation or current eligibility"
cnha-cfdi-1bc3ab14c0a80333668ce3abfba17653,青海省中医院,药临床机构备字2025000226,filed,confirmed_against_filing_snapshot,,deferred_not_required_for_identity,0,[],False,https://beian.cfdi.org.cn/CTMDS/pub/PUB010100.do?method=handle06&curPage=19&pageSize=100,2026-09-05,"Snapshot identity only; not all aliases, trial participation or current eligibility"
cnha-cfdi-1bd3b346c0a803330b01fa75ffa558e9,浙江大学医学院附属口腔医院,药临床机构备字2020000418,filed,confirmed_against_filing_snapshot,,deferred_not_required_for_identity,0,"[{""hospital_id"": ""cnha-cfdi-1bd3b346c0a803330b01fa75ffa558e9"", ""official_name"": ""浙江大学医学院附属口腔医院"", ""candidate_alias"": ""Zhejiang Province Stomatological Hospital"", ""source_url"": ""https://ror.org/02yk7ya44"", ""status"": ""review_required"", ""reason"": ""Reference-only name; not approved for resolution""}, {""hospital_id"": ""cnha-cfdi-1bd3b346c0a803330b01fa75ffa558e9"", ""official_name"": ""浙江大学医学院附属口腔医院"", ""candidate_alias"": ""Zhejiang University Medical College Affiliated Stomatological Hospital"", ""source_url"": ""https://ror.org/02yk7ya44"", ""status"": ""review_required"", ""reason"": ""Reference-only name; not approved for resolution""}]",False,https://beian.cfdi.org.cn/CTMDS/pub/PUB010100.do?method=handle06&curPage=5&pageSize=100,2026-09-05,"Snapshot identity only; not all aliases, trial participation or current eligibility"
cnha-cfdi-1c1749b8c0a803330ebb3ee56f55e717,怀化市脑科医院,药临床机构备字2026000151,filed,confirmed_against_filing_snapshot,,deferred_not_required_for_identity,0,[],False,https://beian.cfdi.org.cn/CTMDS/pub/PUB010100.do?method=handle06&curPage=21&pageSize=100,2026-09-05,"Snapshot identity only; not all aliases, trial participation or current eligibility"
cnha-cfdi-1c6ebf5cc0a803336a5211e2a5324b59,仙桃市第一人民医院,药临床机构备字2021000075,filed,confirmed_against_filing_snapshot,,deferred_not_required_for_identity,0,[],False,https://beian.cfdi.org.cn/CTMDS/pub/PUB010100.do?method=handle06&curPage=11&pageSize=100,2026-09-05,"Snapshot identity only; not all aliases, trial participation or current eligibility"
cnha-cfdi-1c85b7ccc0a803330ae4da8cf4aa78f4,广东省妇幼保健院（广东省妇产医院、广东省儿童医院）,药临床机构备字2020000281,filed,confirmed_against_filing_snapshot,,deferred_not_required_for_identity,3,[],False,https://beian.cfdi.org.cn/CTMDS/pub/PUB010100.do?method=handle06&curPage=4&pageSize=100,2026-09-05,"Snapshot identity only; not all aliases, trial participation or current eligibility"
cnha-cfdi-1c8837dec0a8033312450beb2dbc7712,中国人民解放军联勤保障部队第九二四医院,药临床机构备字2026000085,filed,confirmed_against_filing_snapshot,,deferred_not_required_for_identity,0,[],False,https://beian.cfdi.org.cn/CTMDS/pub/PUB010100.do?method=handle06&curPage=20&pageSize=100,2026-09-05,"Snapshot identity only; not all aliases, trial participation or current eligibility"
cnha-cfdi-1ca61623c0a8033361c003aa324e2fe3,中山大学附属第七医院（深圳）,药临床机构备字2021000058,filed,confirmed_against_filing_snapshot,,deferred_not_required_for_identity,0,[],False,https://beian.cfdi.org.cn/CTMDS/pub/PUB010100.do?method=handle06&curPage=11&pageSize=100,2026-09-05,"Snapshot identity only; not all aliases, trial participation or current eligibility"
cnha-cfdi-1ca94015c0a8033351a63365fdc1efe4,厦门市第三医院,药临床机构备字2026000152,filed,confirmed_against_filing_snapshot,,deferred_not_required_for_identity,0,[],False,https://beian.cfdi.org.cn/CTMDS/pub/PUB010100.do?method=handle06&curPage=21&pageSize=100,2026-09-05,"Snapshot identity only; not all aliases, trial participation or current eligibility"
cnha-cfdi-1cb05de4c0a803331f57dda558813370,上海市第四人民医院,药临床机构备字2020000845,filed,confirmed_against_filing_snapshot,,deferred_not_required_for_identity,0,[],False,https://beian.cfdi.org.cn/CTMDS/pub/PUB010100.do?method=handle06&curPage=9&pageSize=100,2026-09-05,"Snapshot identity only; not all aliases, trial participation or current eligibility"
cnha-cfdi-1cb7708bc0a803336aad451092c9832d,连云港市妇幼保健院,药临床机构备字2023000156,filed,confirmed_against_filing_snapshot,,deferred_not_required_for_identity,0,[],False,https://beian.cfdi.org.cn/CTMDS/pub/PUB010100.do?method=handle06&curPage=14&pageSize=100,2026-09-05,"Snapshot identity only; not all aliases, trial participation or current eligibility"
cnha-cfdi-1cbad98dc0a80333000721552813a6d8,无锡市妇幼保健院,药临床机构备字2022000018,filed,confirmed_against_filing_snapshot,,deferred_not_required_for_identity,0,[],False,https://beian.cfdi.org.cn/CTMDS/pub/PUB010100.do?method=handle06&curPage=12&pageSize=100,2026-09-05,"Snapshot identity only; not all aliases, trial participation or current eligibility"
cnha-cfdi-1cdcde2ec0a803337be20f40a1ee5257,衡阳市中心医院,药临床机构备字2022000014,filed,confirmed_against_filing_snapshot,,deferred_not_required_for_identity,0,[],False,https://beian.cfdi.org.cn/CTMDS/pub/PUB010100.do?method=handle06&curPage=12&pageSize=100,2026-09-05,"Snapshot identity only; not all aliases, trial participation or current eligibility"
cnha-cfdi-1cddfb03c0a803332664670577fb4a58,郑州大学第一附属医院,药临床机构备字2020000110,filed,confirmed_against_filing_snapshot,The First Affiliated Hospital of Zhengzhou University,source_reviewed,2,[],False,https://beian.cfdi.org.cn/CTMDS/pub/PUB010100.do?method=handle06&curPage=2&pageSize=100,2026-09-05,"Snapshot identity only; not all aliases, trial participation or current eligibility"
cnha-cfdi-1cea63e5c0a8033324e99c3a5bf43980,武汉市普仁医院,药临床机构备字2020000256,filed,confirmed_against_filing_snapshot,,deferred_not_required_for_identity,0,[],False,https://beian.cfdi.org.cn/CTMDS/pub/PUB010100.do?method=handle06&curPage=4&pageSize=100,2026-09-05,"Snapshot identity only; not all aliases, trial participation or current eligibility"
cnha-cfdi-1ced94dcc0a803330225946bf1991bd4,济南南郊医院,药临床机构备字2026000020,filed,confirmed_against_filing_snapshot,,deferred_not_required_for_identity,0,[],False,https://beian.cfdi.org.cn/CTMDS/pub/PUB010100.do?method=handle06&curPage=19&pageSize=100,2026-09-05,"Snapshot identity only; not all aliases, trial participation or current eligibility"
cnha-cfdi-1cfbfac5c0a8033324d864d23361f2eb,中山市第二人民医院,药临床机构备字2026000165,filed,confirmed_against_filing_snapshot,,deferred_not_required_for_identity,0,"[{""hospital_id"": ""cnha-cfdi-1cfbfac5c0a8033324d864d23361f2eb"", ""official_name"": ""中山市第二人民医院"", ""candidate_alias"": ""Zhongshan City Second People's Hospital"", ""source_url"": ""https://ror.org/01abmka80"", ""status"": ""review_required"", ""reason"": ""Reference-only name; not approved for resolution""}]",False,https://beian.cfdi.org.cn/CTMDS/pub/PUB010100.do?method=handle06&curPage=21&pageSize=100,2026-09-05,"Snapshot identity only; not all aliases, trial participation or current eligibility"
cnha-cfdi-1d06994cc0a803337d1de85a8037d679,晋中市第三人民医院 晋中市肿瘤医院 (介休市中心医院）,药临床机构备字2026000160,filed,confirmed_against_filing_snapshot,,deferred_not_required_for_identity,2,[],False,https://beian.cfdi.org.cn/CTMDS/pub/PUB010100.do?method=handle06&curPage=21&pageSize=100,2026-09-05,"Snapshot identity only; not all aliases, trial participation or current eligibility"
cnha-cfdi-1d1f6fa7c0a803337dca45f72ac95976,常熟市第二人民医院,药临床机构备字2021000128,filed,confirmed_against_filing_snapshot,,deferred_not_required_for_identity,0,"[{""hospital_id"": ""cnha-cfdi-1d1f6fa7c0a803337dca45f72ac95976"", ""official_name"": ""常熟市第二人民医院"", ""candidate_alias"": ""CSEY"", ""source_url"": ""https://ror.org/029ys9z53"", ""status"": ""review_required"", ""reason"": ""Reference-only name; not approved for resolution""}, {""hospital_id"": ""cnha-cfdi-1d1f6fa7c0a803337dca45f72ac95976"", ""official_name"": ""常熟市第二人民医院"", ""candidate_alias"": ""Changshu No. 2 People's Hospital"", ""source_url"": ""https://ror.org/029ys9z53"", ""status"": ""review_required"", ""reason"": ""Reference-only name; not approved for resolution""}]",False,https://beian.cfdi.org.cn/CTMDS/pub/PUB010100.do?method=handle06&curPage=11&pageSize=100,2026-09-05,"Snapshot identity only; not all aliases, trial participation or current eligibility"
cnha-cfdi-1d285607c0a8033317501ffac20bf2de,武汉大学中南医院,药临床机构备字2019000007,filed,confirmed_against_filing_snapshot,Zhongnan Hospital of Wuhan University,source_reviewed,1,[],False,https://beian.cfdi.org.cn/CTMDS/pub/PUB010100.do?method=handle06&curPage=1&pageSize=100,2026-09-05,"Snapshot identity only; not all aliases, trial participation or current eligibility"
cnha-cfdi-1d39cb98c0a803336eb07b85404c2ad5,邹城市人民医院,药临床机构备字2025000118,filed,confirmed_against_filing_snapshot,,deferred_not_required_for_identity,0,"[{""hospital_id"": ""cnha-cfdi-1d39cb98c0a803336eb07b85404c2ad5"", ""official_name"": ""邹城市人民医院"", ""candidate_alias"": ""Zoucheng People's Hospital"", ""source_url"": ""https://ror.org/02exfk080"", ""status"": ""review_required"", ""reason"": ""Reference-only name; not approved for resolution""}]",False,https://beian.cfdi.org.cn/CTMDS/pub/PUB010100.do?method=handle06&curPage=18&pageSize=100,2026-09-05,"Snapshot identity only; not all aliases, trial participation or current eligibility"
cnha-cfdi-1d41f7bcc0a8033364d72d0f80b9a686,南昌市高新区人民医院（南昌大学第一附属医院高新医院）,药临床机构备字2023000190,filed,confirmed_against_filing_snapshot,,deferred_not_required_for_identity,2,[],False,https://beian.cfdi.org.cn/CTMDS/pub/PUB010100.do?method=handle06&curPage=14&pageSize=100,2026-09-05,"Snapshot identity only; not all aliases, trial participation or current eligibility"
cnha-cfdi-1d696d32c0a803331506764268553b23,苏州大学附属第四医院（苏州市独墅湖医院）,药临床机构备字2023000075,filed,confirmed_against_filing_snapshot,,deferred_not_required_for_identity,2,"[{""hospital_id"": ""cnha-cfdi-1d696d32c0a803331506764268553b23"", ""official_name"": ""苏州大学附属第四医院（苏州市独墅湖医院）"", ""candidate_alias"": ""SDH"", ""source_url"": ""https://ror.org/04n3e7v86"", ""status"": ""review_required"", ""reason"": ""Reference-only name; not approved for resolution""}, {""hospital_id"": ""cnha-cfdi-1d696d32c0a803331506764268553b23"", ""official_name"": ""苏州大学附属第四医院（苏州市独墅湖医院）"", ""candidate_alias"": ""Suzhou Dushu Lake Hospital"", ""source_url"": ""https://ror.org/04n3e7v86"", ""status"": ""review_required"", ""reason"": ""Reference-only name; not approved for resolution""}, {""hospital_id"": ""cnha-cfdi-1d696d32c0a803331506764268553b23"", ""official_name"": ""苏州大学附属第四医院（苏州市独墅湖医院）"", ""candidate_alias"": ""The Fourth Affiliated Hospital of Soochow University"", ""source_url"": ""https://ror.org/04n3e7v86"", ""status"": ""review_required"", ""reason"": ""Reference-only name; not approved for resolution""}, {""hospital_id"": ""cnha-cfdi-1d696d32c0a803331506764268553b23"", ""official_name"": ""苏州大学附属第四医院（苏州市独墅湖医院）"", ""candidate_alias"": ""The Fourth Affiliated Hospital of Soochow University (Suzhou Dushu Lake Hospital)"", ""source_url"": ""https://ror.org/04n3e7v86"", ""status"": ""review_required"", ""reason"": ""Reference-only name; not approved for resolution""}]",False,https://beian.cfdi.org.cn/CTMDS/pub/PUB010100.do?method=handle06&curPage=14&pageSize=100,2026-09-05,"Snapshot identity only; not all aliases, trial participation or current eligibility"
cnha-cfdi-1d752a4cc0a8033314a089291d668ce3,青岛市黄岛区中心医院,药临床机构备字2024000224,filed,confirmed_against_filing_snapshot,,deferred_not_required_for_identity,0,[],False,https://beian.cfdi.org.cn/CTMDS/pub/PUB010100.do?method=handle06&curPage=17&pageSize=100,2026-09-05,"Snapshot identity only; not all aliases, trial participation or current eligibility"
cnha-cfdi-1d7eb5a0c0a803331b6bc2901967f95f,长沙南雅医院,药临床机构备字2022000134,filed,confirmed_against_filing_snapshot,,deferred_not_required_for_identity,0,[],False,https://beian.cfdi.org.cn/CTMDS/pub/PUB010100.do?method=handle06&curPage=13&pageSize=100,2026-09-05,"Snapshot identity only; not all aliases, trial participation or current eligibility"
cnha-cfdi-1d884979c0a8033345bef700cb1d1d72,珠海市中西医结合医院,药临床机构备字2025000004,filed,confirmed_against_filing_snapshot,,deferred_not_required_for_identity,0,[],False,https://beian.cfdi.org.cn/CTMDS/pub/PUB010100.do?method=handle06&curPage=17&pageSize=100,2026-09-05,"Snapshot identity only; not all aliases, trial participation or current eligibility"
cnha-cfdi-1d8b2e4cc0a80333101b93b8665017aa,镇平县人民医院,药临床机构备字2025000030,filed,confirmed_against_filing_snapshot,,deferred_not_required_for_identity,0,[],False,https://beian.cfdi.org.cn/CTMDS/pub/PUB010100.do?method=handle06&curPage=17&pageSize=100,2026-09-05,"Snapshot identity only; not all aliases, trial participation or current eligibility"
cnha-cfdi-1d8f90e7c0a80333347762e72d5c4b22,阳光融和医院,药临床机构备字2025000077,filed,confirmed_against_filing_snapshot,,deferred_not_required_for_identity,0,[],False,https://beian.cfdi.org.cn/CTMDS/pub/PUB010100.do?method=handle06&curPage=18&pageSize=100,2026-09-05,"Snapshot identity only; not all aliases, trial participation or current eligibility"
cnha-cfdi-1d907842c0a803337f6e27af79c77cb3,广州市皮肤病医院(广州市性病防治监测中心、广州市皮肤病防治所),药临床机构备字2025000161,filed,confirmed_against_filing_snapshot,,deferred_not_required_for_identity,0,[],False,https://beian.cfdi.org.cn/CTMDS/pub/PUB010100.do?method=handle06&curPage=18&pageSize=100,2026-09-05,"Snapshot identity only; not all aliases, trial participation or current eligibility"
cnha-cfdi-1d944f1ac0a803331f53ea1710f341a0,黔西南布依族苗族自治州人民医院,药临床机构备字2023000171,filed,confirmed_against_filing_snapshot,,deferred_not_required_for_identity,0,[],False,https://beian.cfdi.org.cn/CTMDS/pub/PUB010100.do?method=handle06&curPage=14&pageSize=100,2026-09-05,"Snapshot identity only; not all aliases, trial participation or current eligibility"
cnha-cfdi-1db09be8c0a8033368136a2d08228704,渑池县人民医院,药临床机构备字2025000032,filed,confirmed_against_filing_snapshot,,deferred_not_required_for_identity,0,[],False,https://beian.cfdi.org.cn/CTMDS/pub/PUB010100.do?method=handle06&curPage=17&pageSize=100,2026-09-05,"Snapshot identity only; not all aliases, trial participation or current eligibility"
cnha-cfdi-1de8a1b2c0a80333097dd3ca4b8f696b,内蒙古自治区疾病预防控制中心（内蒙古自治区预防医学科学院）,药临床机构备字2023000082,filed,confirmed_against_filing_snapshot,,deferred_not_required_for_identity,0,[],False,https://beian.cfdi.org.cn/CTMDS/pub/PUB010100.do?method=handle06&curPage=14&pageSize=100,2026-09-05,"Snapshot identity only; not all aliases, trial participation or current eligibility"
cnha-cfdi-1de8d8c8c0a803337d9a6e8a4f7357e5,江西省疾病预防控制中心,药临床机构备字2023000142,filed,confirmed_against_filing_snapshot,,deferred_not_required_for_identity,0,[],False,https://beian.cfdi.org.cn/CTMDS/pub/PUB010100.do?method=handle06&curPage=14&pageSize=100,2026-09-05,"Snapshot identity only; not all aliases, trial participation or current eligibility"
cnha-cfdi-1df2249ec0a8033308b2d1d090986d55,南华大学附属第二医院,药临床机构备字2020000424,filed,confirmed_against_filing_snapshot,,deferred_not_required_for_identity,0,[],False,https://beian.cfdi.org.cn/CTMDS/pub/PUB010100.do?method=handle06&curPage=5&pageSize=100,2026-09-05,"Snapshot identity only; not all aliases, trial participation or current eligibility"
cnha-cfdi-1df23858c0a803334f4955e760be953f,和祐医院,药临床机构备字2026000099,filed,confirmed_against_filing_snapshot,,deferred_not_required_for_identity,0,"[{""hospital_id"": ""cnha-cfdi-1df23858c0a803334f4955e760be953f"", ""official_name"": ""和祐医院"", ""candidate_alias"": ""Heyou Hospital"", ""source_url"": ""https://ror.org/03s5kvf41"", ""status"": ""review_required"", ""reason"": ""Reference-only name; not approved for resolution""}]",False,https://beian.cfdi.org.cn/CTMDS/pub/PUB010100.do?method=handle06&curPage=20&pageSize=100,2026-09-05,"Snapshot identity only; not all aliases, trial participation or current eligibility"
cnha-cfdi-1dfe6a98c0a8033375ddb0027a383251,盐城市第三人民医院,药临床机构备字2024000037,filed,confirmed_against_filing_snapshot,,deferred_not_required_for_identity,0,[],False,https://beian.cfdi.org.cn/CTMDS/pub/PUB010100.do?method=handle06&curPage=15&pageSize=100,2026-09-05,"Snapshot identity only; not all aliases, trial participation or current eligibility"
cnha-cfdi-1e2a48fac0a80333576ccbedf601b436,海宁市第四人民医院（嘉兴市安定医院）,药临床机构备字2026000127,filed,confirmed_against_filing_snapshot,,deferred_not_required_for_identity,2,[],False,https://beian.cfdi.org.cn/CTMDS/pub/PUB010100.do?method=handle06&curPage=20&pageSize=100,2026-09-05,"Snapshot identity only; not all aliases, trial participation or current eligibility"
cnha-cfdi-1e2ed9aac0a803332e14e7b11900dc72,惠东县人民医院,药临床机构备字2026000005,filed,confirmed_against_filing_snapshot,,deferred_not_required_for_identity,0,[],False,https://beian.cfdi.org.cn/CTMDS/pub/PUB010100.do?method=handle06&curPage=19&pageSize=100,2026-09-05,"Snapshot identity only; not all aliases, trial participation or current eligibility"
cnha-cfdi-1e3ec4c9c0a80333670b49aa9c5054ac,河南医药大学第三附属医院,药临床机构备字2019000042,filed,confirmed_against_filing_snapshot,,deferred_not_required_for_identity,0,[],False,https://beian.cfdi.org.cn/CTMDS/pub/PUB010100.do?method=handle06&curPage=1&pageSize=100,2026-09-05,"Snapshot identity only; not all aliases, trial participation or current eligibility"
cnha-cfdi-1e4d48ddc0a803331fd38588d727499e,北京大学首钢医院,药临床机构备字2020000003,filed,confirmed_against_filing_snapshot,,deferred_not_required_for_identity,0,"[{""hospital_id"": ""cnha-cfdi-1e4d48ddc0a803331fd38588d727499e"", ""official_name"": ""北京大学首钢医院"", ""candidate_alias"": ""Peking University Shougang Hospital"", ""source_url"": ""https://ror.org/040rwep31"", ""status"": ""review_required"", ""reason"": ""Reference-only name; not approved for resolution""}, {""hospital_id"": ""cnha-cfdi-1e4d48ddc0a803331fd38588d727499e"", ""official_name"": ""北京大学首钢医院"", ""candidate_alias"": ""北京大学首鋼医院"", ""source_url"": ""https://ror.org/040rwep31"", ""status"": ""review_required"", ""reason"": ""Reference-only name; not approved for resolution""}]",False,https://beian.cfdi.org.cn/CTMDS/pub/PUB010100.do?method=handle06&curPage=1&pageSize=100,2026-09-05,"Snapshot identity only; not all aliases, trial participation or current eligibility"
cnha-cfdi-1e66414ec0a80333369ff4e0e7b4c8d0,福建医科大学孟超肝胆医院（福州市传染病医院）,药临床机构备字2020000316,filed,confirmed_against_filing_snapshot,,deferred_not_required_for_identity,2,[],False,https://beian.cfdi.org.cn/CTMDS/pub/PUB010100.do?method=handle06&curPage=4&pageSize=100,2026-09-05,"Snapshot identity only; not all aliases, trial participation or current eligibility"
cnha-cfdi-1e77abbac0a80333652688da406ba91e,海军军医大学第一附属医院（上海长海医院）,药临床机构备字2020000547,filed,confirmed_against_filing_snapshot,,deferred_not_required_for_identity,2,[],False,https://beian.cfdi.org.cn/CTMDS/pub/PUB010100.do?method=handle06&curPage=6&pageSize=100,2026-09-05,"Snapshot identity only; not all aliases, trial participation or current eligibility"
cnha-cfdi-1e914492c0a8033328651c3bbfd71212,上海市浦东新区人民医院,药临床机构备字2020000544,filed,confirmed_against_filing_snapshot,,deferred_not_required_for_identity,0,[],False,https://beian.cfdi.org.cn/CTMDS/pub/PUB010100.do?method=handle06&curPage=6&pageSize=100,2026-09-05,"Snapshot identity only; not all aliases, trial participation or current eligibility"
cnha-cfdi-1ece1bf4c0a803336e5532870b6feb36,福建省福州结核病防治院,药临床机构备字2020000916,filed,confirmed_against_filing_snapshot,,deferred_not_required_for_identity,0,[],False,https://beian.cfdi.org.cn/CTMDS/pub/PUB010100.do?method=handle06&curPage=10&pageSize=100,2026-09-05,"Snapshot identity only; not all aliases, trial participation or current eligibility"
cnha-cfdi-1edc6a56c0a803335d7e58403b731b46,江苏省中医院,药临床机构备字2020000760,filed,confirmed_against_filing_snapshot,,deferred_not_required_for_identity,0,[],False,https://beian.cfdi.org.cn/CTMDS/pub/PUB010100.do?method=handle06&curPage=8&pageSize=100,2026-09-05,"Snapshot identity only; not all aliases, trial participation or current eligibility"
cnha-cfdi-1ee7cbacc0a803333781c82ae9b72a5d,四川大学华西医院（四川省国际医院）,药临床机构备字2020000142,filed,confirmed_against_filing_snapshot,"West China Hospital, Sichuan University",source_reviewed,9,"[{""hospital_id"": ""cnha-cfdi-1ee7cbacc0a803333781c82ae9b72a5d"", ""official_name"": ""四川大学华西医院（四川省国际医院）"", ""candidate_alias"": ""WCH"", ""source_url"": ""https://ror.org/007mrxy13"", ""status"": ""review_required"", ""reason"": ""Reference-only name; not approved for resolution""}]",True,https://beian.cfdi.org.cn/CTMDS/pub/PUB010100.do?method=handle06&curPage=3&pageSize=100,2026-09-05,"Snapshot identity only; not all aliases, trial participation or current eligibility"
cnha-cfdi-1f12f5e9c0a803337b6053bc2da7e797,深圳理工大学总医院,药临床机构备字2020000501,filed,confirmed_against_filing_snapshot,,deferred_not_required_for_identity,0,[],False,https://beian.cfdi.org.cn/CTMDS/pub/PUB010100.do?method=handle06&curPage=6&pageSize=100,2026-09-05,"Snapshot identity only; not all aliases, trial participation or current eligibility"
cnha-cfdi-1f17717dc0a803330fe17962b46bd44d,郑州市骨科医院,药临床机构备字2024000133,filed,confirmed_against_filing_snapshot,,deferred_not_required_for_identity,0,[],False,https://beian.cfdi.org.cn/CTMDS/pub/PUB010100.do?method=handle06&curPage=16&pageSize=100,2026-09-05,"Snapshot identity only; not all aliases, trial participation or current eligibility"
cnha-cfdi-1f1d0487c0a803334fe6840583b5375d,宝丰县人民医院,药临床机构备字2025000149,filed,confirmed_against_filing_snapshot,,deferred_not_required_for_identity,0,[],False,https://beian.cfdi.org.cn/CTMDS/pub/PUB010100.do?method=handle06&curPage=18&pageSize=100,2026-09-05,"Snapshot identity only; not all aliases, trial participation or current eligibility"
cnha-cfdi-1f23401cc0a8033310665f8540c74b68,龙岩市第一医院,药临床机构备字2022000132,filed,confirmed_against_filing_snapshot,,deferred_not_required_for_identity,0,[],False,https://beian.cfdi.org.cn/CTMDS/pub/PUB010100.do?method=handle06&curPage=13&pageSize=100,2026-09-05,"Snapshot identity only; not all aliases, trial participation or current eligibility"
cnha-cfdi-1f67f3e8c0a8033314aa309941471723,内蒙古航天医院,药临床机构备字2024000209,filed,confirmed_against_filing_snapshot,,deferred_not_required_for_identity,0,[],False,https://beian.cfdi.org.cn/CTMDS/pub/PUB010100.do?method=handle06&curPage=17&pageSize=100,2026-09-05,"Snapshot identity only; not all aliases, trial participation or current eligibility"
cnha-cfdi-2028fc7ac0a803335b3bded234c3c7b6,中山市中医院,药临床机构备字2020000209,filed,confirmed_against_filing_snapshot,,deferred_not_required_for_identity,0,[],False,https://beian.cfdi.org.cn/CTMDS/pub/PUB010100.do?method=handle06&curPage=3&pageSize=100,2026-09-05,"Snapshot identity only; not all aliases, trial participation or current eligibility"
cnha-cfdi-2032d24cc0a80333360dbe6c13c7e773,首都医科大学附属北京儿童医院保定医院,药临床机构备字2023000025,filed,confirmed_against_filing_snapshot,,deferred_not_required_for_identity,0,[],False,https://beian.cfdi.org.cn/CTMDS/pub/PUB010100.do?method=handle06&curPage=13&pageSize=100,2026-09-05,"Snapshot identity only; not all aliases, trial participation or current eligibility"
cnha-cfdi-204f9ca2c0a80333669c8ca0f18ddb90,保定市第一中心医院,药临床机构备字2023000034,filed,confirmed_against_filing_snapshot,,deferred_not_required_for_identity,0,"[{""hospital_id"": ""cnha-cfdi-204f9ca2c0a80333669c8ca0f18ddb90"", ""official_name"": ""保定市第一中心医院"", ""candidate_alias"": ""BDCH"", ""source_url"": ""https://ror.org/022nvaw58"", ""status"": ""review_required"", ""reason"": ""Reference-only name; not approved for resolution""}, {""hospital_id"": ""cnha-cfdi-204f9ca2c0a80333669c8ca0f18ddb90"", ""official_name"": ""保定市第一中心医院"", ""candidate_alias"": ""Baoding No.1 Central Hospital"", ""source_url"": ""https://ror.org/022nvaw58"", ""status"": ""review_required"", ""reason"": ""Reference-only name; not approved for resolution""}]",False,https://beian.cfdi.org.cn/CTMDS/pub/PUB010100.do?method=handle06&curPage=13&pageSize=100,2026-09-05,"Snapshot identity only; not all aliases, trial participation or current eligibility"
cnha-cfdi-207c0e3cc0a80333422f4492f05bd844,天津市第三中心医院,药临床机构备字2020000490,filed,confirmed_against_filing_snapshot,,deferred_not_required_for_identity,0,"[{""hospital_id"": ""cnha-cfdi-207c0e3cc0a80333422f4492f05bd844"", ""official_name"": ""天津市第三中心医院"", ""candidate_alias"": ""Tianjin Third Central Hospital"", ""source_url"": ""https://ror.org/00911j719"", ""status"": ""review_required"", ""reason"": ""Reference-only name; not approved for resolution""}]",False,https://beian.cfdi.org.cn/CTMDS/pub/PUB010100.do?method=handle06&curPage=6&pageSize=100,2026-09-05,"Snapshot identity only; not all aliases, trial participation or current eligibility"
cnha-cfdi-20ac1c13c0a8033351291edf07c1db33,江苏省中医院重庆医院（重庆市永川区中医院）,药临床机构备字2020000833,filed,confirmed_against_filing_snapshot,,deferred_not_required_for_identity,2,[],False,https://beian.cfdi.org.cn/CTMDS/pub/PUB010100.do?method=handle06&curPage=9&pageSize=100,2026-09-05,"Snapshot identity only; not all aliases, trial participation or current eligibility"
cnha-cfdi-20bf70afc0a803331d8b21c12f0aaad7,中国医科大学附属第四医院,药临床机构备字2020000603,filed,confirmed_against_filing_snapshot,,deferred_not_required_for_identity,0,"[{""hospital_id"": ""cnha-cfdi-20bf70afc0a803331d8b21c12f0aaad7"", ""official_name"": ""中国医科大学附属第四医院"", ""candidate_alias"": ""Fourth Affiliated Hospital of China Medical University"", ""source_url"": ""https://ror.org/012sz4c50"", ""status"": ""review_required"", ""reason"": ""Reference-only name; not approved for resolution""}]",False,https://beian.cfdi.org.cn/CTMDS/pub/PUB010100.do?method=handle06&curPage=7&pageSize=100,2026-09-05,"Snapshot identity only; not all aliases, trial participation or current eligibility"
cnha-cfdi-20e4c73ec0a803335e10c2f70afb87bf,丰城市人民医院,药临床机构备字2020000970,filed,confirmed_against_filing_snapshot,,deferred_not_required_for_identity,0,[],False,https://beian.cfdi.org.cn/CTMDS/pub/PUB010100.do?method=handle06&curPage=10&pageSize=100,2026-09-05,"Snapshot identity only; not all aliases, trial participation or current eligibility"
cnha-cfdi-20fe4e3ac0a8033352c52d5e66cfa8e0,株洲市三医院（株洲市脑科医院）,药临床机构备字2025000010,filed,confirmed_against_filing_snapshot,,deferred_not_required_for_identity,2,[],False,https://beian.cfdi.org.cn/CTMDS/pub/PUB010100.do?method=handle06&curPage=17&pageSize=100,2026-09-05,"Snapshot identity only; not all aliases, trial participation or current eligibility"
cnha-cfdi-210ce3e7c0a80333020073ca92ffa2b4,灵宝市第二人民医院,药临床机构备字2024000214,filed,confirmed_against_filing_snapshot,,deferred_not_required_for_identity,0,[],False,https://beian.cfdi.org.cn/CTMDS/pub/PUB010100.do?method=handle06&curPage=17&pageSize=100,2026-09-05,"Snapshot identity only; not all aliases, trial participation or current eligibility"
cnha-cfdi-2118b6dbc0a8033361623093603add59,佳木斯市中心医院,药临床机构备字2024000249,filed,confirmed_against_filing_snapshot,,deferred_not_required_for_identity,0,[],False,https://beian.cfdi.org.cn/CTMDS/pub/PUB010100.do?method=handle06&curPage=17&pageSize=100,2026-09-05,"Snapshot identity only; not all aliases, trial participation or current eligibility"
cnha-cfdi-214260bdc0a80333681b2f3f29c11284,鞍钢集团公司总医院,药临床机构备字2020000840,filed,confirmed_against_filing_snapshot,,deferred_not_required_for_identity,0,[],False,https://beian.cfdi.org.cn/CTMDS/pub/PUB010100.do?method=handle06&curPage=9&pageSize=100,2026-09-05,"Snapshot identity only; not all aliases, trial participation or current eligibility"
cnha-cfdi-214a1071c0a8033329decd493fe7ec5e,天津医科大学总医院,药临床机构备字2019000017,filed,confirmed_against_filing_snapshot,Tianjin Medical University General Hospital,source_reviewed,1,[],False,https://beian.cfdi.org.cn/CTMDS/pub/PUB010100.do?method=handle06&curPage=1&pageSize=100,2026-09-05,"Snapshot identity only; not all aliases, trial participation or current eligibility"
cnha-cfdi-2157ba29c0a803336c59e07b67744aa2,葫芦岛市中心医院,药临床机构备字2021000184,filed,confirmed_against_filing_snapshot,,deferred_not_required_for_identity,0,[],False,https://beian.cfdi.org.cn/CTMDS/pub/PUB010100.do?method=handle06&curPage=12&pageSize=100,2026-09-05,"Snapshot identity only; not all aliases, trial participation or current eligibility"
cnha-cfdi-219162b2c0a803336dc14ea759031b42,江门市中心医院,药临床机构备字2020000888,filed,confirmed_against_filing_snapshot,,deferred_not_required_for_identity,0,[],False,https://beian.cfdi.org.cn/CTMDS/pub/PUB010100.do?method=handle06&curPage=9&pageSize=100,2026-09-05,"Snapshot identity only; not all aliases, trial participation or current eligibility"
cnha-cfdi-21c1d4c5c0a8033303af8330397aba7b,哈尔滨医科大学附属第四医院,药临床机构备字2020000234,filed,confirmed_against_filing_snapshot,,deferred_not_required_for_identity,0,[],False,https://beian.cfdi.org.cn/CTMDS/pub/PUB010100.do?method=handle06&curPage=3&pageSize=100,2026-09-05,"Snapshot identity only; not all aliases, trial participation or current eligibility"
cnha-cfdi-21d1d7a2c0a803336215c51bc9f0f825,广西医科大学第二附属医院,药临床机构备字2020000745,filed,confirmed_against_filing_snapshot,,deferred_not_required_for_identity,0,[],False,https://beian.cfdi.org.cn/CTMDS/pub/PUB010100.do?method=handle06&curPage=8&pageSize=100,2026-09-05,"Snapshot identity only; not all aliases, trial participation or current eligibility"
cnha-cfdi-21dbf351c0a80333647c6bc9c8036ff9,云南大学附属医院,药临床机构备字2020000794,filed,confirmed_against_filing_snapshot,,deferred_not_required_for_identity,0,[],False,https://beian.cfdi.org.cn/CTMDS/pub/PUB010100.do?method=handle06&curPage=9&pageSize=100,2026-09-05,"Snapshot identity only; not all aliases, trial participation or current eligibility"
cnha-cfdi-21dc9bc3c0a803336131a58f7c89c395,温州医科大学附属第一医院,药临床机构备字2020000307,filed,confirmed_against_filing_snapshot,The First Affiliated Hospital of Wenzhou Medical University,source_reviewed,1,[],False,https://beian.cfdi.org.cn/CTMDS/pub/PUB010100.do?method=handle06&curPage=4&pageSize=100,2026-09-05,"Snapshot identity only; not all aliases, trial participation or current eligibility"
cnha-cfdi-21e89d0fc0a803330d630803d04b4b54,萍乡矿业集团有限责任公司总医院,药临床机构备字2022000133,filed,confirmed_against_filing_snapshot,,deferred_not_required_for_identity,0,[],False,https://beian.cfdi.org.cn/CTMDS/pub/PUB010100.do?method=handle06&curPage=13&pageSize=100,2026-09-05,"Snapshot identity only; not all aliases, trial participation or current eligibility"
cnha-cfdi-21f7272dc0a8033358cfc61474935410,东莞市东部中心医院（暨南大学附属第六医院）,药临床机构备字2023000059,filed,confirmed_against_filing_snapshot,,deferred_not_required_for_identity,2,[],False,https://beian.cfdi.org.cn/CTMDS/pub/PUB010100.do?method=handle06&curPage=13&pageSize=100,2026-09-05,"Snapshot identity only; not all aliases, trial participation or current eligibility"
cnha-cfdi-2218dee8c0a803331ff02d06629e2c34,浙江省中医院（浙江中医药大学附属第一医院）,药临床机构备字2020000453,filed,confirmed_against_filing_snapshot,,deferred_not_required_for_identity,2,"[{""hospital_id"": ""cnha-cfdi-2218dee8c0a803331ff02d06629e2c34"", ""official_name"": ""浙江省中医院（浙江中医药大学附属第一医院）"", ""candidate_alias"": ""Zhejiang Provincial Hospital of TCM"", ""source_url"": ""https://ror.org/00mzdyq43"", ""status"": ""review_required"", ""reason"": ""Reference-only name; not approved for resolution""}]",False,https://beian.cfdi.org.cn/CTMDS/pub/PUB010100.do?method=handle06&curPage=6&pageSize=100,2026-09-05,"Snapshot identity only; not all aliases, trial participation or current eligibility"
cnha-cfdi-222781c6c0a8033326734e8cf9bd1355,荣成市人民医院,药临床机构备字2026000091,filed,confirmed_against_filing_snapshot,,deferred_not_required_for_identity,0,[],False,https://beian.cfdi.org.cn/CTMDS/pub/PUB010100.do?method=handle06&curPage=20&pageSize=100,2026-09-05,"Snapshot identity only; not all aliases, trial participation or current eligibility"
cnha-cfdi-223461ecc0a8033359a1966478d511c5,宜昌市中心人民医院,药临床机构备字2020000216,filed,confirmed_against_filing_snapshot,,deferred_not_required_for_identity,0,"[{""hospital_id"": ""cnha-cfdi-223461ecc0a8033359a1966478d511c5"", ""official_name"": ""宜昌市中心人民医院"", ""candidate_alias"": ""Yichang Central Hospital"", ""source_url"": ""https://ror.org/04cr34a11"", ""status"": ""review_required"", ""reason"": ""Reference-only name; not approved for resolution""}, {""hospital_id"": ""cnha-cfdi-223461ecc0a8033359a1966478d511c5"", ""official_name"": ""宜昌市中心人民医院"", ""candidate_alias"": ""Yichang Central People's Hospital"", ""source_url"": ""https://ror.org/04cr34a11"", ""status"": ""review_required"", ""reason"": ""Reference-only name; not approved for resolution""}]",False,https://beian.cfdi.org.cn/CTMDS/pub/PUB010100.do?method=handle06&curPage=3&pageSize=100,2026-09-05,"Snapshot identity only; not all aliases, trial participation or current eligibility"
cnha-cfdi-22607a38c0a80333770abdab10bb0618,周口市中心医院,药临床机构备字2021000021,filed,confirmed_against_filing_snapshot,,deferred_not_required_for_identity,0,[],False,https://beian.cfdi.org.cn/CTMDS/pub/PUB010100.do?method=handle06&curPage=10&pageSize=100,2026-09-05,"Snapshot identity only; not all aliases, trial participation or current eligibility"
cnha-cfdi-226b0245c0a8033320fcd10e9f745b07,潍坊市第二人民医院,药临床机构备字2020000432,filed,confirmed_against_filing_snapshot,,deferred_not_required_for_identity,0,[],False,https://beian.cfdi.org.cn/CTMDS/pub/PUB010100.do?method=handle06&curPage=5&pageSize=100,2026-09-05,"Snapshot identity only; not all aliases, trial participation or current eligibility"
cnha-cfdi-2291fa1ec0a8033336469f482e5654cd,遵义市妇幼保健院,药临床机构备字2026000031,filed,confirmed_against_filing_snapshot,,deferred_not_required_for_identity,0,[],False,https://beian.cfdi.org.cn/CTMDS/pub/PUB010100.do?method=handle06&curPage=20&pageSize=100,2026-09-05,"Snapshot identity only; not all aliases, trial participation or current eligibility"
cnha-cfdi-22a5b04ac0a8033307695169cc0ae397,温州医科大学附属第二医院,药临床机构备字2020000051,filed,confirmed_against_filing_snapshot,,deferred_not_required_for_identity,0,"[{""hospital_id"": ""cnha-cfdi-22a5b04ac0a8033307695169cc0ae397"", ""official_name"": ""温州医科大学附属第二医院"", ""candidate_alias"": ""Second Affiliated Hospital & Yuying Children's Hospital of Wenzhou Medical University"", ""source_url"": ""https://ror.org/0156rhd17"", ""status"": ""review_required"", ""reason"": ""Reference-only name; not approved for resolution""}]",False,https://beian.cfdi.org.cn/CTMDS/pub/PUB010100.do?method=handle06&curPage=2&pageSize=100,2026-09-05,"Snapshot identity only; not all aliases, trial participation or current eligibility"
cnha-cfdi-22f12680c0a8033369bb5bc3e8e72229,新疆生产建设兵团第四师医院（新疆生产建设兵团第四师药品不良反应监测中心）,药临床机构备字2022000130,filed,confirmed_against_filing_snapshot,,deferred_not_required_for_identity,0,[],False,https://beian.cfdi.org.cn/CTMDS/pub/PUB010100.do?method=handle06&curPage=13&pageSize=100,2026-09-05,"Snapshot identity only; not all aliases, trial participation or current eligibility"
cnha-cfdi-22f1c30dc0a803335c4a8e25babaf1b4,江阴市人民医院,药临床机构备字2020000411,filed,confirmed_against_filing_snapshot,,deferred_not_required_for_identity,0,[],False,https://beian.cfdi.org.cn/CTMDS/pub/PUB010100.do?method=handle06&curPage=5&pageSize=100,2026-09-05,"Snapshot identity only; not all aliases, trial participation or current eligibility"
cnha-cfdi-230f315cc0a803337e0ea4e9d0d0e807,安徽爱尔眼科医院,药临床机构备字2026000050,filed,confirmed_against_filing_snapshot,,deferred_not_required_for_identity,0,[],False,https://beian.cfdi.org.cn/CTMDS/pub/PUB010100.do?method=handle06&curPage=20&pageSize=100,2026-09-05,"Snapshot identity only; not all aliases, trial participation or current eligibility"
cnha-cfdi-23139f3ec0a803335843c067e8088ca1,绵阳四〇四医院,药临床机构备字2023000177,filed,confirmed_against_filing_snapshot,,deferred_not_required_for_identity,0,[],False,https://beian.cfdi.org.cn/CTMDS/pub/PUB010100.do?method=handle06&curPage=14&pageSize=100,2026-09-05,"Snapshot identity only; not all aliases, trial participation or current eligibility"
cnha-cfdi-2313af45c0a803331a4aaa7568b23981,山东大学齐鲁第二医院,药临床机构备字2020000827,filed,confirmed_against_filing_snapshot,,deferred_not_required_for_identity,0,[],False,https://beian.cfdi.org.cn/CTMDS/pub/PUB010100.do?method=handle06&curPage=9&pageSize=100,2026-09-05,"Snapshot identity only; not all aliases, trial participation or current eligibility"
cnha-cfdi-232d22bcc0a8033358f76b23184481be,北京大学人民医院青岛医院,药临床机构备字2025000126,filed,confirmed_against_filing_snapshot,,deferred_not_required_for_identity,0,[],False,https://beian.cfdi.org.cn/CTMDS/pub/PUB010100.do?method=handle06&curPage=18&pageSize=100,2026-09-05,"Snapshot identity only; not all aliases, trial participation or current eligibility"
cnha-cfdi-233c4d16c0a8033301d9a80c912d47ac,宁波大学附属第一医院,药临床机构备字2020000805,filed,confirmed_against_filing_snapshot,,deferred_not_required_for_identity,0,[],False,https://beian.cfdi.org.cn/CTMDS/pub/PUB010100.do?method=handle06&curPage=9&pageSize=100,2026-09-05,"Snapshot identity only; not all aliases, trial participation or current eligibility"
cnha-cfdi-2378a801c0a8033344aab2495f5daaf2,河北大学附属医院,药临床机构备字2020000262,filed,confirmed_against_filing_snapshot,,deferred_not_required_for_identity,0,"[{""hospital_id"": ""cnha-cfdi-2378a801c0a8033344aab2495f5daaf2"", ""official_name"": ""河北大学附属医院"", ""candidate_alias"": ""Affiliated Hospital of Hebei University"", ""source_url"": ""https://ror.org/049vsq398"", ""status"": ""review_required"", ""reason"": ""Reference-only name; not approved for resolution""}]",False,https://beian.cfdi.org.cn/CTMDS/pub/PUB010100.do?method=handle06&curPage=4&pageSize=100,2026-09-05,"Snapshot identity only; not all aliases, trial participation or current eligibility"
cnha-cfdi-237f5736c0a803336c7aae5755712359,岳阳市中心医院（原岳阳市一人民医院）,药临床机构备字2020000521,filed,confirmed_against_filing_snapshot,,deferred_not_required_for_identity,1,"[{""hospital_id"": ""cnha-cfdi-237f5736c0a803336c7aae5755712359"", ""official_name"": ""岳阳市中心医院（原岳阳市一人民医院）"", ""candidate_alias"": ""原岳阳市一人民医院"", ""source_url"": ""https://beian.cfdi.org.cn/CTMDS/pub/PUB010100.do?method=handle06&curPage=6&pageSize=100"", ""status"": ""review_required"", ""reason"": ""Reference-only name; not approved for resolution""}]",False,https://beian.cfdi.org.cn/CTMDS/pub/PUB010100.do?method=handle06&curPage=6&pageSize=100,2026-09-05,"Snapshot identity only; not all aliases, trial participation or current eligibility"
cnha-cfdi-2389463bc0a80333013e3cbbd119f2fa,南方医科大学皮肤病医院,药临床机构备字2020000482,filed,confirmed_against_filing_snapshot,,deferred_not_required_for_identity,0,[],False,https://beian.cfdi.org.cn/CTMDS/pub/PUB010100.do?method=handle06&curPage=6&pageSize=100,2026-09-05,"Snapshot identity only; not all aliases, trial participation or current eligibility"
cnha-cfdi-239a0b39c0a8033341bdac4d15cbcc7e,淄博市临淄区人民医院（淄博市市立医院）,药临床机构备字2020000679,filed,confirmed_against_filing_snapshot,,deferred_not_required_for_identity,2,[],False,https://beian.cfdi.org.cn/CTMDS/pub/PUB010100.do?method=handle06&curPage=7&pageSize=100,2026-09-05,"Snapshot identity only; not all aliases, trial participation or current eligibility"
cnha-cfdi-23a60a17c0a8033333188c2e3ad58b90,西华县人民医院,药临床机构备字2021000123,filed,confirmed_against_filing_snapshot,,deferred_not_required_for_identity,0,[],False,https://beian.cfdi.org.cn/CTMDS/pub/PUB010100.do?method=handle06&curPage=11&pageSize=100,2026-09-05,"Snapshot identity only; not all aliases, trial participation or current eligibility"
cnha-cfdi-23dcec81c0a80333128376c19cb37cf9,晋城市城区医疗集团(晋城市第二人民医院、晋城市城区医疗集团人民医院)晋城市肿瘤医院,药临床机构备字2025000245,filed,confirmed_against_filing_snapshot,,deferred_not_required_for_identity,0,[],False,https://beian.cfdi.org.cn/CTMDS/pub/PUB010100.do?method=handle06&curPage=19&pageSize=100,2026-09-05,"Snapshot identity only; not all aliases, trial participation or current eligibility"
cnha-cfdi-24798bb1c0a8033356c0db5e7170a5c9,赣南医科大学第一附属医院,药临床机构备字2019000082,filed,confirmed_against_filing_snapshot,,deferred_not_required_for_identity,0,[],False,https://beian.cfdi.org.cn/CTMDS/pub/PUB010100.do?method=handle06&curPage=1&pageSize=100,2026-09-05,"Snapshot identity only; not all aliases, trial participation or current eligibility"
cnha-cfdi-25291a95c0a803335e2e7f6c7642bfe2,德州市第二人民医院,药临床机构备字2023000116,filed,confirmed_against_filing_snapshot,,deferred_not_required_for_identity,0,[],False,https://beian.cfdi.org.cn/CTMDS/pub/PUB010100.do?method=handle06&curPage=14&pageSize=100,2026-09-05,"Snapshot identity only; not all aliases, trial participation or current eligibility"
cnha-cfdi-253d7143c0a803335b47f190c51fb1d2,南京医科大学附属口腔医院,药临床机构备字2020000640,filed,confirmed_against_filing_snapshot,,deferred_not_required_for_identity,0,[],False,https://beian.cfdi.org.cn/CTMDS/pub/PUB010100.do?method=handle06&curPage=7&pageSize=100,2026-09-05,"Snapshot identity only; not all aliases, trial participation or current eligibility"
cnha-cfdi-256658cdc0a803332003e75dd494b7ce,佛山市高明区人民医院,药临床机构备字2024000219,filed,confirmed_against_filing_snapshot,,deferred_not_required_for_identity,0,"[{""hospital_id"": ""cnha-cfdi-256658cdc0a803332003e75dd494b7ce"", ""official_name"": ""佛山市高明区人民医院"", ""candidate_alias"": ""Foshan Gaoming District People's Hospital"", ""source_url"": ""https://ror.org/02hpsqa39"", ""status"": ""review_required"", ""reason"": ""Reference-only name; not approved for resolution""}, {""hospital_id"": ""cnha-cfdi-256658cdc0a803332003e75dd494b7ce"", ""official_name"": ""佛山市高明区人民医院"", ""candidate_alias"": ""Gaoming District People's Hospital"", ""source_url"": ""https://ror.org/02hpsqa39"", ""status"": ""review_required"", ""reason"": ""Reference-only name; not approved for resolution""}]",False,https://beian.cfdi.org.cn/CTMDS/pub/PUB010100.do?method=handle06&curPage=17&pageSize=100,2026-09-05,"Snapshot identity only; not all aliases, trial participation or current eligibility"
cnha-cfdi-2582affec0a8033369862c097264a444,哈尔滨医科大学附属第二医院,药临床机构备字2020000263,filed,confirmed_against_filing_snapshot,,deferred_not_required_for_identity,0,"[{""hospital_id"": ""cnha-cfdi-2582affec0a8033369862c097264a444"", ""official_name"": ""哈尔滨医科大学附属第二医院"", ""candidate_alias"": ""Second Affiliated Hospital of Harbin Medical University"", ""source_url"": ""https://ror.org/03s8txj32"", ""status"": ""review_required"", ""reason"": ""Reference-only name; not approved for resolution""}]",False,https://beian.cfdi.org.cn/CTMDS/pub/PUB010100.do?method=handle06&curPage=4&pageSize=100,2026-09-05,"Snapshot identity only; not all aliases, trial participation or current eligibility"
cnha-cfdi-258dea77c0a80333428d8659643222f4,湖南中医药大学第一附属医院,药临床机构备字2020000038,filed,confirmed_against_filing_snapshot,,deferred_not_required_for_identity,0,"[{""hospital_id"": ""cnha-cfdi-258dea77c0a80333428d8659643222f4"", ""official_name"": ""湖南中医药大学第一附属医院"", ""candidate_alias"": ""First Affiliated Hospital of Hunan University of Traditional Chinese Medicine"", ""source_url"": ""https://ror.org/01ffek432"", ""status"": ""review_required"", ""reason"": ""Reference-only name; not approved for resolution""}]",False,https://beian.cfdi.org.cn/CTMDS/pub/PUB010100.do?method=handle06&curPage=2&pageSize=100,2026-09-05,"Snapshot identity only; not all aliases, trial participation or current eligibility"
cnha-cfdi-258f0d14c0a8033302d06191798d7362,天津中医药大学第一附属医院,药临床机构备字2019000056,filed,confirmed_against_filing_snapshot,,deferred_not_required_for_identity,0,[],False,https://beian.cfdi.org.cn/CTMDS/pub/PUB010100.do?method=handle06&curPage=1&pageSize=100,2026-09-05,"Snapshot identity only; not all aliases, trial participation or current eligibility"
cnha-cfdi-25b4da5cc0a803332b3ab8eb43ebedd4,韶关市第一人民医院,药临床机构备字2025000003,filed,confirmed_against_filing_snapshot,,deferred_not_required_for_identity,0,[],False,https://beian.cfdi.org.cn/CTMDS/pub/PUB010100.do?method=handle06&curPage=17&pageSize=100,2026-09-05,"Snapshot identity only; not all aliases, trial participation or current eligibility"
cnha-cfdi-25dd5ff3c0a8033303d2b26669ad015f,南京市第二医院,药临床机构备字2020000491,filed,confirmed_against_filing_snapshot,,deferred_not_required_for_identity,0,[],False,https://beian.cfdi.org.cn/CTMDS/pub/PUB010100.do?method=handle06&curPage=6&pageSize=100,2026-09-05,"Snapshot identity only; not all aliases, trial participation or current eligibility"
cnha-cfdi-25e37e4fc0a80333285612d4a3129bbb,淄博市妇幼保健院（淄博市第三人民医院、淄博市妇女儿童医院）,药临床机构备字2024000003,filed,confirmed_against_filing_snapshot,,deferred_not_required_for_identity,3,[],False,https://beian.cfdi.org.cn/CTMDS/pub/PUB010100.do?method=handle06&curPage=15&pageSize=100,2026-09-05,"Snapshot identity only; not all aliases, trial participation or current eligibility"
cnha-cfdi-26270dedc0a8033355213cb0d1ec0c84,大庆市中医医院,药临床机构备字2025000277,filed,confirmed_against_filing_snapshot,,deferred_not_required_for_identity,0,[],False,https://beian.cfdi.org.cn/CTMDS/pub/PUB010100.do?method=handle06&curPage=19&pageSize=100,2026-09-05,"Snapshot identity only; not all aliases, trial participation or current eligibility"
cnha-cfdi-266263a7c0a803333bcda9ad612ecdc4,广东医科大学附属医院,药临床机构备字2020000133,filed,confirmed_against_filing_snapshot,,deferred_not_required_for_identity,0,[],False,https://beian.cfdi.org.cn/CTMDS/pub/PUB010100.do?method=handle06&curPage=3&pageSize=100,2026-09-05,"Snapshot identity only; not all aliases, trial participation or current eligibility"
cnha-cfdi-26c490e9c0a8033323c1e1fc3cc3cb1a,福建省漳州市医院,药临床机构备字2020000558,filed,confirmed_against_filing_snapshot,,deferred_not_required_for_identity,0,"[{""hospital_id"": ""cnha-cfdi-26c490e9c0a8033323c1e1fc3cc3cb1a"", ""official_name"": ""福建省漳州市医院"", ""candidate_alias"": ""Zhangzhou Municipal Hospital of Fujian Province"", ""source_url"": ""https://ror.org/01cny4f98"", ""status"": ""review_required"", ""reason"": ""Reference-only name; not approved for resolution""}]",False,https://beian.cfdi.org.cn/CTMDS/pub/PUB010100.do?method=handle06&curPage=6&pageSize=100,2026-09-05,"Snapshot identity only; not all aliases, trial participation or current eligibility"
cnha-cfdi-26d5f0a8c0a803335db7346820f99ea2,林州市人民医院,药临床机构备字2025000251,filed,confirmed_against_filing_snapshot,,deferred_not_required_for_identity,0,[],False,https://beian.cfdi.org.cn/CTMDS/pub/PUB010100.do?method=handle06&curPage=19&pageSize=100,2026-09-05,"Snapshot identity only; not all aliases, trial participation or current eligibility"
cnha-cfdi-26ddbb23c0a803332da8fc9bf4f5384a,华北理工大学附属医院,药临床机构备字2021000136,filed,confirmed_against_filing_snapshot,,deferred_not_required_for_identity,0,"[{""hospital_id"": ""cnha-cfdi-26ddbb23c0a803332da8fc9bf4f5384a"", ""official_name"": ""华北理工大学附属医院"", ""candidate_alias"": ""North China University of Science and Technology Affiliated Hospital"", ""source_url"": ""https://ror.org/015kdfj59"", ""status"": ""review_required"", ""reason"": ""Reference-only name; not approved for resolution""}]",False,https://beian.cfdi.org.cn/CTMDS/pub/PUB010100.do?method=handle06&curPage=11&pageSize=100,2026-09-05,"Snapshot identity only; not all aliases, trial participation or current eligibility"
cnha-cfdi-26e74889c0a8033328f015dab897846d,武汉市武昌医院,药临床机构备字2022000161,filed,confirmed_against_filing_snapshot,,deferred_not_required_for_identity,0,[],False,https://beian.cfdi.org.cn/CTMDS/pub/PUB010100.do?method=handle06&curPage=13&pageSize=100,2026-09-05,"Snapshot identity only; not all aliases, trial participation or current eligibility"
cnha-cfdi-26f5fb1cc0a803332688fa69c56016b9,绍兴市上虞区中医医院（绍兴市上虞区中医医院医共体总院）,药临床机构备字2026000070,filed,confirmed_against_filing_snapshot,,deferred_not_required_for_identity,1,"[{""hospital_id"": ""cnha-cfdi-26f5fb1cc0a803332688fa69c56016b9"", ""official_name"": ""绍兴市上虞区中医医院（绍兴市上虞区中医医院医共体总院）"", ""candidate_alias"": ""绍兴市上虞区中医医院医共体总院"", ""source_url"": ""https://beian.cfdi.org.cn/CTMDS/pub/PUB010100.do?method=handle06&curPage=20&pageSize=100"", ""status"": ""review_required"", ""reason"": ""Reference-only name; not approved for resolution""}]",False,https://beian.cfdi.org.cn/CTMDS/pub/PUB010100.do?method=handle06&curPage=20&pageSize=100,2026-09-05,"Snapshot identity only; not all aliases, trial participation or current eligibility"
cnha-cfdi-2716af72c0a80333611db09187d177db,西藏自治区藏医院,药临床机构备字2021000033,filed,confirmed_against_filing_snapshot,,deferred_not_required_for_identity,0,[],False,https://beian.cfdi.org.cn/CTMDS/pub/PUB010100.do?method=handle06&curPage=11&pageSize=100,2026-09-05,"Snapshot identity only; not all aliases, trial participation or current eligibility"
cnha-cfdi-27288bcdc0a8033311523e0dfe55b3ff,中山大学附属第六医院,药临床机构备字2019000094,filed,confirmed_against_filing_snapshot,,deferred_not_required_for_identity,0,"[{""hospital_id"": ""cnha-cfdi-27288bcdc0a8033311523e0dfe55b3ff"", ""official_name"": ""中山大学附属第六医院"", ""candidate_alias"": ""Gastrointestinal and Anal Hospital"", ""source_url"": ""https://ror.org/005pe1772"", ""status"": ""review_required"", ""reason"": ""Reference-only name; not approved for resolution""}, {""hospital_id"": ""cnha-cfdi-27288bcdc0a8033311523e0dfe55b3ff"", ""official_name"": ""中山大学附属第六医院"", ""candidate_alias"": ""Guangdong Gastrointestinal Hospital"", ""source_url"": ""https://ror.org/005pe1772"", ""status"": ""review_required"", ""reason"": ""Reference-only name; not approved for resolution""}, {""hospital_id"": ""cnha-cfdi-27288bcdc0a8033311523e0dfe55b3ff"", ""official_name"": ""中山大学附属第六医院"", ""candidate_alias"": ""Sixth Affiliated Hospital of Sun Yat-sen University"", ""source_url"": ""https://ror.org/005pe1772"", ""status"": ""review_required"", ""reason"": ""Reference-only name; not approved for resolution""}, {""hospital_id"": ""cnha-cfdi-27288bcdc0a8033311523e0dfe55b3ff"", ""official_name"": ""中山大学附属第六医院"", ""candidate_alias"": ""Zhongshan Six Hospital"", ""source_url"": ""https://ror.org/005pe1772"", ""status"": ""review_required"", ""reason"": ""Reference-only name; not approved for resolution""}]",False,https://beian.cfdi.org.cn/CTMDS/pub/PUB010100.do?method=handle06&curPage=1&pageSize=100,2026-09-05,"Snapshot identity only; not all aliases, trial participation or current eligibility"
cnha-cfdi-27305985c0a803336c62db139865243e,荥阳市人民医院,药临床机构备字2026000083,filed,confirmed_against_filing_snapshot,,deferred_not_required_for_identity,0,[],False,https://beian.cfdi.org.cn/CTMDS/pub/PUB010100.do?method=handle06&curPage=20&pageSize=100,2026-09-05,"Snapshot identity only; not all aliases, trial participation or current eligibility"
cnha-cfdi-27343246c0a8033308a1a045b007b5f4,重庆市疾病预防控制中心（重庆市预防医学科学院）,药临床机构备字2022000063,filed,confirmed_against_filing_snapshot,,deferred_not_required_for_identity,0,[],False,https://beian.cfdi.org.cn/CTMDS/pub/PUB010100.do?method=handle06&curPage=12&pageSize=100,2026-09-05,"Snapshot identity only; not all aliases, trial participation or current eligibility"
cnha-cfdi-273cec15c0a8033313fb7ff0b99670a3,贵州中医药大学第二附属医院,药临床机构备字2025000070,filed,confirmed_against_filing_snapshot,,deferred_not_required_for_identity,0,[],False,https://beian.cfdi.org.cn/CTMDS/pub/PUB010100.do?method=handle06&curPage=18&pageSize=100,2026-09-05,"Snapshot identity only; not all aliases, trial participation or current eligibility"
cnha-cfdi-27432d93c0a803332a3f40c53bf9b4a8,安徽济民肿瘤医院,药临床机构备字2020000072,filed,confirmed_against_filing_snapshot,,deferred_not_required_for_identity,0,[],False,https://beian.cfdi.org.cn/CTMDS/pub/PUB010100.do?method=handle06&curPage=2&pageSize=100,2026-09-05,"Snapshot identity only; not all aliases, trial participation or current eligibility"
cnha-cfdi-27a5c4a3c0a803333abc2f92e20a4e36,西平县人民医院,药临床机构备字2025000169,filed,confirmed_against_filing_snapshot,,deferred_not_required_for_identity,0,[],False,https://beian.cfdi.org.cn/CTMDS/pub/PUB010100.do?method=handle06&curPage=18&pageSize=100,2026-09-05,"Snapshot identity only; not all aliases, trial participation or current eligibility"
cnha-cfdi-27bcabf9c0a803334a4ddb9ed952c286,大同市第三人民医院,药临床机构备字2020000860,filed,confirmed_against_filing_snapshot,,deferred_not_required_for_identity,0,[],False,https://beian.cfdi.org.cn/CTMDS/pub/PUB010100.do?method=handle06&curPage=9&pageSize=100,2026-09-05,"Snapshot identity only; not all aliases, trial participation or current eligibility"
cnha-cfdi-27f0eae2c0a803332cff3788607e7bdc,泸州市人民医院,药临床机构备字2025000239,filed,confirmed_against_filing_snapshot,,deferred_not_required_for_identity,0,[],False,https://beian.cfdi.org.cn/CTMDS/pub/PUB010100.do?method=handle06&curPage=19&pageSize=100,2026-09-05,"Snapshot identity only; not all aliases, trial participation or current eligibility"
cnha-cfdi-281eb25dc0a803334728f8139013b871,兴化市人民医院,药临床机构备字2025000096,filed,confirmed_against_filing_snapshot,,deferred_not_required_for_identity,0,"[{""hospital_id"": ""cnha-cfdi-281eb25dc0a803334728f8139013b871"", ""official_name"": ""兴化市人民医院"", ""candidate_alias"": ""The Affiliated Xinghua People's Hospital"", ""source_url"": ""https://ror.org/05ht7qn52"", ""status"": ""review_required"", ""reason"": ""Reference-only name; not approved for resolution""}, {""hospital_id"": ""cnha-cfdi-281eb25dc0a803334728f8139013b871"", ""official_name"": ""兴化市人民医院"", ""candidate_alias"": ""XHRY"", ""source_url"": ""https://ror.org/05ht7qn52"", ""status"": ""review_required"", ""reason"": ""Reference-only name; not approved for resolution""}, {""hospital_id"": ""cnha-cfdi-281eb25dc0a803334728f8139013b871"", ""official_name"": ""兴化市人民医院"", ""candidate_alias"": ""Xinghua People's Hospital Affiliated to Yangzhou University"", ""source_url"": ""https://ror.org/05ht7qn52"", ""status"": ""review_required"", ""reason"": ""Reference-only name; not approved for resolution""}]",False,https://beian.cfdi.org.cn/CTMDS/pub/PUB010100.do?method=handle06&curPage=18&pageSize=100,2026-09-05,"Snapshot identity only; not all aliases, trial participation or current eligibility"
cnha-cfdi-282cbbd4c0a8033327d5956d0f8e5a4e,宁夏回族自治区第五人民医院,药临床机构备字2025000001,filed,confirmed_against_filing_snapshot,,deferred_not_required_for_identity,0,[],False,https://beian.cfdi.org.cn/CTMDS/pub/PUB010100.do?method=handle06&curPage=17&pageSize=100,2026-09-05,"Snapshot identity only; not all aliases, trial participation or current eligibility"
cnha-cfdi-2836d635c0a803337abebb3db9821364,山东省日照市人民医院,药临床机构备字2020000920,filed,confirmed_against_filing_snapshot,,deferred_not_required_for_identity,0,[],False,https://beian.cfdi.org.cn/CTMDS/pub/PUB010100.do?method=handle06&curPage=10&pageSize=100,2026-09-05,"Snapshot identity only; not all aliases, trial participation or current eligibility"
cnha-cfdi-28721124c0a80333496670dc8dfb278a,丹东市第一医院,药临床机构备字2021000105,filed,confirmed_against_filing_snapshot,,deferred_not_required_for_identity,0,[],False,https://beian.cfdi.org.cn/CTMDS/pub/PUB010100.do?method=handle06&curPage=11&pageSize=100,2026-09-05,"Snapshot identity only; not all aliases, trial participation or current eligibility"
cnha-cfdi-287241f1c0a8033317c86d59fd395d53,深圳恒生医院,药临床机构备字2025000282,filed,confirmed_against_filing_snapshot,,deferred_not_required_for_identity,0,[],False,https://beian.cfdi.org.cn/CTMDS/pub/PUB010100.do?method=handle06&curPage=19&pageSize=100,2026-09-05,"Snapshot identity only; not all aliases, trial participation or current eligibility"
cnha-cfdi-287fc02fc0a803333e15be70ce2e66e4,新疆佳音医院,药临床机构备字2019000064,filed,confirmed_against_filing_snapshot,,deferred_not_required_for_identity,0,[],False,https://beian.cfdi.org.cn/CTMDS/pub/PUB010100.do?method=handle06&curPage=1&pageSize=100,2026-09-05,"Snapshot identity only; not all aliases, trial participation or current eligibility"
cnha-cfdi-28c180c3c0a803337c9a4eaf72b893ea,吉林大学第一医院,药临床机构备字2020000193,filed,confirmed_against_filing_snapshot,The First Hospital of Jilin University,source_reviewed,1,"[{""hospital_id"": ""cnha-cfdi-28c180c3c0a803337c9a4eaf72b893ea"", ""official_name"": ""吉林大学第一医院"", ""candidate_alias"": ""First Hospital of Jilin University"", ""source_url"": ""https://ror.org/034haf133"", ""status"": ""review_required"", ""reason"": ""Reference-only name; not approved for resolution""}]",False,https://beian.cfdi.org.cn/CTMDS/pub/PUB010100.do?method=handle06&curPage=3&pageSize=100,2026-09-05,"Snapshot identity only; not all aliases, trial participation or current eligibility"
cnha-cfdi-29003c6ac0a803331bf9cfeac37edf81,台山市人民医院,药临床机构备字2026000082,filed,confirmed_against_filing_snapshot,,deferred_not_required_for_identity,0,[],False,https://beian.cfdi.org.cn/CTMDS/pub/PUB010100.do?method=handle06&curPage=20&pageSize=100,2026-09-05,"Snapshot identity only; not all aliases, trial participation or current eligibility"
cnha-cfdi-2901b102c0a8033342f4725cb54b63d1,胜利油田中心医院,药临床机构备字2020000579,filed,confirmed_against_filing_snapshot,,deferred_not_required_for_identity,0,[],False,https://beian.cfdi.org.cn/CTMDS/pub/PUB010100.do?method=handle06&curPage=7&pageSize=100,2026-09-05,"Snapshot identity only; not all aliases, trial participation or current eligibility"
cnha-cfdi-29894acdc0a8033302afef8526d2568b,榆林市第一医院,药临床机构备字2025000231,filed,confirmed_against_filing_snapshot,,deferred_not_required_for_identity,0,[],False,https://beian.cfdi.org.cn/CTMDS/pub/PUB010100.do?method=handle06&curPage=19&pageSize=100,2026-09-05,"Snapshot identity only; not all aliases, trial participation or current eligibility"
cnha-cfdi-29911ba6c0a8033334c8d26c40ece079,淅川县人民医院(淅川县第一医共体总医院),药临床机构备字2026000106,filed,confirmed_against_filing_snapshot,,deferred_not_required_for_identity,1,"[{""hospital_id"": ""cnha-cfdi-29911ba6c0a8033334c8d26c40ece079"", ""official_name"": ""淅川县人民医院(淅川县第一医共体总医院)"", ""candidate_alias"": ""淅川县第一医共体总医院"", ""source_url"": ""https://beian.cfdi.org.cn/CTMDS/pub/PUB010100.do?method=handle06&curPage=20&pageSize=100"", ""status"": ""review_required"", ""reason"": ""Reference-only name; not approved for resolution""}]",False,https://beian.cfdi.org.cn/CTMDS/pub/PUB010100.do?method=handle06&curPage=20&pageSize=100,2026-09-05,"Snapshot identity only; not all aliases, trial participation or current eligibility"
cnha-cfdi-29a0505ac0a8033367da5b7f0b11734c,重庆市红十字会医院（江北区人民医院）,药临床机构备字2019000014,filed,confirmed_against_filing_snapshot,,deferred_not_required_for_identity,1,"[{""hospital_id"": ""cnha-cfdi-29a0505ac0a8033367da5b7f0b11734c"", ""official_name"": ""重庆市红十字会医院（江北区人民医院）"", ""candidate_alias"": ""江北区人民医院"", ""source_url"": ""https://beian.cfdi.org.cn/CTMDS/pub/PUB010100.do?method=handle06&curPage=1&pageSize=100"", ""status"": ""review_required"", ""reason"": ""Reference-only name; not approved for resolution""}]",False,https://beian.cfdi.org.cn/CTMDS/pub/PUB010100.do?method=handle06&curPage=1&pageSize=100,2026-09-05,"Snapshot identity only; not all aliases, trial participation or current eligibility"
cnha-cfdi-2a76f77dc0a8033311314f9be1ed9183,武汉市第四医院（武汉市普爱医院、武汉市骨科医院）,药临床机构备字2020000451,filed,confirmed_against_filing_snapshot,,deferred_not_required_for_identity,5,"[{""hospital_id"": ""cnha-cfdi-2a76f77dc0a8033311314f9be1ed9183"", ""official_name"": ""武汉市第四医院（武汉市普爱医院、武汉市骨科医院）"", ""candidate_alias"": ""Wuhan Fourth Hospital"", ""source_url"": ""https://ror.org/00qavst65"", ""status"": ""review_required"", ""reason"": ""Reference-only name; not approved for resolution""}, {""hospital_id"": ""cnha-cfdi-2a76f77dc0a8033311314f9be1ed9183"", ""official_name"": ""武汉市第四医院（武汉市普爱医院、武汉市骨科医院）"", ""candidate_alias"": ""Wuhan Puai Hospital"", ""source_url"": ""https://ror.org/00qavst65"", ""status"": ""review_required"", ""reason"": ""Reference-only name; not approved for resolution""}]",False,https://beian.cfdi.org.cn/CTMDS/pub/PUB010100.do?method=handle06&curPage=6&pageSize=100,2026-09-05,"Snapshot identity only; not all aliases, trial participation or current eligibility"
cnha-cfdi-2aef45aac0a803336840d5f4d6de8922,东莞市松山湖中心医院,药临床机构备字2020000815,filed,confirmed_against_filing_snapshot,,deferred_not_required_for_identity,0,[],False,https://beian.cfdi.org.cn/CTMDS/pub/PUB010100.do?method=handle06&curPage=9&pageSize=100,2026-09-05,"Snapshot identity only; not all aliases, trial participation or current eligibility"
cnha-cfdi-2b0f3e3ac0a803332b68c3e3a809a4f5,泰州市第二人民医院,药临床机构备字2020000806,filed,confirmed_against_filing_snapshot,,deferred_not_required_for_identity,0,[],False,https://beian.cfdi.org.cn/CTMDS/pub/PUB010100.do?method=handle06&curPage=9&pageSize=100,2026-09-05,"Snapshot identity only; not all aliases, trial participation or current eligibility"
cnha-cfdi-2b5b1a74c0a803332b005fc6b285fda9,太康县人民医院,药临床机构备字2024000134,filed,confirmed_against_filing_snapshot,,deferred_not_required_for_identity,0,[],False,https://beian.cfdi.org.cn/CTMDS/pub/PUB010100.do?method=handle06&curPage=16&pageSize=100,2026-09-05,"Snapshot identity only; not all aliases, trial participation or current eligibility"
cnha-cfdi-2c00ee6dc0a803332515ffdc7276d6cf,西安国际医学中心医院,药临床机构备字2020000983,filed,confirmed_against_filing_snapshot,,deferred_not_required_for_identity,0,[],False,https://beian.cfdi.org.cn/CTMDS/pub/PUB010100.do?method=handle06&curPage=10&pageSize=100,2026-09-05,"Snapshot identity only; not all aliases, trial participation or current eligibility"
cnha-cfdi-2c9ad72ec0a80333479abf6bd6a62bdd,临汾市中心医院,药临床机构备字2019000069,filed,confirmed_against_filing_snapshot,,deferred_not_required_for_identity,0,[],False,https://beian.cfdi.org.cn/CTMDS/pub/PUB010100.do?method=handle06&curPage=1&pageSize=100,2026-09-05,"Snapshot identity only; not all aliases, trial participation or current eligibility"
cnha-cfdi-2cb8c0e2c0a803333cdd7b4e36f873a0,南京大学医学院附属口腔医院,药临床机构备字2020000513,filed,confirmed_against_filing_snapshot,,deferred_not_required_for_identity,0,[],False,https://beian.cfdi.org.cn/CTMDS/pub/PUB010100.do?method=handle06&curPage=6&pageSize=100,2026-09-05,"Snapshot identity only; not all aliases, trial participation or current eligibility"
cnha-cfdi-2cded937c0a80333546ab4f2b9366f89,重庆市中医院,药临床机构备字2020000152,filed,confirmed_against_filing_snapshot,,deferred_not_required_for_identity,0,[],False,https://beian.cfdi.org.cn/CTMDS/pub/PUB010100.do?method=handle06&curPage=3&pageSize=100,2026-09-05,"Snapshot identity only; not all aliases, trial participation or current eligibility"
cnha-cfdi-2d60ed4dc0a803335f6b6a918e038726,南阳南石医院,药临床机构备字2020000749,filed,confirmed_against_filing_snapshot,,deferred_not_required_for_identity,0,[],False,https://beian.cfdi.org.cn/CTMDS/pub/PUB010100.do?method=handle06&curPage=8&pageSize=100,2026-09-05,"Snapshot identity only; not all aliases, trial participation or current eligibility"
cnha-cfdi-2dd3b2e1c0a803332927affc6074b049,深圳平乐骨伤科医院（深圳市坪山区中医院）,药临床机构备字2021000020,filed,confirmed_against_filing_snapshot,,deferred_not_required_for_identity,2,"[{""hospital_id"": ""cnha-cfdi-2dd3b2e1c0a803332927affc6074b049"", ""official_name"": ""深圳平乐骨伤科医院（深圳市坪山区中医院）"", ""candidate_alias"": ""Shenzhen Pingle Orthopedic Hospital"", ""source_url"": ""https://ror.org/04ppv2c95"", ""status"": ""review_required"", ""reason"": ""Reference-only name; not approved for resolution""}]",False,https://beian.cfdi.org.cn/CTMDS/pub/PUB010100.do?method=handle06&curPage=10&pageSize=100,2026-09-05,"Snapshot identity only; not all aliases, trial participation or current eligibility"
cnha-cfdi-2e295af6c0a803332f87ec9b17d7e1ba,博鳌一龄生命养护中心,药临床机构备字2023000062,filed,confirmed_against_filing_snapshot,,deferred_not_required_for_identity,0,[],False,https://beian.cfdi.org.cn/CTMDS/pub/PUB010100.do?method=handle06&curPage=13&pageSize=100,2026-09-05,"Snapshot identity only; not all aliases, trial participation or current eligibility"
cnha-cfdi-2ef1f210c0a80333112f26c399ec92c2,清华大学玉泉医院(清华大学中西医结合医院),药临床机构备字2025000018,filed,confirmed_against_filing_snapshot,,deferred_not_required_for_identity,2,[],False,https://beian.cfdi.org.cn/CTMDS/pub/PUB010100.do?method=handle06&curPage=17&pageSize=100,2026-09-05,"Snapshot identity only; not all aliases, trial participation or current eligibility"
cnha-cfdi-2f709f37c0a80333255db4323da400c5,牡丹江医科大学附属红旗医院,药临床机构备字2020000351,filed,confirmed_against_filing_snapshot,,deferred_not_required_for_identity,0,[],False,https://beian.cfdi.org.cn/CTMDS/pub/PUB010100.do?method=handle06&curPage=5&pageSize=100,2026-09-05,"Snapshot identity only; not all aliases, trial participation or current eligibility"
cnha-cfdi-3077635fc0a8033361560ff83df43b08,海军军医大学第二附属医院（上海长征医院）,药临床机构备字2020000271,filed,confirmed_against_filing_snapshot,,deferred_not_required_for_identity,2,[],False,https://beian.cfdi.org.cn/CTMDS/pub/PUB010100.do?method=handle06&curPage=4&pageSize=100,2026-09-05,"Snapshot identity only; not all aliases, trial participation or current eligibility"
cnha-cfdi-30899664c0a803333946f2925463b901,内黄县中医院,药临床机构备字2025000029,filed,confirmed_against_filing_snapshot,,deferred_not_required_for_identity,0,[],False,https://beian.cfdi.org.cn/CTMDS/pub/PUB010100.do?method=handle06&curPage=17&pageSize=100,2026-09-05,"Snapshot identity only; not all aliases, trial participation or current eligibility"
cnha-cfdi-30d8d650c0a803330c369b897c161041,沈阳何氏眼科医院（有限公司）,药临床机构备字2020000201,filed,confirmed_against_filing_snapshot,,deferred_not_required_for_identity,0,[],False,https://beian.cfdi.org.cn/CTMDS/pub/PUB010100.do?method=handle06&curPage=3&pageSize=100,2026-09-05,"Snapshot identity only; not all aliases, trial participation or current eligibility"
cnha-cfdi-310ac6b9c0a803335963b43acc2b2db2,天津市第二人民医院,药临床机构备字2020000780,filed,confirmed_against_filing_snapshot,,deferred_not_required_for_identity,0,[],False,https://beian.cfdi.org.cn/CTMDS/pub/PUB010100.do?method=handle06&curPage=8&pageSize=100,2026-09-05,"Snapshot identity only; not all aliases, trial participation or current eligibility"
cnha-cfdi-31278b94c0a803333d226ab8b1471a8c,河北省人民医院,药临床机构备字2020000101,filed,confirmed_against_filing_snapshot,,deferred_not_required_for_identity,0,"[{""hospital_id"": ""cnha-cfdi-31278b94c0a803333d226ab8b1471a8c"", ""official_name"": ""河北省人民医院"", ""candidate_alias"": ""Hebei General Hospital"", ""source_url"": ""https://ror.org/01nv7k942"", ""status"": ""review_required"", ""reason"": ""Reference-only name; not approved for resolution""}]",False,https://beian.cfdi.org.cn/CTMDS/pub/PUB010100.do?method=handle06&curPage=2&pageSize=100,2026-09-05,"Snapshot identity only; not all aliases, trial participation or current eligibility"
cnha-cfdi-312ade48c0a803330dbbe4dc78900ab2,首都医科大学附属北京朝阳医院,药临床机构备字2020000268,filed,confirmed_against_filing_snapshot,,deferred_not_required_for_identity,0,"[{""hospital_id"": ""cnha-cfdi-312ade48c0a803330dbbe4dc78900ab2"", ""official_name"": ""首都医科大学附属北京朝阳医院"", ""candidate_alias"": ""Beijing Chao-Yang Hospital"", ""source_url"": ""https://ror.org/01eff5662"", ""status"": ""review_required"", ""reason"": ""Reference-only name; not approved for resolution""}, {""hospital_id"": ""cnha-cfdi-312ade48c0a803330dbbe4dc78900ab2"", ""official_name"": ""首都医科大学附属北京朝阳医院"", ""candidate_alias"": ""Beijing Chao-Yang Hospital, Capital Medical University"", ""source_url"": ""https://ror.org/01eff5662"", ""status"": ""review_required"", ""reason"": ""Reference-only name; not approved for resolution""}, {""hospital_id"": ""cnha-cfdi-312ade48c0a803330dbbe4dc78900ab2"", ""official_name"": ""首都医科大学附属北京朝阳医院"", ""candidate_alias"": ""Běijīng Cháoyáng Yīyuàn"", ""source_url"": ""https://ror.org/01eff5662"", ""status"": ""review_required"", ""reason"": ""Reference-only name; not approved for resolution""}, {""hospital_id"": ""cnha-cfdi-312ade48c0a803330dbbe4dc78900ab2"", ""official_name"": ""首都医科大学附属北京朝阳医院"", ""candidate_alias"": ""北京朝阳医院"", ""source_url"": ""https://ror.org/01eff5662"", ""status"": ""review_required"", ""reason"": ""Reference-only name; not approved for resolution""}]",False,https://beian.cfdi.org.cn/CTMDS/pub/PUB010100.do?method=handle06&curPage=4&pageSize=100,2026-09-05,"Snapshot identity only; not all aliases, trial participation or current eligibility"
cnha-cfdi-31343ef5c0a8033378eee0d9c7157d5a,山东省第二人民医院（山东省耳鼻喉医院、山东省耳鼻喉研究所）,药临床机构备字2020000668,filed,confirmed_against_filing_snapshot,,deferred_not_required_for_identity,2,"[{""hospital_id"": ""cnha-cfdi-31343ef5c0a8033378eee0d9c7157d5a"", ""official_name"": ""山东省第二人民医院（山东省耳鼻喉医院、山东省耳鼻喉研究所）"", ""candidate_alias"": ""山东省耳鼻喉研究所"", ""source_url"": ""https://beian.cfdi.org.cn/CTMDS/pub/PUB010100.do?method=handle06&curPage=7&pageSize=100"", ""status"": ""review_required"", ""reason"": ""Reference-only name; not approved for resolution""}]",False,https://beian.cfdi.org.cn/CTMDS/pub/PUB010100.do?method=handle06&curPage=7&pageSize=100,2026-09-05,"Snapshot identity only; not all aliases, trial participation or current eligibility"
cnha-cfdi-3139983cc0a803331661bcb9f61f8a0f,林州红旗渠医院,药临床机构备字2024000155,filed,confirmed_against_filing_snapshot,,deferred_not_required_for_identity,0,[],False,https://beian.cfdi.org.cn/CTMDS/pub/PUB010100.do?method=handle06&curPage=16&pageSize=100,2026-09-05,"Snapshot identity only; not all aliases, trial participation or current eligibility"
cnha-cfdi-3146be4ac0a80333693c1b253e064a82,海南医科大学第一附属医院,药临床机构备字2019000068,filed,confirmed_against_filing_snapshot,,deferred_not_required_for_identity,0,[],False,https://beian.cfdi.org.cn/CTMDS/pub/PUB010100.do?method=handle06&curPage=1&pageSize=100,2026-09-05,"Snapshot identity only; not all aliases, trial participation or current eligibility"
cnha-cfdi-315d9bd6c0a803330fc5790f1cd2b3f3,贵州医科大学附属医院,药临床机构备字2020000034,filed,confirmed_against_filing_snapshot,,deferred_not_required_for_identity,0,[],False,https://beian.cfdi.org.cn/CTMDS/pub/PUB010100.do?method=handle06&curPage=2&pageSize=100,2026-09-05,"Snapshot identity only; not all aliases, trial participation or current eligibility"
cnha-cfdi-315ee66cc0a803333733153cce8984d6,乳山市人民医院,药临床机构备字2026000167,filed,confirmed_against_filing_snapshot,,deferred_not_required_for_identity,0,[],False,https://beian.cfdi.org.cn/CTMDS/pub/PUB010100.do?method=handle06&curPage=21&pageSize=100,2026-09-05,"Snapshot identity only; not all aliases, trial participation or current eligibility"
cnha-cfdi-31759b26c0a803333348f37a8186931e,景德镇市中医医院,药临床机构备字2026000130,filed,confirmed_against_filing_snapshot,,deferred_not_required_for_identity,0,[],False,https://beian.cfdi.org.cn/CTMDS/pub/PUB010100.do?method=handle06&curPage=20&pageSize=100,2026-09-05,"Snapshot identity only; not all aliases, trial participation or current eligibility"
cnha-cfdi-317e5390c0a80333428017c95b8e60d5,北京市海淀医院、北京市海淀医院互联网医院,药临床机构备字2022000125,filed,confirmed_against_filing_snapshot,,deferred_not_required_for_identity,1,"[{""hospital_id"": ""cnha-cfdi-317e5390c0a80333428017c95b8e60d5"", ""official_name"": ""北京市海淀医院、北京市海淀医院互联网医院"", ""candidate_alias"": ""北京市海淀医院互联网医院"", ""source_url"": ""https://beian.cfdi.org.cn/CTMDS/pub/PUB010100.do?method=handle06&curPage=13&pageSize=100"", ""status"": ""review_required"", ""reason"": ""Reference-only name; not approved for resolution""}, {""hospital_id"": ""cnha-cfdi-317e5390c0a80333428017c95b8e60d5"", ""official_name"": ""北京市海淀医院、北京市海淀医院互联网医院"", ""candidate_alias"": ""Beijing Haidian Hospital"", ""source_url"": ""https://ror.org/058x5eq06"", ""status"": ""review_required"", ""reason"": ""Reference-only name; not approved for resolution""}, {""hospital_id"": ""cnha-cfdi-317e5390c0a80333428017c95b8e60d5"", ""official_name"": ""北京市海淀医院、北京市海淀医院互联网医院"", ""candidate_alias"": ""Beijing Haidian Section of Peking University Third Hospital"", ""source_url"": ""https://ror.org/058x5eq06"", ""status"": ""review_required"", ""reason"": ""Reference-only name; not approved for resolution""}]",False,https://beian.cfdi.org.cn/CTMDS/pub/PUB010100.do?method=handle06&curPage=13&pageSize=100,2026-09-05,"Snapshot identity only; not all aliases, trial participation or current eligibility"
cnha-cfdi-31813a4dc0a80333360e13a9bbaa1f25,聊城市第二人民医院,药临床机构备字2020000717,filed,confirmed_against_filing_snapshot,,deferred_not_required_for_identity,0,[],False,https://beian.cfdi.org.cn/CTMDS/pub/PUB010100.do?method=handle06&curPage=8&pageSize=100,2026-09-05,"Snapshot identity only; not all aliases, trial participation or current eligibility"
cnha-cfdi-318dc62bc0a8033361606bba37a83140,南京市第一医院,药临床机构备字2020000715,filed,confirmed_against_filing_snapshot,,deferred_not_required_for_identity,0,"[{""hospital_id"": ""cnha-cfdi-318dc62bc0a8033361606bba37a83140"", ""official_name"": ""南京市第一医院"", ""candidate_alias"": ""NFH"", ""source_url"": ""https://ror.org/02hw73q19"", ""status"": ""review_required"", ""reason"": ""Reference-only name; not approved for resolution""}, {""hospital_id"": ""cnha-cfdi-318dc62bc0a8033361606bba37a83140"", ""official_name"": ""南京市第一医院"", ""candidate_alias"": ""Nanjing First Hospital"", ""source_url"": ""https://ror.org/02hw73q19"", ""status"": ""review_required"", ""reason"": ""Reference-only name; not approved for resolution""}]",False,https://beian.cfdi.org.cn/CTMDS/pub/PUB010100.do?method=handle06&curPage=8&pageSize=100,2026-09-05,"Snapshot identity only; not all aliases, trial participation or current eligibility"
cnha-cfdi-3197cd21c0a8033352df17303e32f787,万载县人民医院（宜春学院第一附属医院）,药临床机构备字2023000237,filed,confirmed_against_filing_snapshot,,deferred_not_required_for_identity,2,[],False,https://beian.cfdi.org.cn/CTMDS/pub/PUB010100.do?method=handle06&curPage=15&pageSize=100,2026-09-05,"Snapshot identity only; not all aliases, trial participation or current eligibility"
cnha-cfdi-31984d28c0a803333de5b42e7d38fd21,厦门市妇幼保健院、厦门大学附属妇女儿童医院,药临床机构备字2019000006,filed,confirmed_against_filing_snapshot,,deferred_not_required_for_identity,2,[],False,https://beian.cfdi.org.cn/CTMDS/pub/PUB010100.do?method=handle06&curPage=1&pageSize=100,2026-09-05,"Snapshot identity only; not all aliases, trial participation or current eligibility"
cnha-cfdi-31a1d9b2c0a8033314de8c8c39a1735a,中国人民解放军总医院第九医学中心,药临床机构备字2020000927,filed,confirmed_against_filing_snapshot,,deferred_not_required_for_identity,0,[],False,https://beian.cfdi.org.cn/CTMDS/pub/PUB010100.do?method=handle06&curPage=10&pageSize=100,2026-09-05,"Snapshot identity only; not all aliases, trial participation or current eligibility"
cnha-cfdi-31abeb88c0a803331c0475672a3f1c6a,成都京东方医院,药临床机构备字2023000148,filed,confirmed_against_filing_snapshot,,deferred_not_required_for_identity,0,[],False,https://beian.cfdi.org.cn/CTMDS/pub/PUB010100.do?method=handle06&curPage=14&pageSize=100,2026-09-05,"Snapshot identity only; not all aliases, trial participation or current eligibility"
cnha-cfdi-31ac1056c0a803332d41c718b414eafd,哈尔滨市第二医院,药临床机构备字2022000059,filed,confirmed_against_filing_snapshot,,deferred_not_required_for_identity,0,[],False,https://beian.cfdi.org.cn/CTMDS/pub/PUB010100.do?method=handle06&curPage=12&pageSize=100,2026-09-05,"Snapshot identity only; not all aliases, trial participation or current eligibility"
cnha-cfdi-31b19b7ac0a803331329671241047738,武汉爱尔眼科医院汉口医院,药临床机构备字2020000662,filed,confirmed_against_filing_snapshot,,deferred_not_required_for_identity,0,[],False,https://beian.cfdi.org.cn/CTMDS/pub/PUB010100.do?method=handle06&curPage=7&pageSize=100,2026-09-05,"Snapshot identity only; not all aliases, trial participation or current eligibility"
cnha-cfdi-31c31344c0a803337cc19b734c5cf1ef,江西省儿童医院,药临床机构备字2020000663,filed,confirmed_against_filing_snapshot,,deferred_not_required_for_identity,0,"[{""hospital_id"": ""cnha-cfdi-31c31344c0a803337cc19b734c5cf1ef"", ""official_name"": ""江西省儿童医院"", ""candidate_alias"": ""Jiangxi Provincial Children's Hospital"", ""source_url"": ""https://ror.org/03tws3217"", ""status"": ""review_required"", ""reason"": ""Reference-only name; not approved for resolution""}]",False,https://beian.cfdi.org.cn/CTMDS/pub/PUB010100.do?method=handle06&curPage=7&pageSize=100,2026-09-05,"Snapshot identity only; not all aliases, trial participation or current eligibility"
cnha-cfdi-31c61602c0a803336b55426e8e04a4da,中国医学科学院肿瘤医院,药临床机构备字2020000332,filed,confirmed_against_filing_snapshot,"Cancer Hospital, Chinese Academy of Medical Sciences",source_reviewed,1,"[{""hospital_id"": ""cnha-cfdi-31c61602c0a803336b55426e8e04a4da"", ""official_name"": ""中国医学科学院肿瘤医院"", ""candidate_alias"": ""Cancer Hospital of Chinese Academy of Medical Sciences"", ""source_url"": ""https://ror.org/03x937183"", ""status"": ""review_required"", ""reason"": ""Reference-only name; not approved for resolution""}, {""hospital_id"": ""cnha-cfdi-31c61602c0a803336b55426e8e04a4da"", ""official_name"": ""中国医学科学院肿瘤医院"", ""candidate_alias"": ""Ritan Hospital"", ""source_url"": ""https://ror.org/03x937183"", ""status"": ""review_required"", ""reason"": ""Reference-only name; not approved for resolution""}]",False,https://beian.cfdi.org.cn/CTMDS/pub/PUB010100.do?method=handle06&curPage=4&pageSize=100,2026-09-05,"Snapshot identity only; not all aliases, trial participation or current eligibility"
cnha-cfdi-31cdb743c0a803332517969aeabbb05b,郑州市第三人民医院,药临床机构备字2020000074,filed,confirmed_against_filing_snapshot,,deferred_not_required_for_identity,0,[],False,https://beian.cfdi.org.cn/CTMDS/pub/PUB010100.do?method=handle06&curPage=2&pageSize=100,2026-09-05,"Snapshot identity only; not all aliases, trial participation or current eligibility"
cnha-cfdi-31d354e1c0a8033324ce7b7bc06d6bad,湘潭市中心医院,药临床机构备字2020000379,filed,confirmed_against_filing_snapshot,,deferred_not_required_for_identity,0,[],False,https://beian.cfdi.org.cn/CTMDS/pub/PUB010100.do?method=handle06&curPage=5&pageSize=100,2026-09-05,"Snapshot identity only; not all aliases, trial participation or current eligibility"
cnha-cfdi-31e34bc0c0a803336e9dafdff831ed5b,河南医药大学第一附属医院,药临床机构备字2020000008,filed,confirmed_against_filing_snapshot,,deferred_not_required_for_identity,0,[],False,https://beian.cfdi.org.cn/CTMDS/pub/PUB010100.do?method=handle06&curPage=1&pageSize=100,2026-09-05,"Snapshot identity only; not all aliases, trial participation or current eligibility"
cnha-cfdi-31fcd44ec0a803331ea8b90d035215eb,北京市顺义区中医医院(北京中医医院顺义医院),药临床机构备字2025000183,filed,confirmed_against_filing_snapshot,,deferred_not_required_for_identity,2,"[{""hospital_id"": ""cnha-cfdi-31fcd44ec0a803331ea8b90d035215eb"", ""official_name"": ""北京市顺义区中医医院(北京中医医院顺义医院)"", ""candidate_alias"": ""Shunyi District Traditional Chinese Medicine Hospital"", ""source_url"": ""https://ror.org/01qq0qd43"", ""status"": ""review_required"", ""reason"": ""Reference-only name; not approved for resolution""}, {""hospital_id"": ""cnha-cfdi-31fcd44ec0a803331ea8b90d035215eb"", ""official_name"": ""北京市顺义区中医医院(北京中医医院顺义医院)"", ""candidate_alias"": ""Shunyi Hospital of Beijing Traditional Chinese Medicine Hospital"", ""source_url"": ""https://ror.org/01qq0qd43"", ""status"": ""review_required"", ""reason"": ""Reference-only name; not approved for resolution""}]",False,https://beian.cfdi.org.cn/CTMDS/pub/PUB010100.do?method=handle06&curPage=19&pageSize=100,2026-09-05,"Snapshot identity only; not all aliases, trial participation or current eligibility"
cnha-cfdi-3283eeaac0a80333155f24bbe2387823,上海市嘉定区中心医院,药临床机构备字2021000102,filed,confirmed_against_filing_snapshot,,deferred_not_required_for_identity,0,[],False,https://beian.cfdi.org.cn/CTMDS/pub/PUB010100.do?method=handle06&curPage=11&pageSize=100,2026-09-05,"Snapshot identity only; not all aliases, trial participation or current eligibility"
cnha-cfdi-32860b9dc0a80333274ac9ba7af2b6a2,湖州市第三人民医院,药临床机构备字2020000364,filed,confirmed_against_filing_snapshot,,deferred_not_required_for_identity,0,[],False,https://beian.cfdi.org.cn/CTMDS/pub/PUB010100.do?method=handle06&curPage=5&pageSize=100,2026-09-05,"Snapshot identity only; not all aliases, trial participation or current eligibility"
cnha-cfdi-328af8cac0a803331914f729b874f345,南方科技大学医院,药临床机构备字2024000174,filed,confirmed_against_filing_snapshot,,deferred_not_required_for_identity,0,[],False,https://beian.cfdi.org.cn/CTMDS/pub/PUB010100.do?method=handle06&curPage=16&pageSize=100,2026-09-05,"Snapshot identity only; not all aliases, trial participation or current eligibility"
cnha-cfdi-329152fdc0a80333739a4563c8d0a3e8,深圳市坪山区人民医院,药临床机构备字2024000130,filed,confirmed_against_filing_snapshot,,deferred_not_required_for_identity,0,[],False,https://beian.cfdi.org.cn/CTMDS/pub/PUB010100.do?method=handle06&curPage=16&pageSize=100,2026-09-05,"Snapshot identity only; not all aliases, trial participation or current eligibility"
cnha-cfdi-32a2c0b5c0a803331e9bf6b880f877b8,重庆医科大学附属永川医院,药临床机构备字2020000025,filed,confirmed_against_filing_snapshot,,deferred_not_required_for_identity,0,[],False,https://beian.cfdi.org.cn/CTMDS/pub/PUB010100.do?method=handle06&curPage=2&pageSize=100,2026-09-05,"Snapshot identity only; not all aliases, trial participation or current eligibility"
cnha-cfdi-32c1abc9c0a8033320455d77bfaba578,文昌市人民医院（文昌市人民医院医共体总院）,药临床机构备字2024000125,filed,confirmed_against_filing_snapshot,,deferred_not_required_for_identity,1,"[{""hospital_id"": ""cnha-cfdi-32c1abc9c0a8033320455d77bfaba578"", ""official_name"": ""文昌市人民医院（文昌市人民医院医共体总院）"", ""candidate_alias"": ""文昌市人民医院医共体总院"", ""source_url"": ""https://beian.cfdi.org.cn/CTMDS/pub/PUB010100.do?method=handle06&curPage=16&pageSize=100"", ""status"": ""review_required"", ""reason"": ""Reference-only name; not approved for resolution""}]",False,https://beian.cfdi.org.cn/CTMDS/pub/PUB010100.do?method=handle06&curPage=16&pageSize=100,2026-09-05,"Snapshot identity only; not all aliases, trial participation or current eligibility"
cnha-cfdi-32ca0e2fc0a8033315508c30b05b0871,中山大学附属第三医院粤东医院,药临床机构备字2023000184,filed,confirmed_against_filing_snapshot,,deferred_not_required_for_identity,0,[],False,https://beian.cfdi.org.cn/CTMDS/pub/PUB010100.do?method=handle06&curPage=14&pageSize=100,2026-09-05,"Snapshot identity only; not all aliases, trial participation or current eligibility"
cnha-cfdi-32d1870ac0a80333154a24e74a9cd9a6,南方医科大学第七附属医院（佛山市南海区第三人民医院）,药临床机构备字2021000116,filed,confirmed_against_filing_snapshot,,deferred_not_required_for_identity,2,[],False,https://beian.cfdi.org.cn/CTMDS/pub/PUB010100.do?method=handle06&curPage=11&pageSize=100,2026-09-05,"Snapshot identity only; not all aliases, trial participation or current eligibility"
cnha-cfdi-32e224f3c0a803330efddb7c1113c22f,阳泉煤业（集团）有限责任公司总医院,药临床机构备字2020000609,filed,confirmed_against_filing_snapshot,,deferred_not_required_for_identity,0,[],False,https://beian.cfdi.org.cn/CTMDS/pub/PUB010100.do?method=handle06&curPage=7&pageSize=100,2026-09-05,"Snapshot identity only; not all aliases, trial participation or current eligibility"
cnha-cfdi-32e6838dc0a803330fdfe5db1ba459d5,安阳市中医院,药临床机构备字2025000047,filed,confirmed_against_filing_snapshot,,deferred_not_required_for_identity,0,"[{""hospital_id"": ""cnha-cfdi-32e6838dc0a803330fdfe5db1ba459d5"", ""official_name"": ""安阳市中医院"", ""candidate_alias"": ""Anyang Hospital of Traditional Chinese Medicine"", ""source_url"": ""https://ror.org/02x5sw589"", ""status"": ""review_required"", ""reason"": ""Reference-only name; not approved for resolution""}]",False,https://beian.cfdi.org.cn/CTMDS/pub/PUB010100.do?method=handle06&curPage=17&pageSize=100,2026-09-05,"Snapshot identity only; not all aliases, trial participation or current eligibility"
cnha-cfdi-330a5a5dc0a8033377e4178e3d5a8695,重庆医科大学附属第二医院,药临床机构备字2019000016,filed,confirmed_against_filing_snapshot,,deferred_not_required_for_identity,0,"[{""hospital_id"": ""cnha-cfdi-330a5a5dc0a8033377e4178e3d5a8695"", ""official_name"": ""重庆医科大学附属第二医院"", ""candidate_alias"": ""Second Affiliated Hospital of Chongqing Medical University"", ""source_url"": ""https://ror.org/00r67fz39"", ""status"": ""review_required"", ""reason"": ""Reference-only name; not approved for resolution""}]",False,https://beian.cfdi.org.cn/CTMDS/pub/PUB010100.do?method=handle06&curPage=1&pageSize=100,2026-09-05,"Snapshot identity only; not all aliases, trial participation or current eligibility"
cnha-cfdi-331e7c69c0a80333533c39fcf2e67d09,潮州市中心医院,药临床机构备字2024000015,filed,confirmed_against_filing_snapshot,,deferred_not_required_for_identity,0,"[{""hospital_id"": ""cnha-cfdi-331e7c69c0a80333533c39fcf2e67d09"", ""official_name"": ""潮州市中心医院"", ""candidate_alias"": ""Chaozhou Central Hospital"", ""source_url"": ""https://ror.org/03rzkxc19"", ""status"": ""review_required"", ""reason"": ""Reference-only name; not approved for resolution""}]",False,https://beian.cfdi.org.cn/CTMDS/pub/PUB010100.do?method=handle06&curPage=15&pageSize=100,2026-09-05,"Snapshot identity only; not all aliases, trial participation or current eligibility"
cnha-cfdi-3340923cc0a803335613d72a9247a1b9,吉林省肿瘤医院,药临床机构备字2020000473,filed,confirmed_against_filing_snapshot,,deferred_not_required_for_identity,0,"[{""hospital_id"": ""cnha-cfdi-3340923cc0a803335613d72a9247a1b9"", ""official_name"": ""吉林省肿瘤医院"", ""candidate_alias"": ""Jilin Province Tumor Hospital"", ""source_url"": ""https://ror.org/00vgek070"", ""status"": ""review_required"", ""reason"": ""Reference-only name; not approved for resolution""}]",False,https://beian.cfdi.org.cn/CTMDS/pub/PUB010100.do?method=handle06&curPage=6&pageSize=100,2026-09-05,"Snapshot identity only; not all aliases, trial participation or current eligibility"
cnha-cfdi-33bd2c3ec0a803332984f5bf4b837c5d,河北燕达医院,药临床机构备字2020000976,filed,confirmed_against_filing_snapshot,,deferred_not_required_for_identity,0,[],False,https://beian.cfdi.org.cn/CTMDS/pub/PUB010100.do?method=handle06&curPage=10&pageSize=100,2026-09-05,"Snapshot identity only; not all aliases, trial participation or current eligibility"
cnha-cfdi-33dd0cd0c0a803335a4818cf80badb77,英山县人民医院,药临床机构备字2026000084,filed,confirmed_against_filing_snapshot,,deferred_not_required_for_identity,0,[],False,https://beian.cfdi.org.cn/CTMDS/pub/PUB010100.do?method=handle06&curPage=20&pageSize=100,2026-09-05,"Snapshot identity only; not all aliases, trial participation or current eligibility"
cnha-cfdi-3437c103c0a8033301ac1c5aac4599cc,连州市人民医院,药临床机构备字2024000088,filed,confirmed_against_filing_snapshot,,deferred_not_required_for_identity,0,[],False,https://beian.cfdi.org.cn/CTMDS/pub/PUB010100.do?method=handle06&curPage=16&pageSize=100,2026-09-05,"Snapshot identity only; not all aliases, trial participation or current eligibility"
cnha-cfdi-3467c413c0a803334f6149adaabe55e2,高州市中医院,药临床机构备字2026000169,filed,confirmed_against_filing_snapshot,,deferred_not_required_for_identity,0,[],False,https://beian.cfdi.org.cn/CTMDS/pub/PUB010100.do?method=handle06&curPage=21&pageSize=100,2026-09-05,"Snapshot identity only; not all aliases, trial participation or current eligibility"
cnha-cfdi-34b12815c0a8033308c6a8f789d49206,中山火炬开发区人民医院,药临床机构备字2023000031,filed,confirmed_against_filing_snapshot,,deferred_not_required_for_identity,0,[],False,https://beian.cfdi.org.cn/CTMDS/pub/PUB010100.do?method=handle06&curPage=13&pageSize=100,2026-09-05,"Snapshot identity only; not all aliases, trial participation or current eligibility"
cnha-cfdi-34d09855c0a803333a94e5cae7b73a42,四川省肿瘤医院,药临床机构备字2020000551,filed,confirmed_against_filing_snapshot,,deferred_not_required_for_identity,0,[],False,https://beian.cfdi.org.cn/CTMDS/pub/PUB010100.do?method=handle06&curPage=6&pageSize=100,2026-09-05,"Snapshot identity only; not all aliases, trial participation or current eligibility"
cnha-cfdi-34e6c06dc0a80333165abd85d508d7e8,浙江大学医学院附属儿童医院,药临床机构备字2020000115,filed,confirmed_against_filing_snapshot,,deferred_not_required_for_identity,0,[],False,https://beian.cfdi.org.cn/CTMDS/pub/PUB010100.do?method=handle06&curPage=2&pageSize=100,2026-09-05,"Snapshot identity only; not all aliases, trial participation or current eligibility"
cnha-cfdi-350cb36ac0a803331b0d46566a10ed40,杭州市肿瘤医院,药临床机构备字2020000480,filed,confirmed_against_filing_snapshot,,deferred_not_required_for_identity,0,"[{""hospital_id"": ""cnha-cfdi-350cb36ac0a803331b0d46566a10ed40"", ""official_name"": ""杭州市肿瘤医院"", ""candidate_alias"": ""Hangzhou Cancer Hospital"", ""source_url"": ""https://ror.org/05psp9534"", ""status"": ""review_required"", ""reason"": ""Reference-only name; not approved for resolution""}]",False,https://beian.cfdi.org.cn/CTMDS/pub/PUB010100.do?method=handle06&curPage=6&pageSize=100,2026-09-05,"Snapshot identity only; not all aliases, trial participation or current eligibility"
cnha-cfdi-352b9e2dc0a80333329bba5bf2b0aaff,绍兴市第七人民医院,药临床机构备字2026000057,filed,confirmed_against_filing_snapshot,,deferred_not_required_for_identity,0,[],False,https://beian.cfdi.org.cn/CTMDS/pub/PUB010100.do?method=handle06&curPage=20&pageSize=100,2026-09-05,"Snapshot identity only; not all aliases, trial participation or current eligibility"
cnha-cfdi-35387476c0a803333cde3a5c3188794d,广州市第一人民医院(广州消化疾病中心、广州医科大学附属市一人民医院、华南理工大学附属第二医院),药临床机构备字2019000018,filed,confirmed_against_filing_snapshot,,deferred_not_required_for_identity,0,[],False,https://beian.cfdi.org.cn/CTMDS/pub/PUB010100.do?method=handle06&curPage=1&pageSize=100,2026-09-05,"Snapshot identity only; not all aliases, trial participation or current eligibility"
cnha-cfdi-35622eedc0a80333232ba941e51c51e4,惠州市第二人民医院(惠州市精神卫生中心、惠州市荣军优抚医院),药临床机构备字2026000023,filed,confirmed_against_filing_snapshot,,deferred_not_required_for_identity,0,[],False,https://beian.cfdi.org.cn/CTMDS/pub/PUB010100.do?method=handle06&curPage=20&pageSize=100,2026-09-05,"Snapshot identity only; not all aliases, trial participation or current eligibility"
cnha-cfdi-357507a1c0a803336d55c0167f6dbc43,北京市第六医院,药临床机构备字2023000161,filed,confirmed_against_filing_snapshot,,deferred_not_required_for_identity,0,[],False,https://beian.cfdi.org.cn/CTMDS/pub/PUB010100.do?method=handle06&curPage=14&pageSize=100,2026-09-05,"Snapshot identity only; not all aliases, trial participation or current eligibility"
cnha-cfdi-35f94941c0a803334d38945590f02a1e,重庆爱尔眼科医院,药临床机构备字2020000111,filed,confirmed_against_filing_snapshot,,deferred_not_required_for_identity,0,[],False,https://beian.cfdi.org.cn/CTMDS/pub/PUB010100.do?method=handle06&curPage=2&pageSize=100,2026-09-05,"Snapshot identity only; not all aliases, trial participation or current eligibility"
cnha-cfdi-36370ce0c0a8033326b2f9a9bbfdcacf,钟祥市人民医院,药临床机构备字2026000075,filed,confirmed_against_filing_snapshot,,deferred_not_required_for_identity,0,[],False,https://beian.cfdi.org.cn/CTMDS/pub/PUB010100.do?method=handle06&curPage=20&pageSize=100,2026-09-05,"Snapshot identity only; not all aliases, trial participation or current eligibility"
cnha-cfdi-3652ddf2c0a803333d427db755d46b8d,宜宾市第一人民医院,药临床机构备字2020000978,filed,confirmed_against_filing_snapshot,,deferred_not_required_for_identity,0,[],False,https://beian.cfdi.org.cn/CTMDS/pub/PUB010100.do?method=handle06&curPage=10&pageSize=100,2026-09-05,"Snapshot identity only; not all aliases, trial participation or current eligibility"
cnha-cfdi-365a4244c0a803332a4f8494616895ea,太原市第三人民医院(太原市传染病医院、太原市肝病研究所),药临床机构备字2026000157,filed,confirmed_against_filing_snapshot,,deferred_not_required_for_identity,2,"[{""hospital_id"": ""cnha-cfdi-365a4244c0a803332a4f8494616895ea"", ""official_name"": ""太原市第三人民医院(太原市传染病医院、太原市肝病研究所)"", ""candidate_alias"": ""太原市肝病研究所"", ""source_url"": ""https://beian.cfdi.org.cn/CTMDS/pub/PUB010100.do?method=handle06&curPage=21&pageSize=100"", ""status"": ""review_required"", ""reason"": ""Reference-only name; not approved for resolution""}]",False,https://beian.cfdi.org.cn/CTMDS/pub/PUB010100.do?method=handle06&curPage=21&pageSize=100,2026-09-05,"Snapshot identity only; not all aliases, trial participation or current eligibility"
cnha-cfdi-3666f8ebc0a803330f21ccb373822eb1,河北省中医院,药临床机构备字2020000928,filed,confirmed_against_filing_snapshot,,deferred_not_required_for_identity,0,"[{""hospital_id"": ""cnha-cfdi-3666f8ebc0a803330f21ccb373822eb1"", ""official_name"": ""河北省中医院"", ""candidate_alias"": ""Hospital of Hebei Province"", ""source_url"": ""https://ror.org/0000yrh61"", ""status"": ""review_required"", ""reason"": ""Reference-only name; not approved for resolution""}]",False,https://beian.cfdi.org.cn/CTMDS/pub/PUB010100.do?method=handle06&curPage=10&pageSize=100,2026-09-05,"Snapshot identity only; not all aliases, trial participation or current eligibility"
cnha-cfdi-3672f2fdc0a8033363c2187b4632637d,贵阳市第二人民医院,药临床机构备字2025000127,filed,confirmed_against_filing_snapshot,,deferred_not_required_for_identity,0,[],False,https://beian.cfdi.org.cn/CTMDS/pub/PUB010100.do?method=handle06&curPage=18&pageSize=100,2026-09-05,"Snapshot identity only; not all aliases, trial participation or current eligibility"
cnha-cfdi-367d16a9c0a803334d358b8a60341c23,天津市中西医结合医院（天津市南开医院）,药临床机构备字2020000402,filed,confirmed_against_filing_snapshot,,deferred_not_required_for_identity,2,"[{""hospital_id"": ""cnha-cfdi-367d16a9c0a803334d358b8a60341c23"", ""official_name"": ""天津市中西医结合医院（天津市南开医院）"", ""candidate_alias"": ""Tianjin Nankai Hospital"", ""source_url"": ""https://ror.org/00hq79z10"", ""status"": ""review_required"", ""reason"": ""Reference-only name; not approved for resolution""}]",False,https://beian.cfdi.org.cn/CTMDS/pub/PUB010100.do?method=handle06&curPage=5&pageSize=100,2026-09-05,"Snapshot identity only; not all aliases, trial participation or current eligibility"
cnha-cfdi-3684e4f5c0a803337919d274297afbe9,邯郸市中心医院,药临床机构备字2021000118,filed,confirmed_against_filing_snapshot,,deferred_not_required_for_identity,0,[],False,https://beian.cfdi.org.cn/CTMDS/pub/PUB010100.do?method=handle06&curPage=11&pageSize=100,2026-09-05,"Snapshot identity only; not all aliases, trial participation or current eligibility"
cnha-cfdi-36873ff1c0a803330d64120526da4130,西藏阜康医院,药临床机构备字2026000128,filed,confirmed_against_filing_snapshot,,deferred_not_required_for_identity,0,[],False,https://beian.cfdi.org.cn/CTMDS/pub/PUB010100.do?method=handle06&curPage=20&pageSize=100,2026-09-05,"Snapshot identity only; not all aliases, trial participation or current eligibility"
cnha-cfdi-3693e4a0c0a803332f9d0a2424ff0499,中山大学附属第三医院,药临床机构备字2020000309,filed,confirmed_against_filing_snapshot,,deferred_not_required_for_identity,0,[],False,https://beian.cfdi.org.cn/CTMDS/pub/PUB010100.do?method=handle06&curPage=4&pageSize=100,2026-09-05,"Snapshot identity only; not all aliases, trial participation or current eligibility"
cnha-cfdi-36994b74c0a80333783adf1e244d895b,商丘市第一人民医院,药临床机构备字2022000049,filed,confirmed_against_filing_snapshot,,deferred_not_required_for_identity,0,"[{""hospital_id"": ""cnha-cfdi-36994b74c0a80333783adf1e244d895b"", ""official_name"": ""商丘市第一人民医院"", ""candidate_alias"": ""People's Hospital of Shangqiu District"", ""source_url"": ""https://ror.org/025gwsg11"", ""status"": ""review_required"", ""reason"": ""Reference-only name; not approved for resolution""}, {""hospital_id"": ""cnha-cfdi-36994b74c0a80333783adf1e244d895b"", ""official_name"": ""商丘市第一人民医院"", ""candidate_alias"": ""Shangqiu First People's Hospital"", ""source_url"": ""https://ror.org/025gwsg11"", ""status"": ""review_required"", ""reason"": ""Reference-only name; not approved for resolution""}, {""hospital_id"": ""cnha-cfdi-36994b74c0a80333783adf1e244d895b"", ""official_name"": ""商丘市第一人民医院"", ""candidate_alias"": ""St. Paul Hospital"", ""source_url"": ""https://ror.org/025gwsg11"", ""status"": ""review_required"", ""reason"": ""Reference-only name; not approved for resolution""}]",False,https://beian.cfdi.org.cn/CTMDS/pub/PUB010100.do?method=handle06&curPage=12&pageSize=100,2026-09-05,"Snapshot identity only; not all aliases, trial participation or current eligibility"
cnha-cfdi-36b041dbc0a803331fc35da69d2eb2bd,徐州市中心医院,药临床机构备字2020000635,filed,confirmed_against_filing_snapshot,,deferred_not_required_for_identity,0,[],False,https://beian.cfdi.org.cn/CTMDS/pub/PUB010100.do?method=handle06&curPage=7&pageSize=100,2026-09-05,"Snapshot identity only; not all aliases, trial participation or current eligibility"
cnha-cfdi-36b6333cc0a8033348da178b1c229eb9,成都中医药大学附属医院,药临床机构备字2020000324,filed,confirmed_against_filing_snapshot,,deferred_not_required_for_identity,0,[],False,https://beian.cfdi.org.cn/CTMDS/pub/PUB010100.do?method=handle06&curPage=4&pageSize=100,2026-09-05,"Snapshot identity only; not all aliases, trial participation or current eligibility"
cnha-cfdi-36b6d524c0a8033333abd1ea85a2bfe3,树兰（杭州）医院,药临床机构备字2020000048,filed,confirmed_against_filing_snapshot,,deferred_not_required_for_identity,0,[],False,https://beian.cfdi.org.cn/CTMDS/pub/PUB010100.do?method=handle06&curPage=2&pageSize=100,2026-09-05,"Snapshot identity only; not all aliases, trial participation or current eligibility"
cnha-cfdi-36bcd365c0a803330da8e0cf4227fb0e,康复大学青岛中心医院（青岛市中心医院）,药临床机构备字2020000260,filed,confirmed_against_filing_snapshot,,deferred_not_required_for_identity,2,[],False,https://beian.cfdi.org.cn/CTMDS/pub/PUB010100.do?method=handle06&curPage=4&pageSize=100,2026-09-05,"Snapshot identity only; not all aliases, trial participation or current eligibility"
cnha-cfdi-36d34bdcc0a803334cd58a40f4dd7933,中国医学科学院肿瘤医院深圳医院,药临床机构备字2020000701,filed,confirmed_against_filing_snapshot,,deferred_not_required_for_identity,0,[],False,https://beian.cfdi.org.cn/CTMDS/pub/PUB010100.do?method=handle06&curPage=8&pageSize=100,2026-09-05,"Snapshot identity only; not all aliases, trial participation or current eligibility"
cnha-cfdi-370cbc66c0a80333260ea7d898e52ddf,河南省精神病医院,药临床机构备字2020000284,filed,confirmed_against_filing_snapshot,,deferred_not_required_for_identity,2,"[{""hospital_id"": ""cnha-cfdi-370cbc66c0a80333260ea7d898e52ddf"", ""official_name"": ""河南省精神病医院"", ""candidate_alias"": ""Henan Psychiatric Hospital"", ""source_url"": ""https://ror.org/015qzwq73"", ""status"": ""review_required"", ""reason"": ""Reference-only name; not approved for resolution""}, {""hospital_id"": ""cnha-cfdi-370cbc66c0a80333260ea7d898e52ddf"", ""official_name"": ""河南省精神病医院"", ""candidate_alias"": ""Second Affiliated Hospital of Xinxiang Medical College"", ""source_url"": ""https://ror.org/015qzwq73"", ""status"": ""review_required"", ""reason"": ""Reference-only name; not approved for resolution""}]",False,https://beian.cfdi.org.cn/CTMDS/pub/PUB010100.do?method=handle06&curPage=4&pageSize=100,2026-09-05,"Snapshot identity only; not all aliases, trial participation or current eligibility"
cnha-cfdi-37551ed6c0a803335a0094ca2f2a9999,北京大学第三医院,药临床机构备字2020000091,filed,confirmed_against_filing_snapshot,Peking University Third Hospital,source_reviewed,1,"[{""hospital_id"": ""cnha-cfdi-37551ed6c0a803335a0094ca2f2a9999"", ""official_name"": ""北京大学第三医院"", ""candidate_alias"": ""PKU 3rd People's Hospital"", ""source_url"": ""https://ror.org/04wwqze12"", ""status"": ""review_required"", ""reason"": ""Reference-only name; not approved for resolution""}, {""hospital_id"": ""cnha-cfdi-37551ed6c0a803335a0094ca2f2a9999"", ""official_name"": ""北京大学第三医院"", ""candidate_alias"": ""PUTH"", ""source_url"": ""https://ror.org/04wwqze12"", ""status"": ""review_required"", ""reason"": ""Reference-only name; not approved for resolution""}, {""hospital_id"": ""cnha-cfdi-37551ed6c0a803335a0094ca2f2a9999"", ""official_name"": ""北京大学第三医院"", ""candidate_alias"": ""Sanyuan Hospital"", ""source_url"": ""https://ror.org/04wwqze12"", ""status"": ""review_required"", ""reason"": ""Reference-only name; not approved for resolution""}]",False,https://beian.cfdi.org.cn/CTMDS/pub/PUB010100.do?method=handle06&curPage=2&pageSize=100,2026-09-05,"Snapshot identity only; not all aliases, trial participation or current eligibility"
cnha-cfdi-377cbc83c0a8033328258152d0df5c96,济南市中心医院,药临床机构备字2020000229,filed,confirmed_against_filing_snapshot,,deferred_not_required_for_identity,0,"[{""hospital_id"": ""cnha-cfdi-377cbc83c0a8033328258152d0df5c96"", ""official_name"": ""济南市中心医院"", ""candidate_alias"": ""Jinan Central Hospital"", ""source_url"": ""https://ror.org/01fr19c68"", ""status"": ""review_required"", ""reason"": ""Reference-only name; not approved for resolution""}, {""hospital_id"": ""cnha-cfdi-377cbc83c0a8033328258152d0df5c96"", ""official_name"": ""济南市中心医院"", ""candidate_alias"": ""Jinan Central Hospital Affiliated to Shandong University"", ""source_url"": ""https://ror.org/01fr19c68"", ""status"": ""review_required"", ""reason"": ""Reference-only name; not approved for resolution""}]",False,https://beian.cfdi.org.cn/CTMDS/pub/PUB010100.do?method=handle06&curPage=3&pageSize=100,2026-09-05,"Snapshot identity only; not all aliases, trial participation or current eligibility"
cnha-cfdi-37b9443cc0a803331404f539fffb780c,惠州市中心人民医院,药临床机构备字2020000792,filed,confirmed_against_filing_snapshot,,deferred_not_required_for_identity,0,"[{""hospital_id"": ""cnha-cfdi-37b9443cc0a803331404f539fffb780c"", ""official_name"": ""惠州市中心人民医院"", ""candidate_alias"": ""Huizhou Central People's Hospital"", ""source_url"": ""https://ror.org/04bwajd86"", ""status"": ""review_required"", ""reason"": ""Reference-only name; not approved for resolution""}]",False,https://beian.cfdi.org.cn/CTMDS/pub/PUB010100.do?method=handle06&curPage=9&pageSize=100,2026-09-05,"Snapshot identity only; not all aliases, trial participation or current eligibility"
cnha-cfdi-37c8c3b0c0a803333b681c8ab939c8fc,上海市光华中西医结合医院,药临床机构备字2020000296,filed,confirmed_against_filing_snapshot,,deferred_not_required_for_identity,0,"[{""hospital_id"": ""cnha-cfdi-37c8c3b0c0a803333b681c8ab939c8fc"", ""official_name"": ""上海市光华中西医结合医院"", ""candidate_alias"": ""Guanghua Hospital"", ""source_url"": ""https://ror.org/027cgen28"", ""status"": ""review_required"", ""reason"": ""Reference-only name; not approved for resolution""}, {""hospital_id"": ""cnha-cfdi-37c8c3b0c0a803333b681c8ab939c8fc"", ""official_name"": ""上海市光华中西医结合医院"", ""candidate_alias"": ""Shanghai Guanghua Hospital of Integrated Traditional Chinese and Western Medicine"", ""source_url"": ""https://ror.org/027cgen28"", ""status"": ""review_required"", ""reason"": ""Reference-only name; not approved for resolution""}]",False,https://beian.cfdi.org.cn/CTMDS/pub/PUB010100.do?method=handle06&curPage=4&pageSize=100,2026-09-05,"Snapshot identity only; not all aliases, trial participation or current eligibility"
cnha-cfdi-37db2829c0a80333029503d06ea961a0,广西壮族自治区脑科医院,药临床机构备字2023000102,filed,confirmed_against_filing_snapshot,,deferred_not_required_for_identity,0,"[{""hospital_id"": ""cnha-cfdi-37db2829c0a80333029503d06ea961a0"", ""official_name"": ""广西壮族自治区脑科医院"", ""candidate_alias"": ""Guangxi Brain Hospital"", ""source_url"": ""https://ror.org/02cgt3c05"", ""status"": ""review_required"", ""reason"": ""Reference-only name; not approved for resolution""}, {""hospital_id"": ""cnha-cfdi-37db2829c0a80333029503d06ea961a0"", ""official_name"": ""广西壮族自治区脑科医院"", ""candidate_alias"": ""Guangxi Longquanshan Hospital"", ""source_url"": ""https://ror.org/02cgt3c05"", ""status"": ""review_required"", ""reason"": ""Reference-only name; not approved for resolution""}, {""hospital_id"": ""cnha-cfdi-37db2829c0a80333029503d06ea961a0"", ""official_name"": ""广西壮族自治区脑科医院"", ""candidate_alias"": ""Guangxi Zhuang Autonomous Region Brain Hospital"", ""source_url"": ""https://ror.org/02cgt3c05"", ""status"": ""review_required"", ""reason"": ""Reference-only name; not approved for resolution""}]",False,https://beian.cfdi.org.cn/CTMDS/pub/PUB010100.do?method=handle06&curPage=14&pageSize=100,2026-09-05,"Snapshot identity only; not all aliases, trial participation or current eligibility"
cnha-cfdi-37efa41bc0a80333569c95b50990fe67,徐州医科大学附属医院,药临床机构备字2020000578,filed,confirmed_against_filing_snapshot,,deferred_not_required_for_identity,0,[],False,https://beian.cfdi.org.cn/CTMDS/pub/PUB010100.do?method=handle06&curPage=7&pageSize=100,2026-09-05,"Snapshot identity only; not all aliases, trial participation or current eligibility"
cnha-cfdi-37fe6e50c0a803331aeab86e8ebb3336,青海省第四人民医院,药临床机构备字2020000563,filed,confirmed_against_filing_snapshot,,deferred_not_required_for_identity,0,[],False,https://beian.cfdi.org.cn/CTMDS/pub/PUB010100.do?method=handle06&curPage=7&pageSize=100,2026-09-05,"Snapshot identity only; not all aliases, trial participation or current eligibility"
cnha-cfdi-382ba8b0c0a803335b4ce03a0dba2371,南京医科大学第一附属医院（江苏省人民医院）,药临床机构备字2020000824,filed,confirmed_against_filing_snapshot,Jiangsu Province Hospital,source_reviewed,3,"[{""hospital_id"": ""cnha-cfdi-382ba8b0c0a803335b4ce03a0dba2371"", ""official_name"": ""南京医科大学第一附属医院（江苏省人民医院）"", ""candidate_alias"": ""First Affiliated Hospital of Nanjing Medical University"", ""source_url"": ""https://ror.org/04py1g812"", ""status"": ""review_required"", ""reason"": ""Reference-only name; not approved for resolution""}]",False,https://beian.cfdi.org.cn/CTMDS/pub/PUB010100.do?method=handle06&curPage=9&pageSize=100,2026-09-05,"Snapshot identity only; not all aliases, trial participation or current eligibility"
cnha-cfdi-382f4d78c0a803333088ba8232d31256,广州爱尔眼科医院,药临床机构备字2020000139,filed,confirmed_against_filing_snapshot,,deferred_not_required_for_identity,0,[],False,https://beian.cfdi.org.cn/CTMDS/pub/PUB010100.do?method=handle06&curPage=3&pageSize=100,2026-09-05,"Snapshot identity only; not all aliases, trial participation or current eligibility"
cnha-cfdi-383f09dac0a803331435b9acfa655dc2,焦作市人民医院,药临床机构备字2021000011,filed,confirmed_against_filing_snapshot,,deferred_not_required_for_identity,0,[],False,https://beian.cfdi.org.cn/CTMDS/pub/PUB010100.do?method=handle06&curPage=10&pageSize=100,2026-09-05,"Snapshot identity only; not all aliases, trial participation or current eligibility"
cnha-cfdi-386f9b45c0a80333304cd76029828957,邯郸市妇幼保健院,药临床机构备字2026000170,filed,confirmed_against_filing_snapshot,,deferred_not_required_for_identity,0,[],False,https://beian.cfdi.org.cn/CTMDS/pub/PUB010100.do?method=handle06&curPage=21&pageSize=100,2026-09-05,"Snapshot identity only; not all aliases, trial participation or current eligibility"
cnha-cfdi-388bd9b6c0a803333cecea5de7a9130b,宁波市中西医结合医院,药临床机构备字2023000126,filed,confirmed_against_filing_snapshot,,deferred_not_required_for_identity,0,[],False,https://beian.cfdi.org.cn/CTMDS/pub/PUB010100.do?method=handle06&curPage=14&pageSize=100,2026-09-05,"Snapshot identity only; not all aliases, trial participation or current eligibility"
cnha-cfdi-388c9a55c0a803332c1514f699fc4f41,厦门市海沧医院,药临床机构备字2025000006,filed,confirmed_against_filing_snapshot,,deferred_not_required_for_identity,0,[],False,https://beian.cfdi.org.cn/CTMDS/pub/PUB010100.do?method=handle06&curPage=17&pageSize=100,2026-09-05,"Snapshot identity only; not all aliases, trial participation or current eligibility"
cnha-cfdi-38923137c0a803331b14a852300fcb00,国药葛洲坝中心医院,药临床机构备字2026000168,filed,confirmed_against_filing_snapshot,,deferred_not_required_for_identity,0,"[{""hospital_id"": ""cnha-cfdi-38923137c0a803331b14a852300fcb00"", ""official_name"": ""国药葛洲坝中心医院"", ""candidate_alias"": ""Gezhouba Central Hospital of Sinopharm"", ""source_url"": ""https://ror.org/0027z3756"", ""status"": ""review_required"", ""reason"": ""Reference-only name; not approved for resolution""}, {""hospital_id"": ""cnha-cfdi-38923137c0a803331b14a852300fcb00"", ""official_name"": ""国药葛洲坝中心医院"", ""candidate_alias"": ""Gezhouba Group Central Hospital"", ""source_url"": ""https://ror.org/0027z3756"", ""status"": ""review_required"", ""reason"": ""Reference-only name; not approved for resolution""}, {""hospital_id"": ""cnha-cfdi-38923137c0a803331b14a852300fcb00"", ""official_name"": ""国药葛洲坝中心医院"", ""candidate_alias"": ""Sinopharm Gezhouba Central Hospital"", ""source_url"": ""https://ror.org/0027z3756"", ""status"": ""review_required"", ""reason"": ""Reference-only name; not approved for resolution""}]",False,https://beian.cfdi.org.cn/CTMDS/pub/PUB010100.do?method=handle06&curPage=21&pageSize=100,2026-09-05,"Snapshot identity only; not all aliases, trial participation or current eligibility"
cnha-cfdi-38a302d9c0a803330589d96ad40d9c99,长治市第二人民医院药物临床试验机构,药临床机构备字2023000135,filed,confirmed_against_filing_snapshot,,deferred_not_required_for_identity,0,[],False,https://beian.cfdi.org.cn/CTMDS/pub/PUB010100.do?method=handle06&curPage=14&pageSize=100,2026-09-05,"Snapshot identity only; not all aliases, trial participation or current eligibility"
cnha-cfdi-38cd52c3c0a803333a1c4eec003258f7,杭州市中医院,药临床机构备字2020000865,filed,confirmed_against_filing_snapshot,,deferred_not_required_for_identity,0,[],False,https://beian.cfdi.org.cn/CTMDS/pub/PUB010100.do?method=handle06&curPage=9&pageSize=100,2026-09-05,"Snapshot identity only; not all aliases, trial participation or current eligibility"
cnha-cfdi-38d4d4c9c0a8033370f802154de28e76,滕州市中心人民医院,药临床机构备字2020000722,filed,confirmed_against_filing_snapshot,,deferred_not_required_for_identity,0,"[{""hospital_id"": ""cnha-cfdi-38d4d4c9c0a8033370f802154de28e76"", ""official_name"": ""滕州市中心人民医院"", ""candidate_alias"": ""Tengzhou Central People's Hospital"", ""source_url"": ""https://ror.org/03b867n98"", ""status"": ""review_required"", ""reason"": ""Reference-only name; not approved for resolution""}]",False,https://beian.cfdi.org.cn/CTMDS/pub/PUB010100.do?method=handle06&curPage=8&pageSize=100,2026-09-05,"Snapshot identity only; not all aliases, trial participation or current eligibility"
cnha-cfdi-38e1c334c0a803335381efcda3b2896e,深圳市南山区妇幼保健院,药临床机构备字2023000265,filed,confirmed_against_filing_snapshot,,deferred_not_required_for_identity,0,[],False,https://beian.cfdi.org.cn/CTMDS/pub/PUB010100.do?method=handle06&curPage=15&pageSize=100,2026-09-05,"Snapshot identity only; not all aliases, trial participation or current eligibility"
cnha-cfdi-39e32b56c0a8033369a270b654af9705,西昌市人民医院（西昌市人民总医院）,药临床机构备字2025000139,filed,confirmed_against_filing_snapshot,,deferred_not_required_for_identity,2,[],False,https://beian.cfdi.org.cn/CTMDS/pub/PUB010100.do?method=handle06&curPage=18&pageSize=100,2026-09-05,"Snapshot identity only; not all aliases, trial participation or current eligibility"
cnha-cfdi-39faeef5c0a803333e5df16b1472bebb,南阳市第二人民医院,药临床机构备字2020000079,filed,confirmed_against_filing_snapshot,,deferred_not_required_for_identity,0,[],False,https://beian.cfdi.org.cn/CTMDS/pub/PUB010100.do?method=handle06&curPage=2&pageSize=100,2026-09-05,"Snapshot identity only; not all aliases, trial participation or current eligibility"
cnha-cfdi-3a090d97c0a80333170bbffac287614d,宁波市镇海区中医医院,药临床机构备字2025000144,filed,confirmed_against_filing_snapshot,,deferred_not_required_for_identity,0,[],False,https://beian.cfdi.org.cn/CTMDS/pub/PUB010100.do?method=handle06&curPage=18&pageSize=100,2026-09-05,"Snapshot identity only; not all aliases, trial participation or current eligibility"
cnha-cfdi-3a2e5326c0a80333570115a701ae0590,云南省阜外心血管病医院,药临床机构备字2020000712,filed,confirmed_against_filing_snapshot,,deferred_not_required_for_identity,0,"[{""hospital_id"": ""cnha-cfdi-3a2e5326c0a80333570115a701ae0590"", ""official_name"": ""云南省阜外心血管病医院"", ""candidate_alias"": ""FYCH"", ""source_url"": ""https://ror.org/000r80389"", ""status"": ""review_required"", ""reason"": ""Reference-only name; not approved for resolution""}, {""hospital_id"": ""cnha-cfdi-3a2e5326c0a80333570115a701ae0590"", ""official_name"": ""云南省阜外心血管病医院"", ""candidate_alias"": ""Fuwai Yunnan Cardiovascular Hospital"", ""source_url"": ""https://ror.org/000r80389"", ""status"": ""review_required"", ""reason"": ""Reference-only name; not approved for resolution""}]",False,https://beian.cfdi.org.cn/CTMDS/pub/PUB010100.do?method=handle06&curPage=8&pageSize=100,2026-09-05,"Snapshot identity only; not all aliases, trial participation or current eligibility"
cnha-cfdi-3a307ecbc0a8033373956862c3c7977b,张家界市人民医院,药临床机构备字2024000170,filed,confirmed_against_filing_snapshot,,deferred_not_required_for_identity,0,[],False,https://beian.cfdi.org.cn/CTMDS/pub/PUB010100.do?method=handle06&curPage=16&pageSize=100,2026-09-05,"Snapshot identity only; not all aliases, trial participation or current eligibility"
cnha-cfdi-3a324779c0a803336f86e03d0a556e1b,河南（郑州）中汇心血管病医院,药临床机构备字2020000198,filed,confirmed_against_filing_snapshot,,deferred_not_required_for_identity,0,[],False,https://beian.cfdi.org.cn/CTMDS/pub/PUB010100.do?method=handle06&curPage=3&pageSize=100,2026-09-05,"Snapshot identity only; not all aliases, trial participation or current eligibility"
cnha-cfdi-3a423e91c0a8033337152a66e7eedea7,北京通用航天医院,药临床机构备字2023000270,filed,confirmed_against_filing_snapshot,,deferred_not_required_for_identity,0,[],False,https://beian.cfdi.org.cn/CTMDS/pub/PUB010100.do?method=handle06&curPage=15&pageSize=100,2026-09-05,"Snapshot identity only; not all aliases, trial participation or current eligibility"
cnha-cfdi-3a82f5aec0a80333558d48cdf85b8d1e,南京市儿童医院,药临床机构备字2020000726,filed,confirmed_against_filing_snapshot,,deferred_not_required_for_identity,0,"[{""hospital_id"": ""cnha-cfdi-3a82f5aec0a80333558d48cdf85b8d1e"", ""official_name"": ""南京市儿童医院"", ""candidate_alias"": ""Nanjing Children's Hospital"", ""source_url"": ""https://ror.org/000xvke80"", ""status"": ""review_required"", ""reason"": ""Reference-only name; not approved for resolution""}]",False,https://beian.cfdi.org.cn/CTMDS/pub/PUB010100.do?method=handle06&curPage=8&pageSize=100,2026-09-05,"Snapshot identity only; not all aliases, trial participation or current eligibility"
cnha-cfdi-3b05c57bc0a80333341641334ae6fce3,新蔡县人民医院,药临床机构备字2026000039,filed,confirmed_against_filing_snapshot,,deferred_not_required_for_identity,0,[],False,https://beian.cfdi.org.cn/CTMDS/pub/PUB010100.do?method=handle06&curPage=20&pageSize=100,2026-09-05,"Snapshot identity only; not all aliases, trial participation or current eligibility"
cnha-cfdi-3b479accc0a803333908d2a8e8a2b71a,淄博万杰肿瘤医院,药临床机构备字2019000020,filed,confirmed_against_filing_snapshot,,deferred_not_required_for_identity,0,[],False,https://beian.cfdi.org.cn/CTMDS/pub/PUB010100.do?method=handle06&curPage=1&pageSize=100,2026-09-05,"Snapshot identity only; not all aliases, trial participation or current eligibility"
cnha-cfdi-3b6f3fbfc0a80333449ac18a59d3462c,吉林大学第二医院,药临床机构备字2020000911,filed,confirmed_against_filing_snapshot,,deferred_not_required_for_identity,0,[],False,https://beian.cfdi.org.cn/CTMDS/pub/PUB010100.do?method=handle06&curPage=10&pageSize=100,2026-09-05,"Snapshot identity only; not all aliases, trial participation or current eligibility"
cnha-cfdi-3b82df51c0a80333106dd738c8bd4964,复旦大学附属眼耳鼻喉科医院,药临床机构备字2020000197,filed,confirmed_against_filing_snapshot,Eye & ENT Hospital of Fudan University,source_reviewed,1,[],False,https://beian.cfdi.org.cn/CTMDS/pub/PUB010100.do?method=handle06&curPage=3&pageSize=100,2026-09-05,"Snapshot identity only; not all aliases, trial participation or current eligibility"
cnha-cfdi-3b87bfb5c0a8033342e1a24e10490d12,四川护理职业学院附属医院（四川省第三人民医院）,药临床机构备字2021000167,filed,confirmed_against_filing_snapshot,,deferred_not_required_for_identity,2,[],False,https://beian.cfdi.org.cn/CTMDS/pub/PUB010100.do?method=handle06&curPage=11&pageSize=100,2026-09-05,"Snapshot identity only; not all aliases, trial participation or current eligibility"
cnha-cfdi-3b8e8837c0a803331c533aa7d364c058,平顶山市第一人民医院,药临床机构备字2023000242,filed,confirmed_against_filing_snapshot,,deferred_not_required_for_identity,0,[],False,https://beian.cfdi.org.cn/CTMDS/pub/PUB010100.do?method=handle06&curPage=15&pageSize=100,2026-09-05,"Snapshot identity only; not all aliases, trial participation or current eligibility"
cnha-cfdi-3b8e9c9dc0a803337c5a8d1a0d5eaf76,沈阳市第十人民医院（沈阳市胸科医院）,药临床机构备字2020000687,filed,confirmed_against_filing_snapshot,,deferred_not_required_for_identity,2,[],False,https://beian.cfdi.org.cn/CTMDS/pub/PUB010100.do?method=handle06&curPage=8&pageSize=100,2026-09-05,"Snapshot identity only; not all aliases, trial participation or current eligibility"
cnha-cfdi-3baca302c0a80333441ecda540e9a5be,东莞东华医院,药临床机构备字2020000657,filed,confirmed_against_filing_snapshot,,deferred_not_required_for_identity,0,[],False,https://beian.cfdi.org.cn/CTMDS/pub/PUB010100.do?method=handle06&curPage=7&pageSize=100,2026-09-05,"Snapshot identity only; not all aliases, trial participation or current eligibility"
cnha-cfdi-3bb0a3b4c0a803332a9f6fc83950b0b0,中南大学湘雅医院,药临床机构备字2020000125,filed,confirmed_against_filing_snapshot,Xiangya Hospital Central South University,source_reviewed,2,[],False,https://beian.cfdi.org.cn/CTMDS/pub/PUB010100.do?method=handle06&curPage=2&pageSize=100,2026-09-05,"Snapshot identity only; not all aliases, trial participation or current eligibility"
cnha-cfdi-3bbb9b13c0a80333757b560b5ab9e182,广东药科大学附属第一医院,药临床机构备字2020000200,filed,confirmed_against_filing_snapshot,,deferred_not_required_for_identity,0,"[{""hospital_id"": ""cnha-cfdi-3bbb9b13c0a80333757b560b5ab9e182"", ""official_name"": ""广东药科大学附属第一医院"", ""candidate_alias"": ""First Affiliated Hospital of Guangdong Pharmaceutical University"", ""source_url"": ""https://ror.org/02gr42472"", ""status"": ""review_required"", ""reason"": ""Reference-only name; not approved for resolution""}, {""hospital_id"": ""cnha-cfdi-3bbb9b13c0a80333757b560b5ab9e182"", ""official_name"": ""广东药科大学附属第一医院"", ""candidate_alias"": ""广东药学院第一附属医院"", ""source_url"": ""https://ror.org/02gr42472"", ""status"": ""review_required"", ""reason"": ""Reference-only name; not approved for resolution""}]",False,https://beian.cfdi.org.cn/CTMDS/pub/PUB010100.do?method=handle06&curPage=3&pageSize=100,2026-09-05,"Snapshot identity only; not all aliases, trial participation or current eligibility"
cnha-cfdi-3bbe3ceec0a803331320f715d583ef2c,广州医科大学附属第一医院,药临床机构备字2020000194,filed,confirmed_against_filing_snapshot,The First Affiliated Hospital of Guangzhou Medical University,source_reviewed,1,"[{""hospital_id"": ""cnha-cfdi-3bbe3ceec0a803331320f715d583ef2c"", ""official_name"": ""广州医科大学附属第一医院"", ""candidate_alias"": ""First Affiliated Hospital of Guangzhou Medical University"", ""source_url"": ""https://ror.org/00z0j0d77"", ""status"": ""review_required"", ""reason"": ""Reference-only name; not approved for resolution""}]",False,https://beian.cfdi.org.cn/CTMDS/pub/PUB010100.do?method=handle06&curPage=3&pageSize=100,2026-09-05,"Snapshot identity only; not all aliases, trial participation or current eligibility"
cnha-cfdi-3bd3ba25c0a8033378dde4cb06630ef1,北京美中爱瑞肿瘤医院,药临床机构备字2021000101,filed,confirmed_against_filing_snapshot,,deferred_not_required_for_identity,0,[],False,https://beian.cfdi.org.cn/CTMDS/pub/PUB010100.do?method=handle06&curPage=11&pageSize=100,2026-09-05,"Snapshot identity only; not all aliases, trial participation or current eligibility"
cnha-cfdi-3bdbeeaec0a803336bb4fc0b126bdd8e,江西省肿瘤医院（江西省第二人民医院）,药临床机构备字2020000594,filed,confirmed_against_filing_snapshot,,deferred_not_required_for_identity,2,"[{""hospital_id"": ""cnha-cfdi-3bdbeeaec0a803336bb4fc0b126bdd8e"", ""official_name"": ""江西省肿瘤医院（江西省第二人民医院）"", ""candidate_alias"": ""Jiangxi Cancer Hospital"", ""source_url"": ""https://ror.org/00v8g0168"", ""status"": ""review_required"", ""reason"": ""Reference-only name; not approved for resolution""}, {""hospital_id"": ""cnha-cfdi-3bdbeeaec0a803336bb4fc0b126bdd8e"", ""official_name"": ""江西省肿瘤医院（江西省第二人民医院）"", ""candidate_alias"": ""Jiangxi Provincial Cancer Hospital"", ""source_url"": ""https://ror.org/00v8g0168"", ""status"": ""review_required"", ""reason"": ""Reference-only name; not approved for resolution""}, {""hospital_id"": ""cnha-cfdi-3bdbeeaec0a803336bb4fc0b126bdd8e"", ""official_name"": ""江西省肿瘤医院（江西省第二人民医院）"", ""candidate_alias"": ""Second People's Hospital of Jiangxi Province"", ""source_url"": ""https://ror.org/00v8g0168"", ""status"": ""review_required"", ""reason"": ""Reference-only name; not approved for resolution""}]",False,https://beian.cfdi.org.cn/CTMDS/pub/PUB010100.do?method=handle06&curPage=7&pageSize=100,2026-09-05,"Snapshot identity only; not all aliases, trial participation or current eligibility"
cnha-cfdi-3c137904c0a803336ff9fb3539fc2b70,首都医科大学附属北京友谊医院,药临床机构备字2020000322,filed,confirmed_against_filing_snapshot,,deferred_not_required_for_identity,0,[],False,https://beian.cfdi.org.cn/CTMDS/pub/PUB010100.do?method=handle06&curPage=4&pageSize=100,2026-09-05,"Snapshot identity only; not all aliases, trial participation or current eligibility"
cnha-cfdi-3c2f2267c0a803335a8a9aa598dc5c46,广州医科大学附属妇女儿童医疗中心,药临床机构备字2020000973,filed,confirmed_against_filing_snapshot,,deferred_not_required_for_identity,0,[],False,https://beian.cfdi.org.cn/CTMDS/pub/PUB010100.do?method=handle06&curPage=10&pageSize=100,2026-09-05,"Snapshot identity only; not all aliases, trial participation or current eligibility"
cnha-cfdi-3c4ad575c0a803333b7e445e3e300b66,长沙市中心医院,药临床机构备字2020000539,filed,confirmed_against_filing_snapshot,,deferred_not_required_for_identity,0,[],False,https://beian.cfdi.org.cn/CTMDS/pub/PUB010100.do?method=handle06&curPage=6&pageSize=100,2026-09-05,"Snapshot identity only; not all aliases, trial participation or current eligibility"
cnha-cfdi-3c661434c0a803330683e28f46cb206b,苏州市第九人民医院,药临床机构备字2021000135,filed,confirmed_against_filing_snapshot,,deferred_not_required_for_identity,0,[],False,https://beian.cfdi.org.cn/CTMDS/pub/PUB010100.do?method=handle06&curPage=11&pageSize=100,2026-09-05,"Snapshot identity only; not all aliases, trial participation or current eligibility"
cnha-cfdi-3c6ca040c0a803335fe74d0963ac8b40,重庆大学附属涪陵医院（重庆市涪陵中心医院）,药临床机构备字2020000634,filed,confirmed_against_filing_snapshot,,deferred_not_required_for_identity,2,"[{""hospital_id"": ""cnha-cfdi-3c6ca040c0a803335fe74d0963ac8b40"", ""official_name"": ""重庆大学附属涪陵医院（重庆市涪陵中心医院）"", ""candidate_alias"": ""Fuling Center Hospital of Chongqing"", ""source_url"": ""https://ror.org/03d4twy92"", ""status"": ""review_required"", ""reason"": ""Reference-only name; not approved for resolution""}]",False,https://beian.cfdi.org.cn/CTMDS/pub/PUB010100.do?method=handle06&curPage=7&pageSize=100,2026-09-05,"Snapshot identity only; not all aliases, trial participation or current eligibility"
cnha-cfdi-3c98a1c1c0a803336b484dd24e5568d6,无锡市儿童医院,药临床机构备字2020000807,filed,confirmed_against_filing_snapshot,,deferred_not_required_for_identity,0,[],False,https://beian.cfdi.org.cn/CTMDS/pub/PUB010100.do?method=handle06&curPage=9&pageSize=100,2026-09-05,"Snapshot identity only; not all aliases, trial participation or current eligibility"
cnha-cfdi-3c98d59cc0a80333765a2560ecec2ff5,首都医科大学附属北京口腔医院,药临床机构备字2020000889,filed,confirmed_against_filing_snapshot,,deferred_not_required_for_identity,0,[],False,https://beian.cfdi.org.cn/CTMDS/pub/PUB010100.do?method=handle06&curPage=9&pageSize=100,2026-09-05,"Snapshot identity only; not all aliases, trial participation or current eligibility"
cnha-cfdi-3ca9ee0fc0a803331e2817e89dd297d8,山东大学齐鲁医院,药临床机构备字2019000031,filed,confirmed_against_filing_snapshot,Qilu Hospital of Shandong University,source_reviewed,1,[],False,https://beian.cfdi.org.cn/CTMDS/pub/PUB010100.do?method=handle06&curPage=1&pageSize=100,2026-09-05,"Snapshot identity only; not all aliases, trial participation or current eligibility"
cnha-cfdi-3cad4e85c0a8033356a27ec398ba7505,重庆市公共卫生医疗救治中心（重庆市传染病医院、重庆市公共卫生医疗救治中心医云在线互联网医院）,药临床机构备字2020000519,filed,confirmed_against_filing_snapshot,,deferred_not_required_for_identity,0,[],False,https://beian.cfdi.org.cn/CTMDS/pub/PUB010100.do?method=handle06&curPage=6&pageSize=100,2026-09-05,"Snapshot identity only; not all aliases, trial participation or current eligibility"
cnha-cfdi-3cafe469c0a803333311711cdd97ac0a,长治市中医医院,药临床机构备字2025000107,filed,confirmed_against_filing_snapshot,,deferred_not_required_for_identity,0,[],False,https://beian.cfdi.org.cn/CTMDS/pub/PUB010100.do?method=handle06&curPage=18&pageSize=100,2026-09-05,"Snapshot identity only; not all aliases, trial participation or current eligibility"
cnha-cfdi-3cbdca6dc0a8033356360a19a381d04f,上海市第七人民医院,药临床机构备字2020000107,filed,confirmed_against_filing_snapshot,,deferred_not_required_for_identity,0,[],False,https://beian.cfdi.org.cn/CTMDS/pub/PUB010100.do?method=handle06&curPage=2&pageSize=100,2026-09-05,"Snapshot identity only; not all aliases, trial participation or current eligibility"
cnha-cfdi-3cc724a6c0a80333710dd56a968dec12,福建医科大学附属第二医院,药临床机构备字2020000850,filed,confirmed_against_filing_snapshot,,deferred_not_required_for_identity,0,"[{""hospital_id"": ""cnha-cfdi-3cc724a6c0a80333710dd56a968dec12"", ""official_name"": ""福建医科大学附属第二医院"", ""candidate_alias"": ""Second Affiliated Hospital of Fujian Medical University"", ""source_url"": ""https://ror.org/03wnxd135"", ""status"": ""review_required"", ""reason"": ""Reference-only name; not approved for resolution""}]",False,https://beian.cfdi.org.cn/CTMDS/pub/PUB010100.do?method=handle06&curPage=9&pageSize=100,2026-09-05,"Snapshot identity only; not all aliases, trial participation or current eligibility"
cnha-cfdi-3ce595d2c0a803333acc798da7cf0c71,中山大学附属第一医院,药临床机构备字2019000093,filed,confirmed_against_filing_snapshot,"The First Affiliated Hospital, Sun Yat-sen University",source_reviewed,1,"[{""hospital_id"": ""cnha-cfdi-3ce595d2c0a803333acc798da7cf0c71"", ""official_name"": ""中山大学附属第一医院"", ""candidate_alias"": ""Affiliated Hospital of Guangdong Public Institution of Medicine"", ""source_url"": ""https://ror.org/037p24858"", ""status"": ""review_required"", ""reason"": ""Reference-only name; not approved for resolution""}, {""hospital_id"": ""cnha-cfdi-3ce595d2c0a803333acc798da7cf0c71"", ""official_name"": ""中山大学附属第一医院"", ""candidate_alias"": ""First Affiliated Hospital of Sun Yat-Sen University"", ""source_url"": ""https://ror.org/037p24858"", ""status"": ""review_required"", ""reason"": ""Reference-only name; not approved for resolution""}, {""hospital_id"": ""cnha-cfdi-3ce595d2c0a803333acc798da7cf0c71"", ""official_name"": ""中山大学附属第一医院"", ""candidate_alias"": ""First Affiliated Hospital, Sun Yat-sen University"", ""source_url"": ""https://ror.org/037p24858"", ""status"": ""review_required"", ""reason"": ""Reference-only name; not approved for resolution""}, {""hospital_id"": ""cnha-cfdi-3ce595d2c0a803333acc798da7cf0c71"", ""official_name"": ""中山大学附属第一医院"", ""candidate_alias"": ""Sun Yat-sen University First Affiliated Hospital"", ""source_url"": ""https://ror.org/037p24858"", ""status"": ""review_required"", ""reason"": ""Reference-only name; not approved for resolution""}, {""hospital_id"": ""cnha-cfdi-3ce595d2c0a803333acc798da7cf0c71"", ""official_name"": ""中山大学附属第一医院"", ""candidate_alias"": ""Zhongshan Hospital"", ""source_url"": ""https://ror.org/037p24858"", ""status"": ""review_required"", ""reason"": ""Reference-only name; not approved for resolution""}]",False,https://beian.cfdi.org.cn/CTMDS/pub/PUB010100.do?method=handle06&curPage=1&pageSize=100,2026-09-05,"Snapshot identity only; not all aliases, trial participation or current eligibility"
cnha-cfdi-3cf2b7afc0a803330527fa5f697d7524,深圳市妇幼保健院,药临床机构备字2021000027,filed,confirmed_against_filing_snapshot,,deferred_not_required_for_identity,0,"[{""hospital_id"": ""cnha-cfdi-3cf2b7afc0a803330527fa5f697d7524"", ""official_name"": ""深圳市妇幼保健院"", ""candidate_alias"": ""Shenzhen City, MCH"", ""source_url"": ""https://ror.org/01me2d674"", ""status"": ""review_required"", ""reason"": ""Reference-only name; not approved for resolution""}, {""hospital_id"": ""cnha-cfdi-3cf2b7afc0a803330527fa5f697d7524"", ""official_name"": ""深圳市妇幼保健院"", ""candidate_alias"": ""Shenzhen MCH"", ""source_url"": ""https://ror.org/01me2d674"", ""status"": ""review_required"", ""reason"": ""Reference-only name; not approved for resolution""}, {""hospital_id"": ""cnha-cfdi-3cf2b7afc0a803330527fa5f697d7524"", ""official_name"": ""深圳市妇幼保健院"", ""candidate_alias"": ""Shenzhen Maternal and Child Health Hospital"", ""source_url"": ""https://ror.org/01me2d674"", ""status"": ""review_required"", ""reason"": ""Reference-only name; not approved for resolution""}, {""hospital_id"": ""cnha-cfdi-3cf2b7afc0a803330527fa5f697d7524"", ""official_name"": ""深圳市妇幼保健院"", ""candidate_alias"": ""Shenzhen Maternity and Child Healthcare Hospital"", ""source_url"": ""https://ror.org/01me2d674"", ""status"": ""review_required"", ""reason"": ""Reference-only name; not approved for resolution""}, {""hospital_id"": ""cnha-cfdi-3cf2b7afc0a803330527fa5f697d7524"", ""official_name"": ""深圳市妇幼保健院"", ""candidate_alias"": ""Shenzhen Women and Children Hospital"", ""source_url"": ""https://ror.org/01me2d674"", ""status"": ""review_required"", ""reason"": ""Reference-only name; not approved for resolution""}, {""hospital_id"": ""cnha-cfdi-3cf2b7afc0a803330527fa5f697d7524"", ""official_name"": ""深圳市妇幼保健院"", ""candidate_alias"": ""Shenzhen Women's Children's Hospital"", ""source_url"": ""https://ror.org/01me2d674"", ""status"": ""review_required"", ""reason"": ""Reference-only name; not approved for resolution""}]",False,https://beian.cfdi.org.cn/CTMDS/pub/PUB010100.do?method=handle06&curPage=10&pageSize=100,2026-09-05,"Snapshot identity only; not all aliases, trial participation or current eligibility"
cnha-cfdi-3d0b67a2c0a8033370b2e48f7b5c9870,广州医科大学附属第二医院,药临床机构备字2020000088,filed,confirmed_against_filing_snapshot,,deferred_not_required_for_identity,0,"[{""hospital_id"": ""cnha-cfdi-3d0b67a2c0a8033370b2e48f7b5c9870"", ""official_name"": ""广州医科大学附属第二医院"", ""candidate_alias"": ""Second Affiliated Hospital of Guangzhou Medical University"", ""source_url"": ""https://ror.org/00a98yf63"", ""status"": ""review_required"", ""reason"": ""Reference-only name; not approved for resolution""}]",False,https://beian.cfdi.org.cn/CTMDS/pub/PUB010100.do?method=handle06&curPage=2&pageSize=100,2026-09-05,"Snapshot identity only; not all aliases, trial participation or current eligibility"
cnha-cfdi-3d130379c0a8033343dcaa51cb377049,肇庆市第一人民医院,药临床机构备字2022000119,filed,confirmed_against_filing_snapshot,,deferred_not_required_for_identity,0,"[{""hospital_id"": ""cnha-cfdi-3d130379c0a8033343dcaa51cb377049"", ""official_name"": ""肇庆市第一人民医院"", ""candidate_alias"": ""The First People's Hospital of Zhaoqing"", ""source_url"": ""https://ror.org/04gcfwh66"", ""status"": ""review_required"", ""reason"": ""Reference-only name; not approved for resolution""}]",False,https://beian.cfdi.org.cn/CTMDS/pub/PUB010100.do?method=handle06&curPage=12&pageSize=100,2026-09-05,"Snapshot identity only; not all aliases, trial participation or current eligibility"
cnha-cfdi-3d423aabc0a803335c9e1a5a0347cb9b,成都市第七人民医院,药临床机构备字2020000746,filed,confirmed_against_filing_snapshot,,deferred_not_required_for_identity,0,"[{""hospital_id"": ""cnha-cfdi-3d423aabc0a803335c9e1a5a0347cb9b"", ""official_name"": ""成都市第七人民医院"", ""candidate_alias"": ""7th People's Hospital of Chengdu"", ""source_url"": ""https://ror.org/0475btk05"", ""status"": ""review_required"", ""reason"": ""Reference-only name; not approved for resolution""}, {""hospital_id"": ""cnha-cfdi-3d423aabc0a803335c9e1a5a0347cb9b"", ""official_name"": ""成都市第七人民医院"", ""candidate_alias"": ""Chengdu 7th People's Hospital"", ""source_url"": ""https://ror.org/0475btk05"", ""status"": ""review_required"", ""reason"": ""Reference-only name; not approved for resolution""}, {""hospital_id"": ""cnha-cfdi-3d423aabc0a803335c9e1a5a0347cb9b"", ""official_name"": ""成都市第七人民医院"", ""candidate_alias"": ""Chengdu Seventh People's Hospital"", ""source_url"": ""https://ror.org/0475btk05"", ""status"": ""review_required"", ""reason"": ""Reference-only name; not approved for resolution""}, {""hospital_id"": ""cnha-cfdi-3d423aabc0a803335c9e1a5a0347cb9b"", ""official_name"": ""成都市第七人民医院"", ""candidate_alias"": ""Seventh People's Hospital of Chengdu"", ""source_url"": ""https://ror.org/0475btk05"", ""status"": ""review_required"", ""reason"": ""Reference-only name; not approved for resolution""}]",False,https://beian.cfdi.org.cn/CTMDS/pub/PUB010100.do?method=handle06&curPage=8&pageSize=100,2026-09-05,"Snapshot identity only; not all aliases, trial participation or current eligibility"
cnha-cfdi-3d5b9a98c0a8033318e1f096929759f3,包头市蒙医中医医院,药临床机构备字2025000229,filed,confirmed_against_filing_snapshot,,deferred_not_required_for_identity,0,[],False,https://beian.cfdi.org.cn/CTMDS/pub/PUB010100.do?method=handle06&curPage=19&pageSize=100,2026-09-05,"Snapshot identity only; not all aliases, trial participation or current eligibility"
cnha-cfdi-3d6b0de8c0a803331f3e5ffa998e9b7e,琼海市人民医院,药临床机构备字2024000057,filed,confirmed_against_filing_snapshot,,deferred_not_required_for_identity,0,[],False,https://beian.cfdi.org.cn/CTMDS/pub/PUB010100.do?method=handle06&curPage=16&pageSize=100,2026-09-05,"Snapshot identity only; not all aliases, trial participation or current eligibility"
cnha-cfdi-3d6de689c0a803337c438dd59d88f376,云南省精神病医院(云南省精神卫生防治中心),药临床机构备字2025000017,filed,confirmed_against_filing_snapshot,,deferred_not_required_for_identity,1,"[{""hospital_id"": ""cnha-cfdi-3d6de689c0a803337c438dd59d88f376"", ""official_name"": ""云南省精神病医院(云南省精神卫生防治中心)"", ""candidate_alias"": ""云南省精神卫生防治中心"", ""source_url"": ""https://beian.cfdi.org.cn/CTMDS/pub/PUB010100.do?method=handle06&curPage=17&pageSize=100"", ""status"": ""review_required"", ""reason"": ""Reference-only name; not approved for resolution""}]",False,https://beian.cfdi.org.cn/CTMDS/pub/PUB010100.do?method=handle06&curPage=17&pageSize=100,2026-09-05,"Snapshot identity only; not all aliases, trial participation or current eligibility"
cnha-cfdi-3d70b9bac0a803336b0fb5974b237caf,广州市第十二人民医院,药临床机构备字2026000043,filed,confirmed_against_filing_snapshot,,deferred_not_required_for_identity,0,"[{""hospital_id"": ""cnha-cfdi-3d70b9bac0a803336b0fb5974b237caf"", ""official_name"": ""广州市第十二人民医院"", ""candidate_alias"": ""Guangzhou No. 12 Hospital"", ""source_url"": ""https://ror.org/03hm7k454"", ""status"": ""review_required"", ""reason"": ""Reference-only name; not approved for resolution""}, {""hospital_id"": ""cnha-cfdi-3d70b9bac0a803336b0fb5974b237caf"", ""official_name"": ""广州市第十二人民医院"", ""candidate_alias"": ""Guangzhou Occupational Disease Prevention Hospital"", ""source_url"": ""https://ror.org/03hm7k454"", ""status"": ""review_required"", ""reason"": ""Reference-only name; not approved for resolution""}, {""hospital_id"": ""cnha-cfdi-3d70b9bac0a803336b0fb5974b237caf"", ""official_name"": ""广州市第十二人民医院"", ""candidate_alias"": ""Twelfth Guangzhou City People's Hospital"", ""source_url"": ""https://ror.org/03hm7k454"", ""status"": ""review_required"", ""reason"": ""Reference-only name; not approved for resolution""}]",False,https://beian.cfdi.org.cn/CTMDS/pub/PUB010100.do?method=handle06&curPage=20&pageSize=100,2026-09-05,"Snapshot identity only; not all aliases, trial participation or current eligibility"
cnha-cfdi-3d748500c0a80333131b2536107362ce,北京中医药大学东方医院枣庄医院（枣庄市中医医院）,药临床机构备字2026000164,filed,confirmed_against_filing_snapshot,,deferred_not_required_for_identity,2,[],False,https://beian.cfdi.org.cn/CTMDS/pub/PUB010100.do?method=handle06&curPage=21&pageSize=100,2026-09-05,"Snapshot identity only; not all aliases, trial participation or current eligibility"
cnha-cfdi-3d88d581c0a803330762871a066fd087,射阳县人民医院,药临床机构备字2025000207,filed,confirmed_against_filing_snapshot,,deferred_not_required_for_identity,0,[],False,https://beian.cfdi.org.cn/CTMDS/pub/PUB010100.do?method=handle06&curPage=19&pageSize=100,2026-09-05,"Snapshot identity only; not all aliases, trial participation or current eligibility"
cnha-cfdi-3d8eae89c0a803333f2f01a589e2b837,深圳市宝安区人民医院,药临床机构备字2024000031,filed,confirmed_against_filing_snapshot,,deferred_not_required_for_identity,0,"[{""hospital_id"": ""cnha-cfdi-3d8eae89c0a803333f2f01a589e2b837"", ""official_name"": ""深圳市宝安区人民医院"", ""candidate_alias"": ""Shenzhen Bao'an District People's Hospital"", ""source_url"": ""https://ror.org/04dkfar71"", ""status"": ""review_required"", ""reason"": ""Reference-only name; not approved for resolution""}, {""hospital_id"": ""cnha-cfdi-3d8eae89c0a803333f2f01a589e2b837"", ""official_name"": ""深圳市宝安区人民医院"", ""candidate_alias"": ""Shenzhen Eighth People's Hospital"", ""source_url"": ""https://ror.org/04dkfar71"", ""status"": ""review_required"", ""reason"": ""Reference-only name; not approved for resolution""}]",False,https://beian.cfdi.org.cn/CTMDS/pub/PUB010100.do?method=handle06&curPage=15&pageSize=100,2026-09-05,"Snapshot identity only; not all aliases, trial participation or current eligibility"
cnha-cfdi-3db7040ac0a80333456fb3ba48f85d3c,西安市人民医院（西安市第四医院）,药临床机构备字2020000740,filed,confirmed_against_filing_snapshot,,deferred_not_required_for_identity,2,[],False,https://beian.cfdi.org.cn/CTMDS/pub/PUB010100.do?method=handle06&curPage=8&pageSize=100,2026-09-05,"Snapshot identity only; not all aliases, trial participation or current eligibility"
cnha-cfdi-3db80c2dc0a8033346d28156ea49a1a8,吉林医药学院附属医院,药临床机构备字2025000255,filed,confirmed_against_filing_snapshot,,deferred_not_required_for_identity,0,[],False,https://beian.cfdi.org.cn/CTMDS/pub/PUB010100.do?method=handle06&curPage=19&pageSize=100,2026-09-05,"Snapshot identity only; not all aliases, trial participation or current eligibility"
cnha-cfdi-3dc0af37c0a803331e1651e793825954,山东国欣颐养集团枣庄中心医院,药临床机构备字2020000585,filed,confirmed_against_filing_snapshot,,deferred_not_required_for_identity,0,[],False,https://beian.cfdi.org.cn/CTMDS/pub/PUB010100.do?method=handle06&curPage=7&pageSize=100,2026-09-05,"Snapshot identity only; not all aliases, trial participation or current eligibility"
cnha-cfdi-3dd6cacfc0a803330a8fc6a50443e473,本溪市中心医院,药临床机构备字2021000122,filed,confirmed_against_filing_snapshot,,deferred_not_required_for_identity,0,[],False,https://beian.cfdi.org.cn/CTMDS/pub/PUB010100.do?method=handle06&curPage=11&pageSize=100,2026-09-05,"Snapshot identity only; not all aliases, trial participation or current eligibility"
cnha-cfdi-3e458dbec0a803330af98bce4fe83bb8,石家庄市第四医院,药临床机构备字2023000046,filed,confirmed_against_filing_snapshot,,deferred_not_required_for_identity,0,[],False,https://beian.cfdi.org.cn/CTMDS/pub/PUB010100.do?method=handle06&curPage=13&pageSize=100,2026-09-05,"Snapshot identity only; not all aliases, trial participation or current eligibility"
cnha-cfdi-3e9a3147c0a8033357653f733c0b3f36,黔南布依族苗族自治州人民医院,药临床机构备字2026000077,filed,confirmed_against_filing_snapshot,,deferred_not_required_for_identity,0,[],False,https://beian.cfdi.org.cn/CTMDS/pub/PUB010100.do?method=handle06&curPage=20&pageSize=100,2026-09-05,"Snapshot identity only; not all aliases, trial participation or current eligibility"
cnha-cfdi-3eb58743c0a803336f75a7401e428bd2,荆州市中医医院,药临床机构备字2023000274,filed,confirmed_against_filing_snapshot,,deferred_not_required_for_identity,0,[],False,https://beian.cfdi.org.cn/CTMDS/pub/PUB010100.do?method=handle06&curPage=15&pageSize=100,2026-09-05,"Snapshot identity only; not all aliases, trial participation or current eligibility"
cnha-cfdi-3ede7561c0a8033304f4f2768155f94f,宾阳县妇幼保健院,药临床机构备字2024000149,filed,confirmed_against_filing_snapshot,,deferred_not_required_for_identity,0,[],False,https://beian.cfdi.org.cn/CTMDS/pub/PUB010100.do?method=handle06&curPage=16&pageSize=100,2026-09-05,"Snapshot identity only; not all aliases, trial participation or current eligibility"
cnha-cfdi-3f02c795c0a803331ac81ae499ed1bd2,武汉亚心总医院,药临床机构备字2020000089,filed,confirmed_against_filing_snapshot,,deferred_not_required_for_identity,0,[],False,https://beian.cfdi.org.cn/CTMDS/pub/PUB010100.do?method=handle06&curPage=2&pageSize=100,2026-09-05,"Snapshot identity only; not all aliases, trial participation or current eligibility"
cnha-cfdi-3f207173c0a8033337a8ee2217c3f93b,北京大学肿瘤医院内蒙古医院,药临床机构备字2020000704,filed,confirmed_against_filing_snapshot,,deferred_not_required_for_identity,0,[],False,https://beian.cfdi.org.cn/CTMDS/pub/PUB010100.do?method=handle06&curPage=8&pageSize=100,2026-09-05,"Snapshot identity only; not all aliases, trial participation or current eligibility"
cnha-cfdi-3f316c50c0a803331d4edb0cc533f857,西宁市第一人民医院,药临床机构备字2025000202,filed,confirmed_against_filing_snapshot,,deferred_not_required_for_identity,0,[],False,https://beian.cfdi.org.cn/CTMDS/pub/PUB010100.do?method=handle06&curPage=19&pageSize=100,2026-09-05,"Snapshot identity only; not all aliases, trial participation or current eligibility"
cnha-cfdi-3f3a5a6dc0a8033312cf311c569d99a9,临沂市肿瘤医院,药临床机构备字2020000196,filed,confirmed_against_filing_snapshot,,deferred_not_required_for_identity,0,[],False,https://beian.cfdi.org.cn/CTMDS/pub/PUB010100.do?method=handle06&curPage=3&pageSize=100,2026-09-05,"Snapshot identity only; not all aliases, trial participation or current eligibility"
cnha-cfdi-3f46838ac0a80333270b9352e639d16a,海南省安宁医院,药临床机构备字2024000067,filed,confirmed_against_filing_snapshot,,deferred_not_required_for_identity,0,[],False,https://beian.cfdi.org.cn/CTMDS/pub/PUB010100.do?method=handle06&curPage=16&pageSize=100,2026-09-05,"Snapshot identity only; not all aliases, trial participation or current eligibility"
cnha-cfdi-3f57e9aac0a80333058c980a924354ca,秦皇岛市第一医院,药临床机构备字2020000421,filed,confirmed_against_filing_snapshot,,deferred_not_required_for_identity,0,[],False,https://beian.cfdi.org.cn/CTMDS/pub/PUB010100.do?method=handle06&curPage=5&pageSize=100,2026-09-05,"Snapshot identity only; not all aliases, trial participation or current eligibility"
cnha-cfdi-3f736ef9c0a8033333f3e7673a11486a,云南省疾病预防控制中心（云南省预防医学科学院）,药临床机构备字2020000132,filed,confirmed_against_filing_snapshot,,deferred_not_required_for_identity,0,[],False,https://beian.cfdi.org.cn/CTMDS/pub/PUB010100.do?method=handle06&curPage=3&pageSize=100,2026-09-05,"Snapshot identity only; not all aliases, trial participation or current eligibility"
cnha-cfdi-3f747459c0a8033375b92ed7ea409749,邓州市中心医院,药临床机构备字2021000170,filed,confirmed_against_filing_snapshot,,deferred_not_required_for_identity,0,[],False,https://beian.cfdi.org.cn/CTMDS/pub/PUB010100.do?method=handle06&curPage=12&pageSize=100,2026-09-05,"Snapshot identity only; not all aliases, trial participation or current eligibility"
cnha-cfdi-3f9afe03c0a80333561b33321364b83a,贵州中医药大学第一附属医院,药临床机构备字2020000108,filed,confirmed_against_filing_snapshot,,deferred_not_required_for_identity,0,[],False,https://beian.cfdi.org.cn/CTMDS/pub/PUB010100.do?method=handle06&curPage=2&pageSize=100,2026-09-05,"Snapshot identity only; not all aliases, trial participation or current eligibility"
cnha-cfdi-3fe37630c0a8033353f3ea7b15824cb1,九江市第五人民医院,药临床机构备字2023000028,filed,confirmed_against_filing_snapshot,,deferred_not_required_for_identity,0,[],False,https://beian.cfdi.org.cn/CTMDS/pub/PUB010100.do?method=handle06&curPage=13&pageSize=100,2026-09-05,"Snapshot identity only; not all aliases, trial participation or current eligibility"
cnha-cfdi-3fe4f577c0a8033355a40ff64065116b,铜仁市人民医院,药临床机构备字2025000270,filed,confirmed_against_filing_snapshot,,deferred_not_required_for_identity,0,[],False,https://beian.cfdi.org.cn/CTMDS/pub/PUB010100.do?method=handle06&curPage=19&pageSize=100,2026-09-05,"Snapshot identity only; not all aliases, trial participation or current eligibility"
cnha-cfdi-4024f2cbc0a8033366121b07de465aff,盐城市中医院,药临床机构备字2023000193,filed,confirmed_against_filing_snapshot,,deferred_not_required_for_identity,0,[],False,https://beian.cfdi.org.cn/CTMDS/pub/PUB010100.do?method=handle06&curPage=14&pageSize=100,2026-09-05,"Snapshot identity only; not all aliases, trial participation or current eligibility"
cnha-cfdi-4029ad16c0a80333095e9ad2cdaa5a8f,国药北方医院,药临床机构备字2025000293,filed,confirmed_against_filing_snapshot,,deferred_not_required_for_identity,0,[],False,https://beian.cfdi.org.cn/CTMDS/pub/PUB010100.do?method=handle06&curPage=19&pageSize=100,2026-09-05,"Snapshot identity only; not all aliases, trial participation or current eligibility"
cnha-cfdi-406f0e1dc0a803330a20774f6726b67d,北京市顺义区妇幼保健院(北京儿童医院顺义妇儿医院),药临床机构备字2024000033,filed,confirmed_against_filing_snapshot,,deferred_not_required_for_identity,2,[],False,https://beian.cfdi.org.cn/CTMDS/pub/PUB010100.do?method=handle06&curPage=15&pageSize=100,2026-09-05,"Snapshot identity only; not all aliases, trial participation or current eligibility"
cnha-cfdi-4081bd87c0a80333377fc61b8410805a,北京医院,药临床机构备字2020000732,filed,confirmed_against_filing_snapshot,,deferred_not_required_for_identity,0,[],False,https://beian.cfdi.org.cn/CTMDS/pub/PUB010100.do?method=handle06&curPage=8&pageSize=100,2026-09-05,"Snapshot identity only; not all aliases, trial participation or current eligibility"
cnha-cfdi-40ab0d00c0a803331eff33043a7f2a9f,湘潭市第一人民医院,药临床机构备字2020000817,filed,confirmed_against_filing_snapshot,,deferred_not_required_for_identity,0,[],False,https://beian.cfdi.org.cn/CTMDS/pub/PUB010100.do?method=handle06&curPage=9&pageSize=100,2026-09-05,"Snapshot identity only; not all aliases, trial participation or current eligibility"
cnha-cfdi-40d4a87cc0a8033322e1e7ff5eb23186,凤庆县人民医院,药临床机构备字2026000107,filed,confirmed_against_filing_snapshot,,deferred_not_required_for_identity,0,[],False,https://beian.cfdi.org.cn/CTMDS/pub/PUB010100.do?method=handle06&curPage=20&pageSize=100,2026-09-05,"Snapshot identity only; not all aliases, trial participation or current eligibility"
cnha-cfdi-40d8e6c9c0a8033376fd9ed29c1d7eb2,广州市妇女儿童医疗中心柳州医院,药临床机构备字2023000073,filed,confirmed_against_filing_snapshot,,deferred_not_required_for_identity,0,[],False,https://beian.cfdi.org.cn/CTMDS/pub/PUB010100.do?method=handle06&curPage=14&pageSize=100,2026-09-05,"Snapshot identity only; not all aliases, trial participation or current eligibility"
cnha-cfdi-40e0d7fec0a8033372015ac9ffd1bea2,苏州市中西医结合医院,药临床机构备字2023000015,filed,confirmed_against_filing_snapshot,,deferred_not_required_for_identity,0,[],False,https://beian.cfdi.org.cn/CTMDS/pub/PUB010100.do?method=handle06&curPage=13&pageSize=100,2026-09-05,"Snapshot identity only; not all aliases, trial participation or current eligibility"
cnha-cfdi-40f1171ac0a803336b08615e2357224b,郑州市中心医院,药临床机构备字2020000231,filed,confirmed_against_filing_snapshot,,deferred_not_required_for_identity,0,[],False,https://beian.cfdi.org.cn/CTMDS/pub/PUB010100.do?method=handle06&curPage=3&pageSize=100,2026-09-05,"Snapshot identity only; not all aliases, trial participation or current eligibility"
cnha-cfdi-4107a32cc0a8033352324aa9c49ddd69,武汉市精神卫生中心,药临床机构备字2020000399,filed,confirmed_against_filing_snapshot,,deferred_not_required_for_identity,0,[],False,https://beian.cfdi.org.cn/CTMDS/pub/PUB010100.do?method=handle06&curPage=5&pageSize=100,2026-09-05,"Snapshot identity only; not all aliases, trial participation or current eligibility"
cnha-cfdi-4126b74ec0a80333759fa156d36adc6a,上海市第一人民医院,药临床机构备字2020000169,filed,confirmed_against_filing_snapshot,,deferred_not_required_for_identity,0,[],False,https://beian.cfdi.org.cn/CTMDS/pub/PUB010100.do?method=handle06&curPage=3&pageSize=100,2026-09-05,"Snapshot identity only; not all aliases, trial participation or current eligibility"
cnha-cfdi-4128be0fc0a80333313cb54fdc1fd0aa,景德镇市第二人民医院,药临床机构备字2021000124,filed,confirmed_against_filing_snapshot,,deferred_not_required_for_identity,0,[],False,https://beian.cfdi.org.cn/CTMDS/pub/PUB010100.do?method=handle06&curPage=11&pageSize=100,2026-09-05,"Snapshot identity only; not all aliases, trial participation or current eligibility"
cnha-cfdi-4140bdd4c0a8033369f660771215f2bd,汉中市中心医院,药临床机构备字2020000395,filed,confirmed_against_filing_snapshot,,deferred_not_required_for_identity,0,"[{""hospital_id"": ""cnha-cfdi-4140bdd4c0a8033369f660771215f2bd"", ""official_name"": ""汉中市中心医院"", ""candidate_alias"": ""Hanzhong Central Hospital"", ""source_url"": ""https://ror.org/05mrmvf37"", ""status"": ""review_required"", ""reason"": ""Reference-only name; not approved for resolution""}]",False,https://beian.cfdi.org.cn/CTMDS/pub/PUB010100.do?method=handle06&curPage=5&pageSize=100,2026-09-05,"Snapshot identity only; not all aliases, trial participation or current eligibility"
cnha-cfdi-41499411c0a8033301ea3d0eb04870fb,齐齐哈尔医学院附属第二医院,药临床机构备字2024000221,filed,confirmed_against_filing_snapshot,,deferred_not_required_for_identity,0,[],False,https://beian.cfdi.org.cn/CTMDS/pub/PUB010100.do?method=handle06&curPage=17&pageSize=100,2026-09-05,"Snapshot identity only; not all aliases, trial participation or current eligibility"
cnha-cfdi-4170eb85c0a8033372e60f46739fc84c,中国人民解放军北部战区总医院,药临床机构备字2020000661,filed,confirmed_against_filing_snapshot,,deferred_not_required_for_identity,0,[],False,https://beian.cfdi.org.cn/CTMDS/pub/PUB010100.do?method=handle06&curPage=7&pageSize=100,2026-09-05,"Snapshot identity only; not all aliases, trial participation or current eligibility"
cnha-cfdi-417dd7d5c0a803332053ddb03e929a9e,自贡市第一人民医院（自贡市传染病医院）,药临床机构备字2020000358,filed,confirmed_against_filing_snapshot,,deferred_not_required_for_identity,2,"[{""hospital_id"": ""cnha-cfdi-417dd7d5c0a803332053ddb03e929a9e"", ""official_name"": ""自贡市第一人民医院（自贡市传染病医院）"", ""candidate_alias"": ""Zigong First People's Hospital"", ""source_url"": ""https://ror.org/04khs3e04"", ""status"": ""review_required"", ""reason"": ""Reference-only name; not approved for resolution""}]",False,https://beian.cfdi.org.cn/CTMDS/pub/PUB010100.do?method=handle06&curPage=5&pageSize=100,2026-09-05,"Snapshot identity only; not all aliases, trial participation or current eligibility"
cnha-cfdi-418943cac0a803330cd481989ef321c8,辽宁省健康产业集团阜新矿总医院,药临床机构备字2021000132,filed,confirmed_against_filing_snapshot,,deferred_not_required_for_identity,0,[],False,https://beian.cfdi.org.cn/CTMDS/pub/PUB010100.do?method=handle06&curPage=11&pageSize=100,2026-09-05,"Snapshot identity only; not all aliases, trial participation or current eligibility"
cnha-cfdi-418cea56c0a80333432fe39a629b9e90,山东省精神卫生中心,药临床机构备字2020000376,filed,confirmed_against_filing_snapshot,,deferred_not_required_for_identity,0,[],False,https://beian.cfdi.org.cn/CTMDS/pub/PUB010100.do?method=handle06&curPage=5&pageSize=100,2026-09-05,"Snapshot identity only; not all aliases, trial participation or current eligibility"
cnha-cfdi-4199e9bfc0a8033363c81d4a2cb2874d,叶县人民医院,药临床机构备字2025000220,filed,confirmed_against_filing_snapshot,,deferred_not_required_for_identity,0,[],False,https://beian.cfdi.org.cn/CTMDS/pub/PUB010100.do?method=handle06&curPage=19&pageSize=100,2026-09-05,"Snapshot identity only; not all aliases, trial participation or current eligibility"
cnha-cfdi-41b0f3eec0a80333797ab6fb32e74aba,济南市第三人民医院,药临床机构备字2025000091,filed,confirmed_against_filing_snapshot,,deferred_not_required_for_identity,0,"[{""hospital_id"": ""cnha-cfdi-41b0f3eec0a80333797ab6fb32e74aba"", ""official_name"": ""济南市第三人民医院"", ""candidate_alias"": ""Jinan Third People's Hospital"", ""source_url"": ""https://ror.org/019cb0c33"", ""status"": ""review_required"", ""reason"": ""Reference-only name; not approved for resolution""}]",False,https://beian.cfdi.org.cn/CTMDS/pub/PUB010100.do?method=handle06&curPage=18&pageSize=100,2026-09-05,"Snapshot identity only; not all aliases, trial participation or current eligibility"
cnha-cfdi-41bce0e2c0a8033315f29b2a61cee434,大连理工大学附属中心医院（大连市中心医院）,药临床机构备字2020000369,filed,confirmed_against_filing_snapshot,,deferred_not_required_for_identity,2,"[{""hospital_id"": ""cnha-cfdi-41bce0e2c0a8033315f29b2a61cee434"", ""official_name"": ""大连理工大学附属中心医院（大连市中心医院）"", ""candidate_alias"": ""Dalian Municipal Central Hospital"", ""source_url"": ""https://ror.org/01n6v0a11"", ""status"": ""review_required"", ""reason"": ""Reference-only name; not approved for resolution""}]",False,https://beian.cfdi.org.cn/CTMDS/pub/PUB010100.do?method=handle06&curPage=5&pageSize=100,2026-09-05,"Snapshot identity only; not all aliases, trial participation or current eligibility"
cnha-cfdi-41f15ed7c0a8033343b95fb8b7f96952,景德镇市第一人民医院,药临床机构备字2021000113,filed,confirmed_against_filing_snapshot,,deferred_not_required_for_identity,0,[],False,https://beian.cfdi.org.cn/CTMDS/pub/PUB010100.do?method=handle06&curPage=11&pageSize=100,2026-09-05,"Snapshot identity only; not all aliases, trial participation or current eligibility"
cnha-cfdi-4202f034c0a80333461a3d3f18c2179c,东营市人民医院,药临床机构备字2020000950,filed,confirmed_against_filing_snapshot,,deferred_not_required_for_identity,0,[],False,https://beian.cfdi.org.cn/CTMDS/pub/PUB010100.do?method=handle06&curPage=10&pageSize=100,2026-09-05,"Snapshot identity only; not all aliases, trial participation or current eligibility"
cnha-cfdi-420aad7dc0a803334232dd6c5a86ddae,重庆星荣整形外科医院,药临床机构备字2023000038,filed,confirmed_against_filing_snapshot,,deferred_not_required_for_identity,0,[],False,https://beian.cfdi.org.cn/CTMDS/pub/PUB010100.do?method=handle06&curPage=13&pageSize=100,2026-09-05,"Snapshot identity only; not all aliases, trial participation or current eligibility"
cnha-cfdi-4210a8edc0a8033344f3811b997fd70b,河南省儿童医院郑州儿童医院,药临床机构备字2020000864,filed,confirmed_against_filing_snapshot,,deferred_not_required_for_identity,0,[],False,https://beian.cfdi.org.cn/CTMDS/pub/PUB010100.do?method=handle06&curPage=9&pageSize=100,2026-09-05,"Snapshot identity only; not all aliases, trial participation or current eligibility"
cnha-cfdi-42243060c0a8033306af0c2266f43434,南昌市中心医院（南昌市传染病院）,药临床机构备字2020000617,filed,confirmed_against_filing_snapshot,,deferred_not_required_for_identity,0,[],False,https://beian.cfdi.org.cn/CTMDS/pub/PUB010100.do?method=handle06&curPage=7&pageSize=100,2026-09-05,"Snapshot identity only; not all aliases, trial participation or current eligibility"
cnha-cfdi-427943f0c0a803331b8ce5016cebcc0b,重庆市人民医院,药临床机构备字2020000461,filed,confirmed_against_filing_snapshot,,deferred_not_required_for_identity,0,[],False,https://beian.cfdi.org.cn/CTMDS/pub/PUB010100.do?method=handle06&curPage=6&pageSize=100,2026-09-05,"Snapshot identity only; not all aliases, trial participation or current eligibility"
cnha-cfdi-4285d661c0a80333643c35b45e2737d8,南通市妇幼保健院（南通市儿童医院、南通市妇幼保健院互联网医院）,药临床机构备字2025000043,filed,confirmed_against_filing_snapshot,,deferred_not_required_for_identity,2,"[{""hospital_id"": ""cnha-cfdi-4285d661c0a80333643c35b45e2737d8"", ""official_name"": ""南通市妇幼保健院（南通市儿童医院、南通市妇幼保健院互联网医院）"", ""candidate_alias"": ""南通市妇幼保健院互联网医院"", ""source_url"": ""https://beian.cfdi.org.cn/CTMDS/pub/PUB010100.do?method=handle06&curPage=17&pageSize=100"", ""status"": ""review_required"", ""reason"": ""Reference-only name; not approved for resolution""}]",False,https://beian.cfdi.org.cn/CTMDS/pub/PUB010100.do?method=handle06&curPage=17&pageSize=100,2026-09-05,"Snapshot identity only; not all aliases, trial participation or current eligibility"
cnha-cfdi-428c6080c0a803330819639413c85168,湖北省疾病预防控制中心,药临床机构备字2020000020,filed,confirmed_against_filing_snapshot,,deferred_not_required_for_identity,0,[],False,https://beian.cfdi.org.cn/CTMDS/pub/PUB010100.do?method=handle06&curPage=1&pageSize=100,2026-09-05,"Snapshot identity only; not all aliases, trial participation or current eligibility"
cnha-cfdi-42bc05b7c0a8033322bb60e6aece0e36,重庆大学附属三峡医院、重庆三峡中心医院、重庆市三峡肿瘤防治研究所、重庆万州精神卫生中心、重庆大学附属三峡医院互联网医院,药临床机构备字2020000338,filed,confirmed_against_filing_snapshot,,deferred_not_required_for_identity,0,[],False,https://beian.cfdi.org.cn/CTMDS/pub/PUB010100.do?method=handle06&curPage=4&pageSize=100,2026-09-05,"Snapshot identity only; not all aliases, trial participation or current eligibility"
cnha-cfdi-42bcb7a8c0a803332a4a19cef38dc4ab,肇庆市第三人民医院,药临床机构备字2024000231,filed,confirmed_against_filing_snapshot,,deferred_not_required_for_identity,0,[],False,https://beian.cfdi.org.cn/CTMDS/pub/PUB010100.do?method=handle06&curPage=17&pageSize=100,2026-09-05,"Snapshot identity only; not all aliases, trial participation or current eligibility"
cnha-cfdi-42bd52dfc0a803334cb8bc0d1123b508,山西省心血管病医院,药临床机构备字2020000571,filed,confirmed_against_filing_snapshot,,deferred_not_required_for_identity,0,[],False,https://beian.cfdi.org.cn/CTMDS/pub/PUB010100.do?method=handle06&curPage=7&pageSize=100,2026-09-05,"Snapshot identity only; not all aliases, trial participation or current eligibility"
cnha-cfdi-42c7e48bc0a803330baf6c1f9eaa86ae,新疆维吾尔自治区人民医院白鸟湖医院,药临床机构备字2026000121,filed,confirmed_against_filing_snapshot,,deferred_not_required_for_identity,0,[],False,https://beian.cfdi.org.cn/CTMDS/pub/PUB010100.do?method=handle06&curPage=20&pageSize=100,2026-09-05,"Snapshot identity only; not all aliases, trial participation or current eligibility"
cnha-cfdi-42c9c3a8c0a803333aa65bcfb4177604,克什克腾旗中医蒙医医院,药临床机构备字2021000137,filed,confirmed_against_filing_snapshot,,deferred_not_required_for_identity,0,[],False,https://beian.cfdi.org.cn/CTMDS/pub/PUB010100.do?method=handle06&curPage=11&pageSize=100,2026-09-05,"Snapshot identity only; not all aliases, trial participation or current eligibility"
cnha-cfdi-42d9139fc0a803333716181a75e03f14,乐山市人民医院,药临床机构备字2022000181,filed,confirmed_against_filing_snapshot,,deferred_not_required_for_identity,0,[],False,https://beian.cfdi.org.cn/CTMDS/pub/PUB010100.do?method=handle06&curPage=13&pageSize=100,2026-09-05,"Snapshot identity only; not all aliases, trial participation or current eligibility"
cnha-cfdi-42d95032c0a80333133ed997a11b066f,首都医科大学附属北京儿童医院,药临床机构备字2020000311,filed,confirmed_against_filing_snapshot,,deferred_not_required_for_identity,2,"[{""hospital_id"": ""cnha-cfdi-42d95032c0a80333133ed997a11b066f"", ""official_name"": ""首都医科大学附属北京儿童医院"", ""candidate_alias"": ""Beijing Children’s Hospital"", ""source_url"": ""https://ror.org/04skmn292"", ""status"": ""review_required"", ""reason"": ""Reference-only name; not approved for resolution""}]",False,https://beian.cfdi.org.cn/CTMDS/pub/PUB010100.do?method=handle06&curPage=4&pageSize=100,2026-09-05,"Snapshot identity only; not all aliases, trial participation or current eligibility"
cnha-cfdi-42dc8a48c0a803334827b64f48cbe902,宁海县第一医院,药临床机构备字2026000103,filed,confirmed_against_filing_snapshot,,deferred_not_required_for_identity,0,"[{""hospital_id"": ""cnha-cfdi-42dc8a48c0a803334827b64f48cbe902"", ""official_name"": ""宁海县第一医院"", ""candidate_alias"": ""First Hospital of Ninghai County"", ""source_url"": ""https://ror.org/03h0b2y74"", ""status"": ""review_required"", ""reason"": ""Reference-only name; not approved for resolution""}, {""hospital_id"": ""cnha-cfdi-42dc8a48c0a803334827b64f48cbe902"", ""official_name"": ""宁海县第一医院"", ""candidate_alias"": ""Ninghai County First Hospital"", ""source_url"": ""https://ror.org/03h0b2y74"", ""status"": ""review_required"", ""reason"": ""Reference-only name; not approved for resolution""}, {""hospital_id"": ""cnha-cfdi-42dc8a48c0a803334827b64f48cbe902"", ""official_name"": ""宁海县第一医院"", ""candidate_alias"": ""Ninghai First Hospital Medicare and Health Group"", ""source_url"": ""https://ror.org/03h0b2y74"", ""status"": ""review_required"", ""reason"": ""Reference-only name; not approved for resolution""}]",False,https://beian.cfdi.org.cn/CTMDS/pub/PUB010100.do?method=handle06&curPage=20&pageSize=100,2026-09-05,"Snapshot identity only; not all aliases, trial participation or current eligibility"
cnha-cfdi-42e2b014c0a803333f20168cfbd9ef2a,东阳市横店医院,药临床机构备字2020000764,filed,confirmed_against_filing_snapshot,,deferred_not_required_for_identity,0,[],False,https://beian.cfdi.org.cn/CTMDS/pub/PUB010100.do?method=handle06&curPage=8&pageSize=100,2026-09-05,"Snapshot identity only; not all aliases, trial participation or current eligibility"
cnha-cfdi-42f6d1cbc0a803331b97bbbebb5694ce,武汉市第八医院（武汉市肛肠医院）,药临床机构备字2024000114,filed,confirmed_against_filing_snapshot,,deferred_not_required_for_identity,2,[],False,https://beian.cfdi.org.cn/CTMDS/pub/PUB010100.do?method=handle06&curPage=16&pageSize=100,2026-09-05,"Snapshot identity only; not all aliases, trial participation or current eligibility"
cnha-cfdi-4334524bc0a8033354020bfe4fd76b68,天津医科大学眼科医院,药临床机构备字2019000034,filed,confirmed_against_filing_snapshot,Tianjin Medical University Eye Hospital,source_reviewed,1,[],False,https://beian.cfdi.org.cn/CTMDS/pub/PUB010100.do?method=handle06&curPage=1&pageSize=100,2026-09-05,"Snapshot identity only; not all aliases, trial participation or current eligibility"
cnha-cfdi-43590d5ac0a8033301de8c5f4f125adb,苍南县人民医院,药临床机构备字2023000185,filed,confirmed_against_filing_snapshot,,deferred_not_required_for_identity,0,[],False,https://beian.cfdi.org.cn/CTMDS/pub/PUB010100.do?method=handle06&curPage=14&pageSize=100,2026-09-05,"Snapshot identity only; not all aliases, trial participation or current eligibility"
cnha-cfdi-438db6ecc0a803335eb4bb5750d91949,中山陈星海中西医结合医院,药临床机构备字2023000043,filed,confirmed_against_filing_snapshot,,deferred_not_required_for_identity,0,[],False,https://beian.cfdi.org.cn/CTMDS/pub/PUB010100.do?method=handle06&curPage=13&pageSize=100,2026-09-05,"Snapshot identity only; not all aliases, trial participation or current eligibility"
cnha-cfdi-43cc418cc0a8033367a8cb086d7ff73f,东港市中心医院,药临床机构备字2025000267,filed,confirmed_against_filing_snapshot,,deferred_not_required_for_identity,0,[],False,https://beian.cfdi.org.cn/CTMDS/pub/PUB010100.do?method=handle06&curPage=19&pageSize=100,2026-09-05,"Snapshot identity only; not all aliases, trial participation or current eligibility"
cnha-cfdi-44259fd7c0a80333772e83dcfca7e60f,上海交通大学医学院附属上海儿童医学中心,药临床机构备字2020000636,filed,confirmed_against_filing_snapshot,,deferred_not_required_for_identity,1,"[{""hospital_id"": ""cnha-cfdi-44259fd7c0a80333772e83dcfca7e60f"", ""official_name"": ""上海交通大学医学院附属上海儿童医学中心"", ""candidate_alias"": ""SCMC"", ""source_url"": ""https://ror.org/00cd9s024"", ""status"": ""review_required"", ""reason"": ""Reference-only name; not approved for resolution""}, {""hospital_id"": ""cnha-cfdi-44259fd7c0a80333772e83dcfca7e60f"", ""official_name"": ""上海交通大学医学院附属上海儿童医学中心"", ""candidate_alias"": ""Shanghai Children's Medical Center"", ""source_url"": ""https://ror.org/00cd9s024"", ""status"": ""review_required"", ""reason"": ""Reference-only name; not approved for resolution""}]",False,https://beian.cfdi.org.cn/CTMDS/pub/PUB010100.do?method=handle06&curPage=7&pageSize=100,2026-09-05,"Snapshot identity only; not all aliases, trial participation or current eligibility"
cnha-cfdi-443b6fddc0a803334e068a5722e251fc,贵州省人民医院,药临床机构备字2020000852,filed,confirmed_against_filing_snapshot,,deferred_not_required_for_identity,0,"[{""hospital_id"": ""cnha-cfdi-443b6fddc0a803334e068a5722e251fc"", ""official_name"": ""贵州省人民医院"", ""candidate_alias"": ""Guizhou Provincial People's Hospital"", ""source_url"": ""https://ror.org/046q1bp69"", ""status"": ""review_required"", ""reason"": ""Reference-only name; not approved for resolution""}]",False,https://beian.cfdi.org.cn/CTMDS/pub/PUB010100.do?method=handle06&curPage=9&pageSize=100,2026-09-05,"Snapshot identity only; not all aliases, trial participation or current eligibility"
cnha-cfdi-443f1fd0c0a80333211de6423e8c7899,合肥京东方医院,药临床机构备字2022000108,filed,confirmed_against_filing_snapshot,,deferred_not_required_for_identity,0,[],False,https://beian.cfdi.org.cn/CTMDS/pub/PUB010100.do?method=handle06&curPage=12&pageSize=100,2026-09-05,"Snapshot identity only; not all aliases, trial participation or current eligibility"
cnha-cfdi-44428bfbc0a803333b8c9033927a9589,上海市普陀区中心医院,药临床机构备字2020000407,filed,confirmed_against_filing_snapshot,,deferred_not_required_for_identity,0,[],False,https://beian.cfdi.org.cn/CTMDS/pub/PUB010100.do?method=handle06&curPage=5&pageSize=100,2026-09-05,"Snapshot identity only; not all aliases, trial participation or current eligibility"
cnha-cfdi-4444e6f9c0a80333690871be04ab6545,成都市第三人民医院,药临床机构备字2020000545,filed,confirmed_against_filing_snapshot,,deferred_not_required_for_identity,0,"[{""hospital_id"": ""cnha-cfdi-4444e6f9c0a80333690871be04ab6545"", ""official_name"": ""成都市第三人民医院"", ""candidate_alias"": ""Chengdu Third People's Hospital"", ""source_url"": ""https://ror.org/00ebdgr24"", ""status"": ""review_required"", ""reason"": ""Reference-only name; not approved for resolution""}, {""hospital_id"": ""cnha-cfdi-4444e6f9c0a80333690871be04ab6545"", ""official_name"": ""成都市第三人民医院"", ""candidate_alias"": ""Third People's Hospital of Chengdu"", ""source_url"": ""https://ror.org/00ebdgr24"", ""status"": ""review_required"", ""reason"": ""Reference-only name; not approved for resolution""}]",False,https://beian.cfdi.org.cn/CTMDS/pub/PUB010100.do?method=handle06&curPage=6&pageSize=100,2026-09-05,"Snapshot identity only; not all aliases, trial participation or current eligibility"
cnha-cfdi-44592abbc0a803331569d102a45ecb37,玉溪市人民医院,药临床机构备字2022000169,filed,confirmed_against_filing_snapshot,,deferred_not_required_for_identity,0,[],False,https://beian.cfdi.org.cn/CTMDS/pub/PUB010100.do?method=handle06&curPage=13&pageSize=100,2026-09-05,"Snapshot identity only; not all aliases, trial participation or current eligibility"
cnha-cfdi-4466b767c0a80333139d3c7f996f42fe,太仓市第一人民医院,药临床机构备字2021000142,filed,confirmed_against_filing_snapshot,,deferred_not_required_for_identity,0,[],False,https://beian.cfdi.org.cn/CTMDS/pub/PUB010100.do?method=handle06&curPage=11&pageSize=100,2026-09-05,"Snapshot identity only; not all aliases, trial participation or current eligibility"
cnha-cfdi-447c2c0fc0a8033306e7455935ce5d05,首都医科大学附属北京潞河医院,药临床机构备字2020000015,filed,confirmed_against_filing_snapshot,,deferred_not_required_for_identity,0,"[{""hospital_id"": ""cnha-cfdi-447c2c0fc0a8033306e7455935ce5d05"", ""official_name"": ""首都医科大学附属北京潞河医院"", ""candidate_alias"": ""Beijing Luhe Hospital Affiliated to Capital Medical University"", ""source_url"": ""https://ror.org/01zyn4z03"", ""status"": ""review_required"", ""reason"": ""Reference-only name; not approved for resolution""}]",False,https://beian.cfdi.org.cn/CTMDS/pub/PUB010100.do?method=handle06&curPage=1&pageSize=100,2026-09-05,"Snapshot identity only; not all aliases, trial participation or current eligibility"
cnha-cfdi-447fd5d6c0a803330cf4936394ea4541,常德市第一中医医院,药临床机构备字2024000177,filed,confirmed_against_filing_snapshot,,deferred_not_required_for_identity,0,[],False,https://beian.cfdi.org.cn/CTMDS/pub/PUB010100.do?method=handle06&curPage=16&pageSize=100,2026-09-05,"Snapshot identity only; not all aliases, trial participation or current eligibility"
cnha-cfdi-4488f24dc0a803331e38ecdb409bd521,湖北省中医院,药临床机构备字2020000641,filed,confirmed_against_filing_snapshot,,deferred_not_required_for_identity,0,[],False,https://beian.cfdi.org.cn/CTMDS/pub/PUB010100.do?method=handle06&curPage=7&pageSize=100,2026-09-05,"Snapshot identity only; not all aliases, trial participation or current eligibility"
cnha-cfdi-448dcc59c0a80333001db6167761a323,鹤岗市人民医院,药临床机构备字2024000121,filed,confirmed_against_filing_snapshot,,deferred_not_required_for_identity,0,"[{""hospital_id"": ""cnha-cfdi-448dcc59c0a80333001db6167761a323"", ""official_name"": ""鹤岗市人民医院"", ""candidate_alias"": ""Hegang People's Hospital"", ""source_url"": ""https://ror.org/02sx09p05"", ""status"": ""review_required"", ""reason"": ""Reference-only name; not approved for resolution""}]",False,https://beian.cfdi.org.cn/CTMDS/pub/PUB010100.do?method=handle06&curPage=16&pageSize=100,2026-09-05,"Snapshot identity only; not all aliases, trial participation or current eligibility"
cnha-cfdi-449b0220c0a8033372b9fb9aa4702b3b,唐山市妇幼保健院药物临床试验机构,药临床机构备字2020000786,filed,confirmed_against_filing_snapshot,,deferred_not_required_for_identity,0,[],False,https://beian.cfdi.org.cn/CTMDS/pub/PUB010100.do?method=handle06&curPage=8&pageSize=100,2026-09-05,"Snapshot identity only; not all aliases, trial participation or current eligibility"
cnha-cfdi-44abac43c0a803331d117cf914883f29,北京裕和中西医结合康复医院,药临床机构备字2020000195,filed,confirmed_against_filing_snapshot,,deferred_not_required_for_identity,0,[],False,https://beian.cfdi.org.cn/CTMDS/pub/PUB010100.do?method=handle06&curPage=3&pageSize=100,2026-09-05,"Snapshot identity only; not all aliases, trial participation or current eligibility"
cnha-cfdi-44ae55bcc0a803332b226a30ae24efc3,天津市滨海新区中医医院,药临床机构备字2023000024,filed,confirmed_against_filing_snapshot,,deferred_not_required_for_identity,0,[],False,https://beian.cfdi.org.cn/CTMDS/pub/PUB010100.do?method=handle06&curPage=13&pageSize=100,2026-09-05,"Snapshot identity only; not all aliases, trial participation or current eligibility"
cnha-cfdi-44db4bffc0a8033313e33b5544492482,承德医学院附属医院,药临床机构备字2020000811,filed,confirmed_against_filing_snapshot,,deferred_not_required_for_identity,0,"[{""hospital_id"": ""cnha-cfdi-44db4bffc0a8033313e33b5544492482"", ""official_name"": ""承德医学院附属医院"", ""candidate_alias"": ""Affiliated Hospital of Chengde Medical College"", ""source_url"": ""https://ror.org/01bgds823"", ""status"": ""review_required"", ""reason"": ""Reference-only name; not approved for resolution""}]",False,https://beian.cfdi.org.cn/CTMDS/pub/PUB010100.do?method=handle06&curPage=9&pageSize=100,2026-09-05,"Snapshot identity only; not all aliases, trial participation or current eligibility"
cnha-cfdi-44ebe5c4c0a803336bc8983c0c7855fd,长沙市妇幼保健院（长沙市妇幼保健计划生育服务中心）,药临床机构备字2021000125,filed,confirmed_against_filing_snapshot,,deferred_not_required_for_identity,1,"[{""hospital_id"": ""cnha-cfdi-44ebe5c4c0a803336bc8983c0c7855fd"", ""official_name"": ""长沙市妇幼保健院（长沙市妇幼保健计划生育服务中心）"", ""candidate_alias"": ""长沙市妇幼保健计划生育服务中心"", ""source_url"": ""https://beian.cfdi.org.cn/CTMDS/pub/PUB010100.do?method=handle06&curPage=11&pageSize=100"", ""status"": ""review_required"", ""reason"": ""Reference-only name; not approved for resolution""}]",False,https://beian.cfdi.org.cn/CTMDS/pub/PUB010100.do?method=handle06&curPage=11&pageSize=100,2026-09-05,"Snapshot identity only; not all aliases, trial participation or current eligibility"
cnha-cfdi-44fc0df6c0a8033368c7c77a567e228c,河北医科大学第一医院,药临床机构备字2020000553,filed,confirmed_against_filing_snapshot,,deferred_not_required_for_identity,0,[],False,https://beian.cfdi.org.cn/CTMDS/pub/PUB010100.do?method=handle06&curPage=6&pageSize=100,2026-09-05,"Snapshot identity only; not all aliases, trial participation or current eligibility"
cnha-cfdi-4513d0e5c0a80333752f89bce81d221b,天津市安定医院,药临床机构备字2020000531,filed,confirmed_against_filing_snapshot,,deferred_not_required_for_identity,0,"[{""hospital_id"": ""cnha-cfdi-4513d0e5c0a80333752f89bce81d221b"", ""official_name"": ""天津市安定医院"", ""candidate_alias"": ""Tianjin Anding Hospital"", ""source_url"": ""https://ror.org/011n2s048"", ""status"": ""review_required"", ""reason"": ""Reference-only name; not approved for resolution""}, {""hospital_id"": ""cnha-cfdi-4513d0e5c0a80333752f89bce81d221b"", ""official_name"": ""天津市安定医院"", ""candidate_alias"": ""Tianjin Mental Health Center"", ""source_url"": ""https://ror.org/011n2s048"", ""status"": ""review_required"", ""reason"": ""Reference-only name; not approved for resolution""}]",False,https://beian.cfdi.org.cn/CTMDS/pub/PUB010100.do?method=handle06&curPage=6&pageSize=100,2026-09-05,"Snapshot identity only; not all aliases, trial participation or current eligibility"
cnha-cfdi-45273057c0a8033311d9bd9bdf84f629,阜新市中心医院,药临床机构备字2025000213,filed,confirmed_against_filing_snapshot,,deferred_not_required_for_identity,0,[],False,https://beian.cfdi.org.cn/CTMDS/pub/PUB010100.do?method=handle06&curPage=19&pageSize=100,2026-09-05,"Snapshot identity only; not all aliases, trial participation or current eligibility"
cnha-cfdi-452f5f98c0a8033340d50c8144ea9e5a,张家港市第一人民医院,药临床机构备字2021000108,filed,confirmed_against_filing_snapshot,,deferred_not_required_for_identity,0,[],False,https://beian.cfdi.org.cn/CTMDS/pub/PUB010100.do?method=handle06&curPage=11&pageSize=100,2026-09-05,"Snapshot identity only; not all aliases, trial participation or current eligibility"
cnha-cfdi-4537f17ec0a80333775f8a2b1ce3cdb4,成都市温江区人民医院,药临床机构备字2020000570,filed,confirmed_against_filing_snapshot,,deferred_not_required_for_identity,0,[],False,https://beian.cfdi.org.cn/CTMDS/pub/PUB010100.do?method=handle06&curPage=7&pageSize=100,2026-09-05,"Snapshot identity only; not all aliases, trial participation or current eligibility"
cnha-cfdi-45701108c0a803333fcad2d9fc1a5d9d,上海交通大学医学院附属瑞金医院卢湾分院,药临床机构备字2020000771,filed,confirmed_against_filing_snapshot,,deferred_not_required_for_identity,0,[],False,https://beian.cfdi.org.cn/CTMDS/pub/PUB010100.do?method=handle06&curPage=8&pageSize=100,2026-09-05,"Snapshot identity only; not all aliases, trial participation or current eligibility"
cnha-cfdi-4578cdf3c0a8033313608a97dcdf006a,南京鼓楼医院集团宿迁医院有限公司,药临床机构备字2025000104,filed,confirmed_against_filing_snapshot,,deferred_not_required_for_identity,0,[],False,https://beian.cfdi.org.cn/CTMDS/pub/PUB010100.do?method=handle06&curPage=18&pageSize=100,2026-09-05,"Snapshot identity only; not all aliases, trial participation or current eligibility"
cnha-cfdi-457d3074c0a803337afe970b0162febf,太仓市中医医院,药临床机构备字2023000173,filed,confirmed_against_filing_snapshot,,deferred_not_required_for_identity,0,[],False,https://beian.cfdi.org.cn/CTMDS/pub/PUB010100.do?method=handle06&curPage=14&pageSize=100,2026-09-05,"Snapshot identity only; not all aliases, trial participation or current eligibility"
cnha-cfdi-458e8225c0a803335ec2506c0d2b3ce8,常州市第二人民医院,药临床机构备字2020000826,filed,confirmed_against_filing_snapshot,,deferred_not_required_for_identity,0,"[{""hospital_id"": ""cnha-cfdi-458e8225c0a803335ec2506c0d2b3ce8"", ""official_name"": ""常州市第二人民医院"", ""candidate_alias"": ""Changzhou No.2 People's Hospital"", ""source_url"": ""https://ror.org/04bkhy554"", ""status"": ""review_required"", ""reason"": ""Reference-only name; not approved for resolution""}]",False,https://beian.cfdi.org.cn/CTMDS/pub/PUB010100.do?method=handle06&curPage=9&pageSize=100,2026-09-05,"Snapshot identity only; not all aliases, trial participation or current eligibility"
cnha-cfdi-45b1d8a5c0a80333601d556a0597d2c4,佛山市第一人民医院（南方科技大学附属佛山医院）,药临床机构备字2020000380,filed,confirmed_against_filing_snapshot,,deferred_not_required_for_identity,2,[],False,https://beian.cfdi.org.cn/CTMDS/pub/PUB010100.do?method=handle06&curPage=5&pageSize=100,2026-09-05,"Snapshot identity only; not all aliases, trial participation or current eligibility"
cnha-cfdi-45cd4703c0a80333457d40fe69e78abb,湖南省疾病预防控制中心,药临床机构备字2020000059,filed,confirmed_against_filing_snapshot,,deferred_not_required_for_identity,0,[],False,https://beian.cfdi.org.cn/CTMDS/pub/PUB010100.do?method=handle06&curPage=2&pageSize=100,2026-09-05,"Snapshot identity only; not all aliases, trial participation or current eligibility"
cnha-cfdi-45e31950c0a80333157eaf9ead1b853b,北京大学深圳医院,药临床机构备字2020000078,filed,confirmed_against_filing_snapshot,,deferred_not_required_for_identity,0,"[{""hospital_id"": ""cnha-cfdi-45e31950c0a80333157eaf9ead1b853b"", ""official_name"": ""北京大学深圳医院"", ""candidate_alias"": ""Peking University Shenzhen Hospital"", ""source_url"": ""https://ror.org/03kkjyb15"", ""status"": ""review_required"", ""reason"": ""Reference-only name; not approved for resolution""}, {""hospital_id"": ""cnha-cfdi-45e31950c0a80333157eaf9ead1b853b"", ""official_name"": ""北京大学深圳医院"", ""candidate_alias"": ""Shenzhen Central Hospital"", ""source_url"": ""https://ror.org/03kkjyb15"", ""status"": ""review_required"", ""reason"": ""Reference-only name; not approved for resolution""}]",False,https://beian.cfdi.org.cn/CTMDS/pub/PUB010100.do?method=handle06&curPage=2&pageSize=100,2026-09-05,"Snapshot identity only; not all aliases, trial participation or current eligibility"
cnha-cfdi-45f00527c0a80333591de54480937c58,黔东南苗族侗族自治州人民医院国家药物临床试验机构,药临床机构备字2026000113,filed,confirmed_against_filing_snapshot,,deferred_not_required_for_identity,0,[],False,https://beian.cfdi.org.cn/CTMDS/pub/PUB010100.do?method=handle06&curPage=20&pageSize=100,2026-09-05,"Snapshot identity only; not all aliases, trial participation or current eligibility"
cnha-cfdi-461732acc0a80333770111276d66a989,攸县人民医院药物临床试验机构,药临床机构备字2026000090,filed,confirmed_against_filing_snapshot,,deferred_not_required_for_identity,0,[],False,https://beian.cfdi.org.cn/CTMDS/pub/PUB010100.do?method=handle06&curPage=20&pageSize=100,2026-09-05,"Snapshot identity only; not all aliases, trial participation or current eligibility"
cnha-cfdi-4624f611c0a803337ff1403330c67888,溧阳市人民医院,药临床机构备字2024000172,filed,confirmed_against_filing_snapshot,,deferred_not_required_for_identity,0,[],False,https://beian.cfdi.org.cn/CTMDS/pub/PUB010100.do?method=handle06&curPage=16&pageSize=100,2026-09-05,"Snapshot identity only; not all aliases, trial participation or current eligibility"
cnha-cfdi-463cad32c0a803332047f232ffba1a0a,伊犁哈萨克自治州新华医院,药临床机构备字2026000146,filed,confirmed_against_filing_snapshot,,deferred_not_required_for_identity,0,[],False,https://beian.cfdi.org.cn/CTMDS/pub/PUB010100.do?method=handle06&curPage=21&pageSize=100,2026-09-05,"Snapshot identity only; not all aliases, trial participation or current eligibility"
cnha-cfdi-464b547ac0a8033331338d0e08e74859,川北医学院附属医院,药临床机构备字2020000762,filed,confirmed_against_filing_snapshot,,deferred_not_required_for_identity,0,"[{""hospital_id"": ""cnha-cfdi-464b547ac0a8033331338d0e08e74859"", ""official_name"": ""川北医学院附属医院"", ""candidate_alias"": ""Affiliated Hospital of North Sichuan Medical College"", ""source_url"": ""https://ror.org/01673gn35"", ""status"": ""review_required"", ""reason"": ""Reference-only name; not approved for resolution""}]",False,https://beian.cfdi.org.cn/CTMDS/pub/PUB010100.do?method=handle06&curPage=8&pageSize=100,2026-09-05,"Snapshot identity only; not all aliases, trial participation or current eligibility"
cnha-cfdi-466f73d0c0a8033355276a941cb00839,广西医科大学附属肿瘤医院/广西壮族自治区肿瘤医院,药临床机构备字2020000714,filed,confirmed_against_filing_snapshot,,deferred_not_required_for_identity,0,[],False,https://beian.cfdi.org.cn/CTMDS/pub/PUB010100.do?method=handle06&curPage=8&pageSize=100,2026-09-05,"Snapshot identity only; not all aliases, trial participation or current eligibility"
cnha-cfdi-467052a9c0a8033359926237e1bbf1e2,湘潭县人民医院,药临床机构备字2022000091,filed,confirmed_against_filing_snapshot,,deferred_not_required_for_identity,0,[],False,https://beian.cfdi.org.cn/CTMDS/pub/PUB010100.do?method=handle06&curPage=12&pageSize=100,2026-09-05,"Snapshot identity only; not all aliases, trial participation or current eligibility"
cnha-cfdi-467afb5ac0a80333632833cc6e53b343,邯郸市第一医院,药临床机构备字2020000830,filed,confirmed_against_filing_snapshot,,deferred_not_required_for_identity,0,[],False,https://beian.cfdi.org.cn/CTMDS/pub/PUB010100.do?method=handle06&curPage=9&pageSize=100,2026-09-05,"Snapshot identity only; not all aliases, trial participation or current eligibility"
cnha-cfdi-4686b560c0a8033305d22575a3c0b576,上海市公共卫生临床中心,药临床机构备字2020000053,filed,confirmed_against_filing_snapshot,Shanghai Public Health Clinical Center,source_reviewed,1,[],False,https://beian.cfdi.org.cn/CTMDS/pub/PUB010100.do?method=handle06&curPage=2&pageSize=100,2026-09-05,"Snapshot identity only; not all aliases, trial participation or current eligibility"
cnha-cfdi-46d088f1c0a803335fddb3aa99f9faeb,南昌市第一医院,药临床机构备字2020000246,filed,confirmed_against_filing_snapshot,,deferred_not_required_for_identity,0,[],False,https://beian.cfdi.org.cn/CTMDS/pub/PUB010100.do?method=handle06&curPage=4&pageSize=100,2026-09-05,"Snapshot identity only; not all aliases, trial participation or current eligibility"
cnha-cfdi-46feaab7c0a803332f5422e50ba75d57,洛阳市妇幼保健院,药临床机构备字2021000163,filed,confirmed_against_filing_snapshot,,deferred_not_required_for_identity,0,[],False,https://beian.cfdi.org.cn/CTMDS/pub/PUB010100.do?method=handle06&curPage=11&pageSize=100,2026-09-05,"Snapshot identity only; not all aliases, trial participation or current eligibility"
cnha-cfdi-47197c41c0a80333363ab11071f07d10,梅州市人民医院（黄塘医院、梅州市医学科学院）,药临床机构备字2020000527,filed,confirmed_against_filing_snapshot,,deferred_not_required_for_identity,0,[],False,https://beian.cfdi.org.cn/CTMDS/pub/PUB010100.do?method=handle06&curPage=6&pageSize=100,2026-09-05,"Snapshot identity only; not all aliases, trial participation or current eligibility"
cnha-cfdi-473fe7d4c0a80333369e1812752d6f58,汕头市中心医院,药临床机构备字2020000444,filed,confirmed_against_filing_snapshot,,deferred_not_required_for_identity,0,"[{""hospital_id"": ""cnha-cfdi-473fe7d4c0a80333369e1812752d6f58"", ""official_name"": ""汕头市中心医院"", ""candidate_alias"": ""Affiliated Hospital of Shantou"", ""source_url"": ""https://ror.org/04jmrra88"", ""status"": ""review_required"", ""reason"": ""Reference-only name; not approved for resolution""}, {""hospital_id"": ""cnha-cfdi-473fe7d4c0a80333369e1812752d6f58"", ""official_name"": ""汕头市中心医院"", ""candidate_alias"": ""Shantou Central Hospital"", ""source_url"": ""https://ror.org/04jmrra88"", ""status"": ""review_required"", ""reason"": ""Reference-only name; not approved for resolution""}]",False,https://beian.cfdi.org.cn/CTMDS/pub/PUB010100.do?method=handle06&curPage=5&pageSize=100,2026-09-05,"Snapshot identity only; not all aliases, trial participation or current eligibility"
cnha-cfdi-475484aac0a803330c0d6432322ec816,新疆维吾尔自治区儿童医院,药临床机构备字2025000280,filed,confirmed_against_filing_snapshot,,deferred_not_required_for_identity,0,[],False,https://beian.cfdi.org.cn/CTMDS/pub/PUB010100.do?method=handle06&curPage=19&pageSize=100,2026-09-05,"Snapshot identity only; not all aliases, trial participation or current eligibility"
cnha-cfdi-4754f3d4c0a803331cd8fdb4f4406ac0,揭阳市人民医院（中山大学附属揭阳医院）,药临床机构备字2020000933,filed,confirmed_against_filing_snapshot,,deferred_not_required_for_identity,2,"[{""hospital_id"": ""cnha-cfdi-4754f3d4c0a803331cd8fdb4f4406ac0"", ""official_name"": ""揭阳市人民医院（中山大学附属揭阳医院）"", ""candidate_alias"": ""Jieyang People's Hospital"", ""source_url"": ""https://ror.org/03mpy3k07"", ""status"": ""review_required"", ""reason"": ""Reference-only name; not approved for resolution""}, {""hospital_id"": ""cnha-cfdi-4754f3d4c0a803331cd8fdb4f4406ac0"", ""official_name"": ""揭阳市人民医院（中山大学附属揭阳医院）"", ""candidate_alias"": ""Sun Yat-sen University Affiliated Jieyang Hospital"", ""source_url"": ""https://ror.org/03mpy3k07"", ""status"": ""review_required"", ""reason"": ""Reference-only name; not approved for resolution""}]",False,https://beian.cfdi.org.cn/CTMDS/pub/PUB010100.do?method=handle06&curPage=10&pageSize=100,2026-09-05,"Snapshot identity only; not all aliases, trial participation or current eligibility"
cnha-cfdi-475de0e6c0a803334867c49ffa67c670,云南省滇南中心医院（红河哈尼族彝族自治州第一人民医院),药临床机构备字2022000008,filed,confirmed_against_filing_snapshot,,deferred_not_required_for_identity,2,[],False,https://beian.cfdi.org.cn/CTMDS/pub/PUB010100.do?method=handle06&curPage=12&pageSize=100,2026-09-05,"Snapshot identity only; not all aliases, trial participation or current eligibility"
cnha-cfdi-4761c7d4c0a8033344728803a1a0ecf3,湖北航天医院,药临床机构备字2024000163,filed,confirmed_against_filing_snapshot,,deferred_not_required_for_identity,0,[],False,https://beian.cfdi.org.cn/CTMDS/pub/PUB010100.do?method=handle06&curPage=16&pageSize=100,2026-09-05,"Snapshot identity only; not all aliases, trial participation or current eligibility"
cnha-cfdi-478db37ec0a803334631163ec9328565,宁夏医科大学总医院,药临床机构备字2020000212,filed,confirmed_against_filing_snapshot,,deferred_not_required_for_identity,0,"[{""hospital_id"": ""cnha-cfdi-478db37ec0a803334631163ec9328565"", ""official_name"": ""宁夏医科大学总医院"", ""candidate_alias"": ""Ningxia Medical University General Hospital"", ""source_url"": ""https://ror.org/049dkqr57"", ""status"": ""review_required"", ""reason"": ""Reference-only name; not approved for resolution""}]",False,https://beian.cfdi.org.cn/CTMDS/pub/PUB010100.do?method=handle06&curPage=3&pageSize=100,2026-09-05,"Snapshot identity only; not all aliases, trial participation or current eligibility"
cnha-cfdi-4797113ec0a803334c620bd032bcd670,首都医科大学附属北京安贞医院,药临床机构备字2020000934,filed,confirmed_against_filing_snapshot,,deferred_not_required_for_identity,0,[],False,https://beian.cfdi.org.cn/CTMDS/pub/PUB010100.do?method=handle06&curPage=10&pageSize=100,2026-09-05,"Snapshot identity only; not all aliases, trial participation or current eligibility"
cnha-cfdi-47afec0bc0a8033311b37e6f65dce8f3,睢宁县人民医院,药临床机构备字2023000257,filed,confirmed_against_filing_snapshot,,deferred_not_required_for_identity,0,[],False,https://beian.cfdi.org.cn/CTMDS/pub/PUB010100.do?method=handle06&curPage=15&pageSize=100,2026-09-05,"Snapshot identity only; not all aliases, trial participation or current eligibility"
cnha-cfdi-47c52854c0a803333731db87ee0f4e51,新疆维吾尔自治区喀什地区第二人民医院,药临床机构备字2023000220,filed,confirmed_against_filing_snapshot,,deferred_not_required_for_identity,0,[],False,https://beian.cfdi.org.cn/CTMDS/pub/PUB010100.do?method=handle06&curPage=15&pageSize=100,2026-09-05,"Snapshot identity only; not all aliases, trial participation or current eligibility"
cnha-cfdi-47eb54ffc0a8033337e51bbe35f7ded1,赣州市第三人民医院,药临床机构备字2024000112,filed,confirmed_against_filing_snapshot,,deferred_not_required_for_identity,0,[],False,https://beian.cfdi.org.cn/CTMDS/pub/PUB010100.do?method=handle06&curPage=16&pageSize=100,2026-09-05,"Snapshot identity only; not all aliases, trial participation or current eligibility"
cnha-cfdi-480c3fd9c0a803337662912ba61530a2,西安交通大学第二附属医院,药临床机构备字2020000669,filed,confirmed_against_filing_snapshot,,deferred_not_required_for_identity,0,[],False,https://beian.cfdi.org.cn/CTMDS/pub/PUB010100.do?method=handle06&curPage=7&pageSize=100,2026-09-05,"Snapshot identity only; not all aliases, trial participation or current eligibility"
cnha-cfdi-488aeaf4c0a8033358dc3fe8dcf64bc1,沁阳市人民医院,药临床机构备字2025000019,filed,confirmed_against_filing_snapshot,,deferred_not_required_for_identity,0,[],False,https://beian.cfdi.org.cn/CTMDS/pub/PUB010100.do?method=handle06&curPage=17&pageSize=100,2026-09-05,"Snapshot identity only; not all aliases, trial participation or current eligibility"
cnha-cfdi-49832745c0a80333475a3d00d7feca94,哈尔滨医科大学附属第一医院,药临床机构备字2020000077,filed,confirmed_against_filing_snapshot,,deferred_not_required_for_identity,0,[],False,https://beian.cfdi.org.cn/CTMDS/pub/PUB010100.do?method=handle06&curPage=2&pageSize=100,2026-09-05,"Snapshot identity only; not all aliases, trial participation or current eligibility"
cnha-cfdi-498d3dc9c0a8033311560a2673525ac7,北大医疗鲁中医院,药临床机构备字2020000095,filed,confirmed_against_filing_snapshot,,deferred_not_required_for_identity,0,[],False,https://beian.cfdi.org.cn/CTMDS/pub/PUB010100.do?method=handle06&curPage=2&pageSize=100,2026-09-05,"Snapshot identity only; not all aliases, trial participation or current eligibility"
cnha-cfdi-49a23609c0a803330396f7967ae0786b,曲靖市第二人民医院,药临床机构备字2022000029,filed,confirmed_against_filing_snapshot,,deferred_not_required_for_identity,0,[],False,https://beian.cfdi.org.cn/CTMDS/pub/PUB010100.do?method=handle06&curPage=12&pageSize=100,2026-09-05,"Snapshot identity only; not all aliases, trial participation or current eligibility"
cnha-cfdi-49af8e67c0a803336507a7bb3f8db7bc,上海交通大学医学院附属瑞金医院,药临床机构备字2020000252,filed,confirmed_against_filing_snapshot,"Ruijin Hospital, Shanghai Jiao Tong University School of Medicine",source_reviewed,3,"[{""hospital_id"": ""cnha-cfdi-49af8e67c0a803336507a7bb3f8db7bc"", ""official_name"": ""上海交通大学医学院附属瑞金医院"", ""candidate_alias"": ""Guǎngcí Yīyuàn"", ""source_url"": ""https://ror.org/01hv94n30"", ""status"": ""review_required"", ""reason"": ""Reference-only name; not approved for resolution""}, {""hospital_id"": ""cnha-cfdi-49af8e67c0a803336507a7bb3f8db7bc"", ""official_name"": ""上海交通大学医学院附属瑞金医院"", ""candidate_alias"": ""Ruijin Hospital"", ""source_url"": ""https://ror.org/01hv94n30"", ""status"": ""review_required"", ""reason"": ""Reference-only name; not approved for resolution""}, {""hospital_id"": ""cnha-cfdi-49af8e67c0a803336507a7bb3f8db7bc"", ""official_name"": ""上海交通大学医学院附属瑞金医院"", ""candidate_alias"": ""Ruìjīn Yīyuàn"", ""source_url"": ""https://ror.org/01hv94n30"", ""status"": ""review_required"", ""reason"": ""Reference-only name; not approved for resolution""}, {""hospital_id"": ""cnha-cfdi-49af8e67c0a803336507a7bb3f8db7bc"", ""official_name"": ""上海交通大学医学院附属瑞金医院"", ""candidate_alias"": ""St. Marie Hospital"", ""source_url"": ""https://ror.org/01hv94n30"", ""status"": ""review_required"", ""reason"": ""Reference-only name; not approved for resolution""}]",False,https://beian.cfdi.org.cn/CTMDS/pub/PUB010100.do?method=handle06&curPage=4&pageSize=100,2026-09-05,"Snapshot identity only; not all aliases, trial participation or current eligibility"
cnha-cfdi-49bd0362c0a8033358ef269e066a9107,新乡市第二人民医院,药临床机构备字2020000236,filed,confirmed_against_filing_snapshot,,deferred_not_required_for_identity,0,[],False,https://beian.cfdi.org.cn/CTMDS/pub/PUB010100.do?method=handle06&curPage=4&pageSize=100,2026-09-05,"Snapshot identity only; not all aliases, trial participation or current eligibility"
cnha-cfdi-4a293737c0a803337cf8d35f5b12a371,广州市花都区人民医院,药临床机构备字2022000084,filed,confirmed_against_filing_snapshot,,deferred_not_required_for_identity,0,[],False,https://beian.cfdi.org.cn/CTMDS/pub/PUB010100.do?method=handle06&curPage=12&pageSize=100,2026-09-05,"Snapshot identity only; not all aliases, trial participation or current eligibility"
cnha-cfdi-4a59dc08c0a80333708567db469c8f4a,西峡县人民医院,药临床机构备字2024000079,filed,confirmed_against_filing_snapshot,,deferred_not_required_for_identity,0,[],False,https://beian.cfdi.org.cn/CTMDS/pub/PUB010100.do?method=handle06&curPage=16&pageSize=100,2026-09-05,"Snapshot identity only; not all aliases, trial participation or current eligibility"
cnha-cfdi-4a700628c0a80333430737e8f7d06a8a,天津市北辰区中医医院,药临床机构备字2025000005,filed,confirmed_against_filing_snapshot,,deferred_not_required_for_identity,0,[],False,https://beian.cfdi.org.cn/CTMDS/pub/PUB010100.do?method=handle06&curPage=17&pageSize=100,2026-09-05,"Snapshot identity only; not all aliases, trial participation or current eligibility"
cnha-cfdi-4a7f74e8c0a8033314a7aadf1c8aa2b7,大连医科大学附属第一医院,药临床机构备字2020000286,filed,confirmed_against_filing_snapshot,,deferred_not_required_for_identity,0,"[{""hospital_id"": ""cnha-cfdi-4a7f74e8c0a8033314a7aadf1c8aa2b7"", ""official_name"": ""大连医科大学附属第一医院"", ""candidate_alias"": ""First Affiliated Hospital of Dalian Medical University"", ""source_url"": ""https://ror.org/055w74b96"", ""status"": ""review_required"", ""reason"": ""Reference-only name; not approved for resolution""}]",False,https://beian.cfdi.org.cn/CTMDS/pub/PUB010100.do?method=handle06&curPage=4&pageSize=100,2026-09-05,"Snapshot identity only; not all aliases, trial participation or current eligibility"
cnha-cfdi-4aadf43dc0a803330c60464e0f192145,长沙泰和医院,药临床机构备字2021000052,filed,confirmed_against_filing_snapshot,,deferred_not_required_for_identity,0,[],False,https://beian.cfdi.org.cn/CTMDS/pub/PUB010100.do?method=handle06&curPage=11&pageSize=100,2026-09-05,"Snapshot identity only; not all aliases, trial participation or current eligibility"
cnha-cfdi-4ab33e0bc0a8033302630a51547a45f3,哈尔滨医科大学附属肿瘤医院、哈尔滨医科大学附属第三医院、哈尔滨医科大学第三临床医学院、黑龙江省肿瘤医院,药临床机构备字2020000204,filed,confirmed_against_filing_snapshot,Harbin Medical University Cancer Hospital,source_reviewed,5,"[{""hospital_id"": ""cnha-cfdi-4ab33e0bc0a8033302630a51547a45f3"", ""official_name"": ""哈尔滨医科大学附属肿瘤医院、哈尔滨医科大学附属第三医院、哈尔滨医科大学第三临床医学院、黑龙江省肿瘤医院"", ""candidate_alias"": ""哈尔滨医科大学第三临床医学院"", ""source_url"": ""https://beian.cfdi.org.cn/CTMDS/pub/PUB010100.do?method=handle06&curPage=3&pageSize=100"", ""status"": ""review_required"", ""reason"": ""Reference-only name; not approved for resolution""}, {""hospital_id"": ""cnha-cfdi-4ab33e0bc0a8033302630a51547a45f3"", ""official_name"": ""哈尔滨医科大学附属肿瘤医院、哈尔滨医科大学附属第三医院、哈尔滨医科大学第三临床医学院、黑龙江省肿瘤医院"", ""candidate_alias"": ""Third Affiliated Hospital of Harbin Medical University"", ""source_url"": ""https://ror.org/01f77gp95"", ""status"": ""review_required"", ""reason"": ""Reference-only name; not approved for resolution""}, {""hospital_id"": ""cnha-cfdi-4ab33e0bc0a8033302630a51547a45f3"", ""official_name"": ""哈尔滨医科大学附属肿瘤医院、哈尔滨医科大学附属第三医院、哈尔滨医科大学第三临床医学院、黑龙江省肿瘤医院"", ""candidate_alias"": ""哈尔滨医科大学第三临床医学院"", ""source_url"": ""https://ror.org/01f77gp95"", ""status"": ""review_required"", ""reason"": ""Reference-only name; not approved for resolution""}]",False,https://beian.cfdi.org.cn/CTMDS/pub/PUB010100.do?method=handle06&curPage=3&pageSize=100,2026-09-05,"Snapshot identity only; not all aliases, trial participation or current eligibility"
cnha-cfdi-4adb1debc0a80333330e081dbb64ba2e,湖南省血吸虫病防治所（湖南省第三人民医院）,药临床机构备字2023000064,filed,confirmed_against_filing_snapshot,,deferred_not_required_for_identity,0,[],False,https://beian.cfdi.org.cn/CTMDS/pub/PUB010100.do?method=handle06&curPage=13&pageSize=100,2026-09-05,"Snapshot identity only; not all aliases, trial participation or current eligibility"
cnha-cfdi-4adbbea3c0a803335c4cccd916e3114a,重庆两江新区人民医院,药临床机构备字2025000146,filed,confirmed_against_filing_snapshot,,deferred_not_required_for_identity,0,[],False,https://beian.cfdi.org.cn/CTMDS/pub/PUB010100.do?method=handle06&curPage=18&pageSize=100,2026-09-05,"Snapshot identity only; not all aliases, trial participation or current eligibility"
cnha-cfdi-4af055fbc0a8033321f03a33eb4d0fc2,山东第一医科大学第一附属医院（山东省千佛山医院）,药临床机构备字2020000344,filed,confirmed_against_filing_snapshot,,deferred_not_required_for_identity,2,"[{""hospital_id"": ""cnha-cfdi-4af055fbc0a8033321f03a33eb4d0fc2"", ""official_name"": ""山东第一医科大学第一附属医院（山东省千佛山医院）"", ""candidate_alias"": ""Shandong Provincial QianFoShan Hospital"", ""source_url"": ""https://ror.org/03wnrsb51"", ""status"": ""review_required"", ""reason"": ""Reference-only name; not approved for resolution""}]",False,https://beian.cfdi.org.cn/CTMDS/pub/PUB010100.do?method=handle06&curPage=5&pageSize=100,2026-09-05,"Snapshot identity only; not all aliases, trial participation or current eligibility"
cnha-cfdi-4b02cdbcc0a803336e9d94419358241e,上海市精神卫生中心,药临床机构备字2020000026,filed,confirmed_against_filing_snapshot,,deferred_not_required_for_identity,0,"[{""hospital_id"": ""cnha-cfdi-4b02cdbcc0a803336e9d94419358241e"", ""official_name"": ""上海市精神卫生中心"", ""candidate_alias"": ""SMHC"", ""source_url"": ""https://ror.org/05bd2wa15"", ""status"": ""review_required"", ""reason"": ""Reference-only name; not approved for resolution""}, {""hospital_id"": ""cnha-cfdi-4b02cdbcc0a803336e9d94419358241e"", ""official_name"": ""上海市精神卫生中心"", ""candidate_alias"": ""Shanghai Mental Health Center"", ""source_url"": ""https://ror.org/05bd2wa15"", ""status"": ""review_required"", ""reason"": ""Reference-only name; not approved for resolution""}, {""hospital_id"": ""cnha-cfdi-4b02cdbcc0a803336e9d94419358241e"", ""official_name"": ""上海市精神卫生中心"", ""candidate_alias"": ""Shanghai Psychiatric Hospital"", ""source_url"": ""https://ror.org/05bd2wa15"", ""status"": ""review_required"", ""reason"": ""Reference-only name; not approved for resolution""}, {""hospital_id"": ""cnha-cfdi-4b02cdbcc0a803336e9d94419358241e"", ""official_name"": ""上海市精神卫生中心"", ""candidate_alias"": ""Shanghai Psychological Consultative Center"", ""source_url"": ""https://ror.org/05bd2wa15"", ""status"": ""review_required"", ""reason"": ""Reference-only name; not approved for resolution""}]",False,https://beian.cfdi.org.cn/CTMDS/pub/PUB010100.do?method=handle06&curPage=2&pageSize=100,2026-09-05,"Snapshot identity only; not all aliases, trial participation or current eligibility"
cnha-cfdi-4b34294cc0a80333524bf8e2c483b9eb,昆明市第三人民医院(昆明市传染病院），昆明市第三人民医院互联网医院,药临床机构备字2022000127,filed,confirmed_against_filing_snapshot,,deferred_not_required_for_identity,0,[],False,https://beian.cfdi.org.cn/CTMDS/pub/PUB010100.do?method=handle06&curPage=13&pageSize=100,2026-09-05,"Snapshot identity only; not all aliases, trial participation or current eligibility"
cnha-cfdi-4b62b775c0a803335bef7d675bd46c17,保定市第二中心医院,药临床机构备字2020000442,filed,confirmed_against_filing_snapshot,,deferred_not_required_for_identity,0,[],False,https://beian.cfdi.org.cn/CTMDS/pub/PUB010100.do?method=handle06&curPage=5&pageSize=100,2026-09-05,"Snapshot identity only; not all aliases, trial participation or current eligibility"
cnha-cfdi-4b83d9e7c0a803334076ba9db495e4b9,威海市立医院,药临床机构备字2020000475,filed,confirmed_against_filing_snapshot,,deferred_not_required_for_identity,0,"[{""hospital_id"": ""cnha-cfdi-4b83d9e7c0a803334076ba9db495e4b9"", ""official_name"": ""威海市立医院"", ""candidate_alias"": ""Weihai Municipal Hospital"", ""source_url"": ""https://ror.org/03vpa9q11"", ""status"": ""review_required"", ""reason"": ""Reference-only name; not approved for resolution""}]",False,https://beian.cfdi.org.cn/CTMDS/pub/PUB010100.do?method=handle06&curPage=6&pageSize=100,2026-09-05,"Snapshot identity only; not all aliases, trial participation or current eligibility"
cnha-cfdi-4b8422c5c0a8033350c88914990d6ca4,泰安市中心医院（青岛大学附属泰安市中心医院、泰山医养中心）,药临床机构备字2020000021,filed,confirmed_against_filing_snapshot,,deferred_not_required_for_identity,0,[],False,https://beian.cfdi.org.cn/CTMDS/pub/PUB010100.do?method=handle06&curPage=1&pageSize=100,2026-09-05,"Snapshot identity only; not all aliases, trial participation or current eligibility"
cnha-cfdi-4bc1a2ccc0a8033326e042da68a642cd,开封市中心医院,药临床机构备字2021000130,filed,confirmed_against_filing_snapshot,,deferred_not_required_for_identity,0,[],False,https://beian.cfdi.org.cn/CTMDS/pub/PUB010100.do?method=handle06&curPage=11&pageSize=100,2026-09-05,"Snapshot identity only; not all aliases, trial participation or current eligibility"
cnha-cfdi-4c823879c0a803334eed23b998784825,于都县中医院,药临床机构备字2026000132,filed,confirmed_against_filing_snapshot,,deferred_not_required_for_identity,0,[],False,https://beian.cfdi.org.cn/CTMDS/pub/PUB010100.do?method=handle06&curPage=20&pageSize=100,2026-09-05,"Snapshot identity only; not all aliases, trial participation or current eligibility"
cnha-cfdi-4ca22de9c0a803331385683088a22937,乐山老年病专科医院,药临床机构备字2022000111,filed,confirmed_against_filing_snapshot,,deferred_not_required_for_identity,0,[],False,https://beian.cfdi.org.cn/CTMDS/pub/PUB010100.do?method=handle06&curPage=12&pageSize=100,2026-09-05,"Snapshot identity only; not all aliases, trial participation or current eligibility"
cnha-cfdi-4ced3e72c0a803335291a8b62f929900,安庆市第一人民医院,药临床机构备字2023000217,filed,confirmed_against_filing_snapshot,,deferred_not_required_for_identity,0,[],False,https://beian.cfdi.org.cn/CTMDS/pub/PUB010100.do?method=handle06&curPage=15&pageSize=100,2026-09-05,"Snapshot identity only; not all aliases, trial participation or current eligibility"
cnha-cfdi-4d00766cc0a803330cd58d7784d6f45a,舟山医院,药临床机构备字2023000196,filed,confirmed_against_filing_snapshot,,deferred_not_required_for_identity,0,[],False,https://beian.cfdi.org.cn/CTMDS/pub/PUB010100.do?method=handle06&curPage=14&pageSize=100,2026-09-05,"Snapshot identity only; not all aliases, trial participation or current eligibility"
cnha-cfdi-4d0cb7e0c0a8033352f00ed30ddc2033,山西省运城市中心医院,药临床机构备字2020000384,filed,confirmed_against_filing_snapshot,,deferred_not_required_for_identity,0,[],False,https://beian.cfdi.org.cn/CTMDS/pub/PUB010100.do?method=handle06&curPage=5&pageSize=100,2026-09-05,"Snapshot identity only; not all aliases, trial participation or current eligibility"
cnha-cfdi-4d0d93dcc0a8033373faf69b5839ddbd,中国人民解放军联勤保障部队第九二三医院,药临床机构备字2020000067,filed,confirmed_against_filing_snapshot,,deferred_not_required_for_identity,0,[],False,https://beian.cfdi.org.cn/CTMDS/pub/PUB010100.do?method=handle06&curPage=2&pageSize=100,2026-09-05,"Snapshot identity only; not all aliases, trial participation or current eligibility"
cnha-cfdi-4d13bae6c0a803331ad359e36420eeb3,嘉兴市第二医院,药临床机构备字2019000011,filed,confirmed_against_filing_snapshot,,deferred_not_required_for_identity,0,[],False,https://beian.cfdi.org.cn/CTMDS/pub/PUB010100.do?method=handle06&curPage=1&pageSize=100,2026-09-05,"Snapshot identity only; not all aliases, trial participation or current eligibility"
cnha-cfdi-4da3866ac0a8033311760ca25c9f385e,忻州市人民医院,药临床机构备字2023000139,filed,confirmed_against_filing_snapshot,,deferred_not_required_for_identity,0,[],False,https://beian.cfdi.org.cn/CTMDS/pub/PUB010100.do?method=handle06&curPage=14&pageSize=100,2026-09-05,"Snapshot identity only; not all aliases, trial participation or current eligibility"
cnha-cfdi-4e9c2119c0a8033379c5d32b60a98c58,渭南市中心医院,药临床机构备字2024000062,filed,confirmed_against_filing_snapshot,,deferred_not_required_for_identity,0,"[{""hospital_id"": ""cnha-cfdi-4e9c2119c0a8033379c5d32b60a98c58"", ""official_name"": ""渭南市中心医院"", ""candidate_alias"": ""Weinan Central Hospital"", ""source_url"": ""https://ror.org/02jkgv284"", ""status"": ""review_required"", ""reason"": ""Reference-only name; not approved for resolution""}]",False,https://beian.cfdi.org.cn/CTMDS/pub/PUB010100.do?method=handle06&curPage=16&pageSize=100,2026-09-05,"Snapshot identity only; not all aliases, trial participation or current eligibility"
cnha-cfdi-4f0ed4cac0a803333ee9974b1e6f6636,新疆维吾尔自治区人民医院,药临床机构备字2019000062,filed,confirmed_against_filing_snapshot,,deferred_not_required_for_identity,0,"[{""hospital_id"": ""cnha-cfdi-4f0ed4cac0a803333ee9974b1e6f6636"", ""official_name"": ""新疆维吾尔自治区人民医院"", ""candidate_alias"": ""People's Hospital of Xinjiang Uygur Autonomous Region"", ""source_url"": ""https://ror.org/02r247g67"", ""status"": ""review_required"", ""reason"": ""Reference-only name; not approved for resolution""}]",False,https://beian.cfdi.org.cn/CTMDS/pub/PUB010100.do?method=handle06&curPage=1&pageSize=100,2026-09-05,"Snapshot identity only; not all aliases, trial participation or current eligibility"
cnha-cfdi-4fa345fec0a803330ff2441744c11a4a,登封市人民医院（登封市总医院）,药临床机构备字2025000106,filed,confirmed_against_filing_snapshot,,deferred_not_required_for_identity,1,"[{""hospital_id"": ""cnha-cfdi-4fa345fec0a803330ff2441744c11a4a"", ""official_name"": ""登封市人民医院（登封市总医院）"", ""candidate_alias"": ""登封市总医院"", ""source_url"": ""https://beian.cfdi.org.cn/CTMDS/pub/PUB010100.do?method=handle06&curPage=18&pageSize=100"", ""status"": ""review_required"", ""reason"": ""Reference-only name; not approved for resolution""}]",False,https://beian.cfdi.org.cn/CTMDS/pub/PUB010100.do?method=handle06&curPage=18&pageSize=100,2026-09-05,"Snapshot identity only; not all aliases, trial participation or current eligibility"
cnha-cfdi-4fd6916fc0a8033364fa21fea16f4642,上海市杨浦区精神卫生中心,药临床机构备字2025000289,filed,confirmed_against_filing_snapshot,,deferred_not_required_for_identity,0,[],False,https://beian.cfdi.org.cn/CTMDS/pub/PUB010100.do?method=handle06&curPage=19&pageSize=100,2026-09-05,"Snapshot identity only; not all aliases, trial participation or current eligibility"
cnha-cfdi-4fdf6c36c0a803335941bbbc7fd14469,上海健康医学院附属崇明医院,药临床机构备字2020000328,filed,confirmed_against_filing_snapshot,,deferred_not_required_for_identity,0,[],False,https://beian.cfdi.org.cn/CTMDS/pub/PUB010100.do?method=handle06&curPage=4&pageSize=100,2026-09-05,"Snapshot identity only; not all aliases, trial participation or current eligibility"
cnha-cfdi-502a1b4dc0a80333160c878b2f624be3,盘锦市中心医院药物临床试验机构,药临床机构备字2024000154,filed,confirmed_against_filing_snapshot,,deferred_not_required_for_identity,0,[],False,https://beian.cfdi.org.cn/CTMDS/pub/PUB010100.do?method=handle06&curPage=16&pageSize=100,2026-09-05,"Snapshot identity only; not all aliases, trial participation or current eligibility"
cnha-cfdi-507c4fcdc0a803337f2ad4d7ff91b12f,深圳市龙岗区人民医院,药临床机构备字2021000189,filed,confirmed_against_filing_snapshot,,deferred_not_required_for_identity,0,[],False,https://beian.cfdi.org.cn/CTMDS/pub/PUB010100.do?method=handle06&curPage=12&pageSize=100,2026-09-05,"Snapshot identity only; not all aliases, trial participation or current eligibility"
cnha-cfdi-509340ffc0a80333062629ab2e0c452b,原阳县人民医院,药临床机构备字2021000120,filed,confirmed_against_filing_snapshot,,deferred_not_required_for_identity,0,[],False,https://beian.cfdi.org.cn/CTMDS/pub/PUB010100.do?method=handle06&curPage=11&pageSize=100,2026-09-05,"Snapshot identity only; not all aliases, trial participation or current eligibility"
cnha-cfdi-51264b97c0a803335a11041859470683,安阳市眼科医院,药临床机构备字2025000066,filed,confirmed_against_filing_snapshot,,deferred_not_required_for_identity,0,"[{""hospital_id"": ""cnha-cfdi-51264b97c0a803335a11041859470683"", ""official_name"": ""安阳市眼科医院"", ""candidate_alias"": ""Anyang Eye Hospital"", ""source_url"": ""https://ror.org/01a7g4m79"", ""status"": ""review_required"", ""reason"": ""Reference-only name; not approved for resolution""}]",False,https://beian.cfdi.org.cn/CTMDS/pub/PUB010100.do?method=handle06&curPage=18&pageSize=100,2026-09-05,"Snapshot identity only; not all aliases, trial participation or current eligibility"
cnha-cfdi-51315ce9c0a803334ccb57598e68f9c1,秦皇岛市第二医院,药临床机构备字2020000560,filed,confirmed_against_filing_snapshot,,deferred_not_required_for_identity,0,[],False,https://beian.cfdi.org.cn/CTMDS/pub/PUB010100.do?method=handle06&curPage=6&pageSize=100,2026-09-05,"Snapshot identity only; not all aliases, trial participation or current eligibility"
cnha-cfdi-515dafafc0a8033366c26299bb8ffed7,九江学院附属医院,药临床机构备字2020000856,filed,confirmed_against_filing_snapshot,,deferred_not_required_for_identity,0,[],False,https://beian.cfdi.org.cn/CTMDS/pub/PUB010100.do?method=handle06&curPage=9&pageSize=100,2026-09-05,"Snapshot identity only; not all aliases, trial participation or current eligibility"
cnha-cfdi-51975dcfc0a8033346596fcf6304daa1,石家庄平安医院,药临床机构备字2024000153,filed,confirmed_against_filing_snapshot,,deferred_not_required_for_identity,0,[],False,https://beian.cfdi.org.cn/CTMDS/pub/PUB010100.do?method=handle06&curPage=16&pageSize=100,2026-09-05,"Snapshot identity only; not all aliases, trial participation or current eligibility"
cnha-cfdi-52101297c0a8033368e548da094d0bcc,青海省藏医院,药临床机构备字2020000664,filed,confirmed_against_filing_snapshot,,deferred_not_required_for_identity,0,"[{""hospital_id"": ""cnha-cfdi-52101297c0a8033368e548da094d0bcc"", ""official_name"": ""青海省藏医院"", ""candidate_alias"": ""Qinghai Tibetan Hospital"", ""source_url"": ""https://ror.org/03mmka096"", ""status"": ""review_required"", ""reason"": ""Reference-only name; not approved for resolution""}]",False,https://beian.cfdi.org.cn/CTMDS/pub/PUB010100.do?method=handle06&curPage=7&pageSize=100,2026-09-05,"Snapshot identity only; not all aliases, trial participation or current eligibility"
cnha-cfdi-522ea2e9c0a8033328b3052f21083b94,内蒙古医科大学附属医院,药临床机构备字2020000449,filed,confirmed_against_filing_snapshot,,deferred_not_required_for_identity,0,"[{""hospital_id"": ""cnha-cfdi-522ea2e9c0a8033328b3052f21083b94"", ""official_name"": ""内蒙古医科大学附属医院"", ""candidate_alias"": ""Affiliated Hospital of Inner Mongolia Medical College"", ""source_url"": ""https://ror.org/038ygd080"", ""status"": ""review_required"", ""reason"": ""Reference-only name; not approved for resolution""}, {""hospital_id"": ""cnha-cfdi-522ea2e9c0a8033328b3052f21083b94"", ""official_name"": ""内蒙古医科大学附属医院"", ""candidate_alias"": ""Inner Mongolia Medical College Hospital"", ""source_url"": ""https://ror.org/038ygd080"", ""status"": ""review_required"", ""reason"": ""Reference-only name; not approved for resolution""}]",False,https://beian.cfdi.org.cn/CTMDS/pub/PUB010100.do?method=handle06&curPage=6&pageSize=100,2026-09-05,"Snapshot identity only; not all aliases, trial participation or current eligibility"
cnha-cfdi-528dd477c0a80333351595fab855fd24,百色市人民医院,药临床机构备字2023000079,filed,confirmed_against_filing_snapshot,,deferred_not_required_for_identity,0,[],False,https://beian.cfdi.org.cn/CTMDS/pub/PUB010100.do?method=handle06&curPage=14&pageSize=100,2026-09-05,"Snapshot identity only; not all aliases, trial participation or current eligibility"
cnha-cfdi-52a92e61c0a803337192750be4c6cc8e,衡水市第四人民医院  衡水市骨科医院,药临床机构备字2023000284,filed,confirmed_against_filing_snapshot,,deferred_not_required_for_identity,0,[],False,https://beian.cfdi.org.cn/CTMDS/pub/PUB010100.do?method=handle06&curPage=15&pageSize=100,2026-09-05,"Snapshot identity only; not all aliases, trial participation or current eligibility"
cnha-cfdi-5344f4ebc0a80333577da70a02715c9b,青岛山大齐鲁医院（山东大学齐鲁医院（青岛））,药临床机构备字2019000024,filed,confirmed_against_filing_snapshot,,deferred_not_required_for_identity,0,[],False,https://beian.cfdi.org.cn/CTMDS/pub/PUB010100.do?method=handle06&curPage=1&pageSize=100,2026-09-05,"Snapshot identity only; not all aliases, trial participation or current eligibility"
cnha-cfdi-53ca5d6dc0a803334d7665ef17aeb37e,衡阳市第一人民医院,药临床机构备字2022000121,filed,confirmed_against_filing_snapshot,,deferred_not_required_for_identity,0,[],False,https://beian.cfdi.org.cn/CTMDS/pub/PUB010100.do?method=handle06&curPage=12&pageSize=100,2026-09-05,"Snapshot identity only; not all aliases, trial participation or current eligibility"
cnha-cfdi-54190a00c0a803334d586f899290297c,大理市第一人民医院,药临床机构备字2025000115,filed,confirmed_against_filing_snapshot,,deferred_not_required_for_identity,0,[],False,https://beian.cfdi.org.cn/CTMDS/pub/PUB010100.do?method=handle06&curPage=18&pageSize=100,2026-09-05,"Snapshot identity only; not all aliases, trial participation or current eligibility"
cnha-cfdi-5433cfcac0a80333431f8a7ac8255c0c,中信湘雅生殖与遗传专科医院,药临床机构备字2020000327,filed,confirmed_against_filing_snapshot,,deferred_not_required_for_identity,0,[],False,https://beian.cfdi.org.cn/CTMDS/pub/PUB010100.do?method=handle06&curPage=4&pageSize=100,2026-09-05,"Snapshot identity only; not all aliases, trial participation or current eligibility"
cnha-cfdi-5497e268c0a8033375e81c779227e6a4,山东省立第三医院,药临床机构备字2020000524,filed,confirmed_against_filing_snapshot,,deferred_not_required_for_identity,0,[],False,https://beian.cfdi.org.cn/CTMDS/pub/PUB010100.do?method=handle06&curPage=6&pageSize=100,2026-09-05,"Snapshot identity only; not all aliases, trial participation or current eligibility"
cnha-cfdi-5535aeafc0a803335aee079bdd72e937,郑州市第二人民医院,药临床机构备字2020000648,filed,confirmed_against_filing_snapshot,,deferred_not_required_for_identity,0,[],False,https://beian.cfdi.org.cn/CTMDS/pub/PUB010100.do?method=handle06&curPage=7&pageSize=100,2026-09-05,"Snapshot identity only; not all aliases, trial participation or current eligibility"
cnha-cfdi-553e9ea0c0a8033350f583e8f1758ad5,长治市人民医院,药临床机构备字2020000689,filed,confirmed_against_filing_snapshot,,deferred_not_required_for_identity,0,[],False,https://beian.cfdi.org.cn/CTMDS/pub/PUB010100.do?method=handle06&curPage=8&pageSize=100,2026-09-05,"Snapshot identity only; not all aliases, trial participation or current eligibility"
cnha-cfdi-555e3f43c0a803332000b466fb387472,深圳市眼科医院,药临床机构备字2022000082,filed,confirmed_against_filing_snapshot,,deferred_not_required_for_identity,0,[],False,https://beian.cfdi.org.cn/CTMDS/pub/PUB010100.do?method=handle06&curPage=12&pageSize=100,2026-09-05,"Snapshot identity only; not all aliases, trial participation or current eligibility"
cnha-cfdi-556fc35ac0a8033337b37344bce4537d,绵阳市中心医院,药临床机构备字2020000123,filed,confirmed_against_filing_snapshot,,deferred_not_required_for_identity,0,"[{""hospital_id"": ""cnha-cfdi-556fc35ac0a8033337b37344bce4537d"", ""official_name"": ""绵阳市中心医院"", ""candidate_alias"": ""Mianyang Central Hospital"", ""source_url"": ""https://ror.org/00s528j33"", ""status"": ""review_required"", ""reason"": ""Reference-only name; not approved for resolution""}]",False,https://beian.cfdi.org.cn/CTMDS/pub/PUB010100.do?method=handle06&curPage=2&pageSize=100,2026-09-05,"Snapshot identity only; not all aliases, trial participation or current eligibility"
cnha-cfdi-5574c6c8c0a803332874aa461a68e138,上海市中医医院,药临床机构备字2020000137,filed,confirmed_against_filing_snapshot,,deferred_not_required_for_identity,0,[],False,https://beian.cfdi.org.cn/CTMDS/pub/PUB010100.do?method=handle06&curPage=3&pageSize=100,2026-09-05,"Snapshot identity only; not all aliases, trial participation or current eligibility"
cnha-cfdi-5577712bc0a8033304fcb807dbd904e0,甘肃省人民医院,药临床机构备字2020000007,filed,confirmed_against_filing_snapshot,,deferred_not_required_for_identity,0,"[{""hospital_id"": ""cnha-cfdi-5577712bc0a8033304fcb807dbd904e0"", ""official_name"": ""甘肃省人民医院"", ""candidate_alias"": ""Gansu Provincial Hospital"", ""source_url"": ""https://ror.org/02axars19"", ""status"": ""review_required"", ""reason"": ""Reference-only name; not approved for resolution""}]",False,https://beian.cfdi.org.cn/CTMDS/pub/PUB010100.do?method=handle06&curPage=1&pageSize=100,2026-09-05,"Snapshot identity only; not all aliases, trial participation or current eligibility"
cnha-cfdi-558763f9c0a8033340df8ac59cec488c,上海市东方医院,药临床机构备字2020000063,filed,confirmed_against_filing_snapshot,,deferred_not_required_for_identity,0,[],False,https://beian.cfdi.org.cn/CTMDS/pub/PUB010100.do?method=handle06&curPage=2&pageSize=100,2026-09-05,"Snapshot identity only; not all aliases, trial participation or current eligibility"
cnha-cfdi-558f64c8c0a803333b2960fdbcb95bb7,内蒙古自治区人民医院,药临床机构备字2020000232,filed,confirmed_against_filing_snapshot,,deferred_not_required_for_identity,0,"[{""hospital_id"": ""cnha-cfdi-558f64c8c0a803333b2960fdbcb95bb7"", ""official_name"": ""内蒙古自治区人民医院"", ""candidate_alias"": ""IMPH"", ""source_url"": ""https://ror.org/02yng3249"", ""status"": ""review_required"", ""reason"": ""Reference-only name; not approved for resolution""}, {""hospital_id"": ""cnha-cfdi-558f64c8c0a803333b2960fdbcb95bb7"", ""official_name"": ""内蒙古自治区人民医院"", ""candidate_alias"": ""Inner Mongolia Autonomous Region People's Hospital"", ""source_url"": ""https://ror.org/02yng3249"", ""status"": ""review_required"", ""reason"": ""Reference-only name; not approved for resolution""}, {""hospital_id"": ""cnha-cfdi-558f64c8c0a803333b2960fdbcb95bb7"", ""official_name"": ""内蒙古自治区人民医院"", ""candidate_alias"": ""Inner Mongolia People's Hospital"", ""source_url"": ""https://ror.org/02yng3249"", ""status"": ""review_required"", ""reason"": ""Reference-only name; not approved for resolution""}]",False,https://beian.cfdi.org.cn/CTMDS/pub/PUB010100.do?method=handle06&curPage=3&pageSize=100,2026-09-05,"Snapshot identity only; not all aliases, trial participation or current eligibility"
cnha-cfdi-55a50612c0a80333003733d3d6e16f10,宁波市第二医院,药临床机构备字2020000014,filed,confirmed_against_filing_snapshot,,deferred_not_required_for_identity,1,"[{""hospital_id"": ""cnha-cfdi-55a50612c0a80333003733d3d6e16f10"", ""official_name"": ""宁波市第二医院"", ""candidate_alias"": ""HuaMei Hospital"", ""source_url"": ""https://ror.org/01apc5d07"", ""status"": ""review_required"", ""reason"": ""Reference-only name; not approved for resolution""}, {""hospital_id"": ""cnha-cfdi-55a50612c0a80333003733d3d6e16f10"", ""official_name"": ""宁波市第二医院"", ""candidate_alias"": ""Hwa Mei Hospital, University of Chinese Academy of Sciences"", ""source_url"": ""https://ror.org/01apc5d07"", ""status"": ""review_required"", ""reason"": ""Reference-only name; not approved for resolution""}, {""hospital_id"": ""cnha-cfdi-55a50612c0a80333003733d3d6e16f10"", ""official_name"": ""宁波市第二医院"", ""candidate_alias"": ""HwaMei Hospital"", ""source_url"": ""https://ror.org/01apc5d07"", ""status"": ""review_required"", ""reason"": ""Reference-only name; not approved for resolution""}, {""hospital_id"": ""cnha-cfdi-55a50612c0a80333003733d3d6e16f10"", ""official_name"": ""宁波市第二医院"", ""candidate_alias"": ""Ningbo No. 2 Hospital"", ""source_url"": ""https://ror.org/01apc5d07"", ""status"": ""review_required"", ""reason"": ""Reference-only name; not approved for resolution""}, {""hospital_id"": ""cnha-cfdi-55a50612c0a80333003733d3d6e16f10"", ""official_name"": ""宁波市第二医院"", ""candidate_alias"": ""Ramada Hospital"", ""source_url"": ""https://ror.org/01apc5d07"", ""status"": ""review_required"", ""reason"": ""Reference-only name; not approved for resolution""}]",False,https://beian.cfdi.org.cn/CTMDS/pub/PUB010100.do?method=handle06&curPage=1&pageSize=100,2026-09-05,"Snapshot identity only; not all aliases, trial participation or current eligibility"
cnha-cfdi-55a74110c0a803330a342f23565ee0fc,攀枝花市中西医结合医院,药临床机构备字2020000665,filed,confirmed_against_filing_snapshot,,deferred_not_required_for_identity,0,[],False,https://beian.cfdi.org.cn/CTMDS/pub/PUB010100.do?method=handle06&curPage=7&pageSize=100,2026-09-05,"Snapshot identity only; not all aliases, trial participation or current eligibility"
cnha-cfdi-55d75901c0a8033318658d9a04561618,贵阳市第一人民医院,药临床机构备字2025000128,filed,confirmed_against_filing_snapshot,,deferred_not_required_for_identity,0,"[{""hospital_id"": ""cnha-cfdi-55d75901c0a8033318658d9a04561618"", ""official_name"": ""贵阳市第一人民医院"", ""candidate_alias"": ""The First People's Hospital of Guiyang"", ""source_url"": ""https://ror.org/043hxea55"", ""status"": ""review_required"", ""reason"": ""Reference-only name; not approved for resolution""}]",False,https://beian.cfdi.org.cn/CTMDS/pub/PUB010100.do?method=handle06&curPage=18&pageSize=100,2026-09-05,"Snapshot identity only; not all aliases, trial participation or current eligibility"
cnha-cfdi-55dcf7d2c0a8033343c3319e939e4d05,陕西中医药大学附属医院,药临床机构备字2019000047,filed,confirmed_against_filing_snapshot,,deferred_not_required_for_identity,0,"[{""hospital_id"": ""cnha-cfdi-55dcf7d2c0a8033343c3319e939e4d05"", ""official_name"": ""陕西中医药大学附属医院"", ""candidate_alias"": ""Affiliated Hospital of Shaanxi University of Chinese Medicine"", ""source_url"": ""https://ror.org/041v5th48"", ""status"": ""review_required"", ""reason"": ""Reference-only name; not approved for resolution""}, {""hospital_id"": ""cnha-cfdi-55dcf7d2c0a8033343c3319e939e4d05"", ""official_name"": ""陕西中医药大学附属医院"", ""candidate_alias"": ""Affiliated Hospital of Shaanxi University of Traditional Chinese Medicine"", ""source_url"": ""https://ror.org/041v5th48"", ""status"": ""review_required"", ""reason"": ""Reference-only name; not approved for resolution""}]",False,https://beian.cfdi.org.cn/CTMDS/pub/PUB010100.do?method=handle06&curPage=1&pageSize=100,2026-09-05,"Snapshot identity only; not all aliases, trial participation or current eligibility"
cnha-cfdi-5651cacdc0a8033323762c279595e3e2,喀什地区第一人民医院,药临床机构备字2020000436,filed,confirmed_against_filing_snapshot,,deferred_not_required_for_identity,0,[],False,https://beian.cfdi.org.cn/CTMDS/pub/PUB010100.do?method=handle06&curPage=5&pageSize=100,2026-09-05,"Snapshot identity only; not all aliases, trial participation or current eligibility"
cnha-cfdi-565d604dc0a8033340898798133ea4c4,长兴县人民医院临床试验机构,药临床机构备字2026000155,filed,confirmed_against_filing_snapshot,,deferred_not_required_for_identity,0,[],False,https://beian.cfdi.org.cn/CTMDS/pub/PUB010100.do?method=handle06&curPage=21&pageSize=100,2026-09-05,"Snapshot identity only; not all aliases, trial participation or current eligibility"
cnha-cfdi-5661c76cc0a803331d7ff416e7fd47c6,遵义医科大学附属医院,药临床机构备字2020000177,filed,confirmed_against_filing_snapshot,,deferred_not_required_for_identity,0,[],False,https://beian.cfdi.org.cn/CTMDS/pub/PUB010100.do?method=handle06&curPage=3&pageSize=100,2026-09-05,"Snapshot identity only; not all aliases, trial participation or current eligibility"
cnha-cfdi-56692f49c0a803335013e3da1634f3d6,南方医科大学第三附属医院、广东省骨科医院,药临床机构备字2020000904,filed,confirmed_against_filing_snapshot,,deferred_not_required_for_identity,2,"[{""hospital_id"": ""cnha-cfdi-56692f49c0a803335013e3da1634f3d6"", ""official_name"": ""南方医科大学第三附属医院、广东省骨科医院"", ""candidate_alias"": ""Third Affiliated Hospital of Southern Medical University"", ""source_url"": ""https://ror.org/0050r1b65"", ""status"": ""review_required"", ""reason"": ""Reference-only name; not approved for resolution""}]",False,https://beian.cfdi.org.cn/CTMDS/pub/PUB010100.do?method=handle06&curPage=10&pageSize=100,2026-09-05,"Snapshot identity only; not all aliases, trial participation or current eligibility"
cnha-cfdi-566beaaec0a8033312b861ad22f344f6,常州市武进人民医院,药临床机构备字2021000030,filed,confirmed_against_filing_snapshot,,deferred_not_required_for_identity,0,[],False,https://beian.cfdi.org.cn/CTMDS/pub/PUB010100.do?method=handle06&curPage=10&pageSize=100,2026-09-05,"Snapshot identity only; not all aliases, trial participation or current eligibility"
cnha-cfdi-5688a594c0a8033332d74ef231918790,赤峰市医院,药临床机构备字2020000249,filed,confirmed_against_filing_snapshot,,deferred_not_required_for_identity,0,"[{""hospital_id"": ""cnha-cfdi-5688a594c0a8033332d74ef231918790"", ""official_name"": ""赤峰市医院"", ""candidate_alias"": ""Chifeng Municipal Hospital"", ""source_url"": ""https://ror.org/02j136k79"", ""status"": ""review_required"", ""reason"": ""Reference-only name; not approved for resolution""}]",False,https://beian.cfdi.org.cn/CTMDS/pub/PUB010100.do?method=handle06&curPage=4&pageSize=100,2026-09-05,"Snapshot identity only; not all aliases, trial participation or current eligibility"
cnha-cfdi-5688eee3c0a803337f15c25ea8a73737,惠州市第三人民医院,药临床机构备字2021000183,filed,confirmed_against_filing_snapshot,,deferred_not_required_for_identity,0,[],False,https://beian.cfdi.org.cn/CTMDS/pub/PUB010100.do?method=handle06&curPage=12&pageSize=100,2026-09-05,"Snapshot identity only; not all aliases, trial participation or current eligibility"
cnha-cfdi-56903411c0a8033314d5485e8488750d,南京大学医学院附属鼓楼医院,药临床机构备字2020000557,filed,confirmed_against_filing_snapshot,Nanjing Drum Tower Hospital,source_reviewed,1,[],False,https://beian.cfdi.org.cn/CTMDS/pub/PUB010100.do?method=handle06&curPage=6&pageSize=100,2026-09-05,"Snapshot identity only; not all aliases, trial participation or current eligibility"
cnha-cfdi-56923f56c0a803335680db43d1e94f08,深圳爱尔眼科医院,药临床机构备字2020000626,filed,confirmed_against_filing_snapshot,,deferred_not_required_for_identity,0,[],False,https://beian.cfdi.org.cn/CTMDS/pub/PUB010100.do?method=handle06&curPage=7&pageSize=100,2026-09-05,"Snapshot identity only; not all aliases, trial participation or current eligibility"
cnha-cfdi-56984763c0a803336779babb6fc8fa42,南昌大学第一附属医院,药临床机构备字2019000065,filed,confirmed_against_filing_snapshot,The First Affiliated Hospital of Nanchang University,source_reviewed,1,"[{""hospital_id"": ""cnha-cfdi-56984763c0a803336779babb6fc8fa42"", ""official_name"": ""南昌大学第一附属医院"", ""candidate_alias"": ""First Affiliated Hospital of Nanchang University"", ""source_url"": ""https://ror.org/05gbwr869"", ""status"": ""review_required"", ""reason"": ""Reference-only name; not approved for resolution""}]",False,https://beian.cfdi.org.cn/CTMDS/pub/PUB010100.do?method=handle06&curPage=1&pageSize=100,2026-09-05,"Snapshot identity only; not all aliases, trial participation or current eligibility"
cnha-cfdi-56a3e579c0a8033316c03e0005d96bba,温州市第七人民医院,药临床机构备字2025000110,filed,confirmed_against_filing_snapshot,,deferred_not_required_for_identity,0,"[{""hospital_id"": ""cnha-cfdi-56a3e579c0a8033316c03e0005d96bba"", ""official_name"": ""温州市第七人民医院"", ""candidate_alias"": ""Wenzhou Seventh People's Hospital"", ""source_url"": ""https://ror.org/047hegk60"", ""status"": ""review_required"", ""reason"": ""Reference-only name; not approved for resolution""}]",False,https://beian.cfdi.org.cn/CTMDS/pub/PUB010100.do?method=handle06&curPage=18&pageSize=100,2026-09-05,"Snapshot identity only; not all aliases, trial participation or current eligibility"
cnha-cfdi-56a79b8fc0a803331e2d5797aa7bba88,广州医科大学附属清远医院（清远市人民医院）,药临床机构备字2020000917,filed,confirmed_against_filing_snapshot,,deferred_not_required_for_identity,2,[],False,https://beian.cfdi.org.cn/CTMDS/pub/PUB010100.do?method=handle06&curPage=10&pageSize=100,2026-09-05,"Snapshot identity only; not all aliases, trial participation or current eligibility"
cnha-cfdi-56aefbecc0a8033339b855884e059fac,泰达国际心血管病医院,药临床机构备字2019000081,filed,confirmed_against_filing_snapshot,,deferred_not_required_for_identity,0,"[{""hospital_id"": ""cnha-cfdi-56aefbecc0a8033339b855884e059fac"", ""official_name"": ""泰达国际心血管病医院"", ""candidate_alias"": ""TEDA International Cardiovascular Hospital"", ""source_url"": ""https://ror.org/0247xav12"", ""status"": ""review_required"", ""reason"": ""Reference-only name; not approved for resolution""}]",False,https://beian.cfdi.org.cn/CTMDS/pub/PUB010100.do?method=handle06&curPage=1&pageSize=100,2026-09-05,"Snapshot identity only; not all aliases, trial participation or current eligibility"
cnha-cfdi-56b49e00c0a8033369ef715d13396d15,山东第一医科大学附属职业病医院（山东省职业病医院）,药临床机构备字2021000086,filed,confirmed_against_filing_snapshot,,deferred_not_required_for_identity,2,[],False,https://beian.cfdi.org.cn/CTMDS/pub/PUB010100.do?method=handle06&curPage=11&pageSize=100,2026-09-05,"Snapshot identity only; not all aliases, trial participation or current eligibility"
cnha-cfdi-56c868dcc0a8033354077214018ce652,中国人民解放军总医院第一医学中心,药临床机构备字2020000295,filed,confirmed_against_filing_snapshot,,deferred_not_required_for_identity,0,[],False,https://beian.cfdi.org.cn/CTMDS/pub/PUB010100.do?method=handle06&curPage=4&pageSize=100,2026-09-05,"Snapshot identity only; not all aliases, trial participation or current eligibility"
cnha-cfdi-56c9003ac0a8033343b31363ee17c59e,重庆医科大学附属第一医院,药临床机构备字2020000462,filed,confirmed_against_filing_snapshot,The First Affiliated Hospital of Chongqing Medical University,source_reviewed,1,[],False,https://beian.cfdi.org.cn/CTMDS/pub/PUB010100.do?method=handle06&curPage=6&pageSize=100,2026-09-05,"Snapshot identity only; not all aliases, trial participation or current eligibility"
cnha-cfdi-56da0c76c0a8033378166121ef596120,湖南省肿瘤医院,药临床机构备字2020000150,filed,confirmed_against_filing_snapshot,Hunan Cancer Hospital,source_reviewed,2,[],False,https://beian.cfdi.org.cn/CTMDS/pub/PUB010100.do?method=handle06&curPage=3&pageSize=100,2026-09-05,"Snapshot identity only; not all aliases, trial participation or current eligibility"
cnha-cfdi-56f2cdb0c0a803332ad472cfb1687c24,山西白求恩医院（山西医学科学院）,药临床机构备字2020000791,filed,confirmed_against_filing_snapshot,,deferred_not_required_for_identity,0,[],False,https://beian.cfdi.org.cn/CTMDS/pub/PUB010100.do?method=handle06&curPage=8&pageSize=100,2026-09-05,"Snapshot identity only; not all aliases, trial participation or current eligibility"
cnha-cfdi-57188e84c0a8033378e7969e61a358a3,大理大学第一附属医院,药临床机构备字2022000015,filed,confirmed_against_filing_snapshot,,deferred_not_required_for_identity,0,[],False,https://beian.cfdi.org.cn/CTMDS/pub/PUB010100.do?method=handle06&curPage=12&pageSize=100,2026-09-05,"Snapshot identity only; not all aliases, trial participation or current eligibility"
cnha-cfdi-571bc3f7c0a80333716ade8ef5dca732,中国人民解放军总医院第七医学中心,药临床机构备字2020000511,filed,confirmed_against_filing_snapshot,,deferred_not_required_for_identity,0,[],False,https://beian.cfdi.org.cn/CTMDS/pub/PUB010100.do?method=handle06&curPage=6&pageSize=100,2026-09-05,"Snapshot identity only; not all aliases, trial participation or current eligibility"
cnha-cfdi-572039f3c0a803335ba6ba09ad91e06c,浙江大学医学院附属第四医院,药临床机构备字2020000183,filed,confirmed_against_filing_snapshot,,deferred_not_required_for_identity,0,[],False,https://beian.cfdi.org.cn/CTMDS/pub/PUB010100.do?method=handle06&curPage=3&pageSize=100,2026-09-05,"Snapshot identity only; not all aliases, trial participation or current eligibility"
cnha-cfdi-572eda6fc0a8033371eec0b0fe77182e,河北省沧州中西医结合医院,药临床机构备字2020000199,filed,confirmed_against_filing_snapshot,,deferred_not_required_for_identity,0,[],False,https://beian.cfdi.org.cn/CTMDS/pub/PUB010100.do?method=handle06&curPage=3&pageSize=100,2026-09-05,"Snapshot identity only; not all aliases, trial participation or current eligibility"
cnha-cfdi-5738159dc0a8033379e0b78359576d9f,安阳市人民医院（安阳市中心医院）,药临床机构备字2020000870,filed,confirmed_against_filing_snapshot,,deferred_not_required_for_identity,2,[],False,https://beian.cfdi.org.cn/CTMDS/pub/PUB010100.do?method=handle06&curPage=9&pageSize=100,2026-09-05,"Snapshot identity only; not all aliases, trial participation or current eligibility"
cnha-cfdi-573c13b9c0a803337452a0ecb2bdec61,河南省直第三人民医院,药临床机构备字2024000256,filed,confirmed_against_filing_snapshot,,deferred_not_required_for_identity,0,[],False,https://beian.cfdi.org.cn/CTMDS/pub/PUB010100.do?method=handle06&curPage=17&pageSize=100,2026-09-05,"Snapshot identity only; not all aliases, trial participation or current eligibility"
cnha-cfdi-575dede5c0a8033343b409570272ed1d,广西壮族自治区妇幼保健院,药临床机构备字2020000671,filed,confirmed_against_filing_snapshot,,deferred_not_required_for_identity,0,[],False,https://beian.cfdi.org.cn/CTMDS/pub/PUB010100.do?method=handle06&curPage=7&pageSize=100,2026-09-05,"Snapshot identity only; not all aliases, trial participation or current eligibility"
cnha-cfdi-578a1f30c0a80333314be4b43afe8460,赤峰大学附属医院,药临床机构备字2020000789,filed,confirmed_against_filing_snapshot,,deferred_not_required_for_identity,0,[],False,https://beian.cfdi.org.cn/CTMDS/pub/PUB010100.do?method=handle06&curPage=8&pageSize=100,2026-09-05,"Snapshot identity only; not all aliases, trial participation or current eligibility"
cnha-cfdi-58255b82c0a8033308b1da6c85fd0870,徐州市妇幼保健院,药临床机构备字2026000063,filed,confirmed_against_filing_snapshot,,deferred_not_required_for_identity,0,"[{""hospital_id"": ""cnha-cfdi-58255b82c0a8033308b1da6c85fd0870"", ""official_name"": ""徐州市妇幼保健院"", ""candidate_alias"": ""Maternal and Child Health Hospital of Xuzhou"", ""source_url"": ""https://ror.org/05nfdhr48"", ""status"": ""review_required"", ""reason"": ""Reference-only name; not approved for resolution""}, {""hospital_id"": ""cnha-cfdi-58255b82c0a8033308b1da6c85fd0870"", ""official_name"": ""徐州市妇幼保健院"", ""candidate_alias"": ""Xuzhou MCH"", ""source_url"": ""https://ror.org/05nfdhr48"", ""status"": ""review_required"", ""reason"": ""Reference-only name; not approved for resolution""}]",False,https://beian.cfdi.org.cn/CTMDS/pub/PUB010100.do?method=handle06&curPage=20&pageSize=100,2026-09-05,"Snapshot identity only; not all aliases, trial participation or current eligibility"
cnha-cfdi-583d67e0c0a803331ff29cfe5c8fdebd,深圳市人民医院,药临床机构备字2020000202,filed,confirmed_against_filing_snapshot,,deferred_not_required_for_identity,0,"[{""hospital_id"": ""cnha-cfdi-583d67e0c0a803331ff29cfe5c8fdebd"", ""official_name"": ""深圳市人民医院"", ""candidate_alias"": ""2nd Clinical Medical College of Jinan University"", ""source_url"": ""https://ror.org/01hcefx46"", ""status"": ""review_required"", ""reason"": ""Reference-only name; not approved for resolution""}, {""hospital_id"": ""cnha-cfdi-583d67e0c0a803331ff29cfe5c8fdebd"", ""official_name"": ""深圳市人民医院"", ""candidate_alias"": ""Bao'an County People's Hospital"", ""source_url"": ""https://ror.org/01hcefx46"", ""status"": ""review_required"", ""reason"": ""Reference-only name; not approved for resolution""}, {""hospital_id"": ""cnha-cfdi-583d67e0c0a803331ff29cfe5c8fdebd"", ""official_name"": ""深圳市人民医院"", ""candidate_alias"": ""ShenZhen People’s Hospital"", ""source_url"": ""https://ror.org/01hcefx46"", ""status"": ""review_required"", ""reason"": ""Reference-only name; not approved for resolution""}]",False,https://beian.cfdi.org.cn/CTMDS/pub/PUB010100.do?method=handle06&curPage=3&pageSize=100,2026-09-05,"Snapshot identity only; not all aliases, trial participation or current eligibility"
cnha-cfdi-5887f750c0a803331bd9e715f5d5bb8a,湘潭县妇幼保健院,药临床机构备字2023000158,filed,confirmed_against_filing_snapshot,,deferred_not_required_for_identity,0,[],False,https://beian.cfdi.org.cn/CTMDS/pub/PUB010100.do?method=handle06&curPage=14&pageSize=100,2026-09-05,"Snapshot identity only; not all aliases, trial participation or current eligibility"
cnha-cfdi-58e6f846c0a803330889b4ac03b6bd5f,咸阳市第一人民医院,药临床机构备字2022000025,filed,confirmed_against_filing_snapshot,,deferred_not_required_for_identity,0,"[{""hospital_id"": ""cnha-cfdi-58e6f846c0a803330889b4ac03b6bd5f"", ""official_name"": ""咸阳市第一人民医院"", ""candidate_alias"": ""First People's Hospital of Xianyang"", ""source_url"": ""https://ror.org/0171pkj22"", ""status"": ""review_required"", ""reason"": ""Reference-only name; not approved for resolution""}, {""hospital_id"": ""cnha-cfdi-58e6f846c0a803330889b4ac03b6bd5f"", ""official_name"": ""咸阳市第一人民医院"", ""candidate_alias"": ""The First People's Hospital of Xianyang"", ""source_url"": ""https://ror.org/0171pkj22"", ""status"": ""review_required"", ""reason"": ""Reference-only name; not approved for resolution""}, {""hospital_id"": ""cnha-cfdi-58e6f846c0a803330889b4ac03b6bd5f"", ""official_name"": ""咸阳市第一人民医院"", ""candidate_alias"": ""Xianyang First People's Hospital"", ""source_url"": ""https://ror.org/0171pkj22"", ""status"": ""review_required"", ""reason"": ""Reference-only name; not approved for resolution""}]",False,https://beian.cfdi.org.cn/CTMDS/pub/PUB010100.do?method=handle06&curPage=12&pageSize=100,2026-09-05,"Snapshot identity only; not all aliases, trial participation or current eligibility"
cnha-cfdi-58ef230ec0a80333649d46cdacb853da,中国人民解放军总医院第四医学中心,药临床机构备字2020000685,filed,confirmed_against_filing_snapshot,,deferred_not_required_for_identity,0,[],False,https://beian.cfdi.org.cn/CTMDS/pub/PUB010100.do?method=handle06&curPage=8&pageSize=100,2026-09-05,"Snapshot identity only; not all aliases, trial participation or current eligibility"
cnha-cfdi-59367339c0a8033346873e39a4dabd9a,沈阳医学院附属中心医院,药临床机构备字2020000224,filed,confirmed_against_filing_snapshot,,deferred_not_required_for_identity,0,[],False,https://beian.cfdi.org.cn/CTMDS/pub/PUB010100.do?method=handle06&curPage=3&pageSize=100,2026-09-05,"Snapshot identity only; not all aliases, trial participation or current eligibility"
cnha-cfdi-593ce68ec0a803335b52bc2a35edb601,济南市第四人民医院,药临床机构备字2024000051,filed,confirmed_against_filing_snapshot,,deferred_not_required_for_identity,0,[],False,https://beian.cfdi.org.cn/CTMDS/pub/PUB010100.do?method=handle06&curPage=15&pageSize=100,2026-09-05,"Snapshot identity only; not all aliases, trial participation or current eligibility"
cnha-cfdi-593ec894c0a803336b62e965239635fb,河南大学淮河医院,药临床机构备字2020000752,filed,confirmed_against_filing_snapshot,,deferred_not_required_for_identity,0,[],False,https://beian.cfdi.org.cn/CTMDS/pub/PUB010100.do?method=handle06&curPage=8&pageSize=100,2026-09-05,"Snapshot identity only; not all aliases, trial participation or current eligibility"
cnha-cfdi-597a1535c0a80333369f5c23fb9ae1a7,海南省妇女儿童医学中心,药临床机构备字2021000103,filed,confirmed_against_filing_snapshot,,deferred_not_required_for_identity,0,[],False,https://beian.cfdi.org.cn/CTMDS/pub/PUB010100.do?method=handle06&curPage=11&pageSize=100,2026-09-05,"Snapshot identity only; not all aliases, trial participation or current eligibility"
cnha-cfdi-59a1639dc0a803332623dafa018f9333,四川省第四人民医院药物临床试验机构,药临床机构备字2023000092,filed,confirmed_against_filing_snapshot,,deferred_not_required_for_identity,0,[],False,https://beian.cfdi.org.cn/CTMDS/pub/PUB010100.do?method=handle06&curPage=14&pageSize=100,2026-09-05,"Snapshot identity only; not all aliases, trial participation or current eligibility"
cnha-cfdi-59ab496ec0a8033369c6dc64de81f975,湖南省人民医院（湖南师范大学附属第一医院）,药临床机构备字2020000299,filed,confirmed_against_filing_snapshot,,deferred_not_required_for_identity,2,"[{""hospital_id"": ""cnha-cfdi-59ab496ec0a8033369c6dc64de81f975"", ""official_name"": ""湖南省人民医院（湖南师范大学附属第一医院）"", ""candidate_alias"": ""Hunan Provincial People's Hospital"", ""source_url"": ""https://ror.org/03wwr4r78"", ""status"": ""review_required"", ""reason"": ""Reference-only name; not approved for resolution""}]",False,https://beian.cfdi.org.cn/CTMDS/pub/PUB010100.do?method=handle06&curPage=4&pageSize=100,2026-09-05,"Snapshot identity only; not all aliases, trial participation or current eligibility"
cnha-cfdi-5a181546c0a8033368bb2eee7e51ebcc,上海高博肿瘤医院,药临床机构备字2023000216,filed,confirmed_against_filing_snapshot,,deferred_not_required_for_identity,0,[],False,https://beian.cfdi.org.cn/CTMDS/pub/PUB010100.do?method=handle06&curPage=15&pageSize=100,2026-09-05,"Snapshot identity only; not all aliases, trial participation or current eligibility"
cnha-cfdi-5a3489afc0a8033323ab8efbe49b0dfc,辽宁省健康产业集团抚矿总医院,药临床机构备字2021000042,filed,confirmed_against_filing_snapshot,,deferred_not_required_for_identity,0,[],False,https://beian.cfdi.org.cn/CTMDS/pub/PUB010100.do?method=handle06&curPage=11&pageSize=100,2026-09-05,"Snapshot identity only; not all aliases, trial participation or current eligibility"
cnha-cfdi-5a531356c0a8033360c50690d9933146,海南省老年病医院,药临床机构备字2024000182,filed,confirmed_against_filing_snapshot,,deferred_not_required_for_identity,0,[],False,https://beian.cfdi.org.cn/CTMDS/pub/PUB010100.do?method=handle06&curPage=16&pageSize=100,2026-09-05,"Snapshot identity only; not all aliases, trial participation or current eligibility"
cnha-cfdi-5a5c7a26c0a80333090c1090491c56a5,辽宁中医药大学附属第三医院,药临床机构备字2020000272,filed,confirmed_against_filing_snapshot,,deferred_not_required_for_identity,0,[],False,https://beian.cfdi.org.cn/CTMDS/pub/PUB010100.do?method=handle06&curPage=4&pageSize=100,2026-09-05,"Snapshot identity only; not all aliases, trial participation or current eligibility"
cnha-cfdi-5a5d0a63c0a803335ba9b97bb896240e,浙江萧山医院,药临床机构备字2021000090,filed,confirmed_against_filing_snapshot,,deferred_not_required_for_identity,0,[],False,https://beian.cfdi.org.cn/CTMDS/pub/PUB010100.do?method=handle06&curPage=11&pageSize=100,2026-09-05,"Snapshot identity only; not all aliases, trial participation or current eligibility"
cnha-cfdi-5a6cca14c0a803335b9355710c84def7,郑州大学第二附属医院,药临床机构备字2020000065,filed,confirmed_against_filing_snapshot,,deferred_not_required_for_identity,0,[],False,https://beian.cfdi.org.cn/CTMDS/pub/PUB010100.do?method=handle06&curPage=2&pageSize=100,2026-09-05,"Snapshot identity only; not all aliases, trial participation or current eligibility"
cnha-cfdi-5a6df46ec0a80333554c7356654ace2f,英德市人民医院,药临床机构备字2026000131,filed,confirmed_against_filing_snapshot,,deferred_not_required_for_identity,0,[],False,https://beian.cfdi.org.cn/CTMDS/pub/PUB010100.do?method=handle06&curPage=20&pageSize=100,2026-09-05,"Snapshot identity only; not all aliases, trial participation or current eligibility"
cnha-cfdi-5a74c22ac0a80333040aa4bf50fa25ab,宁阳县第一人民医院,药临床机构备字2024000222,filed,confirmed_against_filing_snapshot,,deferred_not_required_for_identity,0,[],False,https://beian.cfdi.org.cn/CTMDS/pub/PUB010100.do?method=handle06&curPage=17&pageSize=100,2026-09-05,"Snapshot identity only; not all aliases, trial participation or current eligibility"
cnha-cfdi-5a79c603c0a803331fa8cd8993b892c9,江门市五邑中医院,药临床机构备字2020000471,filed,confirmed_against_filing_snapshot,,deferred_not_required_for_identity,0,[],False,https://beian.cfdi.org.cn/CTMDS/pub/PUB010100.do?method=handle06&curPage=6&pageSize=100,2026-09-05,"Snapshot identity only; not all aliases, trial participation or current eligibility"
cnha-cfdi-5a804228c0a8033331181ae6708a5cad,广州市胸科医院,药临床机构备字2022000140,filed,confirmed_against_filing_snapshot,,deferred_not_required_for_identity,0,"[{""hospital_id"": ""cnha-cfdi-5a804228c0a8033331181ae6708a5cad"", ""official_name"": ""广州市胸科医院"", ""candidate_alias"": ""Guangzhou Chest Hospital"", ""source_url"": ""https://ror.org/04szr1369"", ""status"": ""review_required"", ""reason"": ""Reference-only name; not approved for resolution""}]",False,https://beian.cfdi.org.cn/CTMDS/pub/PUB010100.do?method=handle06&curPage=13&pageSize=100,2026-09-05,"Snapshot identity only; not all aliases, trial participation or current eligibility"
cnha-cfdi-5a81bc4ac0a8033357f05969443a56bb,延安大学咸阳医院,药临床机构备字2020000420,filed,confirmed_against_filing_snapshot,,deferred_not_required_for_identity,0,[],False,https://beian.cfdi.org.cn/CTMDS/pub/PUB010100.do?method=handle06&curPage=5&pageSize=100,2026-09-05,"Snapshot identity only; not all aliases, trial participation or current eligibility"
cnha-cfdi-5a8dc1ecc0a803333ca44265c4212218,上海市肺科医院,药临床机构备字2019000080,filed,confirmed_against_filing_snapshot,Shanghai Pulmonary Hospital,source_reviewed,1,[],False,https://beian.cfdi.org.cn/CTMDS/pub/PUB010100.do?method=handle06&curPage=1&pageSize=100,2026-09-05,"Snapshot identity only; not all aliases, trial participation or current eligibility"
cnha-cfdi-5a92aad5c0a803330dc6648696963642,宜春市妇幼保健院,药临床机构备字2023000137,filed,confirmed_against_filing_snapshot,,deferred_not_required_for_identity,0,[],False,https://beian.cfdi.org.cn/CTMDS/pub/PUB010100.do?method=handle06&curPage=14&pageSize=100,2026-09-05,"Snapshot identity only; not all aliases, trial participation or current eligibility"
cnha-cfdi-5a977001c0a803332e59a866f980f41f,郑州大学第三附属医院,药临床机构备字2020000953,filed,confirmed_against_filing_snapshot,,deferred_not_required_for_identity,0,"[{""hospital_id"": ""cnha-cfdi-5a977001c0a803332e59a866f980f41f"", ""official_name"": ""郑州大学第三附属医院"", ""candidate_alias"": ""Third Affiliated Hospital of Zhengzhou University"", ""source_url"": ""https://ror.org/039nw9e11"", ""status"": ""review_required"", ""reason"": ""Reference-only name; not approved for resolution""}]",False,https://beian.cfdi.org.cn/CTMDS/pub/PUB010100.do?method=handle06&curPage=10&pageSize=100,2026-09-05,"Snapshot identity only; not all aliases, trial participation or current eligibility"
cnha-cfdi-5a9b087bc0a803337e94e03983195adc,山西省人民医院,药临床机构备字2020000526,filed,confirmed_against_filing_snapshot,,deferred_not_required_for_identity,0,"[{""hospital_id"": ""cnha-cfdi-5a9b087bc0a803337e94e03983195adc"", ""official_name"": ""山西省人民医院"", ""candidate_alias"": ""Shanxi Provincial People’s Hospital"", ""source_url"": ""https://ror.org/057ckzt47"", ""status"": ""review_required"", ""reason"": ""Reference-only name; not approved for resolution""}]",False,https://beian.cfdi.org.cn/CTMDS/pub/PUB010100.do?method=handle06&curPage=6&pageSize=100,2026-09-05,"Snapshot identity only; not all aliases, trial participation or current eligibility"
cnha-cfdi-5aa2d699c0a8033329ce2c9b6893068d,中国人民解放军海军第九〇五医院,药临床机构备字2020000964,filed,confirmed_against_filing_snapshot,,deferred_not_required_for_identity,0,[],False,https://beian.cfdi.org.cn/CTMDS/pub/PUB010100.do?method=handle06&curPage=10&pageSize=100,2026-09-05,"Snapshot identity only; not all aliases, trial participation or current eligibility"
cnha-cfdi-5aade771c0a803334595b5c3428d53c9,中山大学肿瘤防治中心、中山大学附属肿瘤医院,药临床机构备字2020000213,filed,confirmed_against_filing_snapshot,Sun Yat-sen University Cancer Center,source_reviewed,4,[],False,https://beian.cfdi.org.cn/CTMDS/pub/PUB010100.do?method=handle06&curPage=3&pageSize=100,2026-09-05,"Snapshot identity only; not all aliases, trial participation or current eligibility"
cnha-cfdi-5ad1b2a0c0a80333080d1aab88c441d8,北京大学第一医院宁夏妇女儿童医院(宁夏回族自治区妇幼保健院),药临床机构备字2026000141,filed,confirmed_against_filing_snapshot,,deferred_not_required_for_identity,2,[],False,https://beian.cfdi.org.cn/CTMDS/pub/PUB010100.do?method=handle06&curPage=21&pageSize=100,2026-09-05,"Snapshot identity only; not all aliases, trial participation or current eligibility"
cnha-cfdi-5ae31954c0a803332ac43bcf4d538290,武汉爱尔眼科医院,药临床机构备字2020000159,filed,confirmed_against_filing_snapshot,,deferred_not_required_for_identity,0,[],False,https://beian.cfdi.org.cn/CTMDS/pub/PUB010100.do?method=handle06&curPage=3&pageSize=100,2026-09-05,"Snapshot identity only; not all aliases, trial participation or current eligibility"
cnha-cfdi-5ae8cacbc0a803331f3a3f2473bf7c61,云南省肿瘤医院（昆明医科大学第三附属医院）,药临床机构备字2020000321,filed,confirmed_against_filing_snapshot,,deferred_not_required_for_identity,2,[],False,https://beian.cfdi.org.cn/CTMDS/pub/PUB010100.do?method=handle06&curPage=4&pageSize=100,2026-09-05,"Snapshot identity only; not all aliases, trial participation or current eligibility"
cnha-cfdi-5af2cf36c0a803330c43ac66d89b9a22,北京积水潭医院贵州医院,药临床机构备字2020000874,filed,confirmed_against_filing_snapshot,,deferred_not_required_for_identity,0,[],False,https://beian.cfdi.org.cn/CTMDS/pub/PUB010100.do?method=handle06&curPage=9&pageSize=100,2026-09-05,"Snapshot identity only; not all aliases, trial participation or current eligibility"
cnha-cfdi-5b20c92cc0a8033310a5d370835e4699,湖南医药学院总医院,药临床机构备字2020000825,filed,confirmed_against_filing_snapshot,,deferred_not_required_for_identity,0,[],False,https://beian.cfdi.org.cn/CTMDS/pub/PUB010100.do?method=handle06&curPage=9&pageSize=100,2026-09-05,"Snapshot identity only; not all aliases, trial participation or current eligibility"
cnha-cfdi-5b27014fc0a803333185abbb55ea81c1,成都上锦南府医院(四川大学华西医院上锦医院）,药临床机构备字2023000069,filed,confirmed_against_filing_snapshot,,deferred_not_required_for_identity,2,[],False,https://beian.cfdi.org.cn/CTMDS/pub/PUB010100.do?method=handle06&curPage=13&pageSize=100,2026-09-05,"Snapshot identity only; not all aliases, trial participation or current eligibility"
cnha-cfdi-5b7156d2c0a803335a9928f48f4315cc,北京高博博仁医院,药临床机构备字2020000217,filed,confirmed_against_filing_snapshot,,deferred_not_required_for_identity,0,[],False,https://beian.cfdi.org.cn/CTMDS/pub/PUB010100.do?method=handle06&curPage=3&pageSize=100,2026-09-05,"Snapshot identity only; not all aliases, trial participation or current eligibility"
cnha-cfdi-5baa5cd4c0a8033353fbc13b5a0159de,北京中医药大学东方医院秦皇岛医院（秦皇岛市中医医院）,药临床机构备字2020000652,filed,confirmed_against_filing_snapshot,,deferred_not_required_for_identity,2,[],False,https://beian.cfdi.org.cn/CTMDS/pub/PUB010100.do?method=handle06&curPage=7&pageSize=100,2026-09-05,"Snapshot identity only; not all aliases, trial participation or current eligibility"
cnha-cfdi-5bab55c5c0a80333610579ad125f6ac3,恩施土家族苗族自治州中心医院,药临床机构备字2021000031,filed,confirmed_against_filing_snapshot,,deferred_not_required_for_identity,0,"[{""hospital_id"": ""cnha-cfdi-5bab55c5c0a80333610579ad125f6ac3"", ""official_name"": ""恩施土家族苗族自治州中心医院"", ""candidate_alias"": ""The Central Hospital of Enshi Tujia and Miao Autonomous Prefecture"", ""source_url"": ""https://ror.org/01s12ye51"", ""status"": ""review_required"", ""reason"": ""Reference-only name; not approved for resolution""}]",False,https://beian.cfdi.org.cn/CTMDS/pub/PUB010100.do?method=handle06&curPage=10&pageSize=100,2026-09-05,"Snapshot identity only; not all aliases, trial participation or current eligibility"
cnha-cfdi-5bb7a5c6c0a803333aba34c6e9593dfa,上海交通大学医学院附属上海儿童医学中心贵州医院,药临床机构备字2026000171,filed,confirmed_against_filing_snapshot,,deferred_not_required_for_identity,0,[],False,https://beian.cfdi.org.cn/CTMDS/pub/PUB010100.do?method=handle06&curPage=21&pageSize=100,2026-09-05,"Snapshot identity only; not all aliases, trial participation or current eligibility"
cnha-cfdi-5bc5271cc0a80333216d3eb98f39844f,湖北省肿瘤医院,药临床机构备字2020000334,filed,confirmed_against_filing_snapshot,Hubei Cancer Hospital,source_reviewed,1,"[{""hospital_id"": ""cnha-cfdi-5bc5271cc0a80333216d3eb98f39844f"", ""official_name"": ""湖北省肿瘤医院"", ""candidate_alias"": ""HBCH"", ""source_url"": ""https://ror.org/05p38yh32"", ""status"": ""review_required"", ""reason"": ""Reference-only name; not approved for resolution""}]",False,https://beian.cfdi.org.cn/CTMDS/pub/PUB010100.do?method=handle06&curPage=4&pageSize=100,2026-09-05,"Snapshot identity only; not all aliases, trial participation or current eligibility"
cnha-cfdi-5bc8cafbc0a803330eac7241ef52134c,萍乡市人民医院,药临床机构备字2020000087,filed,confirmed_against_filing_snapshot,,deferred_not_required_for_identity,0,[],False,https://beian.cfdi.org.cn/CTMDS/pub/PUB010100.do?method=handle06&curPage=2&pageSize=100,2026-09-05,"Snapshot identity only; not all aliases, trial participation or current eligibility"
cnha-cfdi-5bc9f8dec0a803331d7e6b5d909ac230,合肥市第一人民医院,药临床机构备字2020000907,filed,confirmed_against_filing_snapshot,,deferred_not_required_for_identity,0,[],False,https://beian.cfdi.org.cn/CTMDS/pub/PUB010100.do?method=handle06&curPage=10&pageSize=100,2026-09-05,"Snapshot identity only; not all aliases, trial participation or current eligibility"
cnha-cfdi-5be96556c0a803330d08a985316bd10a,深圳市龙华区人民医院,药临床机构备字2021000152,filed,confirmed_against_filing_snapshot,,deferred_not_required_for_identity,0,[],False,https://beian.cfdi.org.cn/CTMDS/pub/PUB010100.do?method=handle06&curPage=11&pageSize=100,2026-09-05,"Snapshot identity only; not all aliases, trial participation or current eligibility"
cnha-cfdi-5c0b5e9bc0a803332db502890d855e92,杭州康柏医院,药临床机构备字2020000129,filed,confirmed_against_filing_snapshot,,deferred_not_required_for_identity,0,[],False,https://beian.cfdi.org.cn/CTMDS/pub/PUB010100.do?method=handle06&curPage=3&pageSize=100,2026-09-05,"Snapshot identity only; not all aliases, trial participation or current eligibility"
cnha-cfdi-5c297385c0a803334317fc3900954e03,包头市中心医院,药临床机构备字2020000210,filed,confirmed_against_filing_snapshot,,deferred_not_required_for_identity,0,"[{""hospital_id"": ""cnha-cfdi-5c297385c0a803334317fc3900954e03"", ""official_name"": ""包头市中心医院"", ""candidate_alias"": ""Baotou Central Hospital"", ""source_url"": ""https://ror.org/031pkxq11"", ""status"": ""review_required"", ""reason"": ""Reference-only name; not approved for resolution""}]",False,https://beian.cfdi.org.cn/CTMDS/pub/PUB010100.do?method=handle06&curPage=3&pageSize=100,2026-09-05,"Snapshot identity only; not all aliases, trial participation or current eligibility"
cnha-cfdi-5c5d06aac0a803335fb1c8c401b45995,湖州市第一人民医院,药临床机构备字2020000948,filed,confirmed_against_filing_snapshot,,deferred_not_required_for_identity,0,[],False,https://beian.cfdi.org.cn/CTMDS/pub/PUB010100.do?method=handle06&curPage=10&pageSize=100,2026-09-05,"Snapshot identity only; not all aliases, trial participation or current eligibility"
cnha-cfdi-5c73e70dc0a803333d1a6969d7b459fb,重庆市长寿区人民医院,药临床机构备字2024000232,filed,confirmed_against_filing_snapshot,,deferred_not_required_for_identity,0,[],False,https://beian.cfdi.org.cn/CTMDS/pub/PUB010100.do?method=handle06&curPage=17&pageSize=100,2026-09-05,"Snapshot identity only; not all aliases, trial participation or current eligibility"
cnha-cfdi-5c758c36c0a803336f209d14806f7348,南京市浦口医院（南京医科大学第四附属医院）,药临床机构备字2021000111,filed,confirmed_against_filing_snapshot,,deferred_not_required_for_identity,2,[],False,https://beian.cfdi.org.cn/CTMDS/pub/PUB010100.do?method=handle06&curPage=11&pageSize=100,2026-09-05,"Snapshot identity only; not all aliases, trial participation or current eligibility"
cnha-cfdi-5ca01337c0a803333a3f96ef613c7c7a,常州市儿童医院,药临床机构备字2025000072,filed,confirmed_against_filing_snapshot,,deferred_not_required_for_identity,0,[],False,https://beian.cfdi.org.cn/CTMDS/pub/PUB010100.do?method=handle06&curPage=18&pageSize=100,2026-09-05,"Snapshot identity only; not all aliases, trial participation or current eligibility"
cnha-cfdi-5cc69e46c0a8033354bf3ff6b8d5acc6,齐齐哈尔市第一医院,药临床机构备字2020000855,filed,confirmed_against_filing_snapshot,,deferred_not_required_for_identity,0,[],False,https://beian.cfdi.org.cn/CTMDS/pub/PUB010100.do?method=handle06&curPage=9&pageSize=100,2026-09-05,"Snapshot identity only; not all aliases, trial participation or current eligibility"
cnha-cfdi-5cc89353c0a8033344b56c4e342d88c2,四川省第一中医医院,药临床机构备字2023000089,filed,confirmed_against_filing_snapshot,,deferred_not_required_for_identity,0,[],False,https://beian.cfdi.org.cn/CTMDS/pub/PUB010100.do?method=handle06&curPage=14&pageSize=100,2026-09-05,"Snapshot identity only; not all aliases, trial participation or current eligibility"
cnha-cfdi-5d0eb621c0a8033374cf75ebf92c76ee,运城眼科医院,药临床机构备字2026000138,filed,confirmed_against_filing_snapshot,,deferred_not_required_for_identity,0,[],False,https://beian.cfdi.org.cn/CTMDS/pub/PUB010100.do?method=handle06&curPage=21&pageSize=100,2026-09-05,"Snapshot identity only; not all aliases, trial participation or current eligibility"
cnha-cfdi-5da8b938c0a803335151a7fa8adec2cd,宁波市北仑区人民医院,药临床机构备字2024000029,filed,confirmed_against_filing_snapshot,,deferred_not_required_for_identity,0,[],False,https://beian.cfdi.org.cn/CTMDS/pub/PUB010100.do?method=handle06&curPage=15&pageSize=100,2026-09-05,"Snapshot identity only; not all aliases, trial participation or current eligibility"
cnha-cfdi-5e1c467ec0a8033338d3e5551098572f,东莞市中医院,药临床机构备字2021000051,filed,confirmed_against_filing_snapshot,,deferred_not_required_for_identity,0,[],False,https://beian.cfdi.org.cn/CTMDS/pub/PUB010100.do?method=handle06&curPage=11&pageSize=100,2026-09-05,"Snapshot identity only; not all aliases, trial participation or current eligibility"
cnha-cfdi-5e2c06d2c0a80333373d11f2d98b01e2,山西省肿瘤医院,药临床机构备字2020000750,filed,confirmed_against_filing_snapshot,,deferred_not_required_for_identity,0,[],False,https://beian.cfdi.org.cn/CTMDS/pub/PUB010100.do?method=handle06&curPage=8&pageSize=100,2026-09-05,"Snapshot identity only; not all aliases, trial participation or current eligibility"
cnha-cfdi-5e3433ccc0a80333602eb74651ad2f23,安顺市人民医院,药临床机构备字2025000252,filed,confirmed_against_filing_snapshot,,deferred_not_required_for_identity,0,[],False,https://beian.cfdi.org.cn/CTMDS/pub/PUB010100.do?method=handle06&curPage=19&pageSize=100,2026-09-05,"Snapshot identity only; not all aliases, trial participation or current eligibility"
cnha-cfdi-5e59c107c0a80333144de6ea0208af83,宿迁钟吾医院/宿迁肿瘤医院,药临床机构备字2021000079,filed,confirmed_against_filing_snapshot,,deferred_not_required_for_identity,0,[],False,https://beian.cfdi.org.cn/CTMDS/pub/PUB010100.do?method=handle06&curPage=11&pageSize=100,2026-09-05,"Snapshot identity only; not all aliases, trial participation or current eligibility"
cnha-cfdi-5e5e92f9c0a803331cd5fa4ebc4eb732,内蒙古自治区国际蒙医医院,药临床机构备字2020000403,filed,confirmed_against_filing_snapshot,,deferred_not_required_for_identity,0,[],False,https://beian.cfdi.org.cn/CTMDS/pub/PUB010100.do?method=handle06&curPage=5&pageSize=100,2026-09-05,"Snapshot identity only; not all aliases, trial participation or current eligibility"
cnha-cfdi-5f712753c0a803331d370b9b32d5890f,杭州市临安区第一人民医院（杭州市临安区第一人民医院医共体）,药临床机构备字2025000145,filed,confirmed_against_filing_snapshot,,deferred_not_required_for_identity,1,"[{""hospital_id"": ""cnha-cfdi-5f712753c0a803331d370b9b32d5890f"", ""official_name"": ""杭州市临安区第一人民医院（杭州市临安区第一人民医院医共体）"", ""candidate_alias"": ""杭州市临安区第一人民医院医共体"", ""source_url"": ""https://beian.cfdi.org.cn/CTMDS/pub/PUB010100.do?method=handle06&curPage=18&pageSize=100"", ""status"": ""review_required"", ""reason"": ""Reference-only name; not approved for resolution""}]",False,https://beian.cfdi.org.cn/CTMDS/pub/PUB010100.do?method=handle06&curPage=18&pageSize=100,2026-09-05,"Snapshot identity only; not all aliases, trial participation or current eligibility"
cnha-cfdi-5f7c87e5c0a8033327a85a3415619262,珠海市妇幼保健院（珠海市妇女儿童医院）,药临床机构备字2025000089,filed,confirmed_against_filing_snapshot,,deferred_not_required_for_identity,2,[],False,https://beian.cfdi.org.cn/CTMDS/pub/PUB010100.do?method=handle06&curPage=18&pageSize=100,2026-09-05,"Snapshot identity only; not all aliases, trial participation or current eligibility"
cnha-cfdi-5f7fb650c0a803337cdca078ffbae3a2,佛山市妇幼保健院,药临床机构备字2021000092,filed,confirmed_against_filing_snapshot,,deferred_not_required_for_identity,0,"[{""hospital_id"": ""cnha-cfdi-5f7fb650c0a803337cdca078ffbae3a2"", ""official_name"": ""佛山市妇幼保健院"", ""candidate_alias"": ""Foshan Branch of Guangdong Provincial Maternal and Child Health Care Hospital"", ""source_url"": ""https://ror.org/00rg8e315"", ""status"": ""review_required"", ""reason"": ""Reference-only name; not approved for resolution""}, {""hospital_id"": ""cnha-cfdi-5f7fb650c0a803337cdca078ffbae3a2"", ""official_name"": ""佛山市妇幼保健院"", ""candidate_alias"": ""Foshan MCH"", ""source_url"": ""https://ror.org/00rg8e315"", ""status"": ""review_required"", ""reason"": ""Reference-only name; not approved for resolution""}, {""hospital_id"": ""cnha-cfdi-5f7fb650c0a803337cdca078ffbae3a2"", ""official_name"": ""佛山市妇幼保健院"", ""candidate_alias"": ""Foshan Maternity and Child Health Care Hospital"", ""source_url"": ""https://ror.org/00rg8e315"", ""status"": ""review_required"", ""reason"": ""Reference-only name; not approved for resolution""}]",False,https://beian.cfdi.org.cn/CTMDS/pub/PUB010100.do?method=handle06&curPage=11&pageSize=100,2026-09-05,"Snapshot identity only; not all aliases, trial participation or current eligibility"
cnha-cfdi-5f88094fc0a803332386489c4f8dc4e8,核工业总医院（苏州大学附属第二医院）,药临床机构备字2020000478,filed,confirmed_against_filing_snapshot,,deferred_not_required_for_identity,2,[],False,https://beian.cfdi.org.cn/CTMDS/pub/PUB010100.do?method=handle06&curPage=6&pageSize=100,2026-09-05,"Snapshot identity only; not all aliases, trial participation or current eligibility"
cnha-cfdi-5f8823b7c0a8033308b116da5c770edc,衢州市人民医院（衢州中心医院）,药临床机构备字2020000819,filed,confirmed_against_filing_snapshot,,deferred_not_required_for_identity,2,[],False,https://beian.cfdi.org.cn/CTMDS/pub/PUB010100.do?method=handle06&curPage=9&pageSize=100,2026-09-05,"Snapshot identity only; not all aliases, trial participation or current eligibility"
cnha-cfdi-5f88872ac0a803331ff38fc2d4935a03,重庆华厦眼科医院,药临床机构备字2020000389,filed,confirmed_against_filing_snapshot,,deferred_not_required_for_identity,0,[],False,https://beian.cfdi.org.cn/CTMDS/pub/PUB010100.do?method=handle06&curPage=5&pageSize=100,2026-09-05,"Snapshot identity only; not all aliases, trial participation or current eligibility"
cnha-cfdi-5f8ba16bc0a8033370791480d951bffa,苏州市广济医院,药临床机构备字2020000693,filed,confirmed_against_filing_snapshot,,deferred_not_required_for_identity,0,[],False,https://beian.cfdi.org.cn/CTMDS/pub/PUB010100.do?method=handle06&curPage=8&pageSize=100,2026-09-05,"Snapshot identity only; not all aliases, trial participation or current eligibility"
cnha-cfdi-5fa1b83ec0a803333f2b2d82ab77ebfe,复旦大学附属华山医院,药临床机构备字2020000180,filed,confirmed_against_filing_snapshot,"Huashan Hospital, Fudan University",source_reviewed,1,"[{""hospital_id"": ""cnha-cfdi-5fa1b83ec0a803333f2b2d82ab77ebfe"", ""official_name"": ""复旦大学附属华山医院"", ""candidate_alias"": ""Huashan Hospital"", ""source_url"": ""https://ror.org/05201qm87"", ""status"": ""review_required"", ""reason"": ""Reference-only name; not approved for resolution""}]",False,https://beian.cfdi.org.cn/CTMDS/pub/PUB010100.do?method=handle06&curPage=3&pageSize=100,2026-09-05,"Snapshot identity only; not all aliases, trial participation or current eligibility"
cnha-cfdi-5fa49972c0a80333706f6b8453de9ac8,上海市浦东新区精神卫生中心,药临床机构备字2022000173,filed,confirmed_against_filing_snapshot,,deferred_not_required_for_identity,0,[],False,https://beian.cfdi.org.cn/CTMDS/pub/PUB010100.do?method=handle06&curPage=13&pageSize=100,2026-09-05,"Snapshot identity only; not all aliases, trial participation or current eligibility"
cnha-cfdi-5faaa0c6c0a80333082904a534510fc9,青岛市精神卫生中心（青岛市第七人民医院、青岛市心理咨询中心）,药临床机构备字2025000208,filed,confirmed_against_filing_snapshot,,deferred_not_required_for_identity,0,[],False,https://beian.cfdi.org.cn/CTMDS/pub/PUB010100.do?method=handle06&curPage=19&pageSize=100,2026-09-05,"Snapshot identity only; not all aliases, trial participation or current eligibility"
cnha-cfdi-5fab862dc0a803330f05a57fecc9cd57,玉林市第二人民医院,药临床机构备字2025000120,filed,confirmed_against_filing_snapshot,,deferred_not_required_for_identity,0,[],False,https://beian.cfdi.org.cn/CTMDS/pub/PUB010100.do?method=handle06&curPage=18&pageSize=100,2026-09-05,"Snapshot identity only; not all aliases, trial participation or current eligibility"
cnha-cfdi-5fb9c26bc0a803335007b6031a133d58,镇江市第三人民医院（镇江市传染病医院）,药临床机构备字2020000552,filed,confirmed_against_filing_snapshot,,deferred_not_required_for_identity,2,[],False,https://beian.cfdi.org.cn/CTMDS/pub/PUB010100.do?method=handle06&curPage=6&pageSize=100,2026-09-05,"Snapshot identity only; not all aliases, trial participation or current eligibility"
cnha-cfdi-5fc1c993c0a803332decb90adbb6586b,大理白族自治州人民医院 云南省滇西中心医院,药临床机构备字2025000033,filed,confirmed_against_filing_snapshot,,deferred_not_required_for_identity,0,[],False,https://beian.cfdi.org.cn/CTMDS/pub/PUB010100.do?method=handle06&curPage=17&pageSize=100,2026-09-05,"Snapshot identity only; not all aliases, trial participation or current eligibility"
cnha-cfdi-5fc668c8c0a8033327fa395c0a97017b,综合区域医疗中心蚌埠医院（蚌埠医科大学第二附属医院）,药临床机构备字2020000821,filed,confirmed_against_filing_snapshot,,deferred_not_required_for_identity,2,[],False,https://beian.cfdi.org.cn/CTMDS/pub/PUB010100.do?method=handle06&curPage=9&pageSize=100,2026-09-05,"Snapshot identity only; not all aliases, trial participation or current eligibility"
cnha-cfdi-5fcd4069c0a803335d051d666169c820,连云港市第二人民医院,药临床机构备字2020000884,filed,confirmed_against_filing_snapshot,,deferred_not_required_for_identity,0,[],False,https://beian.cfdi.org.cn/CTMDS/pub/PUB010100.do?method=handle06&curPage=9&pageSize=100,2026-09-05,"Snapshot identity only; not all aliases, trial participation or current eligibility"
cnha-cfdi-5fd1e49ac0a803333857e5c171409a33,大连市第三人民医院,药临床机构备字2021000186,filed,confirmed_against_filing_snapshot,,deferred_not_required_for_identity,0,"[{""hospital_id"": ""cnha-cfdi-5fd1e49ac0a803333857e5c171409a33"", ""official_name"": ""大连市第三人民医院"", ""candidate_alias"": ""The Third People's Hospital of Dalian City"", ""source_url"": ""https://ror.org/01kr9ze74"", ""status"": ""review_required"", ""reason"": ""Reference-only name; not approved for resolution""}]",False,https://beian.cfdi.org.cn/CTMDS/pub/PUB010100.do?method=handle06&curPage=12&pageSize=100,2026-09-05,"Snapshot identity only; not all aliases, trial participation or current eligibility"
cnha-cfdi-5fd33426c0a803332911f4c1822a57df,东莞市厚街医院（东莞市应急医院）,药临床机构备字2025000116,filed,confirmed_against_filing_snapshot,,deferred_not_required_for_identity,2,[],False,https://beian.cfdi.org.cn/CTMDS/pub/PUB010100.do?method=handle06&curPage=18&pageSize=100,2026-09-05,"Snapshot identity only; not all aliases, trial participation or current eligibility"
cnha-cfdi-5fd82f4bc0a8033341df1e0bd46d56df,甘肃省肿瘤医院,药临床机构备字2020000315,filed,confirmed_against_filing_snapshot,,deferred_not_required_for_identity,0,[],False,https://beian.cfdi.org.cn/CTMDS/pub/PUB010100.do?method=handle06&curPage=4&pageSize=100,2026-09-05,"Snapshot identity only; not all aliases, trial participation or current eligibility"
cnha-cfdi-5ff16d56c0a8033301369ae7065da1cc,青岛市中医医院（青岛市海慈医院，青岛市康复医学研究所）,药临床机构备字2020000859,filed,confirmed_against_filing_snapshot,,deferred_not_required_for_identity,2,"[{""hospital_id"": ""cnha-cfdi-5ff16d56c0a8033301369ae7065da1cc"", ""official_name"": ""青岛市中医医院（青岛市海慈医院，青岛市康复医学研究所）"", ""candidate_alias"": ""青岛市康复医学研究所"", ""source_url"": ""https://beian.cfdi.org.cn/CTMDS/pub/PUB010100.do?method=handle06&curPage=9&pageSize=100"", ""status"": ""review_required"", ""reason"": ""Reference-only name; not approved for resolution""}]",False,https://beian.cfdi.org.cn/CTMDS/pub/PUB010100.do?method=handle06&curPage=9&pageSize=100,2026-09-05,"Snapshot identity only; not all aliases, trial participation or current eligibility"
cnha-cfdi-5ff3efb1c0a80333538f1d8eeba87135,树兰（博鳌）医院,药临床机构备字2024000061,filed,confirmed_against_filing_snapshot,,deferred_not_required_for_identity,0,[],False,https://beian.cfdi.org.cn/CTMDS/pub/PUB010100.do?method=handle06&curPage=16&pageSize=100,2026-09-05,"Snapshot identity only; not all aliases, trial participation or current eligibility"
cnha-cfdi-5ffb543ec0a803334331b04346120eab,上海交通大学医学院附属上海儿童医学中心海南医院,药临床机构备字2023000057,filed,confirmed_against_filing_snapshot,,deferred_not_required_for_identity,0,[],False,https://beian.cfdi.org.cn/CTMDS/pub/PUB010100.do?method=handle06&curPage=13&pageSize=100,2026-09-05,"Snapshot identity only; not all aliases, trial participation or current eligibility"
cnha-cfdi-5ffcb5c7c0a8033306335fd8c9810d00,深圳前海泰康医院,药临床机构备字2026000060,filed,confirmed_against_filing_snapshot,,deferred_not_required_for_identity,0,[],False,https://beian.cfdi.org.cn/CTMDS/pub/PUB010100.do?method=handle06&curPage=20&pageSize=100,2026-09-05,"Snapshot identity only; not all aliases, trial participation or current eligibility"
cnha-cfdi-601a3506c0a803332c09e912a6ed6a6f,山东中医药大学附属医院,药临床机构备字2020000479,filed,confirmed_against_filing_snapshot,,deferred_not_required_for_identity,0,"[{""hospital_id"": ""cnha-cfdi-601a3506c0a803332c09e912a6ed6a6f"", ""official_name"": ""山东中医药大学附属医院"", ""candidate_alias"": ""Affiliated Hospital of Shandong University of Traditional Chinese Medicine"", ""source_url"": ""https://ror.org/052q26725"", ""status"": ""review_required"", ""reason"": ""Reference-only name; not approved for resolution""}]",False,https://beian.cfdi.org.cn/CTMDS/pub/PUB010100.do?method=handle06&curPage=6&pageSize=100,2026-09-05,"Snapshot identity only; not all aliases, trial participation or current eligibility"
cnha-cfdi-60203bcfc0a8033345004ca43d313263,湖州市中医院,药临床机构备字2022000153,filed,confirmed_against_filing_snapshot,,deferred_not_required_for_identity,0,[],False,https://beian.cfdi.org.cn/CTMDS/pub/PUB010100.do?method=handle06&curPage=13&pageSize=100,2026-09-05,"Snapshot identity only; not all aliases, trial participation or current eligibility"
cnha-cfdi-6021cae6c0a803330526f86552ac3b0f,安阳市肿瘤医院,药临床机构备字2020000700,filed,confirmed_against_filing_snapshot,,deferred_not_required_for_identity,0,"[{""hospital_id"": ""cnha-cfdi-6021cae6c0a803330526f86552ac3b0f"", ""official_name"": ""安阳市肿瘤医院"", ""candidate_alias"": ""Anyang Tumor Hospital"", ""source_url"": ""https://ror.org/01hs21r74"", ""status"": ""review_required"", ""reason"": ""Reference-only name; not approved for resolution""}]",False,https://beian.cfdi.org.cn/CTMDS/pub/PUB010100.do?method=handle06&curPage=8&pageSize=100,2026-09-05,"Snapshot identity only; not all aliases, trial participation or current eligibility"
cnha-cfdi-603e60fec0a80333729ef575df644b4f,葫芦岛市第二人民医院,药临床机构备字2026000094,filed,confirmed_against_filing_snapshot,,deferred_not_required_for_identity,0,[],False,https://beian.cfdi.org.cn/CTMDS/pub/PUB010100.do?method=handle06&curPage=20&pageSize=100,2026-09-05,"Snapshot identity only; not all aliases, trial participation or current eligibility"
cnha-cfdi-60a554d0c0a8033353c28bf5acfaa1b1,首都医科大学附属北京天坛医院,药临床机构备字2020000060,filed,confirmed_against_filing_snapshot,,deferred_not_required_for_identity,0,[],False,https://beian.cfdi.org.cn/CTMDS/pub/PUB010100.do?method=handle06&curPage=2&pageSize=100,2026-09-05,"Snapshot identity only; not all aliases, trial participation or current eligibility"
cnha-cfdi-60ab9d38c0a80333265666c2621fd111,成都爱尔眼科医院,药临床机构备字2020000968,filed,confirmed_against_filing_snapshot,,deferred_not_required_for_identity,0,[],False,https://beian.cfdi.org.cn/CTMDS/pub/PUB010100.do?method=handle06&curPage=10&pageSize=100,2026-09-05,"Snapshot identity only; not all aliases, trial participation or current eligibility"
cnha-cfdi-60f5b325c0a803331a6f8a0d94e41c3c,武汉市中西医结合医院（武汉市第一医院）,药临床机构备字2019000096,filed,confirmed_against_filing_snapshot,,deferred_not_required_for_identity,2,"[{""hospital_id"": ""cnha-cfdi-60f5b325c0a803331a6f8a0d94e41c3c"", ""official_name"": ""武汉市中西医结合医院（武汉市第一医院）"", ""candidate_alias"": ""Wuhan No.1 Hospital"", ""source_url"": ""https://ror.org/021ty3131"", ""status"": ""review_required"", ""reason"": ""Reference-only name; not approved for resolution""}]",False,https://beian.cfdi.org.cn/CTMDS/pub/PUB010100.do?method=handle06&curPage=1&pageSize=100,2026-09-05,"Snapshot identity only; not all aliases, trial participation or current eligibility"
cnha-cfdi-610406a7c0a80333335e088bf44f06ab,禄丰市人民医院,药临床机构备字2023000206,filed,confirmed_against_filing_snapshot,,deferred_not_required_for_identity,0,[],False,https://beian.cfdi.org.cn/CTMDS/pub/PUB010100.do?method=handle06&curPage=15&pageSize=100,2026-09-05,"Snapshot identity only; not all aliases, trial participation or current eligibility"
cnha-cfdi-610f36b0c0a80333696134badde20ec6,汉川市人民医院,药临床机构备字2025000002,filed,confirmed_against_filing_snapshot,,deferred_not_required_for_identity,0,[],False,https://beian.cfdi.org.cn/CTMDS/pub/PUB010100.do?method=handle06&curPage=17&pageSize=100,2026-09-05,"Snapshot identity only; not all aliases, trial participation or current eligibility"
cnha-cfdi-6142322cc0a80333778027a05e997a2f,广东省人民医院,药临床机构备字2020000044,filed,confirmed_against_filing_snapshot,Guangdong Provincial People's Hospital,source_reviewed,2,[],False,https://beian.cfdi.org.cn/CTMDS/pub/PUB010100.do?method=handle06&curPage=2&pageSize=100,2026-09-05,"Snapshot identity only; not all aliases, trial participation or current eligibility"
cnha-cfdi-6152aafac0a8033374af5fdbb64566bc,长沙市中医医院（长沙市第八医院）,药临床机构备字2025000068,filed,confirmed_against_filing_snapshot,,deferred_not_required_for_identity,2,[],False,https://beian.cfdi.org.cn/CTMDS/pub/PUB010100.do?method=handle06&curPage=18&pageSize=100,2026-09-05,"Snapshot identity only; not all aliases, trial participation or current eligibility"
cnha-cfdi-6173da45c0a803330716e93b36140c31,中山大学孙逸仙纪念医院深汕中心医院,药临床机构备字2023000124,filed,confirmed_against_filing_snapshot,,deferred_not_required_for_identity,0,[],False,https://beian.cfdi.org.cn/CTMDS/pub/PUB010100.do?method=handle06&curPage=14&pageSize=100,2026-09-05,"Snapshot identity only; not all aliases, trial participation or current eligibility"
cnha-cfdi-61a77776c0a803336abfed267eebe965,铁岭市中心医院药物临床试验机构,药临床机构备字2025000272,filed,confirmed_against_filing_snapshot,,deferred_not_required_for_identity,0,[],False,https://beian.cfdi.org.cn/CTMDS/pub/PUB010100.do?method=handle06&curPage=19&pageSize=100,2026-09-05,"Snapshot identity only; not all aliases, trial participation or current eligibility"
cnha-cfdi-61d23372c0a8033302c107d5d789c2c5,安庆一一六医院,药临床机构备字2022000158,filed,confirmed_against_filing_snapshot,,deferred_not_required_for_identity,0,[],False,https://beian.cfdi.org.cn/CTMDS/pub/PUB010100.do?method=handle06&curPage=13&pageSize=100,2026-09-05,"Snapshot identity only; not all aliases, trial participation or current eligibility"
cnha-cfdi-61e3d625c0a80333246b8eb6d6965073,东莞市虎门医院,药临床机构备字2026000012,filed,confirmed_against_filing_snapshot,,deferred_not_required_for_identity,0,[],False,https://beian.cfdi.org.cn/CTMDS/pub/PUB010100.do?method=handle06&curPage=19&pageSize=100,2026-09-05,"Snapshot identity only; not all aliases, trial participation or current eligibility"
cnha-cfdi-61e6d6efc0a803335788de9048dc5441,湖北省第三人民医院,药临床机构备字2020000814,filed,confirmed_against_filing_snapshot,,deferred_not_required_for_identity,0,[],False,https://beian.cfdi.org.cn/CTMDS/pub/PUB010100.do?method=handle06&curPage=9&pageSize=100,2026-09-05,"Snapshot identity only; not all aliases, trial participation or current eligibility"
cnha-cfdi-6208d516c0a8033328188c57911abe68,海安市人民医院临床试验机构,药临床机构备字2023000234,filed,confirmed_against_filing_snapshot,,deferred_not_required_for_identity,0,[],False,https://beian.cfdi.org.cn/CTMDS/pub/PUB010100.do?method=handle06&curPage=15&pageSize=100,2026-09-05,"Snapshot identity only; not all aliases, trial participation or current eligibility"
cnha-cfdi-6261782bc0a803330294772054652d86,佛山市南海区中医院(广东省中西医结合医院),药临床机构备字2023000020,filed,confirmed_against_filing_snapshot,,deferred_not_required_for_identity,2,[],False,https://beian.cfdi.org.cn/CTMDS/pub/PUB010100.do?method=handle06&curPage=13&pageSize=100,2026-09-05,"Snapshot identity only; not all aliases, trial participation or current eligibility"
cnha-cfdi-6353ff43c0a803336cbef04cd7956567,北京市顺义区医院,药临床机构备字2021000190,filed,confirmed_against_filing_snapshot,,deferred_not_required_for_identity,0,"[{""hospital_id"": ""cnha-cfdi-6353ff43c0a803336cbef04cd7956567"", ""official_name"": ""北京市顺义区医院"", ""candidate_alias"": ""Beijing Shunyi District Hospital"", ""source_url"": ""https://ror.org/01xwm1a56"", ""status"": ""review_required"", ""reason"": ""Reference-only name; not approved for resolution""}]",False,https://beian.cfdi.org.cn/CTMDS/pub/PUB010100.do?method=handle06&curPage=12&pageSize=100,2026-09-05,"Snapshot identity only; not all aliases, trial participation or current eligibility"
cnha-cfdi-637b975dc0a803333264020224c4f75d,陕西省人民医院,药临床机构备字2020000158,filed,confirmed_against_filing_snapshot,,deferred_not_required_for_identity,0,"[{""hospital_id"": ""cnha-cfdi-637b975dc0a803333264020224c4f75d"", ""official_name"": ""陕西省人民医院"", ""candidate_alias"": ""Shaanxi Provincial People's Hospital"", ""source_url"": ""https://ror.org/009czp143"", ""status"": ""review_required"", ""reason"": ""Reference-only name; not approved for resolution""}, {""hospital_id"": ""cnha-cfdi-637b975dc0a803333264020224c4f75d"", ""official_name"": ""陕西省人民医院"", ""candidate_alias"": ""Third Affiliated Hospital of Xi'an Jiaotong University"", ""source_url"": ""https://ror.org/009czp143"", ""status"": ""review_required"", ""reason"": ""Reference-only name; not approved for resolution""}]",False,https://beian.cfdi.org.cn/CTMDS/pub/PUB010100.do?method=handle06&curPage=3&pageSize=100,2026-09-05,"Snapshot identity only; not all aliases, trial participation or current eligibility"
cnha-cfdi-639841bdc0a803336a6f31769e9481e7,昆明市中医医院,药临床机构备字2022000187,filed,confirmed_against_filing_snapshot,,deferred_not_required_for_identity,0,[],False,https://beian.cfdi.org.cn/CTMDS/pub/PUB010100.do?method=handle06&curPage=13&pageSize=100,2026-09-05,"Snapshot identity only; not all aliases, trial participation or current eligibility"
cnha-cfdi-63a66af6c0a803333aa8d46cf3fe7265,克拉玛依市中心医院,药临床机构备字2020000955,filed,confirmed_against_filing_snapshot,,deferred_not_required_for_identity,0,[],False,https://beian.cfdi.org.cn/CTMDS/pub/PUB010100.do?method=handle06&curPage=10&pageSize=100,2026-09-05,"Snapshot identity only; not all aliases, trial participation or current eligibility"
cnha-cfdi-63bb5391c0a803336cb1ae1e8e76bc27,台州市肿瘤医院(温岭市第二人民医院),药临床机构备字2023000066,filed,confirmed_against_filing_snapshot,,deferred_not_required_for_identity,2,[],False,https://beian.cfdi.org.cn/CTMDS/pub/PUB010100.do?method=handle06&curPage=13&pageSize=100,2026-09-05,"Snapshot identity only; not all aliases, trial participation or current eligibility"
cnha-cfdi-63bed629c0a803330308a4a9d73cbbc6,宁津县人民医院,药临床机构备字2023000077,filed,confirmed_against_filing_snapshot,,deferred_not_required_for_identity,0,[],False,https://beian.cfdi.org.cn/CTMDS/pub/PUB010100.do?method=handle06&curPage=14&pageSize=100,2026-09-05,"Snapshot identity only; not all aliases, trial participation or current eligibility"
cnha-cfdi-645d0329c0a8033353b36d334392555a,双牌县中医医院,药临床机构备字2026000118,filed,confirmed_against_filing_snapshot,,deferred_not_required_for_identity,0,[],False,https://beian.cfdi.org.cn/CTMDS/pub/PUB010100.do?method=handle06&curPage=20&pageSize=100,2026-09-05,"Snapshot identity only; not all aliases, trial participation or current eligibility"
cnha-cfdi-645d8541c0a8033356127b1b254f2668,衡水市人民医院（哈励逊国际和平医院）,药临床机构备字2020000505,filed,confirmed_against_filing_snapshot,,deferred_not_required_for_identity,2,"[{""hospital_id"": ""cnha-cfdi-645d8541c0a8033356127b1b254f2668"", ""official_name"": ""衡水市人民医院（哈励逊国际和平医院）"", ""candidate_alias"": ""Harrison International Peace Hospital"", ""source_url"": ""https://ror.org/03kgydk02"", ""status"": ""review_required"", ""reason"": ""Reference-only name; not approved for resolution""}]",False,https://beian.cfdi.org.cn/CTMDS/pub/PUB010100.do?method=handle06&curPage=6&pageSize=100,2026-09-05,"Snapshot identity only; not all aliases, trial participation or current eligibility"
cnha-cfdi-64836e21c0a803330d6fd71beba26e6d,重庆大学附属肿瘤医院,药临床机构备字2020000227,filed,confirmed_against_filing_snapshot,,deferred_not_required_for_identity,0,[],False,https://beian.cfdi.org.cn/CTMDS/pub/PUB010100.do?method=handle06&curPage=3&pageSize=100,2026-09-05,"Snapshot identity only; not all aliases, trial participation or current eligibility"
cnha-cfdi-64a85919c0a803336a7336c7f89eee9e,荆州市第一人民医院（荆州市肿瘤医院、长江大学附属第一医院）,药临床机构备字2021000180,filed,confirmed_against_filing_snapshot,,deferred_not_required_for_identity,3,[],False,https://beian.cfdi.org.cn/CTMDS/pub/PUB010100.do?method=handle06&curPage=12&pageSize=100,2026-09-05,"Snapshot identity only; not all aliases, trial participation or current eligibility"
cnha-cfdi-64adc4c5c0a80333499f5452395fb1bc,临汾市人民医院,药临床机构备字2019000025,filed,confirmed_against_filing_snapshot,,deferred_not_required_for_identity,0,[],False,https://beian.cfdi.org.cn/CTMDS/pub/PUB010100.do?method=handle06&curPage=1&pageSize=100,2026-09-05,"Snapshot identity only; not all aliases, trial participation or current eligibility"
cnha-cfdi-64e60a39c0a803334ed8ff452f6473fd,焦作煤业（集团）有限责任公司中央医院,药临床机构备字2023000250,filed,confirmed_against_filing_snapshot,,deferred_not_required_for_identity,0,[],False,https://beian.cfdi.org.cn/CTMDS/pub/PUB010100.do?method=handle06&curPage=15&pageSize=100,2026-09-05,"Snapshot identity only; not all aliases, trial participation or current eligibility"
cnha-cfdi-64f6436bc0a80333641a3dfd28348c37,廉江市人民医院,药临床机构备字2025000198,filed,confirmed_against_filing_snapshot,,deferred_not_required_for_identity,0,[],False,https://beian.cfdi.org.cn/CTMDS/pub/PUB010100.do?method=handle06&curPage=19&pageSize=100,2026-09-05,"Snapshot identity only; not all aliases, trial participation or current eligibility"
cnha-cfdi-64fbfcd8c0a803332a7f43958d6c96b8,洛阳市东方人民医院（河南科技大学第三附属医院）,药临床机构备字2024000020,filed,confirmed_against_filing_snapshot,,deferred_not_required_for_identity,2,[],False,https://beian.cfdi.org.cn/CTMDS/pub/PUB010100.do?method=handle06&curPage=15&pageSize=100,2026-09-05,"Snapshot identity only; not all aliases, trial participation or current eligibility"
cnha-cfdi-654b8fdbc0a803330e0931d5d833faec,广东三九脑科医院,药临床机构备字2023000010,filed,confirmed_against_filing_snapshot,,deferred_not_required_for_identity,0,[],False,https://beian.cfdi.org.cn/CTMDS/pub/PUB010100.do?method=handle06&curPage=13&pageSize=100,2026-09-05,"Snapshot identity only; not all aliases, trial participation or current eligibility"
cnha-cfdi-656c93c4c0a8033318b43c28d42202f5,湖南航天医院,药临床机构备字2023000091,filed,confirmed_against_filing_snapshot,,deferred_not_required_for_identity,0,[],False,https://beian.cfdi.org.cn/CTMDS/pub/PUB010100.do?method=handle06&curPage=14&pageSize=100,2026-09-05,"Snapshot identity only; not all aliases, trial participation or current eligibility"
cnha-cfdi-65c53a9ac0a8033363e7ccf876e0f1df,青岛心血管病医院有限公司,药临床机构备字2021000126,filed,confirmed_against_filing_snapshot,,deferred_not_required_for_identity,0,[],False,https://beian.cfdi.org.cn/CTMDS/pub/PUB010100.do?method=handle06&curPage=11&pageSize=100,2026-09-05,"Snapshot identity only; not all aliases, trial participation or current eligibility"
cnha-cfdi-65cac284c0a8033339e42cd0fbc03c0a,西安市第九医院（西安市铁路中心医院）,药临床机构备字2026000092,filed,confirmed_against_filing_snapshot,,deferred_not_required_for_identity,2,[],False,https://beian.cfdi.org.cn/CTMDS/pub/PUB010100.do?method=handle06&curPage=20&pageSize=100,2026-09-05,"Snapshot identity only; not all aliases, trial participation or current eligibility"
cnha-cfdi-6600126cc0a80233072c5734aba5051d,息县人民医院（信阳师范学院附属息县医院）,药临床机构备字2023000105,filed,confirmed_against_filing_snapshot,,deferred_not_required_for_identity,2,[],False,https://beian.cfdi.org.cn/CTMDS/pub/PUB010100.do?method=handle06&curPage=14&pageSize=100,2026-09-05,"Snapshot identity only; not all aliases, trial participation or current eligibility"
cnha-cfdi-6730b8e3c0a803333fb2ab9702053ba7,宁德市医院,药临床机构备字2025000056,filed,confirmed_against_filing_snapshot,,deferred_not_required_for_identity,0,[],False,https://beian.cfdi.org.cn/CTMDS/pub/PUB010100.do?method=handle06&curPage=18&pageSize=100,2026-09-05,"Snapshot identity only; not all aliases, trial participation or current eligibility"
cnha-cfdi-67686738c0a803330b2a06e4664d1d5f,淄博市中心医院,药临床机构备字2020000191,filed,confirmed_against_filing_snapshot,,deferred_not_required_for_identity,0,"[{""hospital_id"": ""cnha-cfdi-67686738c0a803330b2a06e4664d1d5f"", ""official_name"": ""淄博市中心医院"", ""candidate_alias"": ""Central Hospital of Zibo"", ""source_url"": ""https://ror.org/04n3h0p93"", ""status"": ""review_required"", ""reason"": ""Reference-only name; not approved for resolution""}]",False,https://beian.cfdi.org.cn/CTMDS/pub/PUB010100.do?method=handle06&curPage=3&pageSize=100,2026-09-05,"Snapshot identity only; not all aliases, trial participation or current eligibility"
cnha-cfdi-67a8b760c0a8033377df23d2341db10a,海南博鳌超级医院有限公司                                                                                                                                 博鳌超级医院,药临床机构备字2022000168,filed,confirmed_against_filing_snapshot,,deferred_not_required_for_identity,0,[],False,https://beian.cfdi.org.cn/CTMDS/pub/PUB010100.do?method=handle06&curPage=13&pageSize=100,2026-09-05,"Snapshot identity only; not all aliases, trial participation or current eligibility"
cnha-cfdi-67e303b1c0a80333256a70824ccfc7e9,牡丹江市康安医院,药临床机构备字2020000382,filed,confirmed_against_filing_snapshot,,deferred_not_required_for_identity,0,[],False,https://beian.cfdi.org.cn/CTMDS/pub/PUB010100.do?method=handle06&curPage=5&pageSize=100,2026-09-05,"Snapshot identity only; not all aliases, trial participation or current eligibility"
cnha-cfdi-67e87e77c0a803337df7423fe05870ff,黄冈市中心医院,药临床机构备字2020000567,filed,confirmed_against_filing_snapshot,,deferred_not_required_for_identity,0,[],False,https://beian.cfdi.org.cn/CTMDS/pub/PUB010100.do?method=handle06&curPage=7&pageSize=100,2026-09-05,"Snapshot identity only; not all aliases, trial participation or current eligibility"
cnha-cfdi-6821d3c4c0a80333369567d3c5a4bd28,杭州师范大学附属医院,药临床机构备字2020000035,filed,confirmed_against_filing_snapshot,,deferred_not_required_for_identity,0,[],False,https://beian.cfdi.org.cn/CTMDS/pub/PUB010100.do?method=handle06&curPage=2&pageSize=100,2026-09-05,"Snapshot identity only; not all aliases, trial participation or current eligibility"
cnha-cfdi-685e49b8c0a803336ede862f233b3ae8,防城港市第一人民医院,药临床机构备字2024000021,filed,confirmed_against_filing_snapshot,,deferred_not_required_for_identity,0,[],False,https://beian.cfdi.org.cn/CTMDS/pub/PUB010100.do?method=handle06&curPage=15&pageSize=100,2026-09-05,"Snapshot identity only; not all aliases, trial participation or current eligibility"
cnha-cfdi-6871630cc0a803330daafd3f80189bd7,沈阳市第六人民医院（沈阳市传染病医院）,药临床机构备字2020000605,filed,confirmed_against_filing_snapshot,,deferred_not_required_for_identity,2,"[{""hospital_id"": ""cnha-cfdi-6871630cc0a803330daafd3f80189bd7"", ""official_name"": ""沈阳市第六人民医院（沈阳市传染病医院）"", ""candidate_alias"": ""The Sixth People's Hospital of Shenyang"", ""source_url"": ""https://ror.org/0524grj14"", ""status"": ""review_required"", ""reason"": ""Reference-only name; not approved for resolution""}]",False,https://beian.cfdi.org.cn/CTMDS/pub/PUB010100.do?method=handle06&curPage=7&pageSize=100,2026-09-05,"Snapshot identity only; not all aliases, trial participation or current eligibility"
cnha-cfdi-68768c99c0a8033335a51cd3bc480484,北京博爱医院,药临床机构备字2020000326,filed,confirmed_against_filing_snapshot,,deferred_not_required_for_identity,0,[],False,https://beian.cfdi.org.cn/CTMDS/pub/PUB010100.do?method=handle06&curPage=4&pageSize=100,2026-09-05,"Snapshot identity only; not all aliases, trial participation or current eligibility"
cnha-cfdi-68c504a2c0a803331b7db66d21fd03fe,博罗县人民医院,药临床机构备字2024000014,filed,confirmed_against_filing_snapshot,,deferred_not_required_for_identity,0,[],False,https://beian.cfdi.org.cn/CTMDS/pub/PUB010100.do?method=handle06&curPage=15&pageSize=100,2026-09-05,"Snapshot identity only; not all aliases, trial participation or current eligibility"
cnha-cfdi-6916880dc0a80333093c18b8751fdc47,馆陶县人民医院,药临床机构备字2026000054,filed,confirmed_against_filing_snapshot,,deferred_not_required_for_identity,0,[],False,https://beian.cfdi.org.cn/CTMDS/pub/PUB010100.do?method=handle06&curPage=20&pageSize=100,2026-09-05,"Snapshot identity only; not all aliases, trial participation or current eligibility"
cnha-cfdi-691ba899c0a803333daca6da430d33ce,珠海市第三人民医院,药临床机构备字2024000138,filed,confirmed_against_filing_snapshot,,deferred_not_required_for_identity,0,[],False,https://beian.cfdi.org.cn/CTMDS/pub/PUB010100.do?method=handle06&curPage=16&pageSize=100,2026-09-05,"Snapshot identity only; not all aliases, trial participation or current eligibility"
cnha-cfdi-698c53f4c0a803330feb1f8e3ea3b91b,沈阳市第四人民医院,药临床机构备字2020000873,filed,confirmed_against_filing_snapshot,,deferred_not_required_for_identity,0,"[{""hospital_id"": ""cnha-cfdi-698c53f4c0a803330feb1f8e3ea3b91b"", ""official_name"": ""沈阳市第四人民医院"", ""candidate_alias"": ""Shenyang The Fourth Hospital of People"", ""source_url"": ""https://ror.org/05m9m3d82"", ""status"": ""review_required"", ""reason"": ""Reference-only name; not approved for resolution""}]",False,https://beian.cfdi.org.cn/CTMDS/pub/PUB010100.do?method=handle06&curPage=9&pageSize=100,2026-09-05,"Snapshot identity only; not all aliases, trial participation or current eligibility"
cnha-cfdi-69aab134c0a803334d024bae0f8227ef,肇庆市第二人民医院,药临床机构备字2025000212,filed,confirmed_against_filing_snapshot,,deferred_not_required_for_identity,0,[],False,https://beian.cfdi.org.cn/CTMDS/pub/PUB010100.do?method=handle06&curPage=19&pageSize=100,2026-09-05,"Snapshot identity only; not all aliases, trial participation or current eligibility"
cnha-cfdi-69e01b8cc0a803335194a1ef9d13b668,会昌县人民医院,药临床机构备字2026000065,filed,confirmed_against_filing_snapshot,,deferred_not_required_for_identity,0,[],False,https://beian.cfdi.org.cn/CTMDS/pub/PUB010100.do?method=handle06&curPage=20&pageSize=100,2026-09-05,"Snapshot identity only; not all aliases, trial participation or current eligibility"
cnha-cfdi-6a8141aec0a803332c65198aae43b634,上海市第六人民医院金山分院,药临床机构备字2021000070,filed,confirmed_against_filing_snapshot,,deferred_not_required_for_identity,0,[],False,https://beian.cfdi.org.cn/CTMDS/pub/PUB010100.do?method=handle06&curPage=11&pageSize=100,2026-09-05,"Snapshot identity only; not all aliases, trial participation or current eligibility"
cnha-cfdi-6aa34889c0a8033335b6f820a75f170c,临沂市中医医院,药临床机构备字2026000140,filed,confirmed_against_filing_snapshot,,deferred_not_required_for_identity,0,[],False,https://beian.cfdi.org.cn/CTMDS/pub/PUB010100.do?method=handle06&curPage=21&pageSize=100,2026-09-05,"Snapshot identity only; not all aliases, trial participation or current eligibility"
cnha-cfdi-6ba3e90cc0a803334cfadd56b7ae7df7,常州市肿瘤医院,药临床机构备字2020000678,filed,confirmed_against_filing_snapshot,,deferred_not_required_for_identity,0,[],False,https://beian.cfdi.org.cn/CTMDS/pub/PUB010100.do?method=handle06&curPage=7&pageSize=100,2026-09-05,"Snapshot identity only; not all aliases, trial participation or current eligibility"
cnha-cfdi-6bebda94c0a803333a899a0522a5a8fc,中山大学附属第一医院广西医院,药临床机构备字2025000083,filed,confirmed_against_filing_snapshot,,deferred_not_required_for_identity,0,"[{""hospital_id"": ""cnha-cfdi-6bebda94c0a803333a899a0522a5a8fc"", ""official_name"": ""中山大学附属第一医院广西医院"", ""candidate_alias"": ""GXH-FAH-SYSU"", ""source_url"": ""https://ror.org/027pjy323"", ""status"": ""review_required"", ""reason"": ""Reference-only name; not approved for resolution""}, {""hospital_id"": ""cnha-cfdi-6bebda94c0a803333a899a0522a5a8fc"", ""official_name"": ""中山大学附属第一医院广西医院"", ""candidate_alias"": ""Guangxi Hospital Division of The First Affiliated Hospital"", ""source_url"": ""https://ror.org/027pjy323"", ""status"": ""review_required"", ""reason"": ""Reference-only name; not approved for resolution""}, {""hospital_id"": ""cnha-cfdi-6bebda94c0a803333a899a0522a5a8fc"", ""official_name"": ""中山大学附属第一医院广西医院"", ""candidate_alias"": ""Guangxi Hospital Division of The First Affiliated Hospital, Sun Yat-sen University"", ""source_url"": ""https://ror.org/027pjy323"", ""status"": ""review_required"", ""reason"": ""Reference-only name; not approved for resolution""}]",False,https://beian.cfdi.org.cn/CTMDS/pub/PUB010100.do?method=handle06&curPage=18&pageSize=100,2026-09-05,"Snapshot identity only; not all aliases, trial participation or current eligibility"
cnha-cfdi-6c00a055c0a803335bf181a6a2191501,郑州人民医院,药临床机构备字2020000317,filed,confirmed_against_filing_snapshot,,deferred_not_required_for_identity,0,[],False,https://beian.cfdi.org.cn/CTMDS/pub/PUB010100.do?method=handle06&curPage=4&pageSize=100,2026-09-05,"Snapshot identity only; not all aliases, trial participation or current eligibility"
cnha-cfdi-6c199e02c0a8033349e3314bd3ae205c,云南省传染病医院、云南省艾滋病关爱中心（云南省心理卫生中心）,药临床机构备字2020000405,filed,confirmed_against_filing_snapshot,,deferred_not_required_for_identity,0,[],False,https://beian.cfdi.org.cn/CTMDS/pub/PUB010100.do?method=handle06&curPage=5&pageSize=100,2026-09-05,"Snapshot identity only; not all aliases, trial participation or current eligibility"
cnha-cfdi-6c1b1966c0a803337512f1bb82493a72,长沙梅溪湖三真康复医院,药临床机构备字2024000255,filed,confirmed_against_filing_snapshot,,deferred_not_required_for_identity,0,[],False,https://beian.cfdi.org.cn/CTMDS/pub/PUB010100.do?method=handle06&curPage=17&pageSize=100,2026-09-05,"Snapshot identity only; not all aliases, trial participation or current eligibility"
cnha-cfdi-6c211856c0a8033332f8c31ea1db6e35,甘肃中医药大学附属医院,药临床机构备字2025000063,filed,confirmed_against_filing_snapshot,,deferred_not_required_for_identity,0,[],False,https://beian.cfdi.org.cn/CTMDS/pub/PUB010100.do?method=handle06&curPage=18&pageSize=100,2026-09-05,"Snapshot identity only; not all aliases, trial participation or current eligibility"
cnha-cfdi-6c243fecc0a8033364d3a27e0a484b7e,佛山市南海区人民医院,药临床机构备字2021000053,filed,confirmed_against_filing_snapshot,,deferred_not_required_for_identity,0,[],False,https://beian.cfdi.org.cn/CTMDS/pub/PUB010100.do?method=handle06&curPage=11&pageSize=100,2026-09-05,"Snapshot identity only; not all aliases, trial participation or current eligibility"
cnha-cfdi-6ca1f0d3c0a803332bd1b2df27d3e75b,华润武钢总医院,药临床机构备字2021000032,filed,confirmed_against_filing_snapshot,,deferred_not_required_for_identity,0,[],False,https://beian.cfdi.org.cn/CTMDS/pub/PUB010100.do?method=handle06&curPage=10&pageSize=100,2026-09-05,"Snapshot identity only; not all aliases, trial participation or current eligibility"
cnha-cfdi-6cc58965c0a803332148357040486999,菏泽市中医医院,药临床机构备字2021000094,filed,confirmed_against_filing_snapshot,,deferred_not_required_for_identity,0,[],False,https://beian.cfdi.org.cn/CTMDS/pub/PUB010100.do?method=handle06&curPage=11&pageSize=100,2026-09-05,"Snapshot identity only; not all aliases, trial participation or current eligibility"
cnha-cfdi-6cf5db38c0a803333deba393114b58c6,六枝特区人民医院,药临床机构备字2025000279,filed,confirmed_against_filing_snapshot,,deferred_not_required_for_identity,0,[],False,https://beian.cfdi.org.cn/CTMDS/pub/PUB010100.do?method=handle06&curPage=19&pageSize=100,2026-09-05,"Snapshot identity only; not all aliases, trial participation or current eligibility"
cnha-cfdi-6d24fd09c0a8033368f413f801d34c05,北京爱尔英智眼科医院,药临床机构备字2020000548,filed,confirmed_against_filing_snapshot,,deferred_not_required_for_identity,0,"[{""hospital_id"": ""cnha-cfdi-6d24fd09c0a8033368f413f801d34c05"", ""official_name"": ""北京爱尔英智眼科医院"", ""candidate_alias"": ""Beijing Aier Eye Hospital"", ""source_url"": ""https://ror.org/03yvmd717"", ""status"": ""review_required"", ""reason"": ""Reference-only name; not approved for resolution""}, {""hospital_id"": ""cnha-cfdi-6d24fd09c0a8033368f413f801d34c05"", ""official_name"": ""北京爱尔英智眼科医院"", ""candidate_alias"": ""Beijing Aier Intech Eye Hospital"", ""source_url"": ""https://ror.org/03yvmd717"", ""status"": ""review_required"", ""reason"": ""Reference-only name; not approved for resolution""}, {""hospital_id"": ""cnha-cfdi-6d24fd09c0a8033368f413f801d34c05"", ""official_name"": ""北京爱尔英智眼科医院"", ""candidate_alias"": ""北京爱尔眼科医院"", ""source_url"": ""https://ror.org/03yvmd717"", ""status"": ""review_required"", ""reason"": ""Reference-only name; not approved for resolution""}]",False,https://beian.cfdi.org.cn/CTMDS/pub/PUB010100.do?method=handle06&curPage=6&pageSize=100,2026-09-05,"Snapshot identity only; not all aliases, trial participation or current eligibility"
cnha-cfdi-6d50691cc0a803330e7737a2f2a0fb7a,重钢总医院,药临床机构备字2020000613,filed,confirmed_against_filing_snapshot,,deferred_not_required_for_identity,0,[],False,https://beian.cfdi.org.cn/CTMDS/pub/PUB010100.do?method=handle06&curPage=7&pageSize=100,2026-09-05,"Snapshot identity only; not all aliases, trial participation or current eligibility"
cnha-cfdi-6d7b3f50c0a803331a8f634ffda53671,惠州市中医医院,药临床机构备字2025000013,filed,confirmed_against_filing_snapshot,,deferred_not_required_for_identity,0,[],False,https://beian.cfdi.org.cn/CTMDS/pub/PUB010100.do?method=handle06&curPage=17&pageSize=100,2026-09-05,"Snapshot identity only; not all aliases, trial participation or current eligibility"
cnha-cfdi-6d850bf3c0a8033379558886227d329b,石家庄市中医院,药临床机构备字2021000147,filed,confirmed_against_filing_snapshot,,deferred_not_required_for_identity,0,[],False,https://beian.cfdi.org.cn/CTMDS/pub/PUB010100.do?method=handle06&curPage=11&pageSize=100,2026-09-05,"Snapshot identity only; not all aliases, trial participation or current eligibility"
cnha-cfdi-6d86801dc0a8033309fe64ed2f53a5f6,上海中医药大学附属龙华医院,药临床机构备字2020000214,filed,confirmed_against_filing_snapshot,,deferred_not_required_for_identity,0,"[{""hospital_id"": ""cnha-cfdi-6d86801dc0a8033309fe64ed2f53a5f6"", ""official_name"": ""上海中医药大学附属龙华医院"", ""candidate_alias"": ""Longhua Hospital Shanghai University of Traditional Chinese Medicine"", ""source_url"": ""https://ror.org/016yezh07"", ""status"": ""review_required"", ""reason"": ""Reference-only name; not approved for resolution""}]",False,https://beian.cfdi.org.cn/CTMDS/pub/PUB010100.do?method=handle06&curPage=3&pageSize=100,2026-09-05,"Snapshot identity only; not all aliases, trial participation or current eligibility"
cnha-cfdi-6dae90ddc0a803335e342eb63d0590c0,南京市中医院,药临床机构备字2020000568,filed,confirmed_against_filing_snapshot,,deferred_not_required_for_identity,0,"[{""hospital_id"": ""cnha-cfdi-6dae90ddc0a803335e342eb63d0590c0"", ""official_name"": ""南京市中医院"", ""candidate_alias"": ""Nanjing Hospital of TCM"", ""source_url"": ""https://ror.org/016k98t76"", ""status"": ""review_required"", ""reason"": ""Reference-only name; not approved for resolution""}, {""hospital_id"": ""cnha-cfdi-6dae90ddc0a803335e342eb63d0590c0"", ""official_name"": ""南京市中医院"", ""candidate_alias"": ""Nanjing Traditional Chinese Medicine Hospital"", ""source_url"": ""https://ror.org/016k98t76"", ""status"": ""review_required"", ""reason"": ""Reference-only name; not approved for resolution""}, {""hospital_id"": ""cnha-cfdi-6dae90ddc0a803335e342eb63d0590c0"", ""official_name"": ""南京市中医院"", ""candidate_alias"": ""Third Affiliated Hospital of Nanjing Medical University"", ""source_url"": ""https://ror.org/016k98t76"", ""status"": ""review_required"", ""reason"": ""Reference-only name; not approved for resolution""}]",False,https://beian.cfdi.org.cn/CTMDS/pub/PUB010100.do?method=handle06&curPage=7&pageSize=100,2026-09-05,"Snapshot identity only; not all aliases, trial participation or current eligibility"
cnha-cfdi-6dbec404c0a803332f72931bc454ee4e,北京肿瘤医院、北京大学肿瘤医院、北京大学肿瘤医院互联网医院,药临床机构备字2019000050,filed,confirmed_against_filing_snapshot,Beijing Cancer Hospital,source_reviewed,4,"[{""hospital_id"": ""cnha-cfdi-6dbec404c0a803332f72931bc454ee4e"", ""official_name"": ""北京肿瘤医院、北京大学肿瘤医院、北京大学肿瘤医院互联网医院"", ""candidate_alias"": ""北京大学肿瘤医院互联网医院"", ""source_url"": ""https://beian.cfdi.org.cn/CTMDS/pub/PUB010100.do?method=handle06&curPage=1&pageSize=100"", ""status"": ""review_required"", ""reason"": ""Reference-only name; not approved for resolution""}, {""hospital_id"": ""cnha-cfdi-6dbec404c0a803332f72931bc454ee4e"", ""official_name"": ""北京肿瘤医院、北京大学肿瘤医院、北京大学肿瘤医院互联网医院"", ""candidate_alias"": ""Beijing Institute for Cancer Research"", ""source_url"": ""https://ror.org/00nyxxr91"", ""status"": ""review_required"", ""reason"": ""Reference-only name; not approved for resolution""}, {""hospital_id"": ""cnha-cfdi-6dbec404c0a803332f72931bc454ee4e"", ""official_name"": ""北京肿瘤医院、北京大学肿瘤医院、北京大学肿瘤医院互联网医院"", ""candidate_alias"": ""Peking University School of Oncology"", ""source_url"": ""https://ror.org/00nyxxr91"", ""status"": ""review_required"", ""reason"": ""Reference-only name; not approved for resolution""}]",False,https://beian.cfdi.org.cn/CTMDS/pub/PUB010100.do?method=handle06&curPage=1&pageSize=100,2026-09-05,"Snapshot identity only; not all aliases, trial participation or current eligibility"
cnha-cfdi-6e097590c0a803337ad35f0dd5f34ba6,中山市博爱医院（中山市妇幼保健院）,药临床机构备字2020000802,filed,confirmed_against_filing_snapshot,,deferred_not_required_for_identity,2,"[{""hospital_id"": ""cnha-cfdi-6e097590c0a803337ad35f0dd5f34ba6"", ""official_name"": ""中山市博爱医院（中山市妇幼保健院）"", ""candidate_alias"": ""Boai Hospital of Zhongshan"", ""source_url"": ""https://ror.org/0440kgc56"", ""status"": ""review_required"", ""reason"": ""Reference-only name; not approved for resolution""}]",False,https://beian.cfdi.org.cn/CTMDS/pub/PUB010100.do?method=handle06&curPage=9&pageSize=100,2026-09-05,"Snapshot identity only; not all aliases, trial participation or current eligibility"
cnha-cfdi-6e17a981c0a803332bf8aca50233bbd8,新乡市第一人民医院,药临床机构备字2020000340,filed,confirmed_against_filing_snapshot,,deferred_not_required_for_identity,0,[],False,https://beian.cfdi.org.cn/CTMDS/pub/PUB010100.do?method=handle06&curPage=4&pageSize=100,2026-09-05,"Snapshot identity only; not all aliases, trial participation or current eligibility"
cnha-cfdi-6e3c698fc0a803333b27ec80ac24c7b6,滨州市人民医院,药临床机构备字2023000201,filed,confirmed_against_filing_snapshot,,deferred_not_required_for_identity,0,[],False,https://beian.cfdi.org.cn/CTMDS/pub/PUB010100.do?method=handle06&curPage=14&pageSize=100,2026-09-05,"Snapshot identity only; not all aliases, trial participation or current eligibility"
cnha-cfdi-6ec7f323c0a8033357cd9d8a9faa7c45,青海大学附属医院,药临床机构备字2020000291,filed,confirmed_against_filing_snapshot,,deferred_not_required_for_identity,0,"[{""hospital_id"": ""cnha-cfdi-6ec7f323c0a8033357cd9d8a9faa7c45"", ""official_name"": ""青海大学附属医院"", ""candidate_alias"": ""QUAH"", ""source_url"": ""https://ror.org/000j1tr86"", ""status"": ""review_required"", ""reason"": ""Reference-only name; not approved for resolution""}, {""hospital_id"": ""cnha-cfdi-6ec7f323c0a8033357cd9d8a9faa7c45"", ""official_name"": ""青海大学附属医院"", ""candidate_alias"": ""Qinghai University Affiliated Hospital"", ""source_url"": ""https://ror.org/000j1tr86"", ""status"": ""review_required"", ""reason"": ""Reference-only name; not approved for resolution""}]",False,https://beian.cfdi.org.cn/CTMDS/pub/PUB010100.do?method=handle06&curPage=4&pageSize=100,2026-09-05,"Snapshot identity only; not all aliases, trial participation or current eligibility"
cnha-cfdi-6ef322c1c0a803337014291145fcc92a,深圳市前海蛇口自贸区医院,药临床机构备字2021000036,filed,confirmed_against_filing_snapshot,,deferred_not_required_for_identity,0,[],False,https://beian.cfdi.org.cn/CTMDS/pub/PUB010100.do?method=handle06&curPage=11&pageSize=100,2026-09-05,"Snapshot identity only; not all aliases, trial participation or current eligibility"
cnha-cfdi-6ef3ba1fc0a803335a951950d4a738de,安徽医科大学第二附属医院,药临床机构备字2019000021,filed,confirmed_against_filing_snapshot,,deferred_not_required_for_identity,0,"[{""hospital_id"": ""cnha-cfdi-6ef3ba1fc0a803335a951950d4a738de"", ""official_name"": ""安徽医科大学第二附属医院"", ""candidate_alias"": ""Second Affiliated Hospital of Anhui Medical University"", ""source_url"": ""https://ror.org/047aw1y82"", ""status"": ""review_required"", ""reason"": ""Reference-only name; not approved for resolution""}, {""hospital_id"": ""cnha-cfdi-6ef3ba1fc0a803335a951950d4a738de"", ""official_name"": ""安徽医科大学第二附属医院"", ""candidate_alias"": ""Second Hospital of Anhui Medical University"", ""source_url"": ""https://ror.org/047aw1y82"", ""status"": ""review_required"", ""reason"": ""Reference-only name; not approved for resolution""}]",False,https://beian.cfdi.org.cn/CTMDS/pub/PUB010100.do?method=handle06&curPage=1&pageSize=100,2026-09-05,"Snapshot identity only; not all aliases, trial participation or current eligibility"
cnha-cfdi-6efb4dd1c0a802331629ea086855cdd0,洛阳市偃师区中医院,药临床机构备字2023000162,filed,confirmed_against_filing_snapshot,,deferred_not_required_for_identity,0,[],False,https://beian.cfdi.org.cn/CTMDS/pub/PUB010100.do?method=handle06&curPage=14&pageSize=100,2026-09-05,"Snapshot identity only; not all aliases, trial participation or current eligibility"
cnha-cfdi-6f0f5fcbc0a80333441420e40a83ed4b,北京中医医院内蒙古医院（巴彦淖尔市中医医院、巴彦淖尔市中医药研究所）,药临床机构备字2024000026,filed,confirmed_against_filing_snapshot,,deferred_not_required_for_identity,2,"[{""hospital_id"": ""cnha-cfdi-6f0f5fcbc0a80333441420e40a83ed4b"", ""official_name"": ""北京中医医院内蒙古医院（巴彦淖尔市中医医院、巴彦淖尔市中医药研究所）"", ""candidate_alias"": ""巴彦淖尔市中医药研究所"", ""source_url"": ""https://beian.cfdi.org.cn/CTMDS/pub/PUB010100.do?method=handle06&curPage=15&pageSize=100"", ""status"": ""review_required"", ""reason"": ""Reference-only name; not approved for resolution""}]",False,https://beian.cfdi.org.cn/CTMDS/pub/PUB010100.do?method=handle06&curPage=15&pageSize=100,2026-09-05,"Snapshot identity only; not all aliases, trial participation or current eligibility"
cnha-cfdi-6f123361c0a8033301dca0f48216c258,成都市第二人民医院、成都市第二人民医院皮肤病医院、四川仁济医院、成都市第二人民医院互联网医院,药临床机构备字2020000708,filed,confirmed_against_filing_snapshot,,deferred_not_required_for_identity,3,"[{""hospital_id"": ""cnha-cfdi-6f123361c0a8033301dca0f48216c258"", ""official_name"": ""成都市第二人民医院、成都市第二人民医院皮肤病医院、四川仁济医院、成都市第二人民医院互联网医院"", ""candidate_alias"": ""成都市第二人民医院互联网医院"", ""source_url"": ""https://beian.cfdi.org.cn/CTMDS/pub/PUB010100.do?method=handle06&curPage=8&pageSize=100"", ""status"": ""review_required"", ""reason"": ""Reference-only name; not approved for resolution""}, {""hospital_id"": ""cnha-cfdi-6f123361c0a8033301dca0f48216c258"", ""official_name"": ""成都市第二人民医院、成都市第二人民医院皮肤病医院、四川仁济医院、成都市第二人民医院互联网医院"", ""candidate_alias"": ""CSPH"", ""source_url"": ""https://ror.org/02q28q956"", ""status"": ""review_required"", ""reason"": ""Reference-only name; not approved for resolution""}, {""hospital_id"": ""cnha-cfdi-6f123361c0a8033301dca0f48216c258"", ""official_name"": ""成都市第二人民医院、成都市第二人民医院皮肤病医院、四川仁济医院、成都市第二人民医院互联网医院"", ""candidate_alias"": ""Chengdu Second People's Hospital"", ""source_url"": ""https://ror.org/02q28q956"", ""status"": ""review_required"", ""reason"": ""Reference-only name; not approved for resolution""}]",False,https://beian.cfdi.org.cn/CTMDS/pub/PUB010100.do?method=handle06&curPage=8&pageSize=100,2026-09-05,"Snapshot identity only; not all aliases, trial participation or current eligibility"
cnha-cfdi-6f1a1b27c0a8033376afd03d0494b65c,于都县人民医院,药临床机构备字2026000072,filed,confirmed_against_filing_snapshot,,deferred_not_required_for_identity,0,[],False,https://beian.cfdi.org.cn/CTMDS/pub/PUB010100.do?method=handle06&curPage=20&pageSize=100,2026-09-05,"Snapshot identity only; not all aliases, trial participation or current eligibility"
cnha-cfdi-6fa97338c0a80333236fb8630457acfa,北大荒集团总医院(黑龙江省第二肿瘤医院、北大荒集团总医院互联网医院）,药临床机构备字2025000224,filed,confirmed_against_filing_snapshot,,deferred_not_required_for_identity,2,"[{""hospital_id"": ""cnha-cfdi-6fa97338c0a80333236fb8630457acfa"", ""official_name"": ""北大荒集团总医院(黑龙江省第二肿瘤医院、北大荒集团总医院互联网医院）"", ""candidate_alias"": ""北大荒集团总医院互联网医院"", ""source_url"": ""https://beian.cfdi.org.cn/CTMDS/pub/PUB010100.do?method=handle06&curPage=19&pageSize=100"", ""status"": ""review_required"", ""reason"": ""Reference-only name; not approved for resolution""}]",False,https://beian.cfdi.org.cn/CTMDS/pub/PUB010100.do?method=handle06&curPage=19&pageSize=100,2026-09-05,"Snapshot identity only; not all aliases, trial participation or current eligibility"
cnha-cfdi-6fab3c9ec0a803335e49d0d3ed4d78ed,大庆油田总医院,药临床机构备字2020000083,filed,confirmed_against_filing_snapshot,,deferred_not_required_for_identity,0,[],False,https://beian.cfdi.org.cn/CTMDS/pub/PUB010100.do?method=handle06&curPage=2&pageSize=100,2026-09-05,"Snapshot identity only; not all aliases, trial participation or current eligibility"
cnha-cfdi-701d362ec0a803337327825a8eee4ae7,河南省疾病预防控制中心,药临床机构备字2019000061,filed,confirmed_against_filing_snapshot,,deferred_not_required_for_identity,0,[],False,https://beian.cfdi.org.cn/CTMDS/pub/PUB010100.do?method=handle06&curPage=1&pageSize=100,2026-09-05,"Snapshot identity only; not all aliases, trial participation or current eligibility"
cnha-cfdi-702c2ee5c0a803337e6a6f9022b54d12,南方医科大学第八附属医院（佛山市顺德区第一人民医院）,药临床机构备字2020000279,filed,confirmed_against_filing_snapshot,,deferred_not_required_for_identity,2,[],False,https://beian.cfdi.org.cn/CTMDS/pub/PUB010100.do?method=handle06&curPage=4&pageSize=100,2026-09-05,"Snapshot identity only; not all aliases, trial participation or current eligibility"
cnha-cfdi-70e39a82c0a803330674843fa2ceba5a,西安大兴医院,药临床机构备字2020000575,filed,confirmed_against_filing_snapshot,,deferred_not_required_for_identity,0,[],False,https://beian.cfdi.org.cn/CTMDS/pub/PUB010100.do?method=handle06&curPage=7&pageSize=100,2026-09-05,"Snapshot identity only; not all aliases, trial participation or current eligibility"
cnha-cfdi-70e612ecc0a803333bfecdc7f8019ea6,公安县中医医院,药临床机构备字2026000166,filed,confirmed_against_filing_snapshot,,deferred_not_required_for_identity,0,[],False,https://beian.cfdi.org.cn/CTMDS/pub/PUB010100.do?method=handle06&curPage=21&pageSize=100,2026-09-05,"Snapshot identity only; not all aliases, trial participation or current eligibility"
cnha-cfdi-711e3b3bc0a803336c9780b99cf0e353,蒙自市人民医院,药临床机构备字2025000261,filed,confirmed_against_filing_snapshot,,deferred_not_required_for_identity,0,[],False,https://beian.cfdi.org.cn/CTMDS/pub/PUB010100.do?method=handle06&curPage=19&pageSize=100,2026-09-05,"Snapshot identity only; not all aliases, trial participation or current eligibility"
cnha-cfdi-71459876c0a803331478331a585293db,云南省第三人民医院,药临床机构备字2020000254,filed,confirmed_against_filing_snapshot,,deferred_not_required_for_identity,0,"[{""hospital_id"": ""cnha-cfdi-71459876c0a803331478331a585293db"", ""official_name"": ""云南省第三人民医院"", ""candidate_alias"": ""Third People's Hospital of Yunnan Province"", ""source_url"": ""https://ror.org/0555qme52"", ""status"": ""review_required"", ""reason"": ""Reference-only name; not approved for resolution""}, {""hospital_id"": ""cnha-cfdi-71459876c0a803331478331a585293db"", ""official_name"": ""云南省第三人民医院"", ""candidate_alias"": ""Yunnan Third People's Hospital"", ""source_url"": ""https://ror.org/0555qme52"", ""status"": ""review_required"", ""reason"": ""Reference-only name; not approved for resolution""}]",False,https://beian.cfdi.org.cn/CTMDS/pub/PUB010100.do?method=handle06&curPage=4&pageSize=100,2026-09-05,"Snapshot identity only; not all aliases, trial participation or current eligibility"
cnha-cfdi-71549e78c0a8033366cbc70000bf41d2,新昌县人民医院,药临床机构备字2023000280,filed,confirmed_against_filing_snapshot,,deferred_not_required_for_identity,0,[],False,https://beian.cfdi.org.cn/CTMDS/pub/PUB010100.do?method=handle06&curPage=15&pageSize=100,2026-09-05,"Snapshot identity only; not all aliases, trial participation or current eligibility"
cnha-cfdi-7170125fc0a803331495abb8ef0e6b22,衢州市柯城区人民医院,药临床机构备字2024000110,filed,confirmed_against_filing_snapshot,,deferred_not_required_for_identity,0,[],False,https://beian.cfdi.org.cn/CTMDS/pub/PUB010100.do?method=handle06&curPage=16&pageSize=100,2026-09-05,"Snapshot identity only; not all aliases, trial participation or current eligibility"
cnha-cfdi-71cd9c42c0a803337830e9350ec839d4,青岛市市立医院,药临床机构备字2020000154,filed,confirmed_against_filing_snapshot,,deferred_not_required_for_identity,0,[],False,https://beian.cfdi.org.cn/CTMDS/pub/PUB010100.do?method=handle06&curPage=3&pageSize=100,2026-09-05,"Snapshot identity only; not all aliases, trial participation or current eligibility"
cnha-cfdi-71f2171dc0a80333013e8d91468868da,福建省儿童医院,药临床机构备字2023000101,filed,confirmed_against_filing_snapshot,,deferred_not_required_for_identity,0,[],False,https://beian.cfdi.org.cn/CTMDS/pub/PUB010100.do?method=handle06&curPage=14&pageSize=100,2026-09-05,"Snapshot identity only; not all aliases, trial participation or current eligibility"
cnha-cfdi-7220d9d0c0a8033324a3248160dcd917,西安交通大学第一附属医院榆林医院,药临床机构备字2025000138,filed,confirmed_against_filing_snapshot,,deferred_not_required_for_identity,0,[],False,https://beian.cfdi.org.cn/CTMDS/pub/PUB010100.do?method=handle06&curPage=18&pageSize=100,2026-09-05,"Snapshot identity only; not all aliases, trial participation or current eligibility"
cnha-cfdi-72402946c0a80333358e0b3c7b0e665c,河北医科大学第四医院（河北省肿瘤医院）,药临床机构备字2020000145,filed,confirmed_against_filing_snapshot,,deferred_not_required_for_identity,2,"[{""hospital_id"": ""cnha-cfdi-72402946c0a80333358e0b3c7b0e665c"", ""official_name"": ""河北医科大学第四医院（河北省肿瘤医院）"", ""candidate_alias"": ""Fourth Hospital of Hebei Medical University"", ""source_url"": ""https://ror.org/01mdjbm03"", ""status"": ""review_required"", ""reason"": ""Reference-only name; not approved for resolution""}, {""hospital_id"": ""cnha-cfdi-72402946c0a80333358e0b3c7b0e665c"", ""official_name"": ""河北医科大学第四医院（河北省肿瘤医院）"", ""candidate_alias"": ""Tumor Hospital of Hebei"", ""source_url"": ""https://ror.org/01mdjbm03"", ""status"": ""review_required"", ""reason"": ""Reference-only name; not approved for resolution""}]",False,https://beian.cfdi.org.cn/CTMDS/pub/PUB010100.do?method=handle06&curPage=3&pageSize=100,2026-09-05,"Snapshot identity only; not all aliases, trial participation or current eligibility"
cnha-cfdi-724a3ab3c0a80333232f96ab34303977,四川大学华西第二医院,药临床机构备字2020000428,filed,confirmed_against_filing_snapshot,,deferred_not_required_for_identity,0,[],False,https://beian.cfdi.org.cn/CTMDS/pub/PUB010100.do?method=handle06&curPage=5&pageSize=100,2026-09-05,"Snapshot identity only; not all aliases, trial participation or current eligibility"
cnha-cfdi-7324f28ec0a803337253b5de2798a8ad,南京市高淳人民医院,药临床机构备字2021000162,filed,confirmed_against_filing_snapshot,,deferred_not_required_for_identity,0,[],False,https://beian.cfdi.org.cn/CTMDS/pub/PUB010100.do?method=handle06&curPage=11&pageSize=100,2026-09-05,"Snapshot identity only; not all aliases, trial participation or current eligibility"
cnha-cfdi-73493c6ec0a803331cb2c67e96698d50,保山市隆阳区妇幼保健院(保山市隆阳区妇幼保健计划生育服务中心、保山市隆阳区妇女儿童医院),药临床机构备字2026000176,filed,confirmed_against_filing_snapshot,,deferred_not_required_for_identity,2,"[{""hospital_id"": ""cnha-cfdi-73493c6ec0a803331cb2c67e96698d50"", ""official_name"": ""保山市隆阳区妇幼保健院(保山市隆阳区妇幼保健计划生育服务中心、保山市隆阳区妇女儿童医院)"", ""candidate_alias"": ""保山市隆阳区妇幼保健计划生育服务中心"", ""source_url"": ""https://beian.cfdi.org.cn/CTMDS/pub/PUB010100.do?method=handle06&curPage=21&pageSize=100"", ""status"": ""review_required"", ""reason"": ""Reference-only name; not approved for resolution""}]",False,https://beian.cfdi.org.cn/CTMDS/pub/PUB010100.do?method=handle06&curPage=21&pageSize=100,2026-09-05,"Snapshot identity only; not all aliases, trial participation or current eligibility"
cnha-cfdi-736402b6c0a80333241dfe7082a65bd0,湖南省职业病防治院,药临床机构备字2020000627,filed,confirmed_against_filing_snapshot,,deferred_not_required_for_identity,0,[],False,https://beian.cfdi.org.cn/CTMDS/pub/PUB010100.do?method=handle06&curPage=7&pageSize=100,2026-09-05,"Snapshot identity only; not all aliases, trial participation or current eligibility"
cnha-cfdi-73d188f7c0a8033314e4be82cd7893c6,凉山彝族自治州第一人民医院药物临床试验机构,药临床机构备字2025000291,filed,confirmed_against_filing_snapshot,,deferred_not_required_for_identity,0,[],False,https://beian.cfdi.org.cn/CTMDS/pub/PUB010100.do?method=handle06&curPage=19&pageSize=100,2026-09-05,"Snapshot identity only; not all aliases, trial participation or current eligibility"
cnha-cfdi-751d3d87c0a8033302a8852714b733f6,诸暨市中医医院,药临床机构备字2020000823,filed,confirmed_against_filing_snapshot,,deferred_not_required_for_identity,0,[],False,https://beian.cfdi.org.cn/CTMDS/pub/PUB010100.do?method=handle06&curPage=9&pageSize=100,2026-09-05,"Snapshot identity only; not all aliases, trial participation or current eligibility"
cnha-cfdi-755372f8c0a80333627d883716d6e4d4,辽宁省健康产业集团铁煤总医院,药临床机构备字2022000088,filed,confirmed_against_filing_snapshot,,deferred_not_required_for_identity,0,[],False,https://beian.cfdi.org.cn/CTMDS/pub/PUB010100.do?method=handle06&curPage=12&pageSize=100,2026-09-05,"Snapshot identity only; not all aliases, trial participation or current eligibility"
cnha-cfdi-760fd37fc0a80333006f949033094c39,济南市儿童医院（山东大学附属儿童医院）,药临床机构备字2021000049,filed,confirmed_against_filing_snapshot,,deferred_not_required_for_identity,2,[],False,https://beian.cfdi.org.cn/CTMDS/pub/PUB010100.do?method=handle06&curPage=11&pageSize=100,2026-09-05,"Snapshot identity only; not all aliases, trial participation or current eligibility"
cnha-cfdi-7680b7dcc0a803332e2abc396b126cff,荆门市人民医院,药临床机构备字2024000129,filed,confirmed_against_filing_snapshot,,deferred_not_required_for_identity,0,[],False,https://beian.cfdi.org.cn/CTMDS/pub/PUB010100.do?method=handle06&curPage=16&pageSize=100,2026-09-05,"Snapshot identity only; not all aliases, trial participation or current eligibility"
cnha-cfdi-7682d461c0a803336711237eea2847de,宁波大学附属阳明医院（余姚市人民医院）,药临床机构备字2023000090,filed,confirmed_against_filing_snapshot,,deferred_not_required_for_identity,2,[],False,https://beian.cfdi.org.cn/CTMDS/pub/PUB010100.do?method=handle06&curPage=14&pageSize=100,2026-09-05,"Snapshot identity only; not all aliases, trial participation or current eligibility"
cnha-cfdi-769c4026c0a8033301555339308a3432,湖南中医药大学第二附属医院,药临床机构备字2020000822,filed,confirmed_against_filing_snapshot,,deferred_not_required_for_identity,0,[],False,https://beian.cfdi.org.cn/CTMDS/pub/PUB010100.do?method=handle06&curPage=9&pageSize=100,2026-09-05,"Snapshot identity only; not all aliases, trial participation or current eligibility"
cnha-cfdi-76f37228c0a8033349e0bff389f80316,深圳市罗湖区人民医院,药临床机构备字2020000383,filed,confirmed_against_filing_snapshot,,deferred_not_required_for_identity,0,[],False,https://beian.cfdi.org.cn/CTMDS/pub/PUB010100.do?method=handle06&curPage=5&pageSize=100,2026-09-05,"Snapshot identity only; not all aliases, trial participation or current eligibility"
cnha-cfdi-7936507bc0a8033358937188b6d00703,红河哈尼族彝族自治州第三人民医院,药临床机构备字2022000102,filed,confirmed_against_filing_snapshot,,deferred_not_required_for_identity,0,[],False,https://beian.cfdi.org.cn/CTMDS/pub/PUB010100.do?method=handle06&curPage=12&pageSize=100,2026-09-05,"Snapshot identity only; not all aliases, trial participation or current eligibility"
cnha-cfdi-7b0faa7bc0a8033344f1a8c2a6756b7e,北京市昌平区医院,药临床机构备字2021000019,filed,confirmed_against_filing_snapshot,,deferred_not_required_for_identity,0,[],False,https://beian.cfdi.org.cn/CTMDS/pub/PUB010100.do?method=handle06&curPage=10&pageSize=100,2026-09-05,"Snapshot identity only; not all aliases, trial participation or current eligibility"
cnha-cfdi-7b852e13c0a802333a7931f39c8a44db,岳池县人民医院,药临床机构备字2020000431,filed,confirmed_against_filing_snapshot,,deferred_not_required_for_identity,0,[],False,https://beian.cfdi.org.cn/CTMDS/pub/PUB010100.do?method=handle06&curPage=5&pageSize=100,2026-09-05,"Snapshot identity only; not all aliases, trial participation or current eligibility"
cnha-cfdi-7cd5f605c0a8033313b6b64d97e193fe,台州市第一人民医院,药临床机构备字2020000949,filed,confirmed_against_filing_snapshot,,deferred_not_required_for_identity,0,"[{""hospital_id"": ""cnha-cfdi-7cd5f605c0a8033313b6b64d97e193fe"", ""official_name"": ""台州市第一人民医院"", ""candidate_alias"": ""First People's Hospital Taizhou"", ""source_url"": ""https://ror.org/04jyt7608"", ""status"": ""review_required"", ""reason"": ""Reference-only name; not approved for resolution""}, {""hospital_id"": ""cnha-cfdi-7cd5f605c0a8033313b6b64d97e193fe"", ""official_name"": ""台州市第一人民医院"", ""candidate_alias"": ""Hospital of Wenzhou Medical College Huangyan"", ""source_url"": ""https://ror.org/04jyt7608"", ""status"": ""review_required"", ""reason"": ""Reference-only name; not approved for resolution""}, {""hospital_id"": ""cnha-cfdi-7cd5f605c0a8033313b6b64d97e193fe"", ""official_name"": ""台州市第一人民医院"", ""candidate_alias"": ""Taizhou First People's Hospital"", ""source_url"": ""https://ror.org/04jyt7608"", ""status"": ""review_required"", ""reason"": ""Reference-only name; not approved for resolution""}]",False,https://beian.cfdi.org.cn/CTMDS/pub/PUB010100.do?method=handle06&curPage=10&pageSize=100,2026-09-05,"Snapshot identity only; not all aliases, trial participation or current eligibility"
cnha-cfdi-7cd8549ac0a803334bcbd7864a8c1a2c,郑州市中医院（郑州市红十字医院）,药临床机构备字2021000008,filed,confirmed_against_filing_snapshot,,deferred_not_required_for_identity,2,"[{""hospital_id"": ""cnha-cfdi-7cd8549ac0a803334bcbd7864a8c1a2c"", ""official_name"": ""郑州市中医院（郑州市红十字医院）"", ""candidate_alias"": ""Zhengzhou City Hospital"", ""source_url"": ""https://ror.org/01z5evd58"", ""status"": ""review_required"", ""reason"": ""Reference-only name; not approved for resolution""}, {""hospital_id"": ""cnha-cfdi-7cd8549ac0a803334bcbd7864a8c1a2c"", ""official_name"": ""郑州市中医院（郑州市红十字医院）"", ""candidate_alias"": ""Zhengzhou Red Cross Hospital"", ""source_url"": ""https://ror.org/01z5evd58"", ""status"": ""review_required"", ""reason"": ""Reference-only name; not approved for resolution""}, {""hospital_id"": ""cnha-cfdi-7cd8549ac0a803334bcbd7864a8c1a2c"", ""official_name"": ""郑州市中医院（郑州市红十字医院）"", ""candidate_alias"": ""Zhengzhou Traditional Chinese Medicine Hospital"", ""source_url"": ""https://ror.org/01z5evd58"", ""status"": ""review_required"", ""reason"": ""Reference-only name; not approved for resolution""}]",False,https://beian.cfdi.org.cn/CTMDS/pub/PUB010100.do?method=handle06&curPage=10&pageSize=100,2026-09-05,"Snapshot identity only; not all aliases, trial participation or current eligibility"
cnha-cfdi-7ceaf23ec0a8033333aba3b60f0ec08c,荆州市中心医院（长江大学附属荆州医院）,药临床机构备字2020000285,filed,confirmed_against_filing_snapshot,,deferred_not_required_for_identity,2,"[{""hospital_id"": ""cnha-cfdi-7ceaf23ec0a8033333aba3b60f0ec08c"", ""official_name"": ""荆州市中心医院（长江大学附属荆州医院）"", ""candidate_alias"": ""Jingzhou Central Hospital"", ""source_url"": ""https://ror.org/04gnkpp77"", ""status"": ""review_required"", ""reason"": ""Reference-only name; not approved for resolution""}]",False,https://beian.cfdi.org.cn/CTMDS/pub/PUB010100.do?method=handle06&curPage=4&pageSize=100,2026-09-05,"Snapshot identity only; not all aliases, trial participation or current eligibility"
cnha-cfdi-7d01f4c8c0a803332b5a21d370d41a1c,四川省疾病预防控制中心,药临床机构备字2019000038,filed,confirmed_against_filing_snapshot,,deferred_not_required_for_identity,0,[],False,https://beian.cfdi.org.cn/CTMDS/pub/PUB010100.do?method=handle06&curPage=1&pageSize=100,2026-09-05,"Snapshot identity only; not all aliases, trial participation or current eligibility"
cnha-cfdi-7d0b15c5c0a8033334dcae1229e824d8,齐齐哈尔医学院附属第一医院,药临床机构备字2023000006,filed,confirmed_against_filing_snapshot,,deferred_not_required_for_identity,0,[],False,https://beian.cfdi.org.cn/CTMDS/pub/PUB010100.do?method=handle06&curPage=13&pageSize=100,2026-09-05,"Snapshot identity only; not all aliases, trial participation or current eligibility"
cnha-cfdi-7d137124c0a80333539fcd8a474e028d,武汉市金银潭医院（武汉市传染病医院）,药临床机构备字2019000052,filed,confirmed_against_filing_snapshot,,deferred_not_required_for_identity,2,"[{""hospital_id"": ""cnha-cfdi-7d137124c0a80333539fcd8a474e028d"", ""official_name"": ""武汉市金银潭医院（武汉市传染病医院）"", ""candidate_alias"": ""Jinyintan Hospital"", ""source_url"": ""https://ror.org/038p1ty61"", ""status"": ""review_required"", ""reason"": ""Reference-only name; not approved for resolution""}, {""hospital_id"": ""cnha-cfdi-7d137124c0a80333539fcd8a474e028d"", ""official_name"": ""武汉市金银潭医院（武汉市传染病医院）"", ""candidate_alias"": ""Wuhan Jinyintan Hospital"", ""source_url"": ""https://ror.org/038p1ty61"", ""status"": ""review_required"", ""reason"": ""Reference-only name; not approved for resolution""}, {""hospital_id"": ""cnha-cfdi-7d137124c0a80333539fcd8a474e028d"", ""official_name"": ""武汉市金银潭医院（武汉市传染病医院）"", ""candidate_alias"": ""Wuhan Medical Treatment Center"", ""source_url"": ""https://ror.org/038p1ty61"", ""status"": ""review_required"", ""reason"": ""Reference-only name; not approved for resolution""}]",False,https://beian.cfdi.org.cn/CTMDS/pub/PUB010100.do?method=handle06&curPage=1&pageSize=100,2026-09-05,"Snapshot identity only; not all aliases, trial participation or current eligibility"
cnha-cfdi-7d14fb97c0a8033363a1d04e22268de6,广州医科大学附属第四医院,药临床机构备字2025000102,filed,confirmed_against_filing_snapshot,,deferred_not_required_for_identity,0,[],False,https://beian.cfdi.org.cn/CTMDS/pub/PUB010100.do?method=handle06&curPage=18&pageSize=100,2026-09-05,"Snapshot identity only; not all aliases, trial participation or current eligibility"
cnha-cfdi-7d1fd611c0a803337bb42650b3e6fbda,上海市静安区闸北中心医院,药临床机构备字2020000772,filed,confirmed_against_filing_snapshot,,deferred_not_required_for_identity,0,[],False,https://beian.cfdi.org.cn/CTMDS/pub/PUB010100.do?method=handle06&curPage=8&pageSize=100,2026-09-05,"Snapshot identity only; not all aliases, trial participation or current eligibility"
cnha-cfdi-7d28cebac0a803335ddebd07284e5b86,中国人民解放军总医院第三医学中心,药临床机构备字2020000184,filed,confirmed_against_filing_snapshot,,deferred_not_required_for_identity,0,[],False,https://beian.cfdi.org.cn/CTMDS/pub/PUB010100.do?method=handle06&curPage=3&pageSize=100,2026-09-05,"Snapshot identity only; not all aliases, trial participation or current eligibility"
cnha-cfdi-7d2c0295c0a803332efa1bd1e091c78e,徐州市传染病医院（徐州市第七人民医院）,药临床机构备字2020000905,filed,confirmed_against_filing_snapshot,,deferred_not_required_for_identity,2,[],False,https://beian.cfdi.org.cn/CTMDS/pub/PUB010100.do?method=handle06&curPage=10&pageSize=100,2026-09-05,"Snapshot identity only; not all aliases, trial participation or current eligibility"
cnha-cfdi-7d91501ec0a8033358a9ffad44d0f532,四川省妇幼保健院,药临床机构备字2020000278,filed,confirmed_against_filing_snapshot,,deferred_not_required_for_identity,0,"[{""hospital_id"": ""cnha-cfdi-7d91501ec0a8033358a9ffad44d0f532"", ""official_name"": ""四川省妇幼保健院"", ""candidate_alias"": ""Maternal and Child Health Hospital of Sichuan Province"", ""source_url"": ""https://ror.org/02taaxx56"", ""status"": ""review_required"", ""reason"": ""Reference-only name; not approved for resolution""}, {""hospital_id"": ""cnha-cfdi-7d91501ec0a8033358a9ffad44d0f532"", ""official_name"": ""四川省妇幼保健院"", ""candidate_alias"": ""Sichuan MCH"", ""source_url"": ""https://ror.org/02taaxx56"", ""status"": ""review_required"", ""reason"": ""Reference-only name; not approved for resolution""}]",False,https://beian.cfdi.org.cn/CTMDS/pub/PUB010100.do?method=handle06&curPage=4&pageSize=100,2026-09-05,"Snapshot identity only; not all aliases, trial participation or current eligibility"
cnha-cfdi-7d960a6cc0a803333c09ac6228e51753,福州大学附属省立医院,药临床机构备字2020000902,filed,confirmed_against_filing_snapshot,,deferred_not_required_for_identity,1,"[{""hospital_id"": ""cnha-cfdi-7d960a6cc0a803333c09ac6228e51753"", ""official_name"": ""福州大学附属省立医院"", ""candidate_alias"": ""Fujian Provincial Hospital"", ""source_url"": ""https://ror.org/045wzwx52"", ""status"": ""review_required"", ""reason"": ""Reference-only name; not approved for resolution""}]",False,https://beian.cfdi.org.cn/CTMDS/pub/PUB010100.do?method=handle06&curPage=10&pageSize=100,2026-09-05,"Snapshot identity only; not all aliases, trial participation or current eligibility"
cnha-cfdi-7e340086c0a803333f856f0c7da32239,台州市立医院,药临床机构备字2020000963,filed,confirmed_against_filing_snapshot,,deferred_not_required_for_identity,0,[],False,https://beian.cfdi.org.cn/CTMDS/pub/PUB010100.do?method=handle06&curPage=10&pageSize=100,2026-09-05,"Snapshot identity only; not all aliases, trial participation or current eligibility"
cnha-cfdi-7e63b728c0a803330905d85f03cad939,南宁市第八人民医院,药临床机构备字2024000049,filed,confirmed_against_filing_snapshot,,deferred_not_required_for_identity,0,[],False,https://beian.cfdi.org.cn/CTMDS/pub/PUB010100.do?method=handle06&curPage=15&pageSize=100,2026-09-05,"Snapshot identity only; not all aliases, trial participation or current eligibility"
cnha-cfdi-7e65ea0bc0a803331ae52d09af9b63dc,襄阳市中心医院,药临床机构备字2020000070,filed,confirmed_against_filing_snapshot,,deferred_not_required_for_identity,0,[],False,https://beian.cfdi.org.cn/CTMDS/pub/PUB010100.do?method=handle06&curPage=2&pageSize=100,2026-09-05,"Snapshot identity only; not all aliases, trial participation or current eligibility"
cnha-cfdi-7e8f7212c0a803333e8671c9cd2ca0c8,资阳市中心医院,药临床机构备字2023000048,filed,confirmed_against_filing_snapshot,,deferred_not_required_for_identity,0,[],False,https://beian.cfdi.org.cn/CTMDS/pub/PUB010100.do?method=handle06&curPage=13&pageSize=100,2026-09-05,"Snapshot identity only; not all aliases, trial participation or current eligibility"
cnha-cfdi-7ef45157c0a80333369a0c2523b03917,华中科技大学同济医学院附属梨园医院,药临床机构备字2021000054,filed,confirmed_against_filing_snapshot,,deferred_not_required_for_identity,0,[],False,https://beian.cfdi.org.cn/CTMDS/pub/PUB010100.do?method=handle06&curPage=11&pageSize=100,2026-09-05,"Snapshot identity only; not all aliases, trial participation or current eligibility"
cnha-cfdi-7ffeb1eac0a8033362835f0842de6693,芜湖市第二人民医院,药临床机构备字2022000131,filed,confirmed_against_filing_snapshot,,deferred_not_required_for_identity,0,[],False,https://beian.cfdi.org.cn/CTMDS/pub/PUB010100.do?method=handle06&curPage=13&pageSize=100,2026-09-05,"Snapshot identity only; not all aliases, trial participation or current eligibility"
cnha-cfdi-80e0d7e7c0a803331dcf2361ad2b01f1,江苏省省级机关医院（南京医科大学附属老年医院）,药临床机构备字2020000748,filed,confirmed_against_filing_snapshot,,deferred_not_required_for_identity,2,"[{""hospital_id"": ""cnha-cfdi-80e0d7e7c0a803331dcf2361ad2b01f1"", ""official_name"": ""江苏省省级机关医院（南京医科大学附属老年医院）"", ""candidate_alias"": ""Jiangsu Provincial Authorities Hospital"", ""source_url"": ""https://ror.org/02aj9jk84"", ""status"": ""review_required"", ""reason"": ""Reference-only name; not approved for resolution""}]",False,https://beian.cfdi.org.cn/CTMDS/pub/PUB010100.do?method=handle06&curPage=8&pageSize=100,2026-09-05,"Snapshot identity only; not all aliases, trial participation or current eligibility"
cnha-cfdi-80ead6dec0a803332639cfd4358ee841,南京中医药大学第二附属医院（江苏省第二中医院）,药临床机构备字2023000204,filed,confirmed_against_filing_snapshot,,deferred_not_required_for_identity,2,[],False,https://beian.cfdi.org.cn/CTMDS/pub/PUB010100.do?method=handle06&curPage=15&pageSize=100,2026-09-05,"Snapshot identity only; not all aliases, trial participation or current eligibility"
cnha-cfdi-81326b24c0a8033375e400dcb1e1c070,自贡市第四人民医院,药临床机构备字2020000147,filed,confirmed_against_filing_snapshot,,deferred_not_required_for_identity,0,[],False,https://beian.cfdi.org.cn/CTMDS/pub/PUB010100.do?method=handle06&curPage=3&pageSize=100,2026-09-05,"Snapshot identity only; not all aliases, trial participation or current eligibility"
cnha-cfdi-81f985e5c0a803337f61a0d25febb6a6,广西中医药大学第一附属医院,药临床机构备字2020000235,filed,confirmed_against_filing_snapshot,,deferred_not_required_for_identity,0,"[{""hospital_id"": ""cnha-cfdi-81f985e5c0a803337f61a0d25febb6a6"", ""official_name"": ""广西中医药大学第一附属医院"", ""candidate_alias"": ""The First Affiliated Hospital of Guangxi University of Traditional Chinese Medicine"", ""source_url"": ""https://ror.org/01qh7se39"", ""status"": ""review_required"", ""reason"": ""Reference-only name; not approved for resolution""}]",False,https://beian.cfdi.org.cn/CTMDS/pub/PUB010100.do?method=handle06&curPage=4&pageSize=100,2026-09-05,"Snapshot identity only; not all aliases, trial participation or current eligibility"
cnha-cfdi-82123ae4c0a80333639777b4fe1971c4,洛阳市第一人民医院,药临床机构备字2020000313,filed,confirmed_against_filing_snapshot,,deferred_not_required_for_identity,0,[],False,https://beian.cfdi.org.cn/CTMDS/pub/PUB010100.do?method=handle06&curPage=4&pageSize=100,2026-09-05,"Snapshot identity only; not all aliases, trial participation or current eligibility"
cnha-cfdi-822ba78bc0a803335881d7e97cf532b0,重庆医科大学附属儿童医院,药临床机构备字2020000469,filed,confirmed_against_filing_snapshot,,deferred_not_required_for_identity,0,[],False,https://beian.cfdi.org.cn/CTMDS/pub/PUB010100.do?method=handle06&curPage=6&pageSize=100,2026-09-05,"Snapshot identity only; not all aliases, trial participation or current eligibility"
cnha-cfdi-82346455c0a8033371ca23d34ee9759e,武汉紫荆医院,药临床机构备字2022000005,filed,confirmed_against_filing_snapshot,,deferred_not_required_for_identity,0,[],False,https://beian.cfdi.org.cn/CTMDS/pub/PUB010100.do?method=handle06&curPage=12&pageSize=100,2026-09-05,"Snapshot identity only; not all aliases, trial participation or current eligibility"
cnha-cfdi-82480a76c0a8033370be380b204069a7,安徽省疾病预防控制中心（省预防医学科学院、省血吸虫病防治研究所）,药临床机构备字2020000980,filed,confirmed_against_filing_snapshot,,deferred_not_required_for_identity,0,[],False,https://beian.cfdi.org.cn/CTMDS/pub/PUB010100.do?method=handle06&curPage=10&pageSize=100,2026-09-05,"Snapshot identity only; not all aliases, trial participation or current eligibility"
cnha-cfdi-824a0588c0a8033360865623ff41eb0a,深圳市宝安区妇幼保健院,药临床机构备字2026000016,filed,confirmed_against_filing_snapshot,,deferred_not_required_for_identity,0,[],False,https://beian.cfdi.org.cn/CTMDS/pub/PUB010100.do?method=handle06&curPage=19&pageSize=100,2026-09-05,"Snapshot identity only; not all aliases, trial participation or current eligibility"
cnha-cfdi-8260827cc0a8033373363a83edc392d1,湖南省胸科医院,药临床机构备字2020000947,filed,confirmed_against_filing_snapshot,,deferred_not_required_for_identity,0,[],False,https://beian.cfdi.org.cn/CTMDS/pub/PUB010100.do?method=handle06&curPage=10&pageSize=100,2026-09-05,"Snapshot identity only; not all aliases, trial participation or current eligibility"
cnha-cfdi-8262816fc0a80333674bf72767903a94,武汉市中心医院,药临床机构备字2019000027,filed,confirmed_against_filing_snapshot,,deferred_not_required_for_identity,0,"[{""hospital_id"": ""cnha-cfdi-8262816fc0a80333674bf72767903a94"", ""official_name"": ""武汉市中心医院"", ""candidate_alias"": ""Central Hospital of Wuhan"", ""source_url"": ""https://ror.org/04qs2sz84"", ""status"": ""review_required"", ""reason"": ""Reference-only name; not approved for resolution""}]",False,https://beian.cfdi.org.cn/CTMDS/pub/PUB010100.do?method=handle06&curPage=1&pageSize=100,2026-09-05,"Snapshot identity only; not all aliases, trial participation or current eligibility"
cnha-cfdi-82736a3ac0a802330167c3659424b303,上饶市立医院,药临床机构备字2024000006,filed,confirmed_against_filing_snapshot,,deferred_not_required_for_identity,0,[],False,https://beian.cfdi.org.cn/CTMDS/pub/PUB010100.do?method=handle06&curPage=15&pageSize=100,2026-09-05,"Snapshot identity only; not all aliases, trial participation or current eligibility"
cnha-cfdi-8276ecddc0a803337fa137068b66aae1,山西省第五人民医院,药临床机构备字2026000030,filed,confirmed_against_filing_snapshot,,deferred_not_required_for_identity,0,[],False,https://beian.cfdi.org.cn/CTMDS/pub/PUB010100.do?method=handle06&curPage=20&pageSize=100,2026-09-05,"Snapshot identity only; not all aliases, trial participation or current eligibility"
cnha-cfdi-82858a10c0a80333704343317eb9df4b,南阳市第一人民医院,药临床机构备字2020000672,filed,confirmed_against_filing_snapshot,,deferred_not_required_for_identity,0,[],False,https://beian.cfdi.org.cn/CTMDS/pub/PUB010100.do?method=handle06&curPage=7&pageSize=100,2026-09-05,"Snapshot identity only; not all aliases, trial participation or current eligibility"
cnha-cfdi-82bcd157c0a8033371b678b2889343fb,武汉市第三医院,药临床机构备字2020000581,filed,confirmed_against_filing_snapshot,,deferred_not_required_for_identity,0,[],False,https://beian.cfdi.org.cn/CTMDS/pub/PUB010100.do?method=handle06&curPage=7&pageSize=100,2026-09-05,"Snapshot identity only; not all aliases, trial participation or current eligibility"
cnha-cfdi-83663745c0a803335dba82c795c74c48,临淄区妇幼保健院（齐都医院）,药临床机构备字2026000139,filed,confirmed_against_filing_snapshot,,deferred_not_required_for_identity,2,[],False,https://beian.cfdi.org.cn/CTMDS/pub/PUB010100.do?method=handle06&curPage=21&pageSize=100,2026-09-05,"Snapshot identity only; not all aliases, trial participation or current eligibility"
cnha-cfdi-83c0860bc0a8033360f9794df56395fd,天津市第四中心医院,药临床机构备字2020000582,filed,confirmed_against_filing_snapshot,,deferred_not_required_for_identity,0,"[{""hospital_id"": ""cnha-cfdi-83c0860bc0a8033360f9794df56395fd"", ""official_name"": ""天津市第四中心医院"", ""candidate_alias"": ""Tianjin Fourth Central Hospital"", ""source_url"": ""https://ror.org/02m9tqe79"", ""status"": ""review_required"", ""reason"": ""Reference-only name; not approved for resolution""}]",False,https://beian.cfdi.org.cn/CTMDS/pub/PUB010100.do?method=handle06&curPage=7&pageSize=100,2026-09-05,"Snapshot identity only; not all aliases, trial participation or current eligibility"
cnha-cfdi-83c1aec0c0a80333134ef7f6c188934c,邢台市中心医院（邢台医学院附属医院、邢台市心血管病医院）,药临床机构备字2023000008,filed,confirmed_against_filing_snapshot,,deferred_not_required_for_identity,3,[],False,https://beian.cfdi.org.cn/CTMDS/pub/PUB010100.do?method=handle06&curPage=13&pageSize=100,2026-09-05,"Snapshot identity only; not all aliases, trial participation or current eligibility"
cnha-cfdi-83c58061c0a803335c7f6c1301fecc6f,浙江省人民医院毕节医院,药临床机构备字2023000227,filed,confirmed_against_filing_snapshot,,deferred_not_required_for_identity,0,[],False,https://beian.cfdi.org.cn/CTMDS/pub/PUB010100.do?method=handle06&curPage=15&pageSize=100,2026-09-05,"Snapshot identity only; not all aliases, trial participation or current eligibility"
cnha-cfdi-83c68b1cc0a803331499073eb96b0c01,宜春市人民医院,药临床机构备字2020000057,filed,confirmed_against_filing_snapshot,,deferred_not_required_for_identity,0,[],False,https://beian.cfdi.org.cn/CTMDS/pub/PUB010100.do?method=handle06&curPage=2&pageSize=100,2026-09-05,"Snapshot identity only; not all aliases, trial participation or current eligibility"
cnha-cfdi-83ec3901c0a803331770e5dcc869ea8c,攀钢集团总医院,药临床机构备字2020000430,filed,confirmed_against_filing_snapshot,,deferred_not_required_for_identity,0,[],False,https://beian.cfdi.org.cn/CTMDS/pub/PUB010100.do?method=handle06&curPage=5&pageSize=100,2026-09-05,"Snapshot identity only; not all aliases, trial participation or current eligibility"
cnha-cfdi-83f92b12c0a8033364e699f15ddf2d0c,湘潭市妇幼保健院,药临床机构备字2025000172,filed,confirmed_against_filing_snapshot,,deferred_not_required_for_identity,0,[],False,https://beian.cfdi.org.cn/CTMDS/pub/PUB010100.do?method=handle06&curPage=18&pageSize=100,2026-09-05,"Snapshot identity only; not all aliases, trial participation or current eligibility"
cnha-cfdi-8405efd2c0a8033308b69057bb59332f,泰康同济（武汉）医院,药临床机构备字2026000108,filed,confirmed_against_filing_snapshot,,deferred_not_required_for_identity,0,[],False,https://beian.cfdi.org.cn/CTMDS/pub/PUB010100.do?method=handle06&curPage=20&pageSize=100,2026-09-05,"Snapshot identity only; not all aliases, trial participation or current eligibility"
cnha-cfdi-8411957ac0a803331e837ff978318cf4,海南省人民医院,药临床机构备字2020000187,filed,confirmed_against_filing_snapshot,,deferred_not_required_for_identity,0,"[{""hospital_id"": ""cnha-cfdi-8411957ac0a803331e837ff978318cf4"", ""official_name"": ""海南省人民医院"", ""candidate_alias"": ""Hainan General Hospital"", ""source_url"": ""https://ror.org/030sr2v21"", ""status"": ""review_required"", ""reason"": ""Reference-only name; not approved for resolution""}]",False,https://beian.cfdi.org.cn/CTMDS/pub/PUB010100.do?method=handle06&curPage=3&pageSize=100,2026-09-05,"Snapshot identity only; not all aliases, trial participation or current eligibility"
cnha-cfdi-846375bac0a803337464390230129518,佛山市第二人民医院,药临床机构备字2026000002,filed,confirmed_against_filing_snapshot,,deferred_not_required_for_identity,0,"[{""hospital_id"": ""cnha-cfdi-846375bac0a803337464390230129518"", ""official_name"": ""佛山市第二人民医院"", ""candidate_alias"": ""Foshan Second People's Hospital"", ""source_url"": ""https://ror.org/03h7jyq46"", ""status"": ""review_required"", ""reason"": ""Reference-only name; not approved for resolution""}]",False,https://beian.cfdi.org.cn/CTMDS/pub/PUB010100.do?method=handle06&curPage=19&pageSize=100,2026-09-05,"Snapshot identity only; not all aliases, trial participation or current eligibility"
cnha-cfdi-84b6305fc0a80333497b86a456c5c545,新疆维吾尔自治区维吾尔医医院,药临床机构备字2020000427,filed,confirmed_against_filing_snapshot,,deferred_not_required_for_identity,0,"[{""hospital_id"": ""cnha-cfdi-84b6305fc0a80333497b86a456c5c545"", ""official_name"": ""新疆维吾尔自治区维吾尔医医院"", ""candidate_alias"": ""Xinjiang Uygur Autonomous Region Uygur Medicine Hospital"", ""source_url"": ""https://ror.org/03t47sr41"", ""status"": ""review_required"", ""reason"": ""Reference-only name; not approved for resolution""}, {""hospital_id"": ""cnha-cfdi-84b6305fc0a80333497b86a456c5c545"", ""official_name"": ""新疆维吾尔自治区维吾尔医医院"", ""candidate_alias"": ""Xinjiang Uygur Medicine Hospital"", ""source_url"": ""https://ror.org/03t47sr41"", ""status"": ""review_required"", ""reason"": ""Reference-only name; not approved for resolution""}]",False,https://beian.cfdi.org.cn/CTMDS/pub/PUB010100.do?method=handle06&curPage=5&pageSize=100,2026-09-05,"Snapshot identity only; not all aliases, trial participation or current eligibility"
cnha-cfdi-84e83273c0a803330e0f562fee47bff7,南京市浦口区中医院,药临床机构备字2025000204,filed,confirmed_against_filing_snapshot,,deferred_not_required_for_identity,0,[],False,https://beian.cfdi.org.cn/CTMDS/pub/PUB010100.do?method=handle06&curPage=19&pageSize=100,2026-09-05,"Snapshot identity only; not all aliases, trial participation or current eligibility"
cnha-cfdi-859776afc0a803332f0cbcd82b0b0746,绵阳市骨科医院,药临床机构备字2023000099,filed,confirmed_against_filing_snapshot,,deferred_not_required_for_identity,0,[],False,https://beian.cfdi.org.cn/CTMDS/pub/PUB010100.do?method=handle06&curPage=14&pageSize=100,2026-09-05,"Snapshot identity only; not all aliases, trial participation or current eligibility"
cnha-cfdi-85eb4b82c0a803331df18fb4918e3bf6,中国科学技术大学附属第一医院（安徽省立医院）,药临床机构备字2020000476,filed,confirmed_against_filing_snapshot,Anhui Provincial Hospital,source_reviewed,3,"[{""hospital_id"": ""cnha-cfdi-85eb4b82c0a803331df18fb4918e3bf6"", ""official_name"": ""中国科学技术大学附属第一医院（安徽省立医院）"", ""candidate_alias"": ""Hefei Christ's Hospital"", ""source_url"": ""https://ror.org/03n5gdd09"", ""status"": ""review_required"", ""reason"": ""Reference-only name; not approved for resolution""}]",False,https://beian.cfdi.org.cn/CTMDS/pub/PUB010100.do?method=handle06&curPage=6&pageSize=100,2026-09-05,"Snapshot identity only; not all aliases, trial participation or current eligibility"
cnha-cfdi-85ebd49ec0a80333553a4190a0080ea0,赣州市人民医院,药临床机构备字2020000589,filed,confirmed_against_filing_snapshot,,deferred_not_required_for_identity,0,"[{""hospital_id"": ""cnha-cfdi-85ebd49ec0a80333553a4190a0080ea0"", ""official_name"": ""赣州市人民医院"", ""candidate_alias"": ""Ganzhou People's Hospital"", ""source_url"": ""https://ror.org/00r398124"", ""status"": ""review_required"", ""reason"": ""Reference-only name; not approved for resolution""}]",False,https://beian.cfdi.org.cn/CTMDS/pub/PUB010100.do?method=handle06&curPage=7&pageSize=100,2026-09-05,"Snapshot identity only; not all aliases, trial participation or current eligibility"
cnha-cfdi-85ec57c1c0a8033365107087ea50075f,南京市妇幼保健院,药临床机构备字2020000696,filed,confirmed_against_filing_snapshot,,deferred_not_required_for_identity,0,[],False,https://beian.cfdi.org.cn/CTMDS/pub/PUB010100.do?method=handle06&curPage=8&pageSize=100,2026-09-05,"Snapshot identity only; not all aliases, trial participation or current eligibility"
cnha-cfdi-86ca50e8c0a8033320043315ec3ff43e,永城市人民医院,药临床机构备字2023000225,filed,confirmed_against_filing_snapshot,,deferred_not_required_for_identity,0,[],False,https://beian.cfdi.org.cn/CTMDS/pub/PUB010100.do?method=handle06&curPage=15&pageSize=100,2026-09-05,"Snapshot identity only; not all aliases, trial participation or current eligibility"
cnha-cfdi-8704df14c0a80333043b8ddd0761bda5,首都医科大学附属北京积水潭医院,药临床机构备字2020000233,filed,confirmed_against_filing_snapshot,,deferred_not_required_for_identity,0,[],False,https://beian.cfdi.org.cn/CTMDS/pub/PUB010100.do?method=handle06&curPage=3&pageSize=100,2026-09-05,"Snapshot identity only; not all aliases, trial participation or current eligibility"
cnha-cfdi-873b5d46c0a803330a7612cc11addeb9,山西省汾阳医院,药临床机构备字2020000412,filed,confirmed_against_filing_snapshot,,deferred_not_required_for_identity,0,"[{""hospital_id"": ""cnha-cfdi-873b5d46c0a803330a7612cc11addeb9"", ""official_name"": ""山西省汾阳医院"", ""candidate_alias"": ""Shanxi Fenyang Hospital"", ""source_url"": ""https://ror.org/04xfjgw45"", ""status"": ""review_required"", ""reason"": ""Reference-only name; not approved for resolution""}]",False,https://beian.cfdi.org.cn/CTMDS/pub/PUB010100.do?method=handle06&curPage=5&pageSize=100,2026-09-05,"Snapshot identity only; not all aliases, trial participation or current eligibility"
cnha-cfdi-87425d16c0a803332cf760b3931ed20b,复旦大学附属妇产科医院,药临床机构备字2020000435,filed,confirmed_against_filing_snapshot,Obstetrics & Gynecology Hospital of Fudan University,source_reviewed,1,"[{""hospital_id"": ""cnha-cfdi-87425d16c0a803332cf760b3931ed20b"", ""official_name"": ""复旦大学附属妇产科医院"", ""candidate_alias"": ""Obstetrics and Gynecology Hospital of Fudan University"", ""source_url"": ""https://ror.org/04rhdtb47"", ""status"": ""review_required"", ""reason"": ""Reference-only name; not approved for resolution""}, {""hospital_id"": ""cnha-cfdi-87425d16c0a803332cf760b3931ed20b"", ""official_name"": ""复旦大学附属妇产科医院"", ""candidate_alias"": ""Shanghai Red House Obstetrics and Gynecology Hospital"", ""source_url"": ""https://ror.org/04rhdtb47"", ""status"": ""review_required"", ""reason"": ""Reference-only name; not approved for resolution""}]",False,https://beian.cfdi.org.cn/CTMDS/pub/PUB010100.do?method=handle06&curPage=5&pageSize=100,2026-09-05,"Snapshot identity only; not all aliases, trial participation or current eligibility"
cnha-cfdi-8750f0a5c0a80333070ff363360ef33c,中国人民解放军联勤保障部队第九二〇医院,药临床机构备字2020000954,filed,confirmed_against_filing_snapshot,,deferred_not_required_for_identity,0,[],False,https://beian.cfdi.org.cn/CTMDS/pub/PUB010100.do?method=handle06&curPage=10&pageSize=100,2026-09-05,"Snapshot identity only; not all aliases, trial participation or current eligibility"
cnha-cfdi-87591bd4c0a80333151393a861eeda81,临汾市第三人民医院(临汾市传染病医院),药临床机构备字2026000123,filed,confirmed_against_filing_snapshot,,deferred_not_required_for_identity,2,[],False,https://beian.cfdi.org.cn/CTMDS/pub/PUB010100.do?method=handle06&curPage=20&pageSize=100,2026-09-05,"Snapshot identity only; not all aliases, trial participation or current eligibility"
cnha-cfdi-8772bab7c0a803331ad0f80bd3ea0b8f,河北省疾病预防控制中心,药临床机构备字2020000027,filed,confirmed_against_filing_snapshot,,deferred_not_required_for_identity,0,[],False,https://beian.cfdi.org.cn/CTMDS/pub/PUB010100.do?method=handle06&curPage=2&pageSize=100,2026-09-05,"Snapshot identity only; not all aliases, trial participation or current eligibility"
cnha-cfdi-87781a0cc0a8033358e62d5c29bfd6a8,普宁市人民医院,药临床机构备字2024000013,filed,confirmed_against_filing_snapshot,,deferred_not_required_for_identity,0,[],False,https://beian.cfdi.org.cn/CTMDS/pub/PUB010100.do?method=handle06&curPage=15&pageSize=100,2026-09-05,"Snapshot identity only; not all aliases, trial participation or current eligibility"
cnha-cfdi-877dc8a7c0a803335e9cc239fa3a0b8d,浙江省肿瘤医院,药临床机构备字2020000300,filed,confirmed_against_filing_snapshot,Zhejiang Cancer Hospital,source_reviewed,1,[],False,https://beian.cfdi.org.cn/CTMDS/pub/PUB010100.do?method=handle06&curPage=4&pageSize=100,2026-09-05,"Snapshot identity only; not all aliases, trial participation or current eligibility"
cnha-cfdi-8780801ec0a8033352893e3b46cd2284,邢台医学院第二附属医院（邢台市肿瘤医院）,药临床机构备字2020000119,filed,confirmed_against_filing_snapshot,,deferred_not_required_for_identity,2,[],False,https://beian.cfdi.org.cn/CTMDS/pub/PUB010100.do?method=handle06&curPage=2&pageSize=100,2026-09-05,"Snapshot identity only; not all aliases, trial participation or current eligibility"
cnha-cfdi-879475f3c0a80333675502786eca3d8b,南昌县人民医院,药临床机构备字2023000122,filed,confirmed_against_filing_snapshot,,deferred_not_required_for_identity,0,[],False,https://beian.cfdi.org.cn/CTMDS/pub/PUB010100.do?method=handle06&curPage=14&pageSize=100,2026-09-05,"Snapshot identity only; not all aliases, trial participation or current eligibility"
cnha-cfdi-8797db49c0a8033306c27968cc3990d6,浙江省台州医院,药临床机构备字2020000306,filed,confirmed_against_filing_snapshot,,deferred_not_required_for_identity,0,"[{""hospital_id"": ""cnha-cfdi-8797db49c0a8033306c27968cc3990d6"", ""official_name"": ""浙江省台州医院"", ""candidate_alias"": ""Taizhou Enze Medical Center"", ""source_url"": ""https://ror.org/05m0wv206"", ""status"": ""review_required"", ""reason"": ""Reference-only name; not approved for resolution""}, {""hospital_id"": ""cnha-cfdi-8797db49c0a8033306c27968cc3990d6"", ""official_name"": ""浙江省台州医院"", ""candidate_alias"": ""Zhejiang Taizhou Hospital"", ""source_url"": ""https://ror.org/05m0wv206"", ""status"": ""review_required"", ""reason"": ""Reference-only name; not approved for resolution""}]",False,https://beian.cfdi.org.cn/CTMDS/pub/PUB010100.do?method=handle06&curPage=4&pageSize=100,2026-09-05,"Snapshot identity only; not all aliases, trial participation or current eligibility"
cnha-cfdi-87a31891c0a803336f3d40679bbc0f9e,福州市第一总医院（福州市第一医院）,药临床机构备字2024000233,filed,confirmed_against_filing_snapshot,,deferred_not_required_for_identity,2,[],False,https://beian.cfdi.org.cn/CTMDS/pub/PUB010100.do?method=handle06&curPage=17&pageSize=100,2026-09-05,"Snapshot identity only; not all aliases, trial participation or current eligibility"
cnha-cfdi-87a361ebc0a8033332c5e8986e853e18,梧州市红十字会医院,药临床机构备字2023000146,filed,confirmed_against_filing_snapshot,,deferred_not_required_for_identity,0,"[{""hospital_id"": ""cnha-cfdi-87a361ebc0a8033332c5e8986e853e18"", ""official_name"": ""梧州市红十字会医院"", ""candidate_alias"": ""Wuzhou Red Cross Hospital"", ""source_url"": ""https://ror.org/059wqqf58"", ""status"": ""review_required"", ""reason"": ""Reference-only name; not approved for resolution""}]",False,https://beian.cfdi.org.cn/CTMDS/pub/PUB010100.do?method=handle06&curPage=14&pageSize=100,2026-09-05,"Snapshot identity only; not all aliases, trial participation or current eligibility"
cnha-cfdi-87bad074c0a80333038e13e2148ea3da,南京医科大学附属淮安第一医院（淮安市第一人民医院）,药临床机构备字2020000883,filed,confirmed_against_filing_snapshot,,deferred_not_required_for_identity,2,"[{""hospital_id"": ""cnha-cfdi-87bad074c0a80333038e13e2148ea3da"", ""official_name"": ""南京医科大学附属淮安第一医院（淮安市第一人民医院）"", ""candidate_alias"": ""Huai'an No.1 People's Hospital"", ""source_url"": ""https://ror.org/00xpfw690"", ""status"": ""review_required"", ""reason"": ""Reference-only name; not approved for resolution""}, {""hospital_id"": ""cnha-cfdi-87bad074c0a80333038e13e2148ea3da"", ""official_name"": ""南京医科大学附属淮安第一医院（淮安市第一人民医院）"", ""candidate_alias"": ""Huaian First People’s Hospital"", ""source_url"": ""https://ror.org/00xpfw690"", ""status"": ""review_required"", ""reason"": ""Reference-only name; not approved for resolution""}]",False,https://beian.cfdi.org.cn/CTMDS/pub/PUB010100.do?method=handle06&curPage=9&pageSize=100,2026-09-05,"Snapshot identity only; not all aliases, trial participation or current eligibility"
cnha-cfdi-87bfc648c0a803335c66142358e8cc60,广西壮族自治区民族医院,药临床机构备字2023000240,filed,confirmed_against_filing_snapshot,,deferred_not_required_for_identity,0,[],False,https://beian.cfdi.org.cn/CTMDS/pub/PUB010100.do?method=handle06&curPage=15&pageSize=100,2026-09-05,"Snapshot identity only; not all aliases, trial participation or current eligibility"
cnha-cfdi-87cf750cc0a80333063dc3b7b7c55e82,上海市第八人民医院,药临床机构备字2022000115,filed,confirmed_against_filing_snapshot,,deferred_not_required_for_identity,0,[],False,https://beian.cfdi.org.cn/CTMDS/pub/PUB010100.do?method=handle06&curPage=12&pageSize=100,2026-09-05,"Snapshot identity only; not all aliases, trial participation or current eligibility"
cnha-cfdi-87ff373dc0a8033332147f0060c7ba1a,池州市人民医院,药临床机构备字2021000119,filed,confirmed_against_filing_snapshot,,deferred_not_required_for_identity,0,[],False,https://beian.cfdi.org.cn/CTMDS/pub/PUB010100.do?method=handle06&curPage=11&pageSize=100,2026-09-05,"Snapshot identity only; not all aliases, trial participation or current eligibility"
cnha-cfdi-881e9f10c0a80333785c08d4c88d8cd6,重庆医科大学附属第三医院（方大医院）,药临床机构备字2026000153,filed,confirmed_against_filing_snapshot,,deferred_not_required_for_identity,2,[],False,https://beian.cfdi.org.cn/CTMDS/pub/PUB010100.do?method=handle06&curPage=21&pageSize=100,2026-09-05,"Snapshot identity only; not all aliases, trial participation or current eligibility"
cnha-cfdi-884f9c0cc0a8033309924b3117120e1c,朝阳市第二医院（朝阳市妇婴医院）,药临床机构备字2024000230,filed,confirmed_against_filing_snapshot,,deferred_not_required_for_identity,2,[],False,https://beian.cfdi.org.cn/CTMDS/pub/PUB010100.do?method=handle06&curPage=17&pageSize=100,2026-09-05,"Snapshot identity only; not all aliases, trial participation or current eligibility"
cnha-cfdi-887b0e77c0a803337551eb95db09a2c1,北京京城皮肤医院,药临床机构备字2024000257,filed,confirmed_against_filing_snapshot,,deferred_not_required_for_identity,0,[],False,https://beian.cfdi.org.cn/CTMDS/pub/PUB010100.do?method=handle06&curPage=17&pageSize=100,2026-09-05,"Snapshot identity only; not all aliases, trial participation or current eligibility"
cnha-cfdi-8890be25c0a803335378978e6f0b3780,桂林医科大学第一附属医院,药临床机构备字2020000170,filed,confirmed_against_filing_snapshot,,deferred_not_required_for_identity,0,[],False,https://beian.cfdi.org.cn/CTMDS/pub/PUB010100.do?method=handle06&curPage=3&pageSize=100,2026-09-05,"Snapshot identity only; not all aliases, trial participation or current eligibility"
cnha-cfdi-88ab94e3c0a803336453759099343d0c,兴义市人民医院,药临床机构备字2020000632,filed,confirmed_against_filing_snapshot,,deferred_not_required_for_identity,0,[],False,https://beian.cfdi.org.cn/CTMDS/pub/PUB010100.do?method=handle06&curPage=7&pageSize=100,2026-09-05,"Snapshot identity only; not all aliases, trial participation or current eligibility"
cnha-cfdi-88b3352bc0a8033344a4674a0e0fbd16,盘锦辽油宝石花医院,药临床机构备字2019000029,filed,confirmed_against_filing_snapshot,,deferred_not_required_for_identity,0,[],False,https://beian.cfdi.org.cn/CTMDS/pub/PUB010100.do?method=handle06&curPage=1&pageSize=100,2026-09-05,"Snapshot identity only; not all aliases, trial participation or current eligibility"
cnha-cfdi-88bfd972c0a8033360f10049929d9af6,广安市人民医院,药临床机构备字2021000015,filed,confirmed_against_filing_snapshot,,deferred_not_required_for_identity,0,[],False,https://beian.cfdi.org.cn/CTMDS/pub/PUB010100.do?method=handle06&curPage=10&pageSize=100,2026-09-05,"Snapshot identity only; not all aliases, trial participation or current eligibility"
cnha-cfdi-88c094f5c0a803336188d614ac9ef8bc,河源市人民医院,药临床机构备字2024000146,filed,confirmed_against_filing_snapshot,,deferred_not_required_for_identity,0,[],False,https://beian.cfdi.org.cn/CTMDS/pub/PUB010100.do?method=handle06&curPage=16&pageSize=100,2026-09-05,"Snapshot identity only; not all aliases, trial participation or current eligibility"
cnha-cfdi-88d3b2b8c0a803331b12a6cc08d63a3f,北京大学第一医院,药临床机构备字2020000910,filed,confirmed_against_filing_snapshot,Peking University First Hospital,source_reviewed,4,"[{""hospital_id"": ""cnha-cfdi-88d3b2b8c0a803331b12a6cc08d63a3f"", ""official_name"": ""北京大学第一医院"", ""candidate_alias"": ""Beida Hospital"", ""source_url"": ""https://ror.org/02z1vqm45"", ""status"": ""review_required"", ""reason"": ""Reference-only name; not approved for resolution""}]",False,https://beian.cfdi.org.cn/CTMDS/pub/PUB010100.do?method=handle06&curPage=10&pageSize=100,2026-09-05,"Snapshot identity only; not all aliases, trial participation or current eligibility"
cnha-cfdi-8943f31ac0a80333354a0df6962a1108,福建省肿瘤医院,药临床机构备字2020000620,filed,confirmed_against_filing_snapshot,Fujian Cancer Hospital,source_reviewed,1,"[{""hospital_id"": ""cnha-cfdi-8943f31ac0a80333354a0df6962a1108"", ""official_name"": ""福建省肿瘤医院"", ""candidate_alias"": ""Fujian Provincial Cancer Hospital"", ""source_url"": ""https://ror.org/058ms9w43"", ""status"": ""review_required"", ""reason"": ""Reference-only name; not approved for resolution""}]",False,https://beian.cfdi.org.cn/CTMDS/pub/PUB010100.do?method=handle06&curPage=7&pageSize=100,2026-09-05,"Snapshot identity only; not all aliases, trial participation or current eligibility"
cnha-cfdi-89eed52ec0a803334b78c449b9472460,张家港市中医医院,药临床机构备字2021000066,filed,confirmed_against_filing_snapshot,,deferred_not_required_for_identity,0,[],False,https://beian.cfdi.org.cn/CTMDS/pub/PUB010100.do?method=handle06&curPage=11&pageSize=100,2026-09-05,"Snapshot identity only; not all aliases, trial participation or current eligibility"
cnha-cfdi-8a2a265cc0a803337d9d9e3c862a3d53,江苏盛泽医院,药临床机构备字2022000074,filed,confirmed_against_filing_snapshot,,deferred_not_required_for_identity,0,[],False,https://beian.cfdi.org.cn/CTMDS/pub/PUB010100.do?method=handle06&curPage=12&pageSize=100,2026-09-05,"Snapshot identity only; not all aliases, trial participation or current eligibility"
cnha-cfdi-8ae357a6c0a803336cb0c64df01b2fcb,浏阳市中医医院,药临床机构备字2022000002,filed,confirmed_against_filing_snapshot,,deferred_not_required_for_identity,0,[],False,https://beian.cfdi.org.cn/CTMDS/pub/PUB010100.do?method=handle06&curPage=12&pageSize=100,2026-09-05,"Snapshot identity only; not all aliases, trial participation or current eligibility"
cnha-cfdi-8aed2da5c0a80333370f54b70386ff34,徐州市中医院,药临床机构备字2025000268,filed,confirmed_against_filing_snapshot,,deferred_not_required_for_identity,0,[],False,https://beian.cfdi.org.cn/CTMDS/pub/PUB010100.do?method=handle06&curPage=19&pageSize=100,2026-09-05,"Snapshot identity only; not all aliases, trial participation or current eligibility"
cnha-cfdi-8b14e58bc0a803333bcd0e6c7fe07ba3,内蒙古科技大学包头医学院第一附属医院,药临床机构备字2020000208,filed,confirmed_against_filing_snapshot,,deferred_not_required_for_identity,0,[],False,https://beian.cfdi.org.cn/CTMDS/pub/PUB010100.do?method=handle06&curPage=3&pageSize=100,2026-09-05,"Snapshot identity only; not all aliases, trial participation or current eligibility"
cnha-cfdi-8b18269fc0a8033330390144214df519,海军军医大学第三附属医院（上海东方肝胆外科医院）,药临床机构备字2020000601,filed,confirmed_against_filing_snapshot,,deferred_not_required_for_identity,2,[],False,https://beian.cfdi.org.cn/CTMDS/pub/PUB010100.do?method=handle06&curPage=7&pageSize=100,2026-09-05,"Snapshot identity only; not all aliases, trial participation or current eligibility"
cnha-cfdi-8b347d5ec0a80333145aa8503966d1d5,江阴市中医院,药临床机构备字2022000001,filed,confirmed_against_filing_snapshot,,deferred_not_required_for_identity,0,[],False,https://beian.cfdi.org.cn/CTMDS/pub/PUB010100.do?method=handle06&curPage=12&pageSize=100,2026-09-05,"Snapshot identity only; not all aliases, trial participation or current eligibility"
cnha-cfdi-8bacc487c0a8033318d8410e953b3c04,大庆市人民医院,药临床机构备字2020000583,filed,confirmed_against_filing_snapshot,,deferred_not_required_for_identity,0,"[{""hospital_id"": ""cnha-cfdi-8bacc487c0a8033318d8410e953b3c04"", ""official_name"": ""大庆市人民医院"", ""candidate_alias"": ""Daqing City People's Hospital"", ""source_url"": ""https://ror.org/010z8j306"", ""status"": ""review_required"", ""reason"": ""Reference-only name; not approved for resolution""}, {""hospital_id"": ""cnha-cfdi-8bacc487c0a8033318d8410e953b3c04"", ""official_name"": ""大庆市人民医院"", ""candidate_alias"": ""Fifth Affiliated Hospital of Harbin Medical University"", ""source_url"": ""https://ror.org/010z8j306"", ""status"": ""review_required"", ""reason"": ""Reference-only name; not approved for resolution""}]",False,https://beian.cfdi.org.cn/CTMDS/pub/PUB010100.do?method=handle06&curPage=7&pageSize=100,2026-09-05,"Snapshot identity only; not all aliases, trial participation or current eligibility"
cnha-cfdi-8bb98a25c0a803333fcc37aeb9dc11f1,佳木斯市妇幼保健计划生育服务中心（佳木斯市妇幼保健院、佳木斯市儿童医院）,药临床机构备字2023000004,filed,confirmed_against_filing_snapshot,,deferred_not_required_for_identity,3,[],False,https://beian.cfdi.org.cn/CTMDS/pub/PUB010100.do?method=handle06&curPage=13&pageSize=100,2026-09-05,"Snapshot identity only; not all aliases, trial participation or current eligibility"
cnha-cfdi-8bcd4052c0a80333163682b63aadf2d7,中国人民解放军南部战区总医院,药临床机构备字2020000081,filed,confirmed_against_filing_snapshot,,deferred_not_required_for_identity,0,[],False,https://beian.cfdi.org.cn/CTMDS/pub/PUB010100.do?method=handle06&curPage=2&pageSize=100,2026-09-05,"Snapshot identity only; not all aliases, trial participation or current eligibility"
cnha-cfdi-8bfe0179c0a803334bfa3667120ef766,宁波大学附属康宁医院；宁波市康宁医院,药临床机构备字2020000287,filed,confirmed_against_filing_snapshot,,deferred_not_required_for_identity,2,[],False,https://beian.cfdi.org.cn/CTMDS/pub/PUB010100.do?method=handle06&curPage=4&pageSize=100,2026-09-05,"Snapshot identity only; not all aliases, trial participation or current eligibility"
cnha-cfdi-8c07d5fac0a8033356d40d300abb063c,四川友谊医院,药临床机构备字2021000071,filed,confirmed_against_filing_snapshot,,deferred_not_required_for_identity,0,[],False,https://beian.cfdi.org.cn/CTMDS/pub/PUB010100.do?method=handle06&curPage=11&pageSize=100,2026-09-05,"Snapshot identity only; not all aliases, trial participation or current eligibility"
cnha-cfdi-8c9677c6c0a80333732f874986787cb3,南方医科大学南方医院,药临床机构备字2019000010,filed,confirmed_against_filing_snapshot,,deferred_not_required_for_identity,0,"[{""hospital_id"": ""cnha-cfdi-8c9677c6c0a80333732f874986787cb3"", ""official_name"": ""南方医科大学南方医院"", ""candidate_alias"": ""Nanfang Hospital"", ""source_url"": ""https://ror.org/01eq10738"", ""status"": ""review_required"", ""reason"": ""Reference-only name; not approved for resolution""}]",False,https://beian.cfdi.org.cn/CTMDS/pub/PUB010100.do?method=handle06&curPage=1&pageSize=100,2026-09-05,"Snapshot identity only; not all aliases, trial participation or current eligibility"
cnha-cfdi-8cc64a1cc0a8033363a04b89594f4830,哈尔滨市第五医院,药临床机构备字2026000095,filed,confirmed_against_filing_snapshot,,deferred_not_required_for_identity,0,[],False,https://beian.cfdi.org.cn/CTMDS/pub/PUB010100.do?method=handle06&curPage=20&pageSize=100,2026-09-05,"Snapshot identity only; not all aliases, trial participation or current eligibility"
cnha-cfdi-8cc8acb7c0a803337d9c8f8bc4ae361c,盐城市第一人民医院,药临床机构备字2020000943,filed,confirmed_against_filing_snapshot,,deferred_not_required_for_identity,0,"[{""hospital_id"": ""cnha-cfdi-8cc8acb7c0a803337d9c8f8bc4ae361c"", ""official_name"": ""盐城市第一人民医院"", ""candidate_alias"": ""Yancheng First People's Hospital"", ""source_url"": ""https://ror.org/02rbkz523"", ""status"": ""review_required"", ""reason"": ""Reference-only name; not approved for resolution""}]",False,https://beian.cfdi.org.cn/CTMDS/pub/PUB010100.do?method=handle06&curPage=10&pageSize=100,2026-09-05,"Snapshot identity only; not all aliases, trial participation or current eligibility"
cnha-cfdi-8cd2410ec0a803333954a748a0f28ffb,徐州市第一人民医院,药临床机构备字2020000592,filed,confirmed_against_filing_snapshot,,deferred_not_required_for_identity,0,[],False,https://beian.cfdi.org.cn/CTMDS/pub/PUB010100.do?method=handle06&curPage=7&pageSize=100,2026-09-05,"Snapshot identity only; not all aliases, trial participation or current eligibility"
cnha-cfdi-8cdddd6fc0a8033354096fd53789713f,滑县骨科医院,药临床机构备字2024000229,filed,confirmed_against_filing_snapshot,,deferred_not_required_for_identity,0,[],False,https://beian.cfdi.org.cn/CTMDS/pub/PUB010100.do?method=handle06&curPage=17&pageSize=100,2026-09-05,"Snapshot identity only; not all aliases, trial participation or current eligibility"
cnha-cfdi-8cee51a7c0a8033357845c21fdf506d3,山西盈康一生总医院,药临床机构备字2025000217,filed,confirmed_against_filing_snapshot,,deferred_not_required_for_identity,0,[],False,https://beian.cfdi.org.cn/CTMDS/pub/PUB010100.do?method=handle06&curPage=19&pageSize=100,2026-09-05,"Snapshot identity only; not all aliases, trial participation or current eligibility"
cnha-cfdi-8cf388e0c0a803337749671c48b11e67,湖南省第二人民医院（湖南省脑科医院）,药临床机构备字2020000765,filed,confirmed_against_filing_snapshot,,deferred_not_required_for_identity,2,"[{""hospital_id"": ""cnha-cfdi-8cf388e0c0a803337749671c48b11e67"", ""official_name"": ""湖南省第二人民医院（湖南省脑科医院）"", ""candidate_alias"": ""Provincial Brain Hospital"", ""source_url"": ""https://ror.org/01eda7a75"", ""status"": ""review_required"", ""reason"": ""Reference-only name; not approved for resolution""}, {""hospital_id"": ""cnha-cfdi-8cf388e0c0a803337749671c48b11e67"", ""official_name"": ""湖南省第二人民医院（湖南省脑科医院）"", ""candidate_alias"": ""Second People Hospital of Hunan"", ""source_url"": ""https://ror.org/01eda7a75"", ""status"": ""review_required"", ""reason"": ""Reference-only name; not approved for resolution""}]",False,https://beian.cfdi.org.cn/CTMDS/pub/PUB010100.do?method=handle06&curPage=8&pageSize=100,2026-09-05,"Snapshot identity only; not all aliases, trial participation or current eligibility"
cnha-cfdi-8cf484acc0a803336b68a369afc9a472,苏北人民医院,药临床机构备字2020000906,filed,confirmed_against_filing_snapshot,,deferred_not_required_for_identity,0,[],False,https://beian.cfdi.org.cn/CTMDS/pub/PUB010100.do?method=handle06&curPage=10&pageSize=100,2026-09-05,"Snapshot identity only; not all aliases, trial participation or current eligibility"
cnha-cfdi-8d0a6de1c0a80333125a01c0abf3d341,克孜勒苏柯尔克孜自治州人民医院,药临床机构备字2026000034,filed,confirmed_against_filing_snapshot,,deferred_not_required_for_identity,0,[],False,https://beian.cfdi.org.cn/CTMDS/pub/PUB010100.do?method=handle06&curPage=20&pageSize=100,2026-09-05,"Snapshot identity only; not all aliases, trial participation or current eligibility"
cnha-cfdi-8d151040c0a803330611254cda344911,娄底市第一人民医院,药临床机构备字2023000169,filed,confirmed_against_filing_snapshot,,deferred_not_required_for_identity,0,[],False,https://beian.cfdi.org.cn/CTMDS/pub/PUB010100.do?method=handle06&curPage=14&pageSize=100,2026-09-05,"Snapshot identity only; not all aliases, trial participation or current eligibility"
cnha-cfdi-8d16574dc0a80333081e320220e93b12,齐齐哈尔建华医院,药临床机构备字2025000179,filed,confirmed_against_filing_snapshot,,deferred_not_required_for_identity,0,[],False,https://beian.cfdi.org.cn/CTMDS/pub/PUB010100.do?method=handle06&curPage=19&pageSize=100,2026-09-05,"Snapshot identity only; not all aliases, trial participation or current eligibility"
cnha-cfdi-8d216cf3c0a803330c2f36ccc8e5758f,泰州市第四人民医院,药临床机构备字2024000166,filed,confirmed_against_filing_snapshot,,deferred_not_required_for_identity,0,[],False,https://beian.cfdi.org.cn/CTMDS/pub/PUB010100.do?method=handle06&curPage=16&pageSize=100,2026-09-05,"Snapshot identity only; not all aliases, trial participation or current eligibility"
cnha-cfdi-8d283495c0a803336eecbbeb8a7256c4,青海省心脑血管病专科医院,药临床机构备字2025000150,filed,confirmed_against_filing_snapshot,,deferred_not_required_for_identity,0,[],False,https://beian.cfdi.org.cn/CTMDS/pub/PUB010100.do?method=handle06&curPage=18&pageSize=100,2026-09-05,"Snapshot identity only; not all aliases, trial participation or current eligibility"
cnha-cfdi-8d5e7d36c0a80333718f051d3ecd4885,信阳市中心医院,药临床机构备字2020000423,filed,confirmed_against_filing_snapshot,,deferred_not_required_for_identity,0,"[{""hospital_id"": ""cnha-cfdi-8d5e7d36c0a80333718f051d3ecd4885"", ""official_name"": ""信阳市中心医院"", ""candidate_alias"": ""Xinyang Central Hospital"", ""source_url"": ""https://ror.org/03hqvqf51"", ""status"": ""review_required"", ""reason"": ""Reference-only name; not approved for resolution""}]",False,https://beian.cfdi.org.cn/CTMDS/pub/PUB010100.do?method=handle06&curPage=5&pageSize=100,2026-09-05,"Snapshot identity only; not all aliases, trial participation or current eligibility"
cnha-cfdi-8d7dc5a2c0a803335eadf079b97db7fd,延边朝鲜族自治州朝医医院（延边朝鲜族自治州第二人民医院、延边朝鲜族自治州肿瘤医院）,药临床机构备字2020000237,filed,confirmed_against_filing_snapshot,,deferred_not_required_for_identity,3,[],False,https://beian.cfdi.org.cn/CTMDS/pub/PUB010100.do?method=handle06&curPage=4&pageSize=100,2026-09-05,"Snapshot identity only; not all aliases, trial participation or current eligibility"
cnha-cfdi-8db30235c0a80333604d56b310e0aed9,绍兴第二医院医共体总院（绍兴第二医院）,药临床机构备字2020000849,filed,confirmed_against_filing_snapshot,,deferred_not_required_for_identity,2,[],False,https://beian.cfdi.org.cn/CTMDS/pub/PUB010100.do?method=handle06&curPage=9&pageSize=100,2026-09-05,"Snapshot identity only; not all aliases, trial participation or current eligibility"
cnha-cfdi-8dd7b9b9c0a80333785f0d8e2e12854d,粤北人民医院,药临床机构备字2020000742,filed,confirmed_against_filing_snapshot,,deferred_not_required_for_identity,0,"[{""hospital_id"": ""cnha-cfdi-8dd7b9b9c0a80333785f0d8e2e12854d"", ""official_name"": ""粤北人民医院"", ""candidate_alias"": ""People's Hospital of Shantou University"", ""source_url"": ""https://ror.org/0149pmh27"", ""status"": ""review_required"", ""reason"": ""Reference-only name; not approved for resolution""}, {""hospital_id"": ""cnha-cfdi-8dd7b9b9c0a80333785f0d8e2e12854d"", ""official_name"": ""粤北人民医院"", ""candidate_alias"": ""Yue Bei People's Hospital"", ""source_url"": ""https://ror.org/0149pmh27"", ""status"": ""review_required"", ""reason"": ""Reference-only name; not approved for resolution""}]",False,https://beian.cfdi.org.cn/CTMDS/pub/PUB010100.do?method=handle06&curPage=8&pageSize=100,2026-09-05,"Snapshot identity only; not all aliases, trial participation or current eligibility"
cnha-cfdi-8df4b0d0c0a80333430c2fe0020044d0,上海中医药大学附属曙光医院,药临床机构备字2019000041,filed,confirmed_against_filing_snapshot,,deferred_not_required_for_identity,0,[],False,https://beian.cfdi.org.cn/CTMDS/pub/PUB010100.do?method=handle06&curPage=1&pageSize=100,2026-09-05,"Snapshot identity only; not all aliases, trial participation or current eligibility"
cnha-cfdi-8e0eacf9c0a8033373dbfd0429a17eca,来宾市人民医院,药临床机构备字2023000202,filed,confirmed_against_filing_snapshot,,deferred_not_required_for_identity,0,[],False,https://beian.cfdi.org.cn/CTMDS/pub/PUB010100.do?method=handle06&curPage=14&pageSize=100,2026-09-05,"Snapshot identity only; not all aliases, trial participation or current eligibility"
cnha-cfdi-8e1b91b8c0a803334ada525cc8dcd578,深圳市龙岗区第三人民医院,药临床机构备字2022000112,filed,confirmed_against_filing_snapshot,,deferred_not_required_for_identity,0,[],False,https://beian.cfdi.org.cn/CTMDS/pub/PUB010100.do?method=handle06&curPage=12&pageSize=100,2026-09-05,"Snapshot identity only; not all aliases, trial participation or current eligibility"
cnha-cfdi-8e20a2dac0a80333543d3dd8675674e1,汕头大学医学院附属肿瘤医院,药临床机构备字2020000102,filed,confirmed_against_filing_snapshot,,deferred_not_required_for_identity,0,"[{""hospital_id"": ""cnha-cfdi-8e20a2dac0a80333543d3dd8675674e1"", ""official_name"": ""汕头大学医学院附属肿瘤医院"", ""candidate_alias"": ""Cancer Hospital of Shantou University Medical College"", ""source_url"": ""https://ror.org/00a53nq42"", ""status"": ""review_required"", ""reason"": ""Reference-only name; not approved for resolution""}]",False,https://beian.cfdi.org.cn/CTMDS/pub/PUB010100.do?method=handle06&curPage=2&pageSize=100,2026-09-05,"Snapshot identity only; not all aliases, trial participation or current eligibility"
cnha-cfdi-8e51e873c0a80333727b0e7e0ecf4f0d,简阳市人民医院,药临床机构备字2024000211,filed,confirmed_against_filing_snapshot,,deferred_not_required_for_identity,0,[],False,https://beian.cfdi.org.cn/CTMDS/pub/PUB010100.do?method=handle06&curPage=17&pageSize=100,2026-09-05,"Snapshot identity only; not all aliases, trial participation or current eligibility"
cnha-cfdi-8e5ed22ac0a80333652c1698b68cdac4,中山大学附属第五医院,药临床机构备字2020000245,filed,confirmed_against_filing_snapshot,,deferred_not_required_for_identity,0,[],False,https://beian.cfdi.org.cn/CTMDS/pub/PUB010100.do?method=handle06&curPage=4&pageSize=100,2026-09-05,"Snapshot identity only; not all aliases, trial participation or current eligibility"
cnha-cfdi-8f040b33c0a803331751f113a6215af2,驻马店桐安肿瘤医院,药临床机构备字2023000258,filed,confirmed_against_filing_snapshot,,deferred_not_required_for_identity,0,[],False,https://beian.cfdi.org.cn/CTMDS/pub/PUB010100.do?method=handle06&curPage=15&pageSize=100,2026-09-05,"Snapshot identity only; not all aliases, trial participation or current eligibility"
cnha-cfdi-8f069e4dc0a8033311493fedc11ca1b2,香港大学深圳医院,药临床机构备字2019000015,filed,confirmed_against_filing_snapshot,,deferred_not_required_for_identity,0,"[{""hospital_id"": ""cnha-cfdi-8f069e4dc0a8033311493fedc11ca1b2"", ""official_name"": ""香港大学深圳医院"", ""candidate_alias"": ""HKU-SZ"", ""source_url"": ""https://ror.org/047w7d678"", ""status"": ""review_required"", ""reason"": ""Reference-only name; not approved for resolution""}, {""hospital_id"": ""cnha-cfdi-8f069e4dc0a8033311493fedc11ca1b2"", ""official_name"": ""香港大学深圳医院"", ""candidate_alias"": ""University of Hong Kong - Shenzhen Hospital"", ""source_url"": ""https://ror.org/047w7d678"", ""status"": ""review_required"", ""reason"": ""Reference-only name; not approved for resolution""}]",False,https://beian.cfdi.org.cn/CTMDS/pub/PUB010100.do?method=handle06&curPage=1&pageSize=100,2026-09-05,"Snapshot identity only; not all aliases, trial participation or current eligibility"
cnha-cfdi-8f26167dc0a803330727ce7fe0917c98,北京市肛肠医院（北京市二龙路医院）,药临床机构备字2022000052,filed,confirmed_against_filing_snapshot,,deferred_not_required_for_identity,2,[],False,https://beian.cfdi.org.cn/CTMDS/pub/PUB010100.do?method=handle06&curPage=12&pageSize=100,2026-09-05,"Snapshot identity only; not all aliases, trial participation or current eligibility"
cnha-cfdi-8f37c597c0a803333fbcb8af70262d8f,牡丹江市第二人民医院(牡丹江市120急诊急救中心、牡丹江医科大学附属第八医院),药临床机构备字2026000038,filed,confirmed_against_filing_snapshot,,deferred_not_required_for_identity,0,[],False,https://beian.cfdi.org.cn/CTMDS/pub/PUB010100.do?method=handle06&curPage=20&pageSize=100,2026-09-05,"Snapshot identity only; not all aliases, trial participation or current eligibility"
cnha-cfdi-8ff65eccc0a80333028f9aa7da0c1757,淮北市人民医院,药临床机构备字2022000095,filed,confirmed_against_filing_snapshot,,deferred_not_required_for_identity,0,[],False,https://beian.cfdi.org.cn/CTMDS/pub/PUB010100.do?method=handle06&curPage=12&pageSize=100,2026-09-05,"Snapshot identity only; not all aliases, trial participation or current eligibility"
cnha-cfdi-9016d925c0a803332e6d0ddb0d497342,昆明市延安医院（昆明市干部疗养院）,药临床机构备字2020000056,filed,confirmed_against_filing_snapshot,,deferred_not_required_for_identity,0,[],False,https://beian.cfdi.org.cn/CTMDS/pub/PUB010100.do?method=handle06&curPage=2&pageSize=100,2026-09-05,"Snapshot identity only; not all aliases, trial participation or current eligibility"
cnha-cfdi-90498cb3c0a80333608cf87ec8056ce6,山西医科大学第二医院（山西医科大学第二医院互联网医院、山西红十字医院）,药临床机构备字2020000537,filed,confirmed_against_filing_snapshot,,deferred_not_required_for_identity,2,"[{""hospital_id"": ""cnha-cfdi-90498cb3c0a80333608cf87ec8056ce6"", ""official_name"": ""山西医科大学第二医院（山西医科大学第二医院互联网医院、山西红十字医院）"", ""candidate_alias"": ""山西医科大学第二医院互联网医院"", ""source_url"": ""https://beian.cfdi.org.cn/CTMDS/pub/PUB010100.do?method=handle06&curPage=6&pageSize=100"", ""status"": ""review_required"", ""reason"": ""Reference-only name; not approved for resolution""}, {""hospital_id"": ""cnha-cfdi-90498cb3c0a80333608cf87ec8056ce6"", ""official_name"": ""山西医科大学第二医院（山西医科大学第二医院互联网医院、山西红十字医院）"", ""candidate_alias"": ""Second Hospital of Shanxi Medical University"", ""source_url"": ""https://ror.org/03tn5kh37"", ""status"": ""review_required"", ""reason"": ""Reference-only name; not approved for resolution""}, {""hospital_id"": ""cnha-cfdi-90498cb3c0a80333608cf87ec8056ce6"", ""official_name"": ""山西医科大学第二医院（山西医科大学第二医院互联网医院、山西红十字医院）"", ""candidate_alias"": ""Shanxi Medical University Second Clinical Medical College"", ""source_url"": ""https://ror.org/03tn5kh37"", ""status"": ""review_required"", ""reason"": ""Reference-only name; not approved for resolution""}, {""hospital_id"": ""cnha-cfdi-90498cb3c0a80333608cf87ec8056ce6"", ""official_name"": ""山西医科大学第二医院（山西医科大学第二医院互联网医院、山西红十字医院）"", ""candidate_alias"": ""Shanxi Red Cross Hospital"", ""source_url"": ""https://ror.org/03tn5kh37"", ""status"": ""review_required"", ""reason"": ""Reference-only name; not approved for resolution""}]",False,https://beian.cfdi.org.cn/CTMDS/pub/PUB010100.do?method=handle06&curPage=6&pageSize=100,2026-09-05,"Snapshot identity only; not all aliases, trial participation or current eligibility"
cnha-cfdi-90543961c0a803337481f457a5cea412,新疆四七四医院,药临床机构备字2025000157,filed,confirmed_against_filing_snapshot,,deferred_not_required_for_identity,0,[],False,https://beian.cfdi.org.cn/CTMDS/pub/PUB010100.do?method=handle06&curPage=18&pageSize=100,2026-09-05,"Snapshot identity only; not all aliases, trial participation or current eligibility"
cnha-cfdi-90761397c0a803336c174f57e0415886,平遥县中医院 平遥县第二人民医院,药临床机构备字2026000076,filed,confirmed_against_filing_snapshot,,deferred_not_required_for_identity,0,[],False,https://beian.cfdi.org.cn/CTMDS/pub/PUB010100.do?method=handle06&curPage=20&pageSize=100,2026-09-05,"Snapshot identity only; not all aliases, trial participation or current eligibility"
cnha-cfdi-909e2ffec0a803333e9ae7d980d60ef5,赣州市中医院,药临床机构备字2025000210,filed,confirmed_against_filing_snapshot,,deferred_not_required_for_identity,0,[],False,https://beian.cfdi.org.cn/CTMDS/pub/PUB010100.do?method=handle06&curPage=19&pageSize=100,2026-09-05,"Snapshot identity only; not all aliases, trial participation or current eligibility"
cnha-cfdi-90bcf523c0a8033356c1ef9dbe06740c,永州市第三人民医院,药临床机构备字2023000198,filed,confirmed_against_filing_snapshot,,deferred_not_required_for_identity,0,[],False,https://beian.cfdi.org.cn/CTMDS/pub/PUB010100.do?method=handle06&curPage=14&pageSize=100,2026-09-05,"Snapshot identity only; not all aliases, trial participation or current eligibility"
cnha-cfdi-90be62cdc0a803335c6150298001ade7,肇东市人民医院,药临床机构备字2024000071,filed,confirmed_against_filing_snapshot,,deferred_not_required_for_identity,0,[],False,https://beian.cfdi.org.cn/CTMDS/pub/PUB010100.do?method=handle06&curPage=16&pageSize=100,2026-09-05,"Snapshot identity only; not all aliases, trial participation or current eligibility"
cnha-cfdi-90d39e7fc0a803334496985a0477a954,深圳市盐田区人民医院,药临床机构备字2023000247,filed,confirmed_against_filing_snapshot,,deferred_not_required_for_identity,0,[],False,https://beian.cfdi.org.cn/CTMDS/pub/PUB010100.do?method=handle06&curPage=15&pageSize=100,2026-09-05,"Snapshot identity only; not all aliases, trial participation or current eligibility"
cnha-cfdi-90e8bfbcc0a8033311829d2674af920d,北京大学第六医院,药临床机构备字2020000773,filed,confirmed_against_filing_snapshot,,deferred_not_required_for_identity,0,"[{""hospital_id"": ""cnha-cfdi-90e8bfbcc0a8033311829d2674af920d"", ""official_name"": ""北京大学第六医院"", ""candidate_alias"": ""Peking University Sixth Hospital"", ""source_url"": ""https://ror.org/05rzcwg85"", ""status"": ""review_required"", ""reason"": ""Reference-only name; not approved for resolution""}, {""hospital_id"": ""cnha-cfdi-90e8bfbcc0a8033311829d2674af920d"", ""official_name"": ""北京大学第六医院"", ""candidate_alias"": ""School of Mental Health, Peking University"", ""source_url"": ""https://ror.org/05rzcwg85"", ""status"": ""review_required"", ""reason"": ""Reference-only name; not approved for resolution""}]",False,https://beian.cfdi.org.cn/CTMDS/pub/PUB010100.do?method=handle06&curPage=8&pageSize=100,2026-09-05,"Snapshot identity only; not all aliases, trial participation or current eligibility"
cnha-cfdi-90ed8922c0a803336e939cd89e3209d3,重庆市璧山区人民医院,药临床机构备字2020000270,filed,confirmed_against_filing_snapshot,,deferred_not_required_for_identity,0,[],False,https://beian.cfdi.org.cn/CTMDS/pub/PUB010100.do?method=handle06&curPage=4&pageSize=100,2026-09-05,"Snapshot identity only; not all aliases, trial participation or current eligibility"
cnha-cfdi-91080a63c0a803335fbe186b8f5c0a0d,锦州医科大学附属第三医院,药临床机构备字2020000492,filed,confirmed_against_filing_snapshot,,deferred_not_required_for_identity,0,[],False,https://beian.cfdi.org.cn/CTMDS/pub/PUB010100.do?method=handle06&curPage=6&pageSize=100,2026-09-05,"Snapshot identity only; not all aliases, trial participation or current eligibility"
cnha-cfdi-910ac4b8c0a803331f9a11cadeeba039,运城市第二医院,药临床机构备字2026000150,filed,confirmed_against_filing_snapshot,,deferred_not_required_for_identity,0,[],False,https://beian.cfdi.org.cn/CTMDS/pub/PUB010100.do?method=handle06&curPage=21&pageSize=100,2026-09-05,"Snapshot identity only; not all aliases, trial participation or current eligibility"
cnha-cfdi-91280931c0a803334e27d70392030c01,上海市胸科医院,药临床机构备字2020000080,filed,confirmed_against_filing_snapshot,Shanghai Chest Hospital,source_reviewed,1,[],False,https://beian.cfdi.org.cn/CTMDS/pub/PUB010100.do?method=handle06&curPage=2&pageSize=100,2026-09-05,"Snapshot identity only; not all aliases, trial participation or current eligibility"
cnha-cfdi-912b18fcc0a8033353dc809cd7206cc0,衢州市中医医院,药临床机构备字2023000121,filed,confirmed_against_filing_snapshot,,deferred_not_required_for_identity,0,[],False,https://beian.cfdi.org.cn/CTMDS/pub/PUB010100.do?method=handle06&curPage=14&pageSize=100,2026-09-05,"Snapshot identity only; not all aliases, trial participation or current eligibility"
cnha-cfdi-914238c8c0a803333242c017549829c5,北京陆道培医院,药临床机构备字2020000176,filed,confirmed_against_filing_snapshot,,deferred_not_required_for_identity,0,[],False,https://beian.cfdi.org.cn/CTMDS/pub/PUB010100.do?method=handle06&curPage=3&pageSize=100,2026-09-05,"Snapshot identity only; not all aliases, trial participation or current eligibility"
cnha-cfdi-9160584dc0a803334852b549174b5336,昆明医科大学第二附属医院,药临床机构备字2020000851,filed,confirmed_against_filing_snapshot,,deferred_not_required_for_identity,0,"[{""hospital_id"": ""cnha-cfdi-9160584dc0a803334852b549174b5336"", ""official_name"": ""昆明医科大学第二附属医院"", ""candidate_alias"": ""KMU"", ""source_url"": ""https://ror.org/01kq6mv68"", ""status"": ""review_required"", ""reason"": ""Reference-only name; not approved for resolution""}, {""hospital_id"": ""cnha-cfdi-9160584dc0a803334852b549174b5336"", ""official_name"": ""昆明医科大学第二附属医院"", ""candidate_alias"": ""Second Affiliated Hospital of Kunming Medical College"", ""source_url"": ""https://ror.org/01kq6mv68"", ""status"": ""review_required"", ""reason"": ""Reference-only name; not approved for resolution""}]",False,https://beian.cfdi.org.cn/CTMDS/pub/PUB010100.do?method=handle06&curPage=9&pageSize=100,2026-09-05,"Snapshot identity only; not all aliases, trial participation or current eligibility"
cnha-cfdi-917eefc0c0a8033371a3027ed9474b3e,攀枝花市中心医院,药临床机构备字2020000400,filed,confirmed_against_filing_snapshot,,deferred_not_required_for_identity,0,[],False,https://beian.cfdi.org.cn/CTMDS/pub/PUB010100.do?method=handle06&curPage=5&pageSize=100,2026-09-05,"Snapshot identity only; not all aliases, trial participation or current eligibility"
cnha-cfdi-91807468c0a803332ba880dfb9a37b8d,河池市人民医院,药临床机构备字2022000047,filed,confirmed_against_filing_snapshot,,deferred_not_required_for_identity,0,[],False,https://beian.cfdi.org.cn/CTMDS/pub/PUB010100.do?method=handle06&curPage=12&pageSize=100,2026-09-05,"Snapshot identity only; not all aliases, trial participation or current eligibility"
cnha-cfdi-9198800bc0a803331de6ec037d86aabd,南京医科大学眼科医院,药临床机构备字2020000273,filed,confirmed_against_filing_snapshot,,deferred_not_required_for_identity,0,[],False,https://beian.cfdi.org.cn/CTMDS/pub/PUB010100.do?method=handle06&curPage=4&pageSize=100,2026-09-05,"Snapshot identity only; not all aliases, trial participation or current eligibility"
cnha-cfdi-919ea60dc0a803333c1a3f8229ae6555,中南大学湘雅二医院桂林医院(桂林市第二人民医院、桂林市职业病防治院),药临床机构备字2026000064,filed,confirmed_against_filing_snapshot,,deferred_not_required_for_identity,0,[],False,https://beian.cfdi.org.cn/CTMDS/pub/PUB010100.do?method=handle06&curPage=20&pageSize=100,2026-09-05,"Snapshot identity only; not all aliases, trial participation or current eligibility"
cnha-cfdi-91a41265c0a8033300fb4939efc36480,南京脑科医院（南京市胸科医院、南京市康复医院、南京脑科医院互联网医院）,药临床机构备字2020000753,filed,confirmed_against_filing_snapshot,,deferred_not_required_for_identity,3,"[{""hospital_id"": ""cnha-cfdi-91a41265c0a8033300fb4939efc36480"", ""official_name"": ""南京脑科医院（南京市胸科医院、南京市康复医院、南京脑科医院互联网医院）"", ""candidate_alias"": ""南京脑科医院互联网医院"", ""source_url"": ""https://beian.cfdi.org.cn/CTMDS/pub/PUB010100.do?method=handle06&curPage=8&pageSize=100"", ""status"": ""review_required"", ""reason"": ""Reference-only name; not approved for resolution""}]",False,https://beian.cfdi.org.cn/CTMDS/pub/PUB010100.do?method=handle06&curPage=8&pageSize=100,2026-09-05,"Snapshot identity only; not all aliases, trial participation or current eligibility"
cnha-cfdi-91ae13e4c0a803334363b0261c5172c2,金华市中心医院,药临床机构备字2020000623,filed,confirmed_against_filing_snapshot,,deferred_not_required_for_identity,0,"[{""hospital_id"": ""cnha-cfdi-91ae13e4c0a803334363b0261c5172c2"", ""official_name"": ""金华市中心医院"", ""candidate_alias"": ""Jinhua Central Hospital"", ""source_url"": ""https://ror.org/04z13ha89"", ""status"": ""review_required"", ""reason"": ""Reference-only name; not approved for resolution""}]",False,https://beian.cfdi.org.cn/CTMDS/pub/PUB010100.do?method=handle06&curPage=7&pageSize=100,2026-09-05,"Snapshot identity only; not all aliases, trial participation or current eligibility"
cnha-cfdi-91de0074c0a803335df07f2622fb11c3,山东省戴庄医院,药临床机构备字2020000869,filed,confirmed_against_filing_snapshot,,deferred_not_required_for_identity,0,[],False,https://beian.cfdi.org.cn/CTMDS/pub/PUB010100.do?method=handle06&curPage=9&pageSize=100,2026-09-05,"Snapshot identity only; not all aliases, trial participation or current eligibility"
cnha-cfdi-91f83db0c0a803332c53392b7d0091aa,内蒙古科技大学包头医学院第二附属医院,药临床机构备字2024000056,filed,confirmed_against_filing_snapshot,,deferred_not_required_for_identity,0,[],False,https://beian.cfdi.org.cn/CTMDS/pub/PUB010100.do?method=handle06&curPage=15&pageSize=100,2026-09-05,"Snapshot identity only; not all aliases, trial participation or current eligibility"
cnha-cfdi-92117c9fc0a803335247ab0d903f965e,青岛大学附属妇女儿童医院（青岛市妇女儿童医院）,药临床机构备字2020000496,filed,confirmed_against_filing_snapshot,,deferred_not_required_for_identity,2,"[{""hospital_id"": ""cnha-cfdi-92117c9fc0a803335247ab0d903f965e"", ""official_name"": ""青岛大学附属妇女儿童医院（青岛市妇女儿童医院）"", ""candidate_alias"": ""QWCH"", ""source_url"": ""https://ror.org/05pwzcb81"", ""status"": ""review_required"", ""reason"": ""Reference-only name; not approved for resolution""}, {""hospital_id"": ""cnha-cfdi-92117c9fc0a803335247ab0d903f965e"", ""official_name"": ""青岛大学附属妇女儿童医院（青岛市妇女儿童医院）"", ""candidate_alias"": ""Qingdao Maternal and Child Health Center"", ""source_url"": ""https://ror.org/05pwzcb81"", ""status"": ""review_required"", ""reason"": ""Reference-only name; not approved for resolution""}, {""hospital_id"": ""cnha-cfdi-92117c9fc0a803335247ab0d903f965e"", ""official_name"": ""青岛大学附属妇女儿童医院（青岛市妇女儿童医院）"", ""candidate_alias"": ""Qingdao Women and Children's Hospital"", ""source_url"": ""https://ror.org/05pwzcb81"", ""status"": ""review_required"", ""reason"": ""Reference-only name; not approved for resolution""}]",False,https://beian.cfdi.org.cn/CTMDS/pub/PUB010100.do?method=handle06&curPage=6&pageSize=100,2026-09-05,"Snapshot identity only; not all aliases, trial participation or current eligibility"
cnha-cfdi-92143e78c0a803335da910e2fdf09112,贺州市人民医院,药临床机构备字2023000054,filed,confirmed_against_filing_snapshot,,deferred_not_required_for_identity,0,[],False,https://beian.cfdi.org.cn/CTMDS/pub/PUB010100.do?method=handle06&curPage=13&pageSize=100,2026-09-05,"Snapshot identity only; not all aliases, trial participation or current eligibility"
cnha-cfdi-92371a0ac0a80333459c2c1c66aba20c,江西省精神病院,药临床机构备字2020000879,filed,confirmed_against_filing_snapshot,,deferred_not_required_for_identity,0,[],False,https://beian.cfdi.org.cn/CTMDS/pub/PUB010100.do?method=handle06&curPage=9&pageSize=100,2026-09-05,"Snapshot identity only; not all aliases, trial participation or current eligibility"
cnha-cfdi-92a1054fc0a80333278f78eacadeb58c,广州中医药大学第三附属医院（广州中医药大学附属骨伤科医院）,药临床机构备字2020000681,filed,confirmed_against_filing_snapshot,,deferred_not_required_for_identity,2,[],False,https://beian.cfdi.org.cn/CTMDS/pub/PUB010100.do?method=handle06&curPage=8&pageSize=100,2026-09-05,"Snapshot identity only; not all aliases, trial participation or current eligibility"
cnha-cfdi-931d4fb2c0a803335593c965abba70f1,湖南旺旺医院,药临床机构备字2022000120,filed,confirmed_against_filing_snapshot,,deferred_not_required_for_identity,0,[],False,https://beian.cfdi.org.cn/CTMDS/pub/PUB010100.do?method=handle06&curPage=12&pageSize=100,2026-09-05,"Snapshot identity only; not all aliases, trial participation or current eligibility"
cnha-cfdi-934d7f89c0a803334d4cbd108b962c5f,黑龙江省第二医院（黑龙江省中毒抢救治疗中心、黑龙江省劳动卫生职业病研究院）,药临床机构备字2022000176,filed,confirmed_against_filing_snapshot,,deferred_not_required_for_identity,0,[],False,https://beian.cfdi.org.cn/CTMDS/pub/PUB010100.do?method=handle06&curPage=13&pageSize=100,2026-09-05,"Snapshot identity only; not all aliases, trial participation or current eligibility"
cnha-cfdi-93522bd2c0a803336e15782f2702af34,中国人民解放军中部战区总医院,药临床机构备字2020000619,filed,confirmed_against_filing_snapshot,,deferred_not_required_for_identity,0,"[{""hospital_id"": ""cnha-cfdi-93522bd2c0a803336e15782f2702af34"", ""official_name"": ""中国人民解放军中部战区总医院"", ""candidate_alias"": ""General Hospital of Central Theater Command"", ""source_url"": ""https://ror.org/030ev1m28"", ""status"": ""review_required"", ""reason"": ""Reference-only name; not approved for resolution""}, {""hospital_id"": ""cnha-cfdi-93522bd2c0a803336e15782f2702af34"", ""official_name"": ""中国人民解放军中部战区总医院"", ""candidate_alias"": ""General Hospital of Central Theater Command of People's Liberation Army"", ""source_url"": ""https://ror.org/030ev1m28"", ""status"": ""review_required"", ""reason"": ""Reference-only name; not approved for resolution""}, {""hospital_id"": ""cnha-cfdi-93522bd2c0a803336e15782f2702af34"", ""official_name"": ""中国人民解放军中部战区总医院"", ""candidate_alias"": ""PLA General Hospital of Central Theater Command"", ""source_url"": ""https://ror.org/030ev1m28"", ""status"": ""review_required"", ""reason"": ""Reference-only name; not approved for resolution""}, {""hospital_id"": ""cnha-cfdi-93522bd2c0a803336e15782f2702af34"", ""official_name"": ""中国人民解放军中部战区总医院"", ""candidate_alias"": ""People's Liberation Army General Hospital of Central Theater Command"", ""source_url"": ""https://ror.org/030ev1m28"", ""status"": ""review_required"", ""reason"": ""Reference-only name; not approved for resolution""}]",False,https://beian.cfdi.org.cn/CTMDS/pub/PUB010100.do?method=handle06&curPage=7&pageSize=100,2026-09-05,"Snapshot identity only; not all aliases, trial participation or current eligibility"
cnha-cfdi-935e0a0cc0a8033348c4ace3714c39d3,中国人民解放军总医院第五医学中心,药临床机构备字2020000010,filed,confirmed_against_filing_snapshot,,deferred_not_required_for_identity,0,[],False,https://beian.cfdi.org.cn/CTMDS/pub/PUB010100.do?method=handle06&curPage=1&pageSize=100,2026-09-05,"Snapshot identity only; not all aliases, trial participation or current eligibility"
cnha-cfdi-93ce24f6c0a803331f9883cf7b5a9129,首都医科大学附属首都儿童医学中心,药临床机构备字2020000239,filed,confirmed_against_filing_snapshot,,deferred_not_required_for_identity,0,[],False,https://beian.cfdi.org.cn/CTMDS/pub/PUB010100.do?method=handle06&curPage=4&pageSize=100,2026-09-05,"Snapshot identity only; not all aliases, trial participation or current eligibility"
cnha-cfdi-93d8aaf6c0a80333129e1eda2e530283,九江市肿瘤医院（九江市第三人民医院）,药临床机构备字2022000157,filed,confirmed_against_filing_snapshot,,deferred_not_required_for_identity,2,[],False,https://beian.cfdi.org.cn/CTMDS/pub/PUB010100.do?method=handle06&curPage=13&pageSize=100,2026-09-05,"Snapshot identity only; not all aliases, trial participation or current eligibility"
cnha-cfdi-9460a6c2c0a803331308e8b6e4d1bbf2,西北妇女儿童医院,药临床机构备字2021000081,filed,confirmed_against_filing_snapshot,,deferred_not_required_for_identity,0,"[{""hospital_id"": ""cnha-cfdi-9460a6c2c0a803331308e8b6e4d1bbf2"", ""official_name"": ""西北妇女儿童医院"", ""candidate_alias"": ""Northwest Women's and Children's Hospital"", ""source_url"": ""https://ror.org/00wydr975"", ""status"": ""review_required"", ""reason"": ""Reference-only name; not approved for resolution""}, {""hospital_id"": ""cnha-cfdi-9460a6c2c0a803331308e8b6e4d1bbf2"", ""official_name"": ""西北妇女儿童医院"", ""candidate_alias"": ""Shaanxi Provincial Maternal and Child Health Hospital"", ""source_url"": ""https://ror.org/00wydr975"", ""status"": ""review_required"", ""reason"": ""Reference-only name; not approved for resolution""}]",False,https://beian.cfdi.org.cn/CTMDS/pub/PUB010100.do?method=handle06&curPage=11&pageSize=100,2026-09-05,"Snapshot identity only; not all aliases, trial participation or current eligibility"
cnha-cfdi-952197bdc0a803330566be586c42d373,郑州市第七人民医院,药临床机构备字2020000932,filed,confirmed_against_filing_snapshot,,deferred_not_required_for_identity,0,[],False,https://beian.cfdi.org.cn/CTMDS/pub/PUB010100.do?method=handle06&curPage=10&pageSize=100,2026-09-05,"Snapshot identity only; not all aliases, trial participation or current eligibility"
cnha-cfdi-9524fc99c0a803336bacaf4859bf0c63,温州市中西医结合医院,药临床机构备字2023000035,filed,confirmed_against_filing_snapshot,,deferred_not_required_for_identity,0,[],False,https://beian.cfdi.org.cn/CTMDS/pub/PUB010100.do?method=handle06&curPage=13&pageSize=100,2026-09-05,"Snapshot identity only; not all aliases, trial participation or current eligibility"
cnha-cfdi-953e8612c0a8033376513975edb6662e,茂名市妇幼保健院 （茂名市妇幼保健计划生育服务中心、茂名市妇幼保健院互联网医院、茂名市妇产医院、茂名市儿童医院）,药临床机构备字2025000246,filed,confirmed_against_filing_snapshot,,deferred_not_required_for_identity,3,"[{""hospital_id"": ""cnha-cfdi-953e8612c0a8033376513975edb6662e"", ""official_name"": ""茂名市妇幼保健院 （茂名市妇幼保健计划生育服务中心、茂名市妇幼保健院互联网医院、茂名市妇产医院、茂名市儿童医院）"", ""candidate_alias"": ""茂名市妇幼保健计划生育服务中心"", ""source_url"": ""https://beian.cfdi.org.cn/CTMDS/pub/PUB010100.do?method=handle06&curPage=19&pageSize=100"", ""status"": ""review_required"", ""reason"": ""Reference-only name; not approved for resolution""}, {""hospital_id"": ""cnha-cfdi-953e8612c0a8033376513975edb6662e"", ""official_name"": ""茂名市妇幼保健院 （茂名市妇幼保健计划生育服务中心、茂名市妇幼保健院互联网医院、茂名市妇产医院、茂名市儿童医院）"", ""candidate_alias"": ""茂名市妇幼保健院互联网医院"", ""source_url"": ""https://beian.cfdi.org.cn/CTMDS/pub/PUB010100.do?method=handle06&curPage=19&pageSize=100"", ""status"": ""review_required"", ""reason"": ""Reference-only name; not approved for resolution""}]",False,https://beian.cfdi.org.cn/CTMDS/pub/PUB010100.do?method=handle06&curPage=19&pageSize=100,2026-09-05,"Snapshot identity only; not all aliases, trial participation or current eligibility"
cnha-cfdi-9556f1a2c0a8033346efe1b47457d555,浚县人民医院,药临床机构备字2022000039,filed,confirmed_against_filing_snapshot,,deferred_not_required_for_identity,0,[],False,https://beian.cfdi.org.cn/CTMDS/pub/PUB010100.do?method=handle06&curPage=12&pageSize=100,2026-09-05,"Snapshot identity only; not all aliases, trial participation or current eligibility"
cnha-cfdi-9560e3d6c0a803336fd7bdb790dfefc2,南昌大学第四附属医院,药临床机构备字2020000355,filed,confirmed_against_filing_snapshot,,deferred_not_required_for_identity,0,[],False,https://beian.cfdi.org.cn/CTMDS/pub/PUB010100.do?method=handle06&curPage=5&pageSize=100,2026-09-05,"Snapshot identity only; not all aliases, trial participation or current eligibility"
cnha-cfdi-95783a13c0a803334a10bd869fac3f9b,石家庄市第二医院（石家庄市糖尿病医院、石家庄市口腔医院、石家庄市职业病医院）,药临床机构备字2020000349,filed,confirmed_against_filing_snapshot,,deferred_not_required_for_identity,4,[],False,https://beian.cfdi.org.cn/CTMDS/pub/PUB010100.do?method=handle06&curPage=5&pageSize=100,2026-09-05,"Snapshot identity only; not all aliases, trial participation or current eligibility"
cnha-cfdi-9590740cc0a803330e1125b8bf326243,河北燕达陆道培医院,药临床机构备字2020000157,filed,confirmed_against_filing_snapshot,,deferred_not_required_for_identity,0,[],False,https://beian.cfdi.org.cn/CTMDS/pub/PUB010100.do?method=handle06&curPage=3&pageSize=100,2026-09-05,"Snapshot identity only; not all aliases, trial participation or current eligibility"
cnha-cfdi-9593503ac0a803334df6fb563c88dce6,重庆市第十一人民医院,药临床机构备字2020000354,filed,confirmed_against_filing_snapshot,,deferred_not_required_for_identity,0,[],False,https://beian.cfdi.org.cn/CTMDS/pub/PUB010100.do?method=handle06&curPage=5&pageSize=100,2026-09-05,"Snapshot identity only; not all aliases, trial participation or current eligibility"
cnha-cfdi-9595fb49c0a8033365504105e1bcbc53,成都市第五人民医院,药临床机构备字2020000595,filed,confirmed_against_filing_snapshot,,deferred_not_required_for_identity,0,[],False,https://beian.cfdi.org.cn/CTMDS/pub/PUB010100.do?method=handle06&curPage=7&pageSize=100,2026-09-05,"Snapshot identity only; not all aliases, trial participation or current eligibility"
cnha-cfdi-95a4d38cc0a803333e4235f2ddb5c2f6,南通市第一人民医院,药临床机构备字2020000542,filed,confirmed_against_filing_snapshot,,deferred_not_required_for_identity,2,"[{""hospital_id"": ""cnha-cfdi-95a4d38cc0a803333e4235f2ddb5c2f6"", ""official_name"": ""南通市第一人民医院"", ""candidate_alias"": ""Affiliated Hospital 2 of Nantong University"", ""source_url"": ""https://ror.org/05pdn2z45"", ""status"": ""review_required"", ""reason"": ""Reference-only name; not approved for resolution""}, {""hospital_id"": ""cnha-cfdi-95a4d38cc0a803333e4235f2ddb5c2f6"", ""official_name"": ""南通市第一人民医院"", ""candidate_alias"": ""Nantong First People’s Hospital"", ""source_url"": ""https://ror.org/05pdn2z45"", ""status"": ""review_required"", ""reason"": ""Reference-only name; not approved for resolution""}, {""hospital_id"": ""cnha-cfdi-95a4d38cc0a803333e4235f2ddb5c2f6"", ""official_name"": ""南通市第一人民医院"", ""candidate_alias"": ""Second Affiliated Hospital of Nantong University"", ""source_url"": ""https://ror.org/05pdn2z45"", ""status"": ""review_required"", ""reason"": ""Reference-only name; not approved for resolution""}, {""hospital_id"": ""cnha-cfdi-95a4d38cc0a803333e4235f2ddb5c2f6"", ""official_name"": ""南通市第一人民医院"", ""candidate_alias"": ""第一人民医院"", ""source_url"": ""https://ror.org/05pdn2z45"", ""status"": ""review_required"", ""reason"": ""Reference-only name; not approved for resolution""}]",False,https://beian.cfdi.org.cn/CTMDS/pub/PUB010100.do?method=handle06&curPage=6&pageSize=100,2026-09-05,"Snapshot identity only; not all aliases, trial participation or current eligibility"
cnha-cfdi-95a80833c0a8033318dd8e318973214f,北京小汤山医院,药临床机构备字2024000091,filed,confirmed_against_filing_snapshot,,deferred_not_required_for_identity,0,[],False,https://beian.cfdi.org.cn/CTMDS/pub/PUB010100.do?method=handle06&curPage=16&pageSize=100,2026-09-05,"Snapshot identity only; not all aliases, trial participation or current eligibility"
cnha-cfdi-95b60390c0a803335fc0cd9185d69ced,重庆市第九人民医院,药临床机构备字2020000359,filed,confirmed_against_filing_snapshot,,deferred_not_required_for_identity,0,[],False,https://beian.cfdi.org.cn/CTMDS/pub/PUB010100.do?method=handle06&curPage=5&pageSize=100,2026-09-05,"Snapshot identity only; not all aliases, trial participation or current eligibility"
cnha-cfdi-95b84adbc0a8033379677fd092731f71,南阳张仲景医院,药临床机构备字2025000069,filed,confirmed_against_filing_snapshot,,deferred_not_required_for_identity,0,[],False,https://beian.cfdi.org.cn/CTMDS/pub/PUB010100.do?method=handle06&curPage=18&pageSize=100,2026-09-05,"Snapshot identity only; not all aliases, trial participation or current eligibility"
cnha-cfdi-95d3d8f0c0a8033340b23482ad945906,大庆市第三医院,药临床机构备字2019000057,filed,confirmed_against_filing_snapshot,,deferred_not_required_for_identity,0,[],False,https://beian.cfdi.org.cn/CTMDS/pub/PUB010100.do?method=handle06&curPage=1&pageSize=100,2026-09-05,"Snapshot identity only; not all aliases, trial participation or current eligibility"
cnha-cfdi-95d402b1c0a8033365f43c4b26fc290b,洛阳市偃师人民医院,药临床机构备字2024000190,filed,confirmed_against_filing_snapshot,,deferred_not_required_for_identity,0,[],False,https://beian.cfdi.org.cn/CTMDS/pub/PUB010100.do?method=handle06&curPage=16&pageSize=100,2026-09-05,"Snapshot identity only; not all aliases, trial participation or current eligibility"
cnha-cfdi-95e94d3cc0a80333445a7ebf48247f26,海宁市人民医院,药临床机构备字2025000176,filed,confirmed_against_filing_snapshot,,deferred_not_required_for_identity,0,[],False,https://beian.cfdi.org.cn/CTMDS/pub/PUB010100.do?method=handle06&curPage=18&pageSize=100,2026-09-05,"Snapshot identity only; not all aliases, trial participation or current eligibility"
cnha-cfdi-95f8070fc0a8033367a70c162fabd804,成都中医大银海眼科医院,药临床机构备字2021000025,filed,confirmed_against_filing_snapshot,,deferred_not_required_for_identity,0,[],False,https://beian.cfdi.org.cn/CTMDS/pub/PUB010100.do?method=handle06&curPage=10&pageSize=100,2026-09-05,"Snapshot identity only; not all aliases, trial participation or current eligibility"
cnha-cfdi-964e1a64c0a803336fabb20cc758dab6,杭州市第七人民医院,药临床机构备字2021000044,filed,confirmed_against_filing_snapshot,,deferred_not_required_for_identity,0,[],False,https://beian.cfdi.org.cn/CTMDS/pub/PUB010100.do?method=handle06&curPage=11&pageSize=100,2026-09-05,"Snapshot identity only; not all aliases, trial participation or current eligibility"
cnha-cfdi-9672bb71c0a803331b76538a20132149,首都医科大学附属北京安定医院,药临床机构备字2020000333,filed,confirmed_against_filing_snapshot,,deferred_not_required_for_identity,0,[],False,https://beian.cfdi.org.cn/CTMDS/pub/PUB010100.do?method=handle06&curPage=4&pageSize=100,2026-09-05,"Snapshot identity only; not all aliases, trial participation or current eligibility"
cnha-cfdi-967b048dc0a803332ba262c7c5627fa5,萍乡市中医院,药临床机构备字2026000046,filed,confirmed_against_filing_snapshot,,deferred_not_required_for_identity,0,[],False,https://beian.cfdi.org.cn/CTMDS/pub/PUB010100.do?method=handle06&curPage=20&pageSize=100,2026-09-05,"Snapshot identity only; not all aliases, trial participation or current eligibility"
cnha-cfdi-9689a734c0a803337811e0fae130d412,江苏省人民医院重庆医院,药临床机构备字2020000586,filed,confirmed_against_filing_snapshot,,deferred_not_required_for_identity,0,[],False,https://beian.cfdi.org.cn/CTMDS/pub/PUB010100.do?method=handle06&curPage=7&pageSize=100,2026-09-05,"Snapshot identity only; not all aliases, trial participation or current eligibility"
cnha-cfdi-9696c252c0a8033346e01bc55bc028ee,新疆维吾尔自治区疾病预防控制中心,药临床机构备字2024000096,filed,confirmed_against_filing_snapshot,,deferred_not_required_for_identity,0,[],False,https://beian.cfdi.org.cn/CTMDS/pub/PUB010100.do?method=handle06&curPage=16&pageSize=100,2026-09-05,"Snapshot identity only; not all aliases, trial participation or current eligibility"
cnha-cfdi-96b032e5c0a80333183aba38c6439dfb,新疆维吾尔自治区传染病医院(新疆维吾尔自治区第六人民医院、自治区公共卫生临床救治中心、自治区结核病防治研究所）,药临床机构备字2020000163,filed,confirmed_against_filing_snapshot,,deferred_not_required_for_identity,0,[],False,https://beian.cfdi.org.cn/CTMDS/pub/PUB010100.do?method=handle06&curPage=3&pageSize=100,2026-09-05,"Snapshot identity only; not all aliases, trial participation or current eligibility"
cnha-cfdi-96bafb1ec0a803330ffc6dc5b452ac68,北京陆道培血液病医院有限公司,药临床机构备字2025000087,filed,confirmed_against_filing_snapshot,,deferred_not_required_for_identity,0,[],False,https://beian.cfdi.org.cn/CTMDS/pub/PUB010100.do?method=handle06&curPage=18&pageSize=100,2026-09-05,"Snapshot identity only; not all aliases, trial participation or current eligibility"
cnha-cfdi-96bd96c5c0a8033316ca13a8bab7c64f,内蒙古民族大学附属医院,药临床机构备字2020000371,filed,confirmed_against_filing_snapshot,,deferred_not_required_for_identity,0,[],False,https://beian.cfdi.org.cn/CTMDS/pub/PUB010100.do?method=handle06&curPage=5&pageSize=100,2026-09-05,"Snapshot identity only; not all aliases, trial participation or current eligibility"
cnha-cfdi-96da6e84c0a8033345877fcc06fc4024,成都新华医院,药临床机构备字2020000446,filed,confirmed_against_filing_snapshot,,deferred_not_required_for_identity,0,[],False,https://beian.cfdi.org.cn/CTMDS/pub/PUB010100.do?method=handle06&curPage=5&pageSize=100,2026-09-05,"Snapshot identity only; not all aliases, trial participation or current eligibility"
cnha-cfdi-96f38dc7c0a803334e96193736fabac7,滨州市中医医院,药临床机构备字2026000051,filed,confirmed_against_filing_snapshot,,deferred_not_required_for_identity,0,[],False,https://beian.cfdi.org.cn/CTMDS/pub/PUB010100.do?method=handle06&curPage=20&pageSize=100,2026-09-05,"Snapshot identity only; not all aliases, trial participation or current eligibility"
cnha-cfdi-974762cfc0a803334dd40ca549d38fed,苏州科技城医院,药临床机构备字2020000728,filed,confirmed_against_filing_snapshot,,deferred_not_required_for_identity,2,"[{""hospital_id"": ""cnha-cfdi-974762cfc0a803334dd40ca549d38fed"", ""official_name"": ""苏州科技城医院"", ""candidate_alias"": ""Nanjing University Medical School Affiliated Suzhou Hospital"", ""source_url"": ""https://ror.org/01wcs0854"", ""status"": ""review_required"", ""reason"": ""Reference-only name; not approved for resolution""}, {""hospital_id"": ""cnha-cfdi-974762cfc0a803334dd40ca549d38fed"", ""official_name"": ""苏州科技城医院"", ""candidate_alias"": ""Suzhou Science and Technology Town Hospital"", ""source_url"": ""https://ror.org/01wcs0854"", ""status"": ""review_required"", ""reason"": ""Reference-only name; not approved for resolution""}, {""hospital_id"": ""cnha-cfdi-974762cfc0a803334dd40ca549d38fed"", ""official_name"": ""苏州科技城医院"", ""candidate_alias"": ""南京医科大学附属苏州科技城医院"", ""source_url"": ""https://ror.org/01wcs0854"", ""status"": ""review_required"", ""reason"": ""Reference-only name; not approved for resolution""}]",False,https://beian.cfdi.org.cn/CTMDS/pub/PUB010100.do?method=handle06&curPage=8&pageSize=100,2026-09-05,"Snapshot identity only; not all aliases, trial participation or current eligibility"
cnha-cfdi-97480017c0a8033366911c488a2aab2f,大同市第一人民医院,药临床机构备字2026000117,filed,confirmed_against_filing_snapshot,,deferred_not_required_for_identity,0,[],False,https://beian.cfdi.org.cn/CTMDS/pub/PUB010100.do?method=handle06&curPage=20&pageSize=100,2026-09-05,"Snapshot identity only; not all aliases, trial participation or current eligibility"
cnha-cfdi-978eae27c0a803330a58d60bcb5b127a,湘雅博爱康复医院,药临床机构备字2020000392,filed,confirmed_against_filing_snapshot,,deferred_not_required_for_identity,0,[],False,https://beian.cfdi.org.cn/CTMDS/pub/PUB010100.do?method=handle06&curPage=5&pageSize=100,2026-09-05,"Snapshot identity only; not all aliases, trial participation or current eligibility"
cnha-cfdi-979d7a91c0a8033373c6a11ef8d10193,成都市第四人民医院,药临床机构备字2020000670,filed,confirmed_against_filing_snapshot,,deferred_not_required_for_identity,0,[],False,https://beian.cfdi.org.cn/CTMDS/pub/PUB010100.do?method=handle06&curPage=7&pageSize=100,2026-09-05,"Snapshot identity only; not all aliases, trial participation or current eligibility"
cnha-cfdi-97e1f662c0a8033358f8f825b98fe252,淮安八十二医院,药临床机构备字2026000027,filed,confirmed_against_filing_snapshot,,deferred_not_required_for_identity,0,[],False,https://beian.cfdi.org.cn/CTMDS/pub/PUB010100.do?method=handle06&curPage=20&pageSize=100,2026-09-05,"Snapshot identity only; not all aliases, trial participation or current eligibility"
cnha-cfdi-988eb5fefddc2800e050a8c03202de0f,甘肃省疾病预防控制中心（甘肃省预防医学科学院）疫苗评价室,药临床机构备字2026000071,filed,confirmed_against_filing_snapshot,,deferred_not_required_for_identity,0,[],False,https://beian.cfdi.org.cn/CTMDS/pub/PUB010100.do?method=handle06&curPage=20&pageSize=100,2026-09-05,"Snapshot identity only; not all aliases, trial participation or current eligibility"
cnha-cfdi-988eb5fefe342800e050a8c03202de0f,山西医科大学口腔医院,药临床机构备字2026000161,filed,confirmed_against_filing_snapshot,,deferred_not_required_for_identity,0,[],False,https://beian.cfdi.org.cn/CTMDS/pub/PUB010100.do?method=handle06&curPage=21&pageSize=100,2026-09-05,"Snapshot identity only; not all aliases, trial participation or current eligibility"
cnha-cfdi-99020697c0a80333304d0ce80c688cfa,新郑华信民生医院,药临床机构备字2020000166,filed,confirmed_against_filing_snapshot,,deferred_not_required_for_identity,0,[],False,https://beian.cfdi.org.cn/CTMDS/pub/PUB010100.do?method=handle06&curPage=3&pageSize=100,2026-09-05,"Snapshot identity only; not all aliases, trial participation or current eligibility"
cnha-cfdi-99174a3dc0a8033370133d012d27f3a6,湘南学院附属医院,药临床机构备字2020000674,filed,confirmed_against_filing_snapshot,,deferred_not_required_for_identity,0,[],False,https://beian.cfdi.org.cn/CTMDS/pub/PUB010100.do?method=handle06&curPage=7&pageSize=100,2026-09-05,"Snapshot identity only; not all aliases, trial participation or current eligibility"
cnha-cfdi-991b352dc0a803332d6d61a59aad2fce,四川省医学科学院·四川省人民医院,药临床机构备字2020000134,filed,confirmed_against_filing_snapshot,,deferred_not_required_for_identity,0,[],False,https://beian.cfdi.org.cn/CTMDS/pub/PUB010100.do?method=handle06&curPage=3&pageSize=100,2026-09-05,"Snapshot identity only; not all aliases, trial participation or current eligibility"
cnha-cfdi-995f20c9c0a80333049e96dae7812abf,邢台市第九医院,药临床机构备字2026000059,filed,confirmed_against_filing_snapshot,,deferred_not_required_for_identity,0,[],False,https://beian.cfdi.org.cn/CTMDS/pub/PUB010100.do?method=handle06&curPage=20&pageSize=100,2026-09-05,"Snapshot identity only; not all aliases, trial participation or current eligibility"
cnha-cfdi-99c3a824c0a803332ec4f11a0e482ddb,博尔塔拉蒙古自治州人民医院,药临床机构备字2025000284,filed,confirmed_against_filing_snapshot,,deferred_not_required_for_identity,0,[],False,https://beian.cfdi.org.cn/CTMDS/pub/PUB010100.do?method=handle06&curPage=19&pageSize=100,2026-09-05,"Snapshot identity only; not all aliases, trial participation or current eligibility"
cnha-cfdi-9a4828d4c0a803336d65b0548efdace5,宁波市医疗中心李惠利医院,药临床机构备字2020000961,filed,confirmed_against_filing_snapshot,,deferred_not_required_for_identity,0,"[{""hospital_id"": ""cnha-cfdi-9a4828d4c0a803336d65b0548efdace5"", ""official_name"": ""宁波市医疗中心李惠利医院"", ""candidate_alias"": ""Ningbo Medical Center Lihuili Hospital"", ""source_url"": ""https://ror.org/030zcqn97"", ""status"": ""review_required"", ""reason"": ""Reference-only name; not approved for resolution""}]",False,https://beian.cfdi.org.cn/CTMDS/pub/PUB010100.do?method=handle06&curPage=10&pageSize=100,2026-09-05,"Snapshot identity only; not all aliases, trial participation or current eligibility"
cnha-cfdi-9a5df1c7c0a8033368a88941110bd93f,丰城市中医院,药临床机构备字2021000148,filed,confirmed_against_filing_snapshot,,deferred_not_required_for_identity,0,[],False,https://beian.cfdi.org.cn/CTMDS/pub/PUB010100.do?method=handle06&curPage=11&pageSize=100,2026-09-05,"Snapshot identity only; not all aliases, trial participation or current eligibility"
cnha-cfdi-9a9af4fcc0a8033358aefbb18c964121,新兴县人民医院,药临床机构备字2025000130,filed,confirmed_against_filing_snapshot,,deferred_not_required_for_identity,0,[],False,https://beian.cfdi.org.cn/CTMDS/pub/PUB010100.do?method=handle06&curPage=18&pageSize=100,2026-09-05,"Snapshot identity only; not all aliases, trial participation or current eligibility"
cnha-cfdi-9ab355d1c0a8033305cc8fed8fd9f878,江西省人民医院（南昌医学院第一附属医院）,药临床机构备字2020000731,filed,confirmed_against_filing_snapshot,,deferred_not_required_for_identity,2,"[{""hospital_id"": ""cnha-cfdi-9ab355d1c0a8033305cc8fed8fd9f878"", ""official_name"": ""江西省人民医院（南昌医学院第一附属医院）"", ""candidate_alias"": ""Jiangxi Provincial People's Hospital"", ""source_url"": ""https://ror.org/01dspcb60"", ""status"": ""review_required"", ""reason"": ""Reference-only name; not approved for resolution""}]",False,https://beian.cfdi.org.cn/CTMDS/pub/PUB010100.do?method=handle06&curPage=8&pageSize=100,2026-09-05,"Snapshot identity only; not all aliases, trial participation or current eligibility"
cnha-cfdi-9b169b4ec0a803331fc40e01381d5928,沈阳市骨科医院,药临床机构备字2020000280,filed,confirmed_against_filing_snapshot,,deferred_not_required_for_identity,0,[],False,https://beian.cfdi.org.cn/CTMDS/pub/PUB010100.do?method=handle06&curPage=4&pageSize=100,2026-09-05,"Snapshot identity only; not all aliases, trial participation or current eligibility"
cnha-cfdi-9b1c926cc0a803334a359512990ded09,深圳蓝生脑科医院,药临床机构备字2024000220,filed,confirmed_against_filing_snapshot,,deferred_not_required_for_identity,0,[],False,https://beian.cfdi.org.cn/CTMDS/pub/PUB010100.do?method=handle06&curPage=17&pageSize=100,2026-09-05,"Snapshot identity only; not all aliases, trial participation or current eligibility"
cnha-cfdi-9b70b284c0a80333620088ac3f0484e8,宣威云峰医院,药临床机构备字2026000159,filed,confirmed_against_filing_snapshot,,deferred_not_required_for_identity,0,[],False,https://beian.cfdi.org.cn/CTMDS/pub/PUB010100.do?method=handle06&curPage=21&pageSize=100,2026-09-05,"Snapshot identity only; not all aliases, trial participation or current eligibility"
cnha-cfdi-9b761c7bc0a803330cfa95287885579e,崇州二医院,药临床机构备字2023000055,filed,confirmed_against_filing_snapshot,,deferred_not_required_for_identity,0,[],False,https://beian.cfdi.org.cn/CTMDS/pub/PUB010100.do?method=handle06&curPage=13&pageSize=100,2026-09-05,"Snapshot identity only; not all aliases, trial participation or current eligibility"
cnha-cfdi-9c37e137c0a803334be840b08250055d,暨南大学附属第一医院（广州华侨医院）,药临床机构备字2019000043,filed,confirmed_against_filing_snapshot,,deferred_not_required_for_identity,2,"[{""hospital_id"": ""cnha-cfdi-9c37e137c0a803334be840b08250055d"", ""official_name"": ""暨南大学附属第一医院（广州华侨医院）"", ""candidate_alias"": ""First Affiliated Hospital of Jinan University"", ""source_url"": ""https://ror.org/05d5vvz89"", ""status"": ""review_required"", ""reason"": ""Reference-only name; not approved for resolution""}, {""hospital_id"": ""cnha-cfdi-9c37e137c0a803334be840b08250055d"", ""official_name"": ""暨南大学附属第一医院（广州华侨医院）"", ""candidate_alias"": ""Guangzhou Overseas Chinese Hospital"", ""source_url"": ""https://ror.org/05d5vvz89"", ""status"": ""review_required"", ""reason"": ""Reference-only name; not approved for resolution""}]",False,https://beian.cfdi.org.cn/CTMDS/pub/PUB010100.do?method=handle06&curPage=1&pageSize=100,2026-09-05,"Snapshot identity only; not all aliases, trial participation or current eligibility"
cnha-cfdi-9c3a8c80c0a8033335dd1cf2c94105ef,淳安县第一人民医院,药临床机构备字2025000292,filed,confirmed_against_filing_snapshot,,deferred_not_required_for_identity,0,[],False,https://beian.cfdi.org.cn/CTMDS/pub/PUB010100.do?method=handle06&curPage=19&pageSize=100,2026-09-05,"Snapshot identity only; not all aliases, trial participation or current eligibility"
cnha-cfdi-9c54f326c0a803336f470a41f7cded4d,广州市中西医结合医院,药临床机构备字2024000218,filed,confirmed_against_filing_snapshot,,deferred_not_required_for_identity,0,[],False,https://beian.cfdi.org.cn/CTMDS/pub/PUB010100.do?method=handle06&curPage=17&pageSize=100,2026-09-05,"Snapshot identity only; not all aliases, trial participation or current eligibility"
cnha-cfdi-9c6d29eac0a80333366cbc5275dadda3,武汉市第六医院,药临床机构备字2021000029,filed,confirmed_against_filing_snapshot,,deferred_not_required_for_identity,0,[],False,https://beian.cfdi.org.cn/CTMDS/pub/PUB010100.do?method=handle06&curPage=10&pageSize=100,2026-09-05,"Snapshot identity only; not all aliases, trial participation or current eligibility"
cnha-cfdi-9c8945fdc0a80333536d1b5819728078,自贡市精神卫生中心（自贡市第五人民医院、自贡市老年病医院）,药临床机构备字2023000229,filed,confirmed_against_filing_snapshot,,deferred_not_required_for_identity,0,[],False,https://beian.cfdi.org.cn/CTMDS/pub/PUB010100.do?method=handle06&curPage=15&pageSize=100,2026-09-05,"Snapshot identity only; not all aliases, trial participation or current eligibility"
cnha-cfdi-9ceab55bc0a80333531fff5e979d8bc7,桂平市人民医院,药临床机构备字2024000169,filed,confirmed_against_filing_snapshot,,deferred_not_required_for_identity,0,[],False,https://beian.cfdi.org.cn/CTMDS/pub/PUB010100.do?method=handle06&curPage=16&pageSize=100,2026-09-05,"Snapshot identity only; not all aliases, trial participation or current eligibility"
cnha-cfdi-9ceb039fc0a803336f8d64de0f412917,连云港市中医院,药临床机构备字2020000724,filed,confirmed_against_filing_snapshot,,deferred_not_required_for_identity,0,[],False,https://beian.cfdi.org.cn/CTMDS/pub/PUB010100.do?method=handle06&curPage=8&pageSize=100,2026-09-05,"Snapshot identity only; not all aliases, trial participation or current eligibility"
cnha-cfdi-9d16d50cc0a8033334e65f97cfec0eb6,广州中医药大学金沙洲医院,药临床机构备字2020000554,filed,confirmed_against_filing_snapshot,,deferred_not_required_for_identity,0,[],False,https://beian.cfdi.org.cn/CTMDS/pub/PUB010100.do?method=handle06&curPage=6&pageSize=100,2026-09-05,"Snapshot identity only; not all aliases, trial participation or current eligibility"
cnha-cfdi-9dc35acbc0a803334f82c4c415a127e7,洛宁县人民医院,药临床机构备字2024000228,filed,confirmed_against_filing_snapshot,,deferred_not_required_for_identity,0,[],False,https://beian.cfdi.org.cn/CTMDS/pub/PUB010100.do?method=handle06&curPage=17&pageSize=100,2026-09-05,"Snapshot identity only; not all aliases, trial participation or current eligibility"
cnha-cfdi-9e4789f3c0a803330e6de19af2a0b4c2,华北医疗健康集团峰峰总医院,药临床机构备字2024000217,filed,confirmed_against_filing_snapshot,,deferred_not_required_for_identity,0,[],False,https://beian.cfdi.org.cn/CTMDS/pub/PUB010100.do?method=handle06&curPage=17&pageSize=100,2026-09-05,"Snapshot identity only; not all aliases, trial participation or current eligibility"
cnha-cfdi-9e5c783cc0a803331b3547faace71742,平江县第一人民医院,药临床机构备字2023000255,filed,confirmed_against_filing_snapshot,,deferred_not_required_for_identity,0,[],False,https://beian.cfdi.org.cn/CTMDS/pub/PUB010100.do?method=handle06&curPage=15&pageSize=100,2026-09-05,"Snapshot identity only; not all aliases, trial participation or current eligibility"
cnha-cfdi-a03c883fc0a803332ca9d7458b816baf,西安医学院第二附属医院,药临床机构备字2025000105,filed,confirmed_against_filing_snapshot,,deferred_not_required_for_identity,0,[],False,https://beian.cfdi.org.cn/CTMDS/pub/PUB010100.do?method=handle06&curPage=18&pageSize=100,2026-09-05,"Snapshot identity only; not all aliases, trial participation or current eligibility"
cnha-cfdi-a05fe19bc0a80333436d4969b12ce12d,江山市人民医院（江山市人民医院医共体）,药临床机构备字2023000138,filed,confirmed_against_filing_snapshot,,deferred_not_required_for_identity,1,"[{""hospital_id"": ""cnha-cfdi-a05fe19bc0a80333436d4969b12ce12d"", ""official_name"": ""江山市人民医院（江山市人民医院医共体）"", ""candidate_alias"": ""江山市人民医院医共体"", ""source_url"": ""https://beian.cfdi.org.cn/CTMDS/pub/PUB010100.do?method=handle06&curPage=14&pageSize=100"", ""status"": ""review_required"", ""reason"": ""Reference-only name; not approved for resolution""}]",False,https://beian.cfdi.org.cn/CTMDS/pub/PUB010100.do?method=handle06&curPage=14&pageSize=100,2026-09-05,"Snapshot identity only; not all aliases, trial participation or current eligibility"
cnha-cfdi-a090cb81c0a80333331fe495fbfcd2b2,南宁市第一人民医院,药临床机构备字2020000397,filed,confirmed_against_filing_snapshot,,deferred_not_required_for_identity,0,[],False,https://beian.cfdi.org.cn/CTMDS/pub/PUB010100.do?method=handle06&curPage=5&pageSize=100,2026-09-05,"Snapshot identity only; not all aliases, trial participation or current eligibility"
cnha-cfdi-a09df889c0a8033344b4a3155a7f8be9,东莞市清溪医院,药临床机构备字2024000240,filed,confirmed_against_filing_snapshot,,deferred_not_required_for_identity,0,[],False,https://beian.cfdi.org.cn/CTMDS/pub/PUB010100.do?method=handle06&curPage=17&pageSize=100,2026-09-05,"Snapshot identity only; not all aliases, trial participation or current eligibility"
cnha-cfdi-a0dcecc1c0a80333580bd76cae9225b2,香港养和医院有限公司,药临床机构备字2022000016,filed,confirmed_against_filing_snapshot,,deferred_not_required_for_identity,0,[],False,https://beian.cfdi.org.cn/CTMDS/pub/PUB010100.do?method=handle06&curPage=12&pageSize=100,2026-09-05,"Snapshot identity only; not all aliases, trial participation or current eligibility"
cnha-cfdi-a10466e9c0a803333b937f30e488fed6,临沂市人民医院,药临床机构备字2020000854,filed,confirmed_against_filing_snapshot,,deferred_not_required_for_identity,0,"[{""hospital_id"": ""cnha-cfdi-a10466e9c0a803333b937f30e488fed6"", ""official_name"": ""临沂市人民医院"", ""candidate_alias"": ""American Mission Hospital"", ""source_url"": ""https://ror.org/011r8ce56"", ""status"": ""review_required"", ""reason"": ""Reference-only name; not approved for resolution""}, {""hospital_id"": ""cnha-cfdi-a10466e9c0a803333b937f30e488fed6"", ""official_name"": ""临沂市人民医院"", ""candidate_alias"": ""Linyi People's Hospital"", ""source_url"": ""https://ror.org/011r8ce56"", ""status"": ""review_required"", ""reason"": ""Reference-only name; not approved for resolution""}]",False,https://beian.cfdi.org.cn/CTMDS/pub/PUB010100.do?method=handle06&curPage=9&pageSize=100,2026-09-05,"Snapshot identity only; not all aliases, trial participation or current eligibility"
cnha-cfdi-a110ca6fc0a8033361d8961082e5e19e,浙江省立同德医院,药临床机构备字2020000691,filed,confirmed_against_filing_snapshot,,deferred_not_required_for_identity,0,"[{""hospital_id"": ""cnha-cfdi-a110ca6fc0a8033361d8961082e5e19e"", ""official_name"": ""浙江省立同德医院"", ""candidate_alias"": ""Tongde Hospital of Zhejiang Province"", ""source_url"": ""https://ror.org/00trnhw76"", ""status"": ""review_required"", ""reason"": ""Reference-only name; not approved for resolution""}]",False,https://beian.cfdi.org.cn/CTMDS/pub/PUB010100.do?method=handle06&curPage=8&pageSize=100,2026-09-05,"Snapshot identity only; not all aliases, trial participation or current eligibility"
cnha-cfdi-a130746fc0a8033305cb80e2aa956faa,玉山县中医院,药临床机构备字2025000285,filed,confirmed_against_filing_snapshot,,deferred_not_required_for_identity,0,[],False,https://beian.cfdi.org.cn/CTMDS/pub/PUB010100.do?method=handle06&curPage=19&pageSize=100,2026-09-05,"Snapshot identity only; not all aliases, trial participation or current eligibility"
cnha-cfdi-a1314e6ec0a803337844a0d2cb7ad861,山东医药大学烟台附属医院,药临床机构备字2021000139,filed,confirmed_against_filing_snapshot,,deferred_not_required_for_identity,0,[],False,https://beian.cfdi.org.cn/CTMDS/pub/PUB010100.do?method=handle06&curPage=11&pageSize=100,2026-09-05,"Snapshot identity only; not all aliases, trial participation or current eligibility"
cnha-cfdi-a134c72ac0a803337c80083609ca896b,苏州市中医医院,药临床机构备字2020000576,filed,confirmed_against_filing_snapshot,,deferred_not_required_for_identity,0,[],False,https://beian.cfdi.org.cn/CTMDS/pub/PUB010100.do?method=handle06&curPage=7&pageSize=100,2026-09-05,"Snapshot identity only; not all aliases, trial participation or current eligibility"
cnha-cfdi-a1420d41c0a803334698912873fd2624,上海市浦东新区公利医院,药临床机构备字2020000737,filed,confirmed_against_filing_snapshot,,deferred_not_required_for_identity,0,"[{""hospital_id"": ""cnha-cfdi-a1420d41c0a803334698912873fd2624"", ""official_name"": ""上海市浦东新区公利医院"", ""candidate_alias"": ""Shanghai Pudong New Area Gongli Hospital"", ""source_url"": ""https://ror.org/04v5gcw55"", ""status"": ""review_required"", ""reason"": ""Reference-only name; not approved for resolution""}]",False,https://beian.cfdi.org.cn/CTMDS/pub/PUB010100.do?method=handle06&curPage=8&pageSize=100,2026-09-05,"Snapshot identity only; not all aliases, trial participation or current eligibility"
cnha-cfdi-a142e98bc0a803336a3b193e17e91236,河南省传染病医院（郑州市第六人民医院）,药临床机构备字2020000422,filed,confirmed_against_filing_snapshot,,deferred_not_required_for_identity,2,"[{""hospital_id"": ""cnha-cfdi-a142e98bc0a803336a3b193e17e91236"", ""official_name"": ""河南省传染病医院（郑州市第六人民医院）"", ""candidate_alias"": ""The Sixth People's Hospital of Zhengzhou"", ""source_url"": ""https://ror.org/046znv447"", ""status"": ""review_required"", ""reason"": ""Reference-only name; not approved for resolution""}, {""hospital_id"": ""cnha-cfdi-a142e98bc0a803336a3b193e17e91236"", ""official_name"": ""河南省传染病医院（郑州市第六人民医院）"", ""candidate_alias"": ""Zhengzhou Infectious Disease Hospital"", ""source_url"": ""https://ror.org/046znv447"", ""status"": ""review_required"", ""reason"": ""Reference-only name; not approved for resolution""}, {""hospital_id"": ""cnha-cfdi-a142e98bc0a803336a3b193e17e91236"", ""official_name"": ""河南省传染病医院（郑州市第六人民医院）"", ""candidate_alias"": ""Zhengzhou Isolation Hospital"", ""source_url"": ""https://ror.org/046znv447"", ""status"": ""review_required"", ""reason"": ""Reference-only name; not approved for resolution""}]",False,https://beian.cfdi.org.cn/CTMDS/pub/PUB010100.do?method=handle06&curPage=5&pageSize=100,2026-09-05,"Snapshot identity only; not all aliases, trial participation or current eligibility"
cnha-cfdi-a14c19f7c0a8033314a9ad2b71f5a68f,淄博市传染病医院（淄博市第四人民医院、淄博市肿瘤医院、淄博市鲁中中医院）,药临床机构备字2025000028,filed,confirmed_against_filing_snapshot,,deferred_not_required_for_identity,4,"[{""hospital_id"": ""cnha-cfdi-a14c19f7c0a8033314a9ad2b71f5a68f"", ""official_name"": ""淄博市传染病医院（淄博市第四人民医院、淄博市肿瘤医院、淄博市鲁中中医院）"", ""candidate_alias"": ""The Fourth People's Hospital of Zibo City"", ""source_url"": ""https://ror.org/00h626c53"", ""status"": ""review_required"", ""reason"": ""Reference-only name; not approved for resolution""}]",False,https://beian.cfdi.org.cn/CTMDS/pub/PUB010100.do?method=handle06&curPage=17&pageSize=100,2026-09-05,"Snapshot identity only; not all aliases, trial participation or current eligibility"
cnha-cfdi-a14dd4fbc0a8033348a4cfb767937386,茂名市人民医院,药临床机构备字2020000956,filed,confirmed_against_filing_snapshot,,deferred_not_required_for_identity,0,[],False,https://beian.cfdi.org.cn/CTMDS/pub/PUB010100.do?method=handle06&curPage=10&pageSize=100,2026-09-05,"Snapshot identity only; not all aliases, trial participation or current eligibility"
cnha-cfdi-a14e787ac0a803337e6022c8242e9964,皖南医科大学第二附属医院,药临床机构备字2022000046,filed,confirmed_against_filing_snapshot,,deferred_not_required_for_identity,0,[],False,https://beian.cfdi.org.cn/CTMDS/pub/PUB010100.do?method=handle06&curPage=12&pageSize=100,2026-09-05,"Snapshot identity only; not all aliases, trial participation or current eligibility"
cnha-cfdi-a15cc9cbc0a8033339bd35fd623e7255,上海市浦东医院,药临床机构备字2020000243,filed,confirmed_against_filing_snapshot,,deferred_not_required_for_identity,0,"[{""hospital_id"": ""cnha-cfdi-a15cc9cbc0a8033339bd35fd623e7255"", ""official_name"": ""上海市浦东医院"", ""candidate_alias"": ""Pudong Medical Center"", ""source_url"": ""https://ror.org/02nptez24"", ""status"": ""review_required"", ""reason"": ""Reference-only name; not approved for resolution""}, {""hospital_id"": ""cnha-cfdi-a15cc9cbc0a8033339bd35fd623e7255"", ""official_name"": ""上海市浦东医院"", ""candidate_alias"": ""Shanghai Pudong Hospital"", ""source_url"": ""https://ror.org/02nptez24"", ""status"": ""review_required"", ""reason"": ""Reference-only name; not approved for resolution""}]",False,https://beian.cfdi.org.cn/CTMDS/pub/PUB010100.do?method=handle06&curPage=4&pageSize=100,2026-09-05,"Snapshot identity only; not all aliases, trial participation or current eligibility"
cnha-cfdi-a1628727c0a8033301808771a2ebd203,北京大学国际医院,药临床机构备字2020000206,filed,confirmed_against_filing_snapshot,,deferred_not_required_for_identity,0,[],False,https://beian.cfdi.org.cn/CTMDS/pub/PUB010100.do?method=handle06&curPage=3&pageSize=100,2026-09-05,"Snapshot identity only; not all aliases, trial participation or current eligibility"
cnha-cfdi-a16872d0c0a8033316da6415d0d1541a,中国人民解放军联勤保障部队第九六二医院,药临床机构备字2023000262,filed,confirmed_against_filing_snapshot,,deferred_not_required_for_identity,0,[],False,https://beian.cfdi.org.cn/CTMDS/pub/PUB010100.do?method=handle06&curPage=15&pageSize=100,2026-09-05,"Snapshot identity only; not all aliases, trial participation or current eligibility"
cnha-cfdi-a1775347c0a8033330bcdad641a29f45,华北石油管理局总医院,药临床机构备字2019000036,filed,confirmed_against_filing_snapshot,,deferred_not_required_for_identity,0,[],False,https://beian.cfdi.org.cn/CTMDS/pub/PUB010100.do?method=handle06&curPage=1&pageSize=100,2026-09-05,"Snapshot identity only; not all aliases, trial participation or current eligibility"
cnha-cfdi-a17af128c0a80333587e89e05a594126,江苏省人民医院宿迁医院（宿迁市第一人民医院）,药临床机构备字2021000156,filed,confirmed_against_filing_snapshot,,deferred_not_required_for_identity,2,[],False,https://beian.cfdi.org.cn/CTMDS/pub/PUB010100.do?method=handle06&curPage=11&pageSize=100,2026-09-05,"Snapshot identity only; not all aliases, trial participation or current eligibility"
cnha-cfdi-a187f5a6c0a8033341bfac25249a0894,厦门大学附属中山医院,药临床机构备字2020000447,filed,confirmed_against_filing_snapshot,,deferred_not_required_for_identity,0,"[{""hospital_id"": ""cnha-cfdi-a187f5a6c0a8033341bfac25249a0894"", ""official_name"": ""厦门大学附属中山医院"", ""candidate_alias"": ""Zhongshan Hospital of Xiamen University"", ""source_url"": ""https://ror.org/02z125451"", ""status"": ""review_required"", ""reason"": ""Reference-only name; not approved for resolution""}]",False,https://beian.cfdi.org.cn/CTMDS/pub/PUB010100.do?method=handle06&curPage=5&pageSize=100,2026-09-05,"Snapshot identity only; not all aliases, trial participation or current eligibility"
cnha-cfdi-a19cdcf4c0a8033304a04100126047c3,丽水市中心医院,药临床机构备字2020000294,filed,confirmed_against_filing_snapshot,,deferred_not_required_for_identity,0,"[{""hospital_id"": ""cnha-cfdi-a19cdcf4c0a8033304a04100126047c3"", ""official_name"": ""丽水市中心医院"", ""candidate_alias"": ""Lishui Central Hospital"", ""source_url"": ""https://ror.org/023e72x78"", ""status"": ""review_required"", ""reason"": ""Reference-only name; not approved for resolution""}]",False,https://beian.cfdi.org.cn/CTMDS/pub/PUB010100.do?method=handle06&curPage=4&pageSize=100,2026-09-05,"Snapshot identity only; not all aliases, trial participation or current eligibility"
cnha-cfdi-a1e5027fc0a803334c3f46c6421f53f3,重庆三峡医药高等专科学校附属人民医院,药临床机构备字2019000019,filed,confirmed_against_filing_snapshot,,deferred_not_required_for_identity,0,[],False,https://beian.cfdi.org.cn/CTMDS/pub/PUB010100.do?method=handle06&curPage=1&pageSize=100,2026-09-05,"Snapshot identity only; not all aliases, trial participation or current eligibility"
cnha-cfdi-a2071c70c0a803337a110d09ac66bb75,石门县人民医院,药临床机构备字2024000064,filed,confirmed_against_filing_snapshot,,deferred_not_required_for_identity,0,[],False,https://beian.cfdi.org.cn/CTMDS/pub/PUB010100.do?method=handle06&curPage=16&pageSize=100,2026-09-05,"Snapshot identity only; not all aliases, trial participation or current eligibility"
cnha-cfdi-a22e4bf4c0a80333545b417c01ae25e1,新疆维吾尔自治区职业病医院（新疆维吾尔自治区第三人民医院、新疆维吾尔自治区职业病防治院）,药临床机构备字2022000044,filed,confirmed_against_filing_snapshot,,deferred_not_required_for_identity,0,[],False,https://beian.cfdi.org.cn/CTMDS/pub/PUB010100.do?method=handle06&curPage=12&pageSize=100,2026-09-05,"Snapshot identity only; not all aliases, trial participation or current eligibility"
cnha-cfdi-a28b3933c0a803335f687833f986f8f0,"宜兴市人民医院,宜兴市人民医院互联网医院",药临床机构备字2020000730,filed,confirmed_against_filing_snapshot,,deferred_not_required_for_identity,1,"[{""hospital_id"": ""cnha-cfdi-a28b3933c0a803335f687833f986f8f0"", ""official_name"": ""宜兴市人民医院,宜兴市人民医院互联网医院"", ""candidate_alias"": ""宜兴市人民医院互联网医院"", ""source_url"": ""https://beian.cfdi.org.cn/CTMDS/pub/PUB010100.do?method=handle06&curPage=8&pageSize=100"", ""status"": ""review_required"", ""reason"": ""Reference-only name; not approved for resolution""}, {""hospital_id"": ""cnha-cfdi-a28b3933c0a803335f687833f986f8f0"", ""official_name"": ""宜兴市人民医院,宜兴市人民医院互联网医院"", ""candidate_alias"": ""Yixing People's Hospital"", ""source_url"": ""https://ror.org/049avne82"", ""status"": ""review_required"", ""reason"": ""Reference-only name; not approved for resolution""}]",False,https://beian.cfdi.org.cn/CTMDS/pub/PUB010100.do?method=handle06&curPage=8&pageSize=100,2026-09-05,"Snapshot identity only; not all aliases, trial participation or current eligibility"
cnha-cfdi-a28c6de9c0a8033379f837adb6475ef8,沈阳市中西医结合医院（沈阳市第七人民医院、沈阳市皮肤病研究所）,药临床机构备字2022000113,filed,confirmed_against_filing_snapshot,,deferred_not_required_for_identity,2,"[{""hospital_id"": ""cnha-cfdi-a28c6de9c0a8033379f837adb6475ef8"", ""official_name"": ""沈阳市中西医结合医院（沈阳市第七人民医院、沈阳市皮肤病研究所）"", ""candidate_alias"": ""沈阳市皮肤病研究所"", ""source_url"": ""https://beian.cfdi.org.cn/CTMDS/pub/PUB010100.do?method=handle06&curPage=12&pageSize=100"", ""status"": ""review_required"", ""reason"": ""Reference-only name; not approved for resolution""}]",False,https://beian.cfdi.org.cn/CTMDS/pub/PUB010100.do?method=handle06&curPage=12&pageSize=100,2026-09-05,"Snapshot identity only; not all aliases, trial participation or current eligibility"
cnha-cfdi-a2971029c0a8033301c4bea7cde317b2,新疆维吾尔自治区中医医院,药临床机构备字2020000030,filed,confirmed_against_filing_snapshot,,deferred_not_required_for_identity,0,[],False,https://beian.cfdi.org.cn/CTMDS/pub/PUB010100.do?method=handle06&curPage=2&pageSize=100,2026-09-05,"Snapshot identity only; not all aliases, trial participation or current eligibility"
cnha-cfdi-a29cd907c0a8033311c1cd4393ca2374,河南科技大学第二附属医院,药临床机构备字2020000981,filed,confirmed_against_filing_snapshot,,deferred_not_required_for_identity,0,[],False,https://beian.cfdi.org.cn/CTMDS/pub/PUB010100.do?method=handle06&curPage=10&pageSize=100,2026-09-05,"Snapshot identity only; not all aliases, trial participation or current eligibility"
cnha-cfdi-a29fd1f5c0a8033364b5227c65b0d44d,深圳大学总医院,药临床机构备字2020000207,filed,confirmed_against_filing_snapshot,,deferred_not_required_for_identity,0,[],False,https://beian.cfdi.org.cn/CTMDS/pub/PUB010100.do?method=handle06&curPage=3&pageSize=100,2026-09-05,"Snapshot identity only; not all aliases, trial participation or current eligibility"
cnha-cfdi-a2d79c24c0a803336726896fad70ebb6,天津市第一中心医院,药临床机构备字2020000247,filed,confirmed_against_filing_snapshot,,deferred_not_required_for_identity,0,"[{""hospital_id"": ""cnha-cfdi-a2d79c24c0a803336726896fad70ebb6"", ""official_name"": ""天津市第一中心医院"", ""candidate_alias"": ""Tianjin First Center Hospital"", ""source_url"": ""https://ror.org/02ch1zb66"", ""status"": ""review_required"", ""reason"": ""Reference-only name; not approved for resolution""}, {""hospital_id"": ""cnha-cfdi-a2d79c24c0a803336726896fad70ebb6"", ""official_name"": ""天津市第一中心医院"", ""candidate_alias"": ""Tianjin No.1 Center Hospital"", ""source_url"": ""https://ror.org/02ch1zb66"", ""status"": ""review_required"", ""reason"": ""Reference-only name; not approved for resolution""}]",False,https://beian.cfdi.org.cn/CTMDS/pub/PUB010100.do?method=handle06&curPage=4&pageSize=100,2026-09-05,"Snapshot identity only; not all aliases, trial participation or current eligibility"
cnha-cfdi-a30ce83cc0a803336cb64ad296df9070,天津市儿童医院(天津大学儿童医院),药临床机构备字2020000739,filed,confirmed_against_filing_snapshot,,deferred_not_required_for_identity,2,"[{""hospital_id"": ""cnha-cfdi-a30ce83cc0a803336cb64ad296df9070"", ""official_name"": ""天津市儿童医院(天津大学儿童医院)"", ""candidate_alias"": ""Tianjin Children's Hospital"", ""source_url"": ""https://ror.org/02a0k6s81"", ""status"": ""review_required"", ""reason"": ""Reference-only name; not approved for resolution""}, {""hospital_id"": ""cnha-cfdi-a30ce83cc0a803336cb64ad296df9070"", ""official_name"": ""天津市儿童医院(天津大学儿童医院)"", ""candidate_alias"": ""Tianjin Women and Children"", ""source_url"": ""https://ror.org/02a0k6s81"", ""status"": ""review_required"", ""reason"": ""Reference-only name; not approved for resolution""}]",False,https://beian.cfdi.org.cn/CTMDS/pub/PUB010100.do?method=handle06&curPage=8&pageSize=100,2026-09-05,"Snapshot identity only; not all aliases, trial participation or current eligibility"
cnha-cfdi-a31d20a3c0a803333f0784da0389236b,广州医科大学附属第三医院,药临床机构备字2020000039,filed,confirmed_against_filing_snapshot,,deferred_not_required_for_identity,0,"[{""hospital_id"": ""cnha-cfdi-a31d20a3c0a803333f0784da0389236b"", ""official_name"": ""广州医科大学附属第三医院"", ""candidate_alias"": ""Third Affiliated Hospital of Guangzhou Medical University"", ""source_url"": ""https://ror.org/00fb35g87"", ""status"": ""review_required"", ""reason"": ""Reference-only name; not approved for resolution""}]",False,https://beian.cfdi.org.cn/CTMDS/pub/PUB010100.do?method=handle06&curPage=2&pageSize=100,2026-09-05,"Snapshot identity only; not all aliases, trial participation or current eligibility"
cnha-cfdi-a47ed180c0a8033378b54c5fc15a2892,儋州市人民医院（儋州市人民医院医疗集团总院）,药临床机构备字2026000025,filed,confirmed_against_filing_snapshot,,deferred_not_required_for_identity,1,"[{""hospital_id"": ""cnha-cfdi-a47ed180c0a8033378b54c5fc15a2892"", ""official_name"": ""儋州市人民医院（儋州市人民医院医疗集团总院）"", ""candidate_alias"": ""儋州市人民医院医疗集团总院"", ""source_url"": ""https://beian.cfdi.org.cn/CTMDS/pub/PUB010100.do?method=handle06&curPage=20&pageSize=100"", ""status"": ""review_required"", ""reason"": ""Reference-only name; not approved for resolution""}]",False,https://beian.cfdi.org.cn/CTMDS/pub/PUB010100.do?method=handle06&curPage=20&pageSize=100,2026-09-05,"Snapshot identity only; not all aliases, trial participation or current eligibility"
cnha-cfdi-a485cc1ec0a803335895ad2c6b7aa394,深圳市龙华区妇幼保健院,药临床机构备字2026000035,filed,confirmed_against_filing_snapshot,,deferred_not_required_for_identity,0,[],False,https://beian.cfdi.org.cn/CTMDS/pub/PUB010100.do?method=handle06&curPage=20&pageSize=100,2026-09-05,"Snapshot identity only; not all aliases, trial participation or current eligibility"
cnha-cfdi-a4a5f17dc0a803336476b00328b3e303,辽宁中医药大学附属第二医院,药临床机构备字2020000036,filed,confirmed_against_filing_snapshot,,deferred_not_required_for_identity,0,[],False,https://beian.cfdi.org.cn/CTMDS/pub/PUB010100.do?method=handle06&curPage=2&pageSize=100,2026-09-05,"Snapshot identity only; not all aliases, trial participation or current eligibility"
cnha-cfdi-a4e8dd40c0a8033379c17bde5e33b12f,中国人民解放军陆军军医大学第二附属医院,药临床机构备字2020000215,filed,confirmed_against_filing_snapshot,,deferred_not_required_for_identity,0,[],False,https://beian.cfdi.org.cn/CTMDS/pub/PUB010100.do?method=handle06&curPage=3&pageSize=100,2026-09-05,"Snapshot identity only; not all aliases, trial participation or current eligibility"
cnha-cfdi-a4ff2b43c0a8033347b2ea3d07ec48d3,丹阳市人民医院,药临床机构备字2023000072,filed,confirmed_against_filing_snapshot,,deferred_not_required_for_identity,0,[],False,https://beian.cfdi.org.cn/CTMDS/pub/PUB010100.do?method=handle06&curPage=14&pageSize=100,2026-09-05,"Snapshot identity only; not all aliases, trial participation or current eligibility"
cnha-cfdi-a507aa16c0a8033321de8c408cf096b7,西安宝石花长庆医院（长庆油田职工医院）,药临床机构备字2023000030,filed,confirmed_against_filing_snapshot,,deferred_not_required_for_identity,2,[],False,https://beian.cfdi.org.cn/CTMDS/pub/PUB010100.do?method=handle06&curPage=13&pageSize=100,2026-09-05,"Snapshot identity only; not all aliases, trial participation or current eligibility"
cnha-cfdi-a5118e92c0a80333711b29311f9b9bcf,广东省中医院海南医院（海南省中医院、海南省中西医结合医院、海南省中医药研究院））,药临床机构备字2020000474,filed,confirmed_against_filing_snapshot,,deferred_not_required_for_identity,3,"[{""hospital_id"": ""cnha-cfdi-a5118e92c0a80333711b29311f9b9bcf"", ""official_name"": ""广东省中医院海南医院（海南省中医院、海南省中西医结合医院、海南省中医药研究院））"", ""candidate_alias"": ""海南省中医药研究院"", ""source_url"": ""https://beian.cfdi.org.cn/CTMDS/pub/PUB010100.do?method=handle06&curPage=6&pageSize=100"", ""status"": ""review_required"", ""reason"": ""Reference-only name; not approved for resolution""}, {""hospital_id"": ""cnha-cfdi-a5118e92c0a80333711b29311f9b9bcf"", ""official_name"": ""广东省中医院海南医院（海南省中医院、海南省中西医结合医院、海南省中医药研究院））"", ""candidate_alias"": ""Hainan Provincial Hospital of Traditional Chinese Medicine"", ""source_url"": ""https://ror.org/04xar0g84"", ""status"": ""review_required"", ""reason"": ""Reference-only name; not approved for resolution""}]",False,https://beian.cfdi.org.cn/CTMDS/pub/PUB010100.do?method=handle06&curPage=6&pageSize=100,2026-09-05,"Snapshot identity only; not all aliases, trial participation or current eligibility"
cnha-cfdi-a55085b2c0a803334a71cb8859c8a3f0,北海市第二人民医院,药临床机构备字2024000193,filed,confirmed_against_filing_snapshot,,deferred_not_required_for_identity,0,[],False,https://beian.cfdi.org.cn/CTMDS/pub/PUB010100.do?method=handle06&curPage=16&pageSize=100,2026-09-05,"Snapshot identity only; not all aliases, trial participation or current eligibility"
cnha-cfdi-a55325c3c0a8033354d620afa20ac26c,中国医学科学院血液病医院,药临床机构备字2020000408,filed,confirmed_against_filing_snapshot,,deferred_not_required_for_identity,0,"[{""hospital_id"": ""cnha-cfdi-a55325c3c0a8033354d620afa20ac26c"", ""official_name"": ""中国医学科学院血液病医院"", ""candidate_alias"": ""Institute of Hematology & Blood Diseases Hospital"", ""source_url"": ""https://ror.org/04n16t016"", ""status"": ""review_required"", ""reason"": ""Reference-only name; not approved for resolution""}, {""hospital_id"": ""cnha-cfdi-a55325c3c0a8033354d620afa20ac26c"", ""official_name"": ""中国医学科学院血液病医院"", ""candidate_alias"": ""Institute of Hematology and Blood Diseases Hospital"", ""source_url"": ""https://ror.org/04n16t016"", ""status"": ""review_required"", ""reason"": ""Reference-only name; not approved for resolution""}]",False,https://beian.cfdi.org.cn/CTMDS/pub/PUB010100.do?method=handle06&curPage=5&pageSize=100,2026-09-05,"Snapshot identity only; not all aliases, trial participation or current eligibility"
cnha-cfdi-a59702eec0a803331cd636715bc29c98,河南省中西医结合医院,药临床机构备字2020000413,filed,confirmed_against_filing_snapshot,,deferred_not_required_for_identity,0,[],False,https://beian.cfdi.org.cn/CTMDS/pub/PUB010100.do?method=handle06&curPage=5&pageSize=100,2026-09-05,"Snapshot identity only; not all aliases, trial participation or current eligibility"
cnha-cfdi-a61962dbc0a8033326371b0b447665c3,通化市中心医院,药临床机构备字2020000135,filed,confirmed_against_filing_snapshot,,deferred_not_required_for_identity,0,[],False,https://beian.cfdi.org.cn/CTMDS/pub/PUB010100.do?method=handle06&curPage=3&pageSize=100,2026-09-05,"Snapshot identity only; not all aliases, trial participation or current eligibility"
cnha-cfdi-a61cd369c0a80333108cc11e526d0c15,河北医科大学第二医院,药临床机构备字2020000069,filed,confirmed_against_filing_snapshot,,deferred_not_required_for_identity,0,[],False,https://beian.cfdi.org.cn/CTMDS/pub/PUB010100.do?method=handle06&curPage=2&pageSize=100,2026-09-05,"Snapshot identity only; not all aliases, trial participation or current eligibility"
cnha-cfdi-a6264d43c0a80333592860fb5145e9dd,金堂县第一人民医院,药临床机构备字2023000154,filed,confirmed_against_filing_snapshot,,deferred_not_required_for_identity,0,[],False,https://beian.cfdi.org.cn/CTMDS/pub/PUB010100.do?method=handle06&curPage=14&pageSize=100,2026-09-05,"Snapshot identity only; not all aliases, trial participation or current eligibility"
cnha-cfdi-a626d269c0a8033362210853c9cf33d2,中国人民解放军陆军军医大学第一附属医院,药临床机构备字2020000733,filed,confirmed_against_filing_snapshot,,deferred_not_required_for_identity,0,[],False,https://beian.cfdi.org.cn/CTMDS/pub/PUB010100.do?method=handle06&curPage=8&pageSize=100,2026-09-05,"Snapshot identity only; not all aliases, trial participation or current eligibility"
cnha-cfdi-a64e5dc5c0a803332b6331ef58b10bf5,上海交通大学医学院附属第九人民医院,药临床机构备字2020000439,filed,confirmed_against_filing_snapshot,,deferred_not_required_for_identity,0,[],False,https://beian.cfdi.org.cn/CTMDS/pub/PUB010100.do?method=handle06&curPage=5&pageSize=100,2026-09-05,"Snapshot identity only; not all aliases, trial participation or current eligibility"
cnha-cfdi-a663150cc0a803335ee12f21c05eee5f,国药同煤总医院,药临床机构备字2020000104,filed,confirmed_against_filing_snapshot,,deferred_not_required_for_identity,0,[],False,https://beian.cfdi.org.cn/CTMDS/pub/PUB010100.do?method=handle06&curPage=2&pageSize=100,2026-09-05,"Snapshot identity only; not all aliases, trial participation or current eligibility"
cnha-cfdi-a67225f5c0a803336805d403cbbf78c5,嵊州市人民医院（浙江大学医学院附属第一医院嵊州分院）,药临床机构备字2024000080,filed,confirmed_against_filing_snapshot,,deferred_not_required_for_identity,2,[],False,https://beian.cfdi.org.cn/CTMDS/pub/PUB010100.do?method=handle06&curPage=16&pageSize=100,2026-09-05,"Snapshot identity only; not all aliases, trial participation or current eligibility"
cnha-cfdi-a67a543cc0a80333715ff1453326cb61,汕头大学医学院第二附属医院,药临床机构备字2020000146,filed,confirmed_against_filing_snapshot,,deferred_not_required_for_identity,0,"[{""hospital_id"": ""cnha-cfdi-a67a543cc0a80333715ff1453326cb61"", ""official_name"": ""汕头大学医学院第二附属医院"", ""candidate_alias"": ""Second Affiliated Hospital of Shantou University Medical College"", ""source_url"": ""https://ror.org/035rs9v13"", ""status"": ""review_required"", ""reason"": ""Reference-only name; not approved for resolution""}]",False,https://beian.cfdi.org.cn/CTMDS/pub/PUB010100.do?method=handle06&curPage=3&pageSize=100,2026-09-05,"Snapshot identity only; not all aliases, trial participation or current eligibility"
cnha-cfdi-a68dae61c0a803330aa87c8efde9c72b,娄底市中心医院,药临床机构备字2020000847,filed,confirmed_against_filing_snapshot,,deferred_not_required_for_identity,0,"[{""hospital_id"": ""cnha-cfdi-a68dae61c0a803330aa87c8efde9c72b"", ""official_name"": ""娄底市中心医院"", ""candidate_alias"": ""Loudi Central Hospital"", ""source_url"": ""https://ror.org/04jref587"", ""status"": ""review_required"", ""reason"": ""Reference-only name; not approved for resolution""}]",False,https://beian.cfdi.org.cn/CTMDS/pub/PUB010100.do?method=handle06&curPage=9&pageSize=100,2026-09-05,"Snapshot identity only; not all aliases, trial participation or current eligibility"
cnha-cfdi-a6abcbd5c0a803337369f8bb0f84227a,杭州市临平区第一人民医院,药临床机构备字2020000141,filed,confirmed_against_filing_snapshot,,deferred_not_required_for_identity,0,[],False,https://beian.cfdi.org.cn/CTMDS/pub/PUB010100.do?method=handle06&curPage=3&pageSize=100,2026-09-05,"Snapshot identity only; not all aliases, trial participation or current eligibility"
cnha-cfdi-a6b25573c0a80333443bbe148c4880fb,瓦房店市中心医院,药临床机构备字2026000104,filed,confirmed_against_filing_snapshot,,deferred_not_required_for_identity,0,[],False,https://beian.cfdi.org.cn/CTMDS/pub/PUB010100.do?method=handle06&curPage=20&pageSize=100,2026-09-05,"Snapshot identity only; not all aliases, trial participation or current eligibility"
cnha-cfdi-a7111e43c0a8033312083f4f1e8f8747,衢州市第二人民医院,药临床机构备字2025000181,filed,confirmed_against_filing_snapshot,,deferred_not_required_for_identity,0,[],False,https://beian.cfdi.org.cn/CTMDS/pub/PUB010100.do?method=handle06&curPage=19&pageSize=100,2026-09-05,"Snapshot identity only; not all aliases, trial participation or current eligibility"
cnha-cfdi-a733859cc0a80333416fc7935ac2968d,吉林省肝胆病医院（长春市第五医院）,药临床机构备字2020000684,filed,confirmed_against_filing_snapshot,,deferred_not_required_for_identity,2,[],False,https://beian.cfdi.org.cn/CTMDS/pub/PUB010100.do?method=handle06&curPage=8&pageSize=100,2026-09-05,"Snapshot identity only; not all aliases, trial participation or current eligibility"
cnha-cfdi-a73af40bc0a803331f4d700d06434be4,嘉兴市妇幼保健院（嘉兴市市立三一医院 嘉兴市妇幼保健院互联网医院）,药临床机构备字2026000093,filed,confirmed_against_filing_snapshot,,deferred_not_required_for_identity,1,"[{""hospital_id"": ""cnha-cfdi-a73af40bc0a803331f4d700d06434be4"", ""official_name"": ""嘉兴市妇幼保健院（嘉兴市市立三一医院 嘉兴市妇幼保健院互联网医院）"", ""candidate_alias"": ""嘉兴市市立三一医院 嘉兴市妇幼保健院互联网医院"", ""source_url"": ""https://beian.cfdi.org.cn/CTMDS/pub/PUB010100.do?method=handle06&curPage=20&pageSize=100"", ""status"": ""review_required"", ""reason"": ""Reference-only name; not approved for resolution""}]",False,https://beian.cfdi.org.cn/CTMDS/pub/PUB010100.do?method=handle06&curPage=20&pageSize=100,2026-09-05,"Snapshot identity only; not all aliases, trial participation or current eligibility"
cnha-cfdi-a77f73acc0a8033351ef676fcbe2692c,辽宁省人民医院,药临床机构备字2020000320,filed,confirmed_against_filing_snapshot,,deferred_not_required_for_identity,0,"[{""hospital_id"": ""cnha-cfdi-a77f73acc0a8033351ef676fcbe2692c"", ""official_name"": ""辽宁省人民医院"", ""candidate_alias"": ""Liaoning Provincial People's Hospital"", ""source_url"": ""https://ror.org/01n3v7c44"", ""status"": ""review_required"", ""reason"": ""Reference-only name; not approved for resolution""}, {""hospital_id"": ""cnha-cfdi-a77f73acc0a8033351ef676fcbe2692c"", ""official_name"": ""辽宁省人民医院"", ""candidate_alias"": ""Worker's Hospital"", ""source_url"": ""https://ror.org/01n3v7c44"", ""status"": ""review_required"", ""reason"": ""Reference-only name; not approved for resolution""}]",False,https://beian.cfdi.org.cn/CTMDS/pub/PUB010100.do?method=handle06&curPage=4&pageSize=100,2026-09-05,"Snapshot identity only; not all aliases, trial participation or current eligibility"
cnha-cfdi-a7a43aefc0a803337c792c44707d62b5,常州市中医医院,药临床机构备字2020000725,filed,confirmed_against_filing_snapshot,,deferred_not_required_for_identity,0,[],False,https://beian.cfdi.org.cn/CTMDS/pub/PUB010100.do?method=handle06&curPage=8&pageSize=100,2026-09-05,"Snapshot identity only; not all aliases, trial participation or current eligibility"
cnha-cfdi-a7c1142cc0a80333619e56164f1d6eb2,安徽中医药大学第一附属医院,药临床机构备字2020000924,filed,confirmed_against_filing_snapshot,,deferred_not_required_for_identity,0,[],False,https://beian.cfdi.org.cn/CTMDS/pub/PUB010100.do?method=handle06&curPage=10&pageSize=100,2026-09-05,"Snapshot identity only; not all aliases, trial participation or current eligibility"
cnha-cfdi-a80f2247c0a80333027f42dab0c78035,广州医科大学附属脑科医院（广州市惠爱医院、广州市精神病医院、广州市脑科医院）,药临床机构备字2020000785,filed,confirmed_against_filing_snapshot,,deferred_not_required_for_identity,6,"[{""hospital_id"": ""cnha-cfdi-a80f2247c0a80333027f42dab0c78035"", ""official_name"": ""广州医科大学附属脑科医院（广州市惠爱医院、广州市精神病医院、广州市脑科医院）"", ""candidate_alias"": ""Guangzhou Brain Hospital"", ""source_url"": ""https://ror.org/03k4xgp92"", ""status"": ""review_required"", ""reason"": ""Reference-only name; not approved for resolution""}, {""hospital_id"": ""cnha-cfdi-a80f2247c0a80333027f42dab0c78035"", ""official_name"": ""广州医科大学附属脑科医院（广州市惠爱医院、广州市精神病医院、广州市脑科医院）"", ""candidate_alias"": ""Guangzhou Psychiatric Hospital"", ""source_url"": ""https://ror.org/03k4xgp92"", ""status"": ""review_required"", ""reason"": ""Reference-only name; not approved for resolution""}]",False,https://beian.cfdi.org.cn/CTMDS/pub/PUB010100.do?method=handle06&curPage=8&pageSize=100,2026-09-05,"Snapshot identity only; not all aliases, trial participation or current eligibility"
cnha-cfdi-a81b29dac0a803334b24576ef9c4e2b7,金华市第二医院,药临床机构备字2026000102,filed,confirmed_against_filing_snapshot,,deferred_not_required_for_identity,0,[],False,https://beian.cfdi.org.cn/CTMDS/pub/PUB010100.do?method=handle06&curPage=20&pageSize=100,2026-09-05,"Snapshot identity only; not all aliases, trial participation or current eligibility"
cnha-cfdi-a882e89ac0a8023364fee9e3aad571bd,东莞市第九人民医院(东莞市传染病医院),药临床机构备字2022000185,filed,confirmed_against_filing_snapshot,,deferred_not_required_for_identity,2,[],False,https://beian.cfdi.org.cn/CTMDS/pub/PUB010100.do?method=handle06&curPage=13&pageSize=100,2026-09-05,"Snapshot identity only; not all aliases, trial participation or current eligibility"
cnha-cfdi-a8ca5ae4c0a803332f40cb299fdbe61d,东莞市人民医院,药临床机构备字2020000096,filed,confirmed_against_filing_snapshot,,deferred_not_required_for_identity,0,"[{""hospital_id"": ""cnha-cfdi-a8ca5ae4c0a803332f40cb299fdbe61d"", ""official_name"": ""东莞市人民医院"", ""candidate_alias"": ""China Christian Lixian Association Dongguan Puji Hospital"", ""source_url"": ""https://ror.org/022s5gm85"", ""status"": ""review_required"", ""reason"": ""Reference-only name; not approved for resolution""}, {""hospital_id"": ""cnha-cfdi-a8ca5ae4c0a803332f40cb299fdbe61d"", ""official_name"": ""东莞市人民医院"", ""candidate_alias"": ""Dongguan People’s Hospital"", ""source_url"": ""https://ror.org/022s5gm85"", ""status"": ""review_required"", ""reason"": ""Reference-only name; not approved for resolution""}]",False,https://beian.cfdi.org.cn/CTMDS/pub/PUB010100.do?method=handle06&curPage=2&pageSize=100,2026-09-05,"Snapshot identity only; not all aliases, trial participation or current eligibility"
cnha-cfdi-a8ff6eb3c0a8033331c18c3104c9e71b,暨南大学附属顺德医院(佛山市顺德区第二人民医院、佛山市顺德区冯尧敬纪念医院),药临床机构备字2024000215,filed,confirmed_against_filing_snapshot,,deferred_not_required_for_identity,3,"[{""hospital_id"": ""cnha-cfdi-a8ff6eb3c0a8033331c18c3104c9e71b"", ""official_name"": ""暨南大学附属顺德医院(佛山市顺德区第二人民医院、佛山市顺德区冯尧敬纪念医院)"", ""candidate_alias"": ""Affiliated Shunde Hospital of Jinan University"", ""source_url"": ""https://ror.org/04x2nq985"", ""status"": ""review_required"", ""reason"": ""Reference-only name; not approved for resolution""}, {""hospital_id"": ""cnha-cfdi-a8ff6eb3c0a8033331c18c3104c9e71b"", ""official_name"": ""暨南大学附属顺德医院(佛山市顺德区第二人民医院、佛山市顺德区冯尧敬纪念医院)"", ""candidate_alias"": ""Second People's Hospital of Shunde"", ""source_url"": ""https://ror.org/04x2nq985"", ""status"": ""review_required"", ""reason"": ""Reference-only name; not approved for resolution""}, {""hospital_id"": ""cnha-cfdi-a8ff6eb3c0a8033331c18c3104c9e71b"", ""official_name"": ""暨南大学附属顺德医院(佛山市顺德区第二人民医院、佛山市顺德区冯尧敬纪念医院)"", ""candidate_alias"": ""The Affiliated Shunde Hospital of Jinan University"", ""source_url"": ""https://ror.org/04x2nq985"", ""status"": ""review_required"", ""reason"": ""Reference-only name; not approved for resolution""}, {""hospital_id"": ""cnha-cfdi-a8ff6eb3c0a8033331c18c3104c9e71b"", ""official_name"": ""暨南大学附属顺德医院(佛山市顺德区第二人民医院、佛山市顺德区冯尧敬纪念医院)"", ""candidate_alias"": ""The Second People's Hospital of Shunde"", ""source_url"": ""https://ror.org/04x2nq985"", ""status"": ""review_required"", ""reason"": ""Reference-only name; not approved for resolution""}, {""hospital_id"": ""cnha-cfdi-a8ff6eb3c0a8033331c18c3104c9e71b"", ""official_name"": ""暨南大学附属顺德医院(佛山市顺德区第二人民医院、佛山市顺德区冯尧敬纪念医院)"", ""candidate_alias"": ""顺德第二人民医院"", ""source_url"": ""https://ror.org/04x2nq985"", ""status"": ""review_required"", ""reason"": ""Reference-only name; not approved for resolution""}]",False,https://beian.cfdi.org.cn/CTMDS/pub/PUB010100.do?method=handle06&curPage=17&pageSize=100,2026-09-05,"Snapshot identity only; not all aliases, trial participation or current eligibility"
cnha-cfdi-a900ffadc0a803333486f23102c2e40e,天津市人民医院,药临床机构备字2020000182,filed,confirmed_against_filing_snapshot,,deferred_not_required_for_identity,0,"[{""hospital_id"": ""cnha-cfdi-a900ffadc0a803333486f23102c2e40e"", ""official_name"": ""天津市人民医院"", ""candidate_alias"": ""Tianjin People's Hospital"", ""source_url"": ""https://ror.org/01x62kg38"", ""status"": ""review_required"", ""reason"": ""Reference-only name; not approved for resolution""}]",False,https://beian.cfdi.org.cn/CTMDS/pub/PUB010100.do?method=handle06&curPage=3&pageSize=100,2026-09-05,"Snapshot identity only; not all aliases, trial participation or current eligibility"
cnha-cfdi-a96e04f7c0a8033304cfb892464f0675,锦州市中心医院,药临床机构备字2020000939,filed,confirmed_against_filing_snapshot,,deferred_not_required_for_identity,0,[],False,https://beian.cfdi.org.cn/CTMDS/pub/PUB010100.do?method=handle06&curPage=10&pageSize=100,2026-09-05,"Snapshot identity only; not all aliases, trial participation or current eligibility"
cnha-cfdi-a97994f6c0a80333429a953202e9209d,襄城县人民医院,药临床机构备字2021000173,filed,confirmed_against_filing_snapshot,,deferred_not_required_for_identity,0,[],False,https://beian.cfdi.org.cn/CTMDS/pub/PUB010100.do?method=handle06&curPage=12&pageSize=100,2026-09-05,"Snapshot identity only; not all aliases, trial participation or current eligibility"
cnha-cfdi-a9bbe141c0a803337ff187b035df12ec,北票市中心医院药物临床试验机构,药临床机构备字2021000085,filed,confirmed_against_filing_snapshot,,deferred_not_required_for_identity,0,[],False,https://beian.cfdi.org.cn/CTMDS/pub/PUB010100.do?method=handle06&curPage=11&pageSize=100,2026-09-05,"Snapshot identity only; not all aliases, trial participation or current eligibility"
cnha-cfdi-a9e58d41c0a803334712a9fdd252ffd2,福建医科大学附属第一医院,药临床机构备字2020000331,filed,confirmed_against_filing_snapshot,The First Affiliated Hospital of Fujian Medical University,source_reviewed,1,"[{""hospital_id"": ""cnha-cfdi-a9e58d41c0a803334712a9fdd252ffd2"", ""official_name"": ""福建医科大学附属第一医院"", ""candidate_alias"": ""First Affiliated Hospital of Fujian Medical University"", ""source_url"": ""https://ror.org/030e09f60"", ""status"": ""review_required"", ""reason"": ""Reference-only name; not approved for resolution""}]",False,https://beian.cfdi.org.cn/CTMDS/pub/PUB010100.do?method=handle06&curPage=4&pageSize=100,2026-09-05,"Snapshot identity only; not all aliases, trial participation or current eligibility"
cnha-cfdi-a9f15f98c0a803337d321d14306cb1c5,湘乡市人民医院,药临床机构备字2026000100,filed,confirmed_against_filing_snapshot,,deferred_not_required_for_identity,0,[],False,https://beian.cfdi.org.cn/CTMDS/pub/PUB010100.do?method=handle06&curPage=20&pageSize=100,2026-09-05,"Snapshot identity only; not all aliases, trial participation or current eligibility"
cnha-cfdi-a9fa9d18c0a803332f4d1f107e549c20,安定医院芜湖医院（芜湖市第四人民医院）,药临床机构备字2023000288,filed,confirmed_against_filing_snapshot,,deferred_not_required_for_identity,2,"[{""hospital_id"": ""cnha-cfdi-a9fa9d18c0a803332f4d1f107e549c20"", ""official_name"": ""安定医院芜湖医院（芜湖市第四人民医院）"", ""candidate_alias"": ""Wuhu City Psychiatric Hospital"", ""source_url"": ""https://ror.org/00t93jj79"", ""status"": ""review_required"", ""reason"": ""Reference-only name; not approved for resolution""}, {""hospital_id"": ""cnha-cfdi-a9fa9d18c0a803332f4d1f107e549c20"", ""official_name"": ""安定医院芜湖医院（芜湖市第四人民医院）"", ""candidate_alias"": ""Wuhu Fourth People Hospital"", ""source_url"": ""https://ror.org/00t93jj79"", ""status"": ""review_required"", ""reason"": ""Reference-only name; not approved for resolution""}]",False,https://beian.cfdi.org.cn/CTMDS/pub/PUB010100.do?method=handle06&curPage=15&pageSize=100,2026-09-05,"Snapshot identity only; not all aliases, trial participation or current eligibility"
cnha-cfdi-aa1ee30bc0a80333230b8748f2d0263c,中日友好医院,药临床机构备字2020000419,filed,confirmed_against_filing_snapshot,China-Japan Friendship Hospital,source_reviewed,1,"[{""hospital_id"": ""cnha-cfdi-aa1ee30bc0a80333230b8748f2d0263c"", ""official_name"": ""中日友好医院"", ""candidate_alias"": ""CJFH"", ""source_url"": ""https://ror.org/037cjxp13"", ""status"": ""review_required"", ""reason"": ""Reference-only name; not approved for resolution""}]",False,https://beian.cfdi.org.cn/CTMDS/pub/PUB010100.do?method=handle06&curPage=5&pageSize=100,2026-09-05,"Snapshot identity only; not all aliases, trial participation or current eligibility"
cnha-cfdi-aa36d3c5c0a8033332db5f466ad2c521,烟台市烟台山医院,药临床机构备字2020000600,filed,confirmed_against_filing_snapshot,,deferred_not_required_for_identity,0,[],False,https://beian.cfdi.org.cn/CTMDS/pub/PUB010100.do?method=handle06&curPage=7&pageSize=100,2026-09-05,"Snapshot identity only; not all aliases, trial participation or current eligibility"
cnha-cfdi-aa41c2a0c0a8033326a1d5e792afdc68,南昌市生殖医院（江西中医药大学附属生殖医院）,药临床机构备字2020000876,filed,confirmed_against_filing_snapshot,,deferred_not_required_for_identity,2,[],False,https://beian.cfdi.org.cn/CTMDS/pub/PUB010100.do?method=handle06&curPage=9&pageSize=100,2026-09-05,"Snapshot identity only; not all aliases, trial participation or current eligibility"
cnha-cfdi-aa5e801bc0a80333103950ba923572ae,湖州市中心医院,药临床机构备字2020000265,filed,confirmed_against_filing_snapshot,,deferred_not_required_for_identity,0,"[{""hospital_id"": ""cnha-cfdi-aa5e801bc0a80333103950ba923572ae"", ""official_name"": ""湖州市中心医院"", ""candidate_alias"": ""Huzhou Central Hospital"", ""source_url"": ""https://ror.org/01czx1v82"", ""status"": ""review_required"", ""reason"": ""Reference-only name; not approved for resolution""}]",False,https://beian.cfdi.org.cn/CTMDS/pub/PUB010100.do?method=handle06&curPage=4&pageSize=100,2026-09-05,"Snapshot identity only; not all aliases, trial participation or current eligibility"
cnha-cfdi-aaf35c6ec0a803332e232c9de3002662,复旦大学附属中山医院,药临床机构备字2020000073,filed,confirmed_against_filing_snapshot,"Zhongshan Hospital, Fudan University",source_reviewed,1,"[{""hospital_id"": ""cnha-cfdi-aaf35c6ec0a803332e232c9de3002662"", ""official_name"": ""复旦大学附属中山医院"", ""candidate_alias"": ""Chung Shan Memorial Hospital"", ""source_url"": ""https://ror.org/032x22645"", ""status"": ""review_required"", ""reason"": ""Reference-only name; not approved for resolution""}, {""hospital_id"": ""cnha-cfdi-aaf35c6ec0a803332e232c9de3002662"", ""official_name"": ""复旦大学附属中山医院"", ""candidate_alias"": ""Zhongshan Hospital"", ""source_url"": ""https://ror.org/032x22645"", ""status"": ""review_required"", ""reason"": ""Reference-only name; not approved for resolution""}, {""hospital_id"": ""cnha-cfdi-aaf35c6ec0a803332e232c9de3002662"", ""official_name"": ""复旦大学附属中山医院"", ""candidate_alias"": ""中山医院"", ""source_url"": ""https://ror.org/032x22645"", ""status"": ""review_required"", ""reason"": ""Reference-only name; not approved for resolution""}]",False,https://beian.cfdi.org.cn/CTMDS/pub/PUB010100.do?method=handle06&curPage=2&pageSize=100,2026-09-05,"Snapshot identity only; not all aliases, trial participation or current eligibility"
cnha-cfdi-ab339befc0a803336dd411ba55203387,高邮市中医医院,药临床机构备字2026000055,filed,confirmed_against_filing_snapshot,,deferred_not_required_for_identity,0,[],False,https://beian.cfdi.org.cn/CTMDS/pub/PUB010100.do?method=handle06&curPage=20&pageSize=100,2026-09-05,"Snapshot identity only; not all aliases, trial participation or current eligibility"
cnha-cfdi-ab43e0f9c0a803330e4fcfc4b379e775,三二〇一医院,药临床机构备字2020000335,filed,confirmed_against_filing_snapshot,,deferred_not_required_for_identity,0,[],False,https://beian.cfdi.org.cn/CTMDS/pub/PUB010100.do?method=handle06&curPage=4&pageSize=100,2026-09-05,"Snapshot identity only; not all aliases, trial participation or current eligibility"
cnha-cfdi-ab64fab8c0a8033345cc5706d725be6f,吉林国文医院,药临床机构备字2020000515,filed,confirmed_against_filing_snapshot,,deferred_not_required_for_identity,0,[],False,https://beian.cfdi.org.cn/CTMDS/pub/PUB010100.do?method=handle06&curPage=6&pageSize=100,2026-09-05,"Snapshot identity only; not all aliases, trial participation or current eligibility"
cnha-cfdi-ab73bd19c0a80333454f703d143fcd50,广州医科大学附属番禺中心医院,药临床机构备字2020000221,filed,confirmed_against_filing_snapshot,,deferred_not_required_for_identity,0,[],False,https://beian.cfdi.org.cn/CTMDS/pub/PUB010100.do?method=handle06&curPage=3&pageSize=100,2026-09-05,"Snapshot identity only; not all aliases, trial participation or current eligibility"
cnha-cfdi-ab742a2dc0a803336c5fe2ff34741948,曲靖市第三人民医院,药临床机构备字2022000032,filed,confirmed_against_filing_snapshot,,deferred_not_required_for_identity,0,[],False,https://beian.cfdi.org.cn/CTMDS/pub/PUB010100.do?method=handle06&curPage=12&pageSize=100,2026-09-05,"Snapshot identity only; not all aliases, trial participation or current eligibility"
cnha-cfdi-ab94acb3c0a80333370367d2fac85029,湖南省儿童医院,药临床机构备字2020000100,filed,confirmed_against_filing_snapshot,,deferred_not_required_for_identity,0,"[{""hospital_id"": ""cnha-cfdi-ab94acb3c0a80333370367d2fac85029"", ""official_name"": ""湖南省儿童医院"", ""candidate_alias"": ""Hunan Children's Hospital"", ""source_url"": ""https://ror.org/03e207173"", ""status"": ""review_required"", ""reason"": ""Reference-only name; not approved for resolution""}]",False,https://beian.cfdi.org.cn/CTMDS/pub/PUB010100.do?method=handle06&curPage=2&pageSize=100,2026-09-05,"Snapshot identity only; not all aliases, trial participation or current eligibility"
cnha-cfdi-ab9f7641c0a803334cbf08cc706b2d0d,中国人民解放军西部战区总医院,药临床机构备字2020000675,filed,confirmed_against_filing_snapshot,,deferred_not_required_for_identity,0,[],False,https://beian.cfdi.org.cn/CTMDS/pub/PUB010100.do?method=handle06&curPage=7&pageSize=100,2026-09-05,"Snapshot identity only; not all aliases, trial participation or current eligibility"
cnha-cfdi-abbf980cc0a8033379128daa1af12d86,焦作市第二人民医院,药临床机构备字2020000093,filed,confirmed_against_filing_snapshot,,deferred_not_required_for_identity,0,[],False,https://beian.cfdi.org.cn/CTMDS/pub/PUB010100.do?method=handle06&curPage=2&pageSize=100,2026-09-05,"Snapshot identity only; not all aliases, trial participation or current eligibility"
cnha-cfdi-abe9e9c2c0a80333136ccaa84cdbae57,河南省中医院（河南中医药大学第二附属医院）药物临床试验机构,药临床机构备字2020000429,filed,confirmed_against_filing_snapshot,,deferred_not_required_for_identity,0,[],False,https://beian.cfdi.org.cn/CTMDS/pub/PUB010100.do?method=handle06&curPage=5&pageSize=100,2026-09-05,"Snapshot identity only; not all aliases, trial participation or current eligibility"
cnha-cfdi-ac0afc00c0a803333e97d3bf3af9e852,河南科技大学第一附属医院,药临床机构备字2020000171,filed,confirmed_against_filing_snapshot,,deferred_not_required_for_identity,0,[],False,https://beian.cfdi.org.cn/CTMDS/pub/PUB010100.do?method=handle06&curPage=3&pageSize=100,2026-09-05,"Snapshot identity only; not all aliases, trial participation or current eligibility"
cnha-cfdi-ac330da1c0a803337d8c7c5a9c0d8901,江西省皮肤病专科医院,药临床机构备字2020000481,filed,confirmed_against_filing_snapshot,,deferred_not_required_for_identity,0,[],False,https://beian.cfdi.org.cn/CTMDS/pub/PUB010100.do?method=handle06&curPage=6&pageSize=100,2026-09-05,"Snapshot identity only; not all aliases, trial participation or current eligibility"
cnha-cfdi-ac66a740c0a80333606093d396a76e5c,山东中医药大学第二附属医院,药临床机构备字2020000588,filed,confirmed_against_filing_snapshot,,deferred_not_required_for_identity,0,[],False,https://beian.cfdi.org.cn/CTMDS/pub/PUB010100.do?method=handle06&curPage=7&pageSize=100,2026-09-05,"Snapshot identity only; not all aliases, trial participation or current eligibility"
cnha-cfdi-aca5253cc0a803331756b31326d171c1,成都市妇女儿童中心医院,药临床机构备字2019000004,filed,confirmed_against_filing_snapshot,,deferred_not_required_for_identity,0,"[{""hospital_id"": ""cnha-cfdi-aca5253cc0a803331756b31326d171c1"", ""official_name"": ""成都市妇女儿童中心医院"", ""candidate_alias"": ""Chengdu Women's and Children's Central Hospital"", ""source_url"": ""https://ror.org/008x2am79"", ""status"": ""review_required"", ""reason"": ""Reference-only name; not approved for resolution""}]",False,https://beian.cfdi.org.cn/CTMDS/pub/PUB010100.do?method=handle06&curPage=1&pageSize=100,2026-09-05,"Snapshot identity only; not all aliases, trial participation or current eligibility"
cnha-cfdi-ad0da50bc0a8033347a2ecce577f760a,南方医科大学珠江医院,药临床机构备字2020000250,filed,confirmed_against_filing_snapshot,,deferred_not_required_for_identity,0,[],False,https://beian.cfdi.org.cn/CTMDS/pub/PUB010100.do?method=handle06&curPage=4&pageSize=100,2026-09-05,"Snapshot identity only; not all aliases, trial participation or current eligibility"
cnha-cfdi-ad1f9a0fc0a803331ff2591d7a43fa61,阿克苏地区第一人民医院,药临床机构备字2024000081,filed,confirmed_against_filing_snapshot,,deferred_not_required_for_identity,0,[],False,https://beian.cfdi.org.cn/CTMDS/pub/PUB010100.do?method=handle06&curPage=16&pageSize=100,2026-09-05,"Snapshot identity only; not all aliases, trial participation or current eligibility"
cnha-cfdi-ad22a7e5c0a8033328d575bbe8dc55f3,巴音郭楞蒙古自治州人民医院,药临床机构备字2024000165,filed,confirmed_against_filing_snapshot,,deferred_not_required_for_identity,0,[],False,https://beian.cfdi.org.cn/CTMDS/pub/PUB010100.do?method=handle06&curPage=16&pageSize=100,2026-09-05,"Snapshot identity only; not all aliases, trial participation or current eligibility"
cnha-cfdi-ad2c0547c0a803336a72e173761b536e,广东省农垦中心医院,药临床机构备字2023000039,filed,confirmed_against_filing_snapshot,,deferred_not_required_for_identity,0,[],False,https://beian.cfdi.org.cn/CTMDS/pub/PUB010100.do?method=handle06&curPage=13&pageSize=100,2026-09-05,"Snapshot identity only; not all aliases, trial participation or current eligibility"
cnha-cfdi-ad94b118c0a80333719526c741366821,云南省第一人民医院,药临床机构备字2020000161,filed,confirmed_against_filing_snapshot,,deferred_not_required_for_identity,0,"[{""hospital_id"": ""cnha-cfdi-ad94b118c0a80333719526c741366821"", ""official_name"": ""云南省第一人民医院"", ""candidate_alias"": ""First People's Hospital of Yunnan Province"", ""source_url"": ""https://ror.org/00c099g34"", ""status"": ""review_required"", ""reason"": ""Reference-only name; not approved for resolution""}]",False,https://beian.cfdi.org.cn/CTMDS/pub/PUB010100.do?method=handle06&curPage=3&pageSize=100,2026-09-05,"Snapshot identity only; not all aliases, trial participation or current eligibility"
cnha-cfdi-aeb61b7fc0a803333b768c85014ad3e0,广东省疾病预防控制中心（广东省预防医学科学院）,药临床机构备字2020000143,filed,confirmed_against_filing_snapshot,,deferred_not_required_for_identity,0,[],False,https://beian.cfdi.org.cn/CTMDS/pub/PUB010100.do?method=handle06&curPage=3&pageSize=100,2026-09-05,"Snapshot identity only; not all aliases, trial participation or current eligibility"
cnha-cfdi-af02162ac0a8033362ca0616b61130da,内江市第一人民医院,药临床机构备字2020000782,filed,confirmed_against_filing_snapshot,,deferred_not_required_for_identity,0,"[{""hospital_id"": ""cnha-cfdi-af02162ac0a8033362ca0616b61130da"", ""official_name"": ""内江市第一人民医院"", ""candidate_alias"": ""The First People's Hospital of Neijiang"", ""source_url"": ""https://ror.org/03nr56d94"", ""status"": ""review_required"", ""reason"": ""Reference-only name; not approved for resolution""}]",False,https://beian.cfdi.org.cn/CTMDS/pub/PUB010100.do?method=handle06&curPage=8&pageSize=100,2026-09-05,"Snapshot identity only; not all aliases, trial participation or current eligibility"
cnha-cfdi-af0feb6ac0a8033373d4775a88218a45,沧州市中心医院,药临床机构备字2020000046,filed,confirmed_against_filing_snapshot,,deferred_not_required_for_identity,0,[],False,https://beian.cfdi.org.cn/CTMDS/pub/PUB010100.do?method=handle06&curPage=2&pageSize=100,2026-09-05,"Snapshot identity only; not all aliases, trial participation or current eligibility"
cnha-cfdi-af237087c0a803335e71864ee8ffcfee,河源市深河人民医院(暨南大学附属第五医院),药临床机构备字2025000034,filed,confirmed_against_filing_snapshot,,deferred_not_required_for_identity,2,[],False,https://beian.cfdi.org.cn/CTMDS/pub/PUB010100.do?method=handle06&curPage=17&pageSize=100,2026-09-05,"Snapshot identity only; not all aliases, trial participation or current eligibility"
cnha-cfdi-af304a43c0a803336d95c5129ced9c63,皖南医学院第一附属医院（皖南医学院弋矶山医院）,药临床机构备字2020000013,filed,confirmed_against_filing_snapshot,,deferred_not_required_for_identity,2,[],False,https://beian.cfdi.org.cn/CTMDS/pub/PUB010100.do?method=handle06&curPage=1&pageSize=100,2026-09-05,"Snapshot identity only; not all aliases, trial participation or current eligibility"
cnha-cfdi-af327923c0a803330d320cdcaf19c55f,上饶市人民医院,药临床机构备字2020000006,filed,confirmed_against_filing_snapshot,,deferred_not_required_for_identity,0,[],False,https://beian.cfdi.org.cn/CTMDS/pub/PUB010100.do?method=handle06&curPage=1&pageSize=100,2026-09-05,"Snapshot identity only; not all aliases, trial participation or current eligibility"
cnha-cfdi-af4a6352c0a803335ead0b53a3deeb77,安徽医科大学附属阜阳医院,药临床机构备字2023000050,filed,confirmed_against_filing_snapshot,,deferred_not_required_for_identity,0,[],False,https://beian.cfdi.org.cn/CTMDS/pub/PUB010100.do?method=handle06&curPage=13&pageSize=100,2026-09-05,"Snapshot identity only; not all aliases, trial participation or current eligibility"
cnha-cfdi-af5e98d2c0a80333063cbddc1f98b8b0,天津市第五中心医院,药临床机构备字2020000709,filed,confirmed_against_filing_snapshot,,deferred_not_required_for_identity,0,"[{""hospital_id"": ""cnha-cfdi-af5e98d2c0a80333063cbddc1f98b8b0"", ""official_name"": ""天津市第五中心医院"", ""candidate_alias"": ""Fifth Tianjin Central Hospital"", ""source_url"": ""https://ror.org/01924nm42"", ""status"": ""review_required"", ""reason"": ""Reference-only name; not approved for resolution""}, {""hospital_id"": ""cnha-cfdi-af5e98d2c0a80333063cbddc1f98b8b0"", ""official_name"": ""天津市第五中心医院"", ""candidate_alias"": ""Peking University Binhai Hospital"", ""source_url"": ""https://ror.org/01924nm42"", ""status"": ""review_required"", ""reason"": ""Reference-only name; not approved for resolution""}, {""hospital_id"": ""cnha-cfdi-af5e98d2c0a80333063cbddc1f98b8b0"", ""official_name"": ""天津市第五中心医院"", ""candidate_alias"": ""Tanggu Hospital"", ""source_url"": ""https://ror.org/01924nm42"", ""status"": ""review_required"", ""reason"": ""Reference-only name; not approved for resolution""}]",False,https://beian.cfdi.org.cn/CTMDS/pub/PUB010100.do?method=handle06&curPage=8&pageSize=100,2026-09-05,"Snapshot identity only; not all aliases, trial participation or current eligibility"
cnha-cfdi-af65b484c0a80333362357cd6d4fcf5d,核工业四一六医院,药临床机构备字2020000951,filed,confirmed_against_filing_snapshot,,deferred_not_required_for_identity,0,[],False,https://beian.cfdi.org.cn/CTMDS/pub/PUB010100.do?method=handle06&curPage=10&pageSize=100,2026-09-05,"Snapshot identity only; not all aliases, trial participation or current eligibility"
cnha-cfdi-af7f14c7c0a803332ce4ebe3709b44ce,西南医科大学附属医院,药临床机构备字2020000535,filed,confirmed_against_filing_snapshot,,deferred_not_required_for_identity,0,[],False,https://beian.cfdi.org.cn/CTMDS/pub/PUB010100.do?method=handle06&curPage=6&pageSize=100,2026-09-05,"Snapshot identity only; not all aliases, trial participation or current eligibility"
cnha-cfdi-afd64064c0a8033330a63d213b95b3cf,北海市人民医院,药临床机构备字2023000150,filed,confirmed_against_filing_snapshot,,deferred_not_required_for_identity,0,[],False,https://beian.cfdi.org.cn/CTMDS/pub/PUB010100.do?method=handle06&curPage=14&pageSize=100,2026-09-05,"Snapshot identity only; not all aliases, trial participation or current eligibility"
cnha-cfdi-b0376d43c0a8033315fd88e7b04bb9a5,河北省胸科医院,药临床机构备字2020000798,filed,confirmed_against_filing_snapshot,,deferred_not_required_for_identity,0,[],False,https://beian.cfdi.org.cn/CTMDS/pub/PUB010100.do?method=handle06&curPage=9&pageSize=100,2026-09-05,"Snapshot identity only; not all aliases, trial participation or current eligibility"
cnha-cfdi-b037e3b9c0a80333493b38bd88be3f1d,天津市武清区人民医院,药临床机构备字2020000647,filed,confirmed_against_filing_snapshot,,deferred_not_required_for_identity,0,[],False,https://beian.cfdi.org.cn/CTMDS/pub/PUB010100.do?method=handle06&curPage=7&pageSize=100,2026-09-05,"Snapshot identity only; not all aliases, trial participation or current eligibility"
cnha-cfdi-b0384308c0a8033319c9688311b5de39,陕西中医药大学第二附属医院,药临床机构备字2020000288,filed,confirmed_against_filing_snapshot,,deferred_not_required_for_identity,0,[],False,https://beian.cfdi.org.cn/CTMDS/pub/PUB010100.do?method=handle06&curPage=4&pageSize=100,2026-09-05,"Snapshot identity only; not all aliases, trial participation or current eligibility"
cnha-cfdi-b038edf7c0a803336f9a4874a663b6b5,山东第二医科大学附属医院，山东第二医科大学附属医院互联网医院,药临床机构备字2020000062,filed,confirmed_against_filing_snapshot,,deferred_not_required_for_identity,1,"[{""hospital_id"": ""cnha-cfdi-b038edf7c0a803336f9a4874a663b6b5"", ""official_name"": ""山东第二医科大学附属医院，山东第二医科大学附属医院互联网医院"", ""candidate_alias"": ""山东第二医科大学附属医院互联网医院"", ""source_url"": ""https://beian.cfdi.org.cn/CTMDS/pub/PUB010100.do?method=handle06&curPage=2&pageSize=100"", ""status"": ""review_required"", ""reason"": ""Reference-only name; not approved for resolution""}]",False,https://beian.cfdi.org.cn/CTMDS/pub/PUB010100.do?method=handle06&curPage=2&pageSize=100,2026-09-05,"Snapshot identity only; not all aliases, trial participation or current eligibility"
cnha-cfdi-b06e8b61c0a803331cb77cc82775fbd5,中国医学科学院整形外科医院,药临床机构备字2020000179,filed,confirmed_against_filing_snapshot,,deferred_not_required_for_identity,0,[],False,https://beian.cfdi.org.cn/CTMDS/pub/PUB010100.do?method=handle06&curPage=3&pageSize=100,2026-09-05,"Snapshot identity only; not all aliases, trial participation or current eligibility"
cnha-cfdi-b094882fc0a8033316c773095439d475,郑州市第一人民医院,药临床机构备字2020000261,filed,confirmed_against_filing_snapshot,,deferred_not_required_for_identity,0,[],False,https://beian.cfdi.org.cn/CTMDS/pub/PUB010100.do?method=handle06&curPage=4&pageSize=100,2026-09-05,"Snapshot identity only; not all aliases, trial participation or current eligibility"
cnha-cfdi-b094fd32c0a803330b6c73edfd444a15,阳江市人民医院,药临床机构备字2021000157,filed,confirmed_against_filing_snapshot,,deferred_not_required_for_identity,0,[],False,https://beian.cfdi.org.cn/CTMDS/pub/PUB010100.do?method=handle06&curPage=11&pageSize=100,2026-09-05,"Snapshot identity only; not all aliases, trial participation or current eligibility"
cnha-cfdi-b09654d3c0a8033378817c2361df6111,湛江中心人民医院,药临床机构备字2020000066,filed,confirmed_against_filing_snapshot,,deferred_not_required_for_identity,0,[],False,https://beian.cfdi.org.cn/CTMDS/pub/PUB010100.do?method=handle06&curPage=2&pageSize=100,2026-09-05,"Snapshot identity only; not all aliases, trial participation or current eligibility"
cnha-cfdi-b0bda0d7c0a8033314caf01402b3649c,无锡市锡山人民医院,药临床机构备字2025000098,filed,confirmed_against_filing_snapshot,,deferred_not_required_for_identity,0,[],False,https://beian.cfdi.org.cn/CTMDS/pub/PUB010100.do?method=handle06&curPage=18&pageSize=100,2026-09-05,"Snapshot identity only; not all aliases, trial participation or current eligibility"
cnha-cfdi-b0ce6b67c0a803333f9c55f42fa13780,西安市北方医院,药临床机构备字2025000125,filed,confirmed_against_filing_snapshot,,deferred_not_required_for_identity,0,[],False,https://beian.cfdi.org.cn/CTMDS/pub/PUB010100.do?method=handle06&curPage=18&pageSize=100,2026-09-05,"Snapshot identity only; not all aliases, trial participation or current eligibility"
cnha-cfdi-b0e294e2c0a8033365254668ebd20dbc,珠海市人民医院,药临床机构备字2020000720,filed,confirmed_against_filing_snapshot,,deferred_not_required_for_identity,0,"[{""hospital_id"": ""cnha-cfdi-b0e294e2c0a8033365254668ebd20dbc"", ""official_name"": ""珠海市人民医院"", ""candidate_alias"": ""Zhuhai People's Hospital"", ""source_url"": ""https://ror.org/01k1x3b35"", ""status"": ""review_required"", ""reason"": ""Reference-only name; not approved for resolution""}]",False,https://beian.cfdi.org.cn/CTMDS/pub/PUB010100.do?method=handle06&curPage=8&pageSize=100,2026-09-05,"Snapshot identity only; not all aliases, trial participation or current eligibility"
cnha-cfdi-b0fffb27c0a80333651194dd9fa521b7,黑龙江中医药大学附属第一医院,药临床机构备字2019000051,filed,confirmed_against_filing_snapshot,,deferred_not_required_for_identity,0,[],False,https://beian.cfdi.org.cn/CTMDS/pub/PUB010100.do?method=handle06&curPage=1&pageSize=100,2026-09-05,"Snapshot identity only; not all aliases, trial participation or current eligibility"
cnha-cfdi-b10c920cc0a803330726cd6e3ee28732,吉林市中心医院,药临床机构备字2020000459,filed,confirmed_against_filing_snapshot,,deferred_not_required_for_identity,0,[],False,https://beian.cfdi.org.cn/CTMDS/pub/PUB010100.do?method=handle06&curPage=6&pageSize=100,2026-09-05,"Snapshot identity only; not all aliases, trial participation or current eligibility"
cnha-cfdi-b11b3863c0a80333558611972b4c4671,贵阳市妇幼保健院,药临床机构备字2023000001,filed,confirmed_against_filing_snapshot,,deferred_not_required_for_identity,0,[],False,https://beian.cfdi.org.cn/CTMDS/pub/PUB010100.do?method=handle06&curPage=13&pageSize=100,2026-09-05,"Snapshot identity only; not all aliases, trial participation or current eligibility"
cnha-cfdi-b12cea66c0a80333112df9095f3a2e9d,汝阳县人民医院,药临床机构备字2021000153,filed,confirmed_against_filing_snapshot,,deferred_not_required_for_identity,0,[],False,https://beian.cfdi.org.cn/CTMDS/pub/PUB010100.do?method=handle06&curPage=11&pageSize=100,2026-09-05,"Snapshot identity only; not all aliases, trial participation or current eligibility"
cnha-cfdi-b1350357c0a8033317c4af47a0ad3cce,右江民族医学院附属医院,药临床机构备字2022000124,filed,confirmed_against_filing_snapshot,,deferred_not_required_for_identity,0,[],False,https://beian.cfdi.org.cn/CTMDS/pub/PUB010100.do?method=handle06&curPage=13&pageSize=100,2026-09-05,"Snapshot identity only; not all aliases, trial participation or current eligibility"
cnha-cfdi-b1465049c0a803333bc1a92c34b9f82b,安徽省宿州市立医院,药临床机构备字2022000064,filed,confirmed_against_filing_snapshot,,deferred_not_required_for_identity,0,[],False,https://beian.cfdi.org.cn/CTMDS/pub/PUB010100.do?method=handle06&curPage=12&pageSize=100,2026-09-05,"Snapshot identity only; not all aliases, trial participation or current eligibility"
cnha-cfdi-b14ce737c0a803333bb15f6394516769,南通市中医院,药临床机构备字2026000004,filed,confirmed_against_filing_snapshot,,deferred_not_required_for_identity,0,[],False,https://beian.cfdi.org.cn/CTMDS/pub/PUB010100.do?method=handle06&curPage=19&pageSize=100,2026-09-05,"Snapshot identity only; not all aliases, trial participation or current eligibility"
cnha-cfdi-b16825dac0a803334af616ca148fa9df,上海市徐汇区中心医院,药临床机构备字2020000153,filed,confirmed_against_filing_snapshot,,deferred_not_required_for_identity,0,[],False,https://beian.cfdi.org.cn/CTMDS/pub/PUB010100.do?method=handle06&curPage=3&pageSize=100,2026-09-05,"Snapshot identity only; not all aliases, trial participation or current eligibility"
cnha-cfdi-b170e259c0a8033340cdbb0cab4d98d9,北京和睦家医院,药临床机构备字2020000918,filed,confirmed_against_filing_snapshot,,deferred_not_required_for_identity,0,[],False,https://beian.cfdi.org.cn/CTMDS/pub/PUB010100.do?method=handle06&curPage=10&pageSize=100,2026-09-05,"Snapshot identity only; not all aliases, trial participation or current eligibility"
cnha-cfdi-b17664b2c0a803333d0e9a546366dbe5,长沙珂信肿瘤医院,药临床机构备字2020000754,filed,confirmed_against_filing_snapshot,,deferred_not_required_for_identity,0,[],False,https://beian.cfdi.org.cn/CTMDS/pub/PUB010100.do?method=handle06&curPage=8&pageSize=100,2026-09-05,"Snapshot identity only; not all aliases, trial participation or current eligibility"
cnha-cfdi-b1a3122cc0a803336ed3b732a1969f61,潮州市人民医院(潮州医院),药临床机构备字2023000276,filed,confirmed_against_filing_snapshot,,deferred_not_required_for_identity,2,[],False,https://beian.cfdi.org.cn/CTMDS/pub/PUB010100.do?method=handle06&curPage=15&pageSize=100,2026-09-05,"Snapshot identity only; not all aliases, trial participation or current eligibility"
cnha-cfdi-b1ac848dc0a8033376622c8b439fe5bb,前海人寿南宁医院,药临床机构备字2025000215,filed,confirmed_against_filing_snapshot,,deferred_not_required_for_identity,0,[],False,https://beian.cfdi.org.cn/CTMDS/pub/PUB010100.do?method=handle06&curPage=19&pageSize=100,2026-09-05,"Snapshot identity only; not all aliases, trial participation or current eligibility"
cnha-cfdi-b1b64d9bc0a80333614e542d08bdd76f,航空总医院,药临床机构备字2025000218,filed,confirmed_against_filing_snapshot,,deferred_not_required_for_identity,0,[],False,https://beian.cfdi.org.cn/CTMDS/pub/PUB010100.do?method=handle06&curPage=19&pageSize=100,2026-09-05,"Snapshot identity only; not all aliases, trial participation or current eligibility"
cnha-cfdi-b1b916e1c0a803337959d7fcacbd5db1,无锡市第二人民医院,药临床机构备字2020000219,filed,confirmed_against_filing_snapshot,,deferred_not_required_for_identity,0,"[{""hospital_id"": ""cnha-cfdi-b1b916e1c0a803337959d7fcacbd5db1"", ""official_name"": ""无锡市第二人民医院"", ""candidate_alias"": ""Wuxi No.2 People's Hospital"", ""source_url"": ""https://ror.org/0399zkh42"", ""status"": ""review_required"", ""reason"": ""Reference-only name; not approved for resolution""}]",False,https://beian.cfdi.org.cn/CTMDS/pub/PUB010100.do?method=handle06&curPage=3&pageSize=100,2026-09-05,"Snapshot identity only; not all aliases, trial participation or current eligibility"
cnha-cfdi-b2067f98c0a8033353638fd850cca5f0,黑龙江中医药大学附属第三医院,药临床机构备字2024000017,filed,confirmed_against_filing_snapshot,,deferred_not_required_for_identity,0,[],False,https://beian.cfdi.org.cn/CTMDS/pub/PUB010100.do?method=handle06&curPage=15&pageSize=100,2026-09-05,"Snapshot identity only; not all aliases, trial participation or current eligibility"
cnha-cfdi-b21ea95cc0a803334c1e59472a85a37a,绵阳市中医医院,药临床机构备字2022000171,filed,confirmed_against_filing_snapshot,,deferred_not_required_for_identity,0,[],False,https://beian.cfdi.org.cn/CTMDS/pub/PUB010100.do?method=handle06&curPage=13&pageSize=100,2026-09-05,"Snapshot identity only; not all aliases, trial participation or current eligibility"
cnha-cfdi-b224c3b1c0a8033306359ea8137a6e2f,六盘水首钢水钢医院有限公司,药临床机构备字2022000174,filed,confirmed_against_filing_snapshot,,deferred_not_required_for_identity,0,[],False,https://beian.cfdi.org.cn/CTMDS/pub/PUB010100.do?method=handle06&curPage=13&pageSize=100,2026-09-05,"Snapshot identity only; not all aliases, trial participation or current eligibility"
cnha-cfdi-b2306327c0a803332cc85be7fb6f627a,河北省儿童医院,药临床机构备字2024000046,filed,confirmed_against_filing_snapshot,,deferred_not_required_for_identity,0,[],False,https://beian.cfdi.org.cn/CTMDS/pub/PUB010100.do?method=handle06&curPage=15&pageSize=100,2026-09-05,"Snapshot identity only; not all aliases, trial participation or current eligibility"
cnha-cfdi-b2392464c0a803330d2ca55809249b8f,台州市第二人民医院,药临床机构备字2025000071,filed,confirmed_against_filing_snapshot,,deferred_not_required_for_identity,0,[],False,https://beian.cfdi.org.cn/CTMDS/pub/PUB010100.do?method=handle06&curPage=18&pageSize=100,2026-09-05,"Snapshot identity only; not all aliases, trial participation or current eligibility"
cnha-cfdi-b24d02adc0a803333cec60389a147c38,大冶市中医医院,药临床机构备字2026000133,filed,confirmed_against_filing_snapshot,,deferred_not_required_for_identity,0,[],False,https://beian.cfdi.org.cn/CTMDS/pub/PUB010100.do?method=handle06&curPage=20&pageSize=100,2026-09-05,"Snapshot identity only; not all aliases, trial participation or current eligibility"
cnha-cfdi-b2549f3ac0a803331c8b3dfce20bc9d7,石河子市人民医院,药临床机构备字2025000053,filed,confirmed_against_filing_snapshot,,deferred_not_required_for_identity,0,[],False,https://beian.cfdi.org.cn/CTMDS/pub/PUB010100.do?method=handle06&curPage=18&pageSize=100,2026-09-05,"Snapshot identity only; not all aliases, trial participation or current eligibility"
cnha-cfdi-b25aff77c0a8033370ea47a8773e6e80,重庆市江津区中心医院,药临床机构备字2020000391,filed,confirmed_against_filing_snapshot,,deferred_not_required_for_identity,0,[],False,https://beian.cfdi.org.cn/CTMDS/pub/PUB010100.do?method=handle06&curPage=5&pageSize=100,2026-09-05,"Snapshot identity only; not all aliases, trial participation or current eligibility"
cnha-cfdi-b262d5cac0a803334b7f5fbc89516e15,沈阳市第五人民医院,药临床机构备字2020000843,filed,confirmed_against_filing_snapshot,,deferred_not_required_for_identity,0,"[{""hospital_id"": ""cnha-cfdi-b262d5cac0a803334b7f5fbc89516e15"", ""official_name"": ""沈阳市第五人民医院"", ""candidate_alias"": ""Shenyang Fifth People Hospital"", ""source_url"": ""https://ror.org/03f3pxe20"", ""status"": ""review_required"", ""reason"": ""Reference-only name; not approved for resolution""}]",False,https://beian.cfdi.org.cn/CTMDS/pub/PUB010100.do?method=handle06&curPage=9&pageSize=100,2026-09-05,"Snapshot identity only; not all aliases, trial participation or current eligibility"
cnha-cfdi-b2779d0bc0a80333060a0020985b123b,潍坊市益都中心医院,药临床机构备字2021000171,filed,confirmed_against_filing_snapshot,,deferred_not_required_for_identity,0,"[{""hospital_id"": ""cnha-cfdi-b2779d0bc0a80333060a0020985b123b"", ""official_name"": ""潍坊市益都中心医院"", ""candidate_alias"": ""Yidu Central Hospital of Weifang"", ""source_url"": ""https://ror.org/03cst3c12"", ""status"": ""review_required"", ""reason"": ""Reference-only name; not approved for resolution""}]",False,https://beian.cfdi.org.cn/CTMDS/pub/PUB010100.do?method=handle06&curPage=12&pageSize=100,2026-09-05,"Snapshot identity only; not all aliases, trial participation or current eligibility"
cnha-cfdi-b2870695c0a80333631e9ffd9e95f3f7,深圳市宝安区中医院,药临床机构备字2020000653,filed,confirmed_against_filing_snapshot,,deferred_not_required_for_identity,0,[],False,https://beian.cfdi.org.cn/CTMDS/pub/PUB010100.do?method=handle06&curPage=7&pageSize=100,2026-09-05,"Snapshot identity only; not all aliases, trial participation or current eligibility"
cnha-cfdi-b2875c67c0a803332073bb678509f738,长兴县中医院,药临床机构备字2021000121,filed,confirmed_against_filing_snapshot,,deferred_not_required_for_identity,0,[],False,https://beian.cfdi.org.cn/CTMDS/pub/PUB010100.do?method=handle06&curPage=11&pageSize=100,2026-09-05,"Snapshot identity only; not all aliases, trial participation or current eligibility"
cnha-cfdi-b2939db6c0a80333536f1cb82206b70c,天津康汇医院,药临床机构备字2026000062,filed,confirmed_against_filing_snapshot,,deferred_not_required_for_identity,0,[],False,https://beian.cfdi.org.cn/CTMDS/pub/PUB010100.do?method=handle06&curPage=20&pageSize=100,2026-09-05,"Snapshot identity only; not all aliases, trial participation or current eligibility"
cnha-cfdi-b2b50356c0a803335b23b748970203e0,南平市第一医院,药临床机构备字2025000257,filed,confirmed_against_filing_snapshot,,deferred_not_required_for_identity,0,[],False,https://beian.cfdi.org.cn/CTMDS/pub/PUB010100.do?method=handle06&curPage=19&pageSize=100,2026-09-05,"Snapshot identity only; not all aliases, trial participation or current eligibility"
cnha-cfdi-b2b741bec0a80333716f6e202f535a53,汕头市澄海区人民医院,药临床机构备字2025000059,filed,confirmed_against_filing_snapshot,,deferred_not_required_for_identity,0,[],False,https://beian.cfdi.org.cn/CTMDS/pub/PUB010100.do?method=handle06&curPage=18&pageSize=100,2026-09-05,"Snapshot identity only; not all aliases, trial participation or current eligibility"
cnha-cfdi-b2ba4b41c0a80333455f44fef81c53c1,武汉亚洲心脏病医院,药临床机构备字2020000350,filed,confirmed_against_filing_snapshot,,deferred_not_required_for_identity,0,"[{""hospital_id"": ""cnha-cfdi-b2ba4b41c0a80333455f44fef81c53c1"", ""official_name"": ""武汉亚洲心脏病医院"", ""candidate_alias"": ""Wuhan Asia Heart Hospital"", ""source_url"": ""https://ror.org/02zzfj172"", ""status"": ""review_required"", ""reason"": ""Reference-only name; not approved for resolution""}]",False,https://beian.cfdi.org.cn/CTMDS/pub/PUB010100.do?method=handle06&curPage=5&pageSize=100,2026-09-05,"Snapshot identity only; not all aliases, trial participation or current eligibility"
cnha-cfdi-b2c6e1adc0a80333315f7b9a63dc8e6f,平阳县人民医院,药临床机构备字2024000008,filed,confirmed_against_filing_snapshot,,deferred_not_required_for_identity,0,[],False,https://beian.cfdi.org.cn/CTMDS/pub/PUB010100.do?method=handle06&curPage=15&pageSize=100,2026-09-05,"Snapshot identity only; not all aliases, trial participation or current eligibility"
cnha-cfdi-b2c8b7b4c0a80333148b83d0d809fd72,开平市中心医院,药临床机构备字2024000115,filed,confirmed_against_filing_snapshot,,deferred_not_required_for_identity,0,"[{""hospital_id"": ""cnha-cfdi-b2c8b7b4c0a80333148b83d0d809fd72"", ""official_name"": ""开平市中心医院"", ""candidate_alias"": ""Kaiping Central Hospital"", ""source_url"": ""https://ror.org/04ac7y941"", ""status"": ""review_required"", ""reason"": ""Reference-only name; not approved for resolution""}]",False,https://beian.cfdi.org.cn/CTMDS/pub/PUB010100.do?method=handle06&curPage=16&pageSize=100,2026-09-05,"Snapshot identity only; not all aliases, trial participation or current eligibility"
cnha-cfdi-b2cf0846c0a80333640b9d33b0cd35e1,邵阳学院附属第二医院,药临床机构备字2025000201,filed,confirmed_against_filing_snapshot,,deferred_not_required_for_identity,0,[],False,https://beian.cfdi.org.cn/CTMDS/pub/PUB010100.do?method=handle06&curPage=19&pageSize=100,2026-09-05,"Snapshot identity only; not all aliases, trial participation or current eligibility"
cnha-cfdi-b2d90d4bc0a80333651e36c18085f547,长治医学院附属和济医院,药临床机构备字2024000260,filed,confirmed_against_filing_snapshot,,deferred_not_required_for_identity,0,[],False,https://beian.cfdi.org.cn/CTMDS/pub/PUB010100.do?method=handle06&curPage=17&pageSize=100,2026-09-05,"Snapshot identity only; not all aliases, trial participation or current eligibility"
cnha-cfdi-b2dd2f54c0a8033363e1b51ea2312280,天津市肿瘤医院秦皇岛医院,药临床机构备字2026000021,filed,confirmed_against_filing_snapshot,,deferred_not_required_for_identity,0,[],False,https://beian.cfdi.org.cn/CTMDS/pub/PUB010100.do?method=handle06&curPage=19&pageSize=100,2026-09-05,"Snapshot identity only; not all aliases, trial participation or current eligibility"
cnha-cfdi-b2dfbf08c0a803331442b289b0ae11f1,临汾市第二人民医院（临汾市职业病防治院）,药临床机构备字2025000256,filed,confirmed_against_filing_snapshot,,deferred_not_required_for_identity,0,[],False,https://beian.cfdi.org.cn/CTMDS/pub/PUB010100.do?method=handle06&curPage=19&pageSize=100,2026-09-05,"Snapshot identity only; not all aliases, trial participation or current eligibility"
cnha-cfdi-b2e6cd71c0a80333006660055d5a8309,厦门市仙岳医院,药临床机构备字2020000037,filed,confirmed_against_filing_snapshot,,deferred_not_required_for_identity,0,[],False,https://beian.cfdi.org.cn/CTMDS/pub/PUB010100.do?method=handle06&curPage=2&pageSize=100,2026-09-05,"Snapshot identity only; not all aliases, trial participation or current eligibility"
cnha-cfdi-b3043886c0a803330b7e8bf45b7d097e,开封市人民医院,药临床机构备字2022000195,filed,confirmed_against_filing_snapshot,,deferred_not_required_for_identity,0,[],False,https://beian.cfdi.org.cn/CTMDS/pub/PUB010100.do?method=handle06&curPage=13&pageSize=100,2026-09-05,"Snapshot identity only; not all aliases, trial participation or current eligibility"
cnha-cfdi-b315f94bc0a803331b06ef5f2a069d37,苏州大学附属儿童医院,药临床机构备字2020000880,filed,confirmed_against_filing_snapshot,,deferred_not_required_for_identity,0,[],False,https://beian.cfdi.org.cn/CTMDS/pub/PUB010100.do?method=handle06&curPage=9&pageSize=100,2026-09-05,"Snapshot identity only; not all aliases, trial participation or current eligibility"
cnha-cfdi-b3f0e53dc0a8033329cb5de80259fd87,广州中医药大学第一附属医院,药临床机构备字2020000012,filed,confirmed_against_filing_snapshot,,deferred_not_required_for_identity,0,[],False,https://beian.cfdi.org.cn/CTMDS/pub/PUB010100.do?method=handle06&curPage=1&pageSize=100,2026-09-05,"Snapshot identity only; not all aliases, trial participation or current eligibility"
cnha-cfdi-b409a9e9c0a803333b97a6234872adf7,浙江大学医学院附属第一医院,药临床机构备字2020000348,filed,confirmed_against_filing_snapshot,"The First Affiliated Hospital, Zhejiang University School of Medicine",source_reviewed,2,[],False,https://beian.cfdi.org.cn/CTMDS/pub/PUB010100.do?method=handle06&curPage=5&pageSize=100,2026-09-05,"Snapshot identity only; not all aliases, trial participation or current eligibility"
cnha-cfdi-b40a7ba9c0a803334cd3feda2b166077,石家庄市第五医院,药临床机构备字2021000004,filed,confirmed_against_filing_snapshot,,deferred_not_required_for_identity,0,[],False,https://beian.cfdi.org.cn/CTMDS/pub/PUB010100.do?method=handle06&curPage=10&pageSize=100,2026-09-05,"Snapshot identity only; not all aliases, trial participation or current eligibility"
cnha-cfdi-b41a6cffc0a803331742cab7e8bb1dfa,广元市中心医院,药临床机构备字2020000532,filed,confirmed_against_filing_snapshot,,deferred_not_required_for_identity,0,[],False,https://beian.cfdi.org.cn/CTMDS/pub/PUB010100.do?method=handle06&curPage=6&pageSize=100,2026-09-05,"Snapshot identity only; not all aliases, trial participation or current eligibility"
cnha-cfdi-b45b220cc0a803337480611370b57181,兰州大学第一医院,药临床机构备字2020000099,filed,confirmed_against_filing_snapshot,,deferred_not_required_for_identity,0,"[{""hospital_id"": ""cnha-cfdi-b45b220cc0a803337480611370b57181"", ""official_name"": ""兰州大学第一医院"", ""candidate_alias"": ""First Hospital of Lanzhou University"", ""source_url"": ""https://ror.org/05d2xpa49"", ""status"": ""review_required"", ""reason"": ""Reference-only name; not approved for resolution""}, {""hospital_id"": ""cnha-cfdi-b45b220cc0a803337480611370b57181"", ""official_name"": ""兰州大学第一医院"", ""candidate_alias"": ""兰州大学第一医院: 欢迎您| 兰大一院"", ""source_url"": ""https://ror.org/05d2xpa49"", ""status"": ""review_required"", ""reason"": ""Reference-only name; not approved for resolution""}]",False,https://beian.cfdi.org.cn/CTMDS/pub/PUB010100.do?method=handle06&curPage=2&pageSize=100,2026-09-05,"Snapshot identity only; not all aliases, trial participation or current eligibility"
cnha-cfdi-b463d2bec0a803336b5465344a9bd2eb,北京中医药大学东直门医院,药临床机构备字2020000276,filed,confirmed_against_filing_snapshot,,deferred_not_required_for_identity,0,"[{""hospital_id"": ""cnha-cfdi-b463d2bec0a803336b5465344a9bd2eb"", ""official_name"": ""北京中医药大学东直门医院"", ""candidate_alias"": ""Dongzhimen Hospital Affiliated to Beijing University of Chinese Medicine"", ""source_url"": ""https://ror.org/02yacz525"", ""status"": ""review_required"", ""reason"": ""Reference-only name; not approved for resolution""}]",False,https://beian.cfdi.org.cn/CTMDS/pub/PUB010100.do?method=handle06&curPage=4&pageSize=100,2026-09-05,"Snapshot identity only; not all aliases, trial participation or current eligibility"
cnha-cfdi-b4770ef7c0a803336d6b4797b9feaedd,中国人民解放军联勤保障部队第九八三医院（原中国人民解放军第二五四医院）,药临床机构备字2020000308,filed,confirmed_against_filing_snapshot,,deferred_not_required_for_identity,1,"[{""hospital_id"": ""cnha-cfdi-b4770ef7c0a803336d6b4797b9feaedd"", ""official_name"": ""中国人民解放军联勤保障部队第九八三医院（原中国人民解放军第二五四医院）"", ""candidate_alias"": ""原中国人民解放军第二五四医院"", ""source_url"": ""https://beian.cfdi.org.cn/CTMDS/pub/PUB010100.do?method=handle06&curPage=4&pageSize=100"", ""status"": ""review_required"", ""reason"": ""Reference-only name; not approved for resolution""}]",False,https://beian.cfdi.org.cn/CTMDS/pub/PUB010100.do?method=handle06&curPage=4&pageSize=100,2026-09-05,"Snapshot identity only; not all aliases, trial participation or current eligibility"
cnha-cfdi-b49e3821c0a80333748ef73e34f0c177,山西医科大学第一医院,药临床机构备字2020000033,filed,confirmed_against_filing_snapshot,,deferred_not_required_for_identity,0,[],False,https://beian.cfdi.org.cn/CTMDS/pub/PUB010100.do?method=handle06&curPage=2&pageSize=100,2026-09-05,"Snapshot identity only; not all aliases, trial participation or current eligibility"
cnha-cfdi-b4bd52dec0a803335d4f6537390bc5c7,咸阳市中心医院,药临床机构备字2021000077,filed,confirmed_against_filing_snapshot,,deferred_not_required_for_identity,0,"[{""hospital_id"": ""cnha-cfdi-b4bd52dec0a803335d4f6537390bc5c7"", ""official_name"": ""咸阳市中心医院"", ""candidate_alias"": ""Second People's Hospital"", ""source_url"": ""https://ror.org/042g3qa69"", ""status"": ""review_required"", ""reason"": ""Reference-only name; not approved for resolution""}, {""hospital_id"": ""cnha-cfdi-b4bd52dec0a803335d4f6537390bc5c7"", ""official_name"": ""咸阳市中心医院"", ""candidate_alias"": ""Xian Yang Central Hospital"", ""source_url"": ""https://ror.org/042g3qa69"", ""status"": ""review_required"", ""reason"": ""Reference-only name; not approved for resolution""}]",False,https://beian.cfdi.org.cn/CTMDS/pub/PUB010100.do?method=handle06&curPage=11&pageSize=100,2026-09-05,"Snapshot identity only; not all aliases, trial participation or current eligibility"
cnha-cfdi-b4cf403cc0a80333277e2b0a6a62ae18,重庆市沙坪坝区人民医院,药临床机构备字2024000194,filed,confirmed_against_filing_snapshot,,deferred_not_required_for_identity,0,[],False,https://beian.cfdi.org.cn/CTMDS/pub/PUB010100.do?method=handle06&curPage=16&pageSize=100,2026-09-05,"Snapshot identity only; not all aliases, trial participation or current eligibility"
cnha-cfdi-b4dde559c0a8033361f23673fe528d16,日照市中医医院,药临床机构备字2020000946,filed,confirmed_against_filing_snapshot,,deferred_not_required_for_identity,0,[],False,https://beian.cfdi.org.cn/CTMDS/pub/PUB010100.do?method=handle06&curPage=10&pageSize=100,2026-09-05,"Snapshot identity only; not all aliases, trial participation or current eligibility"
cnha-cfdi-b5069edcc0a803335d3f0f0e3a4c2e87,长安医院,药临床机构备字2026000081,filed,confirmed_against_filing_snapshot,,deferred_not_required_for_identity,0,[],False,https://beian.cfdi.org.cn/CTMDS/pub/PUB010100.do?method=handle06&curPage=20&pageSize=100,2026-09-05,"Snapshot identity only; not all aliases, trial participation or current eligibility"
cnha-cfdi-b51a5d83c0a8033320af88f899dc8978,玛丽医院,药临床机构备字2022000045,filed,confirmed_against_filing_snapshot,,deferred_not_required_for_identity,0,[],False,https://beian.cfdi.org.cn/CTMDS/pub/PUB010100.do?method=handle06&curPage=12&pageSize=100,2026-09-05,"Snapshot identity only; not all aliases, trial participation or current eligibility"
cnha-cfdi-b550ec4fc0a803334235907d6e31948c,天津市眼科医院,药临床机构备字2019000072,filed,confirmed_against_filing_snapshot,,deferred_not_required_for_identity,0,[],False,https://beian.cfdi.org.cn/CTMDS/pub/PUB010100.do?method=handle06&curPage=1&pageSize=100,2026-09-05,"Snapshot identity only; not all aliases, trial participation or current eligibility"
cnha-cfdi-b583a928c0a803331844fb07940cd48e,中山市小榄人民医院,药临床机构备字2022000076,filed,confirmed_against_filing_snapshot,,deferred_not_required_for_identity,0,[],False,https://beian.cfdi.org.cn/CTMDS/pub/PUB010100.do?method=handle06&curPage=12&pageSize=100,2026-09-05,"Snapshot identity only; not all aliases, trial participation or current eligibility"
cnha-cfdi-b5842d08c0a8033314add2f61508721d,甘肃省武威肿瘤医院,药临床机构备字2020000042,filed,confirmed_against_filing_snapshot,,deferred_not_required_for_identity,0,[],False,https://beian.cfdi.org.cn/CTMDS/pub/PUB010100.do?method=handle06&curPage=2&pageSize=100,2026-09-05,"Snapshot identity only; not all aliases, trial participation or current eligibility"
cnha-cfdi-b5b6a2a3c0a8033320d7dfb2aeb8b3eb,佛山市中医院,药临床机构备字2020000788,filed,confirmed_against_filing_snapshot,,deferred_not_required_for_identity,0,"[{""hospital_id"": ""cnha-cfdi-b5b6a2a3c0a8033320d7dfb2aeb8b3eb"", ""official_name"": ""佛山市中医院"", ""candidate_alias"": ""Foshan Hospital of TCM"", ""source_url"": ""https://ror.org/01dw0ab98"", ""status"": ""review_required"", ""reason"": ""Reference-only name; not approved for resolution""}, {""hospital_id"": ""cnha-cfdi-b5b6a2a3c0a8033320d7dfb2aeb8b3eb"", ""official_name"": ""佛山市中医院"", ""candidate_alias"": ""Foshan Hospital of Traditional Chinese Medicine"", ""source_url"": ""https://ror.org/01dw0ab98"", ""status"": ""review_required"", ""reason"": ""Reference-only name; not approved for resolution""}]",False,https://beian.cfdi.org.cn/CTMDS/pub/PUB010100.do?method=handle06&curPage=8&pageSize=100,2026-09-05,"Snapshot identity only; not all aliases, trial participation or current eligibility"
cnha-cfdi-b5cd6543c0a803330d96755e77d8daa5,苏州大学附属第一医院,药临床机构备字2020000866,filed,confirmed_against_filing_snapshot,The First Affiliated Hospital of Soochow University,source_reviewed,1,"[{""hospital_id"": ""cnha-cfdi-b5cd6543c0a803330d96755e77d8daa5"", ""official_name"": ""苏州大学附属第一医院"", ""candidate_alias"": ""First Affiliated Hospital of Soochow University"", ""source_url"": ""https://ror.org/051jg5p78"", ""status"": ""review_required"", ""reason"": ""Reference-only name; not approved for resolution""}]",False,https://beian.cfdi.org.cn/CTMDS/pub/PUB010100.do?method=handle06&curPage=9&pageSize=100,2026-09-05,"Snapshot identity only; not all aliases, trial participation or current eligibility"
cnha-cfdi-b5de4047c0a803336a24e0f62bc8875a,苏州高新区人民医院,药临床机构备字2023000286,filed,confirmed_against_filing_snapshot,,deferred_not_required_for_identity,0,[],False,https://beian.cfdi.org.cn/CTMDS/pub/PUB010100.do?method=handle06&curPage=15&pageSize=100,2026-09-05,"Snapshot identity only; not all aliases, trial participation or current eligibility"
cnha-cfdi-b5e6c3b5c0a803331ff92e676eac9d8f,阜新市人民医院（阜新市妇女儿童医疗中心）,药临床机构备字2023000251,filed,confirmed_against_filing_snapshot,,deferred_not_required_for_identity,0,[],False,https://beian.cfdi.org.cn/CTMDS/pub/PUB010100.do?method=handle06&curPage=15&pageSize=100,2026-09-05,"Snapshot identity only; not all aliases, trial participation or current eligibility"
cnha-cfdi-b61903e1c0a803333299e36744ca3344,三门峡市中心医院,药临床机构备字2020000930,filed,confirmed_against_filing_snapshot,,deferred_not_required_for_identity,0,[],False,https://beian.cfdi.org.cn/CTMDS/pub/PUB010100.do?method=handle06&curPage=10&pageSize=100,2026-09-05,"Snapshot identity only; not all aliases, trial participation or current eligibility"
cnha-cfdi-b62488d3c0a80333490f20e1dd3738c9,石家庄市人民医院,药临床机构备字2020000165,filed,confirmed_against_filing_snapshot,,deferred_not_required_for_identity,0,[],False,https://beian.cfdi.org.cn/CTMDS/pub/PUB010100.do?method=handle06&curPage=3&pageSize=100,2026-09-05,"Snapshot identity only; not all aliases, trial participation or current eligibility"
cnha-cfdi-b63a8730c0a803334f8c8b7ddd8da329,哈尔滨二四二医院,药临床机构备字2024000104,filed,confirmed_against_filing_snapshot,,deferred_not_required_for_identity,0,[],False,https://beian.cfdi.org.cn/CTMDS/pub/PUB010100.do?method=handle06&curPage=16&pageSize=100,2026-09-05,"Snapshot identity only; not all aliases, trial participation or current eligibility"
cnha-cfdi-b642d952c0a803334aa6b910471c02c8,黑龙江省医院(黑龙江省中日友谊医院、黑龙江省医院互联网医院）,药临床机构备字2021000115,filed,confirmed_against_filing_snapshot,,deferred_not_required_for_identity,2,"[{""hospital_id"": ""cnha-cfdi-b642d952c0a803334aa6b910471c02c8"", ""official_name"": ""黑龙江省医院(黑龙江省中日友谊医院、黑龙江省医院互联网医院）"", ""candidate_alias"": ""黑龙江省医院互联网医院"", ""source_url"": ""https://beian.cfdi.org.cn/CTMDS/pub/PUB010100.do?method=handle06&curPage=11&pageSize=100"", ""status"": ""review_required"", ""reason"": ""Reference-only name; not approved for resolution""}, {""hospital_id"": ""cnha-cfdi-b642d952c0a803334aa6b910471c02c8"", ""official_name"": ""黑龙江省医院(黑龙江省中日友谊医院、黑龙江省医院互联网医院）"", ""candidate_alias"": ""Heilongjiang Provincial Hospital"", ""source_url"": ""https://ror.org/03qrkhd32"", ""status"": ""review_required"", ""reason"": ""Reference-only name; not approved for resolution""}]",False,https://beian.cfdi.org.cn/CTMDS/pub/PUB010100.do?method=handle06&curPage=11&pageSize=100,2026-09-05,"Snapshot identity only; not all aliases, trial participation or current eligibility"
cnha-cfdi-b6541d1fc0a803333d2effbaffcf1ef7,澧县人民医院,药临床机构备字2024000258,filed,confirmed_against_filing_snapshot,,deferred_not_required_for_identity,0,[],False,https://beian.cfdi.org.cn/CTMDS/pub/PUB010100.do?method=handle06&curPage=17&pageSize=100,2026-09-05,"Snapshot identity only; not all aliases, trial participation or current eligibility"
cnha-cfdi-b6594ce3c0a80333774459954a163dfc,广州中医药大学顺德医院（佛山市顺德区中医院）,药临床机构备字2024000111,filed,confirmed_against_filing_snapshot,,deferred_not_required_for_identity,2,[],False,https://beian.cfdi.org.cn/CTMDS/pub/PUB010100.do?method=handle06&curPage=16&pageSize=100,2026-09-05,"Snapshot identity only; not all aliases, trial participation or current eligibility"
cnha-cfdi-b674e3dec0a803337a4b8eea5625fee6,湘西土家族苗族自治州人民医院（吉首大学第一附属医院）,药临床机构备字2023000051,filed,confirmed_against_filing_snapshot,,deferred_not_required_for_identity,2,[],False,https://beian.cfdi.org.cn/CTMDS/pub/PUB010100.do?method=handle06&curPage=13&pageSize=100,2026-09-05,"Snapshot identity only; not all aliases, trial participation or current eligibility"
cnha-cfdi-b67ae900c0a803330797f3829ada2225,山东第一医科大学附属眼科医院（山东省眼科医院）,药临床机构备字2019000003,filed,confirmed_against_filing_snapshot,,deferred_not_required_for_identity,2,[],False,https://beian.cfdi.org.cn/CTMDS/pub/PUB010100.do?method=handle06&curPage=1&pageSize=100,2026-09-05,"Snapshot identity only; not all aliases, trial participation or current eligibility"
cnha-cfdi-b67f7661c0a8033348ed297ac147d011,中国人民解放军联勤保障部队第九四O医院,药临床机构备字2020000543,filed,confirmed_against_filing_snapshot,,deferred_not_required_for_identity,0,[],False,https://beian.cfdi.org.cn/CTMDS/pub/PUB010100.do?method=handle06&curPage=6&pageSize=100,2026-09-05,"Snapshot identity only; not all aliases, trial participation or current eligibility"
cnha-cfdi-b6859788c0a8033315a2a18e7810ceeb,都江堰市人民医院,药临床机构备字2023000052,filed,confirmed_against_filing_snapshot,,deferred_not_required_for_identity,0,[],False,https://beian.cfdi.org.cn/CTMDS/pub/PUB010100.do?method=handle06&curPage=13&pageSize=100,2026-09-05,"Snapshot identity only; not all aliases, trial participation or current eligibility"
cnha-cfdi-b6896d9bc0a803332105775ae0528266,辽宁爱尔眼科医院（有限公司）,药临床机构备字2020000509,filed,confirmed_against_filing_snapshot,,deferred_not_required_for_identity,0,[],False,https://beian.cfdi.org.cn/CTMDS/pub/PUB010100.do?method=handle06&curPage=6&pageSize=100,2026-09-05,"Snapshot identity only; not all aliases, trial participation or current eligibility"
cnha-cfdi-b6a36998c0a80333442b5fe87f5d3142,平阴县中医医院,药临床机构备字2026000148,filed,confirmed_against_filing_snapshot,,deferred_not_required_for_identity,0,[],False,https://beian.cfdi.org.cn/CTMDS/pub/PUB010100.do?method=handle06&curPage=21&pageSize=100,2026-09-05,"Snapshot identity only; not all aliases, trial participation or current eligibility"
cnha-cfdi-b6aa117ec0a8033334ef2ec8e5caf185,武汉市第五医院,药临床机构备字2020000716,filed,confirmed_against_filing_snapshot,,deferred_not_required_for_identity,0,"[{""hospital_id"": ""cnha-cfdi-b6aa117ec0a8033334ef2ec8e5caf185"", ""official_name"": ""武汉市第五医院"", ""candidate_alias"": ""Fifth Hospital In Wuhan"", ""source_url"": ""https://ror.org/02hpna219"", ""status"": ""review_required"", ""reason"": ""Reference-only name; not approved for resolution""}]",False,https://beian.cfdi.org.cn/CTMDS/pub/PUB010100.do?method=handle06&curPage=8&pageSize=100,2026-09-05,"Snapshot identity only; not all aliases, trial participation or current eligibility"
cnha-cfdi-b6f47db4c0a803332eddd882a855cd05,怀化市中医医院,药临床机构备字2026000089,filed,confirmed_against_filing_snapshot,,deferred_not_required_for_identity,0,[],False,https://beian.cfdi.org.cn/CTMDS/pub/PUB010100.do?method=handle06&curPage=20&pageSize=100,2026-09-05,"Snapshot identity only; not all aliases, trial participation or current eligibility"
cnha-cfdi-b6f8a320c0a803336c1b10e9c1eb907d,成都市新都区人民医院,药临床机构备字2024000136,filed,confirmed_against_filing_snapshot,,deferred_not_required_for_identity,0,"[{""hospital_id"": ""cnha-cfdi-b6f8a320c0a803336c1b10e9c1eb907d"", ""official_name"": ""成都市新都区人民医院"", ""candidate_alias"": ""XDPH"", ""source_url"": ""https://ror.org/05b035a98"", ""status"": ""review_required"", ""reason"": ""Reference-only name; not approved for resolution""}, {""hospital_id"": ""cnha-cfdi-b6f8a320c0a803336c1b10e9c1eb907d"", ""official_name"": ""成都市新都区人民医院"", ""candidate_alias"": ""Xindu District People's Hospital of Chengdu"", ""source_url"": ""https://ror.org/05b035a98"", ""status"": ""review_required"", ""reason"": ""Reference-only name; not approved for resolution""}]",False,https://beian.cfdi.org.cn/CTMDS/pub/PUB010100.do?method=handle06&curPage=16&pageSize=100,2026-09-05,"Snapshot identity only; not all aliases, trial participation or current eligibility"
cnha-cfdi-b6fa74efc0a803336eea1741bd9bc27e,武汉市中医医院,药临床机构备字2021000133,filed,confirmed_against_filing_snapshot,,deferred_not_required_for_identity,0,[],False,https://beian.cfdi.org.cn/CTMDS/pub/PUB010100.do?method=handle06&curPage=11&pageSize=100,2026-09-05,"Snapshot identity only; not all aliases, trial participation or current eligibility"
cnha-cfdi-b7135e8ec0a8033334fcf2c79754a182,中国人民解放军联勤保障部队第九〇〇医院,药临床机构备字2020000529,filed,confirmed_against_filing_snapshot,,deferred_not_required_for_identity,0,"[{""hospital_id"": ""cnha-cfdi-b7135e8ec0a8033334fcf2c79754a182"", ""official_name"": ""中国人民解放军联勤保障部队第九〇〇医院"", ""candidate_alias"": ""Fuzhou General Hospital of Nanjing Military Command"", ""source_url"": ""https://ror.org/02pqjgd54"", ""status"": ""review_required"", ""reason"": ""Reference-only name; not approved for resolution""}, {""hospital_id"": ""cnha-cfdi-b7135e8ec0a8033334fcf2c79754a182"", ""official_name"": ""中国人民解放军联勤保障部队第九〇〇医院"", ""candidate_alias"": ""中国人民解放军南京军区福州总医院"", ""source_url"": ""https://ror.org/02pqjgd54"", ""status"": ""review_required"", ""reason"": ""Reference-only name; not approved for resolution""}]",False,https://beian.cfdi.org.cn/CTMDS/pub/PUB010100.do?method=handle06&curPage=6&pageSize=100,2026-09-05,"Snapshot identity only; not all aliases, trial participation or current eligibility"
cnha-cfdi-b752a738c0a803337e83cb2cef61c73d,江苏省疾病预防控制中心（江苏省预防医学科学院）,药临床机构备字2020000090,filed,confirmed_against_filing_snapshot,,deferred_not_required_for_identity,0,[],False,https://beian.cfdi.org.cn/CTMDS/pub/PUB010100.do?method=handle06&curPage=2&pageSize=100,2026-09-05,"Snapshot identity only; not all aliases, trial participation or current eligibility"
cnha-cfdi-b76eb38cc0a803336d850c80964373ea,晋中市第一人民医院,药临床机构备字2020000842,filed,confirmed_against_filing_snapshot,,deferred_not_required_for_identity,0,[],False,https://beian.cfdi.org.cn/CTMDS/pub/PUB010100.do?method=handle06&curPage=9&pageSize=100,2026-09-05,"Snapshot identity only; not all aliases, trial participation or current eligibility"
cnha-cfdi-b77a2c35c0a803335cde02d4e26032df,上海市闵行区中心医院,药临床机构备字2020000352,filed,confirmed_against_filing_snapshot,,deferred_not_required_for_identity,0,[],False,https://beian.cfdi.org.cn/CTMDS/pub/PUB010100.do?method=handle06&curPage=5&pageSize=100,2026-09-05,"Snapshot identity only; not all aliases, trial participation or current eligibility"
cnha-cfdi-b78c6d2cc0a80333776e05a26bd99822,四川锦欣西囡妇女儿童医院,药临床机构备字2025000187,filed,confirmed_against_filing_snapshot,,deferred_not_required_for_identity,0,[],False,https://beian.cfdi.org.cn/CTMDS/pub/PUB010100.do?method=handle06&curPage=19&pageSize=100,2026-09-05,"Snapshot identity only; not all aliases, trial participation or current eligibility"
cnha-cfdi-b7900740c0a80333138a55666fc8b400,南通市通州区人民医院,药临床机构备字2025000236,filed,confirmed_against_filing_snapshot,,deferred_not_required_for_identity,0,[],False,https://beian.cfdi.org.cn/CTMDS/pub/PUB010100.do?method=handle06&curPage=19&pageSize=100,2026-09-05,"Snapshot identity only; not all aliases, trial participation or current eligibility"
cnha-cfdi-b797ac6ec0a8033377b0e5412a0d24da,南通市肿瘤医院,药临床机构备字2020000323,filed,confirmed_against_filing_snapshot,,deferred_not_required_for_identity,0,"[{""hospital_id"": ""cnha-cfdi-b797ac6ec0a8033377b0e5412a0d24da"", ""official_name"": ""南通市肿瘤医院"", ""candidate_alias"": ""Nantong Tumor Hospital"", ""source_url"": ""https://ror.org/01egmr022"", ""status"": ""review_required"", ""reason"": ""Reference-only name; not approved for resolution""}]",False,https://beian.cfdi.org.cn/CTMDS/pub/PUB010100.do?method=handle06&curPage=4&pageSize=100,2026-09-05,"Snapshot identity only; not all aliases, trial participation or current eligibility"
cnha-cfdi-b7b8a9fdc0a803337ced25c6e678b6b6,成都市公共卫生临床医疗中心,药临床机构备字2020000702,filed,confirmed_against_filing_snapshot,,deferred_not_required_for_identity,0,"[{""hospital_id"": ""cnha-cfdi-b7b8a9fdc0a803337ced25c6e678b6b6"", ""official_name"": ""成都市公共卫生临床医疗中心"", ""candidate_alias"": ""Chengdu Public Health Clinical Medical Center"", ""source_url"": ""https://ror.org/046m3e234"", ""status"": ""review_required"", ""reason"": ""Reference-only name; not approved for resolution""}, {""hospital_id"": ""cnha-cfdi-b7b8a9fdc0a803337ced25c6e678b6b6"", ""official_name"": ""成都市公共卫生临床医疗中心"", ""candidate_alias"": ""Public Health Clinical Center of Chengdu"", ""source_url"": ""https://ror.org/046m3e234"", ""status"": ""review_required"", ""reason"": ""Reference-only name; not approved for resolution""}]",False,https://beian.cfdi.org.cn/CTMDS/pub/PUB010100.do?method=handle06&curPage=8&pageSize=100,2026-09-05,"Snapshot identity only; not all aliases, trial participation or current eligibility"
cnha-cfdi-b7d39e7dc0a803332aaf872223fb5cbb,中山市第三人民医院（中山市心理健康和精神卫生防治中心）,药临床机构备字2023000068,filed,confirmed_against_filing_snapshot,,deferred_not_required_for_identity,1,"[{""hospital_id"": ""cnha-cfdi-b7d39e7dc0a803332aaf872223fb5cbb"", ""official_name"": ""中山市第三人民医院（中山市心理健康和精神卫生防治中心）"", ""candidate_alias"": ""中山市心理健康和精神卫生防治中心"", ""source_url"": ""https://beian.cfdi.org.cn/CTMDS/pub/PUB010100.do?method=handle06&curPage=13&pageSize=100"", ""status"": ""review_required"", ""reason"": ""Reference-only name; not approved for resolution""}]",False,https://beian.cfdi.org.cn/CTMDS/pub/PUB010100.do?method=handle06&curPage=13&pageSize=100,2026-09-05,"Snapshot identity only; not all aliases, trial participation or current eligibility"
cnha-cfdi-b7d8b816c0a80333148e2d188b047f39,浙江大学医学院附属妇产科医院,药临床机构备字2020000360,filed,confirmed_against_filing_snapshot,,deferred_not_required_for_identity,0,"[{""hospital_id"": ""cnha-cfdi-b7d8b816c0a80333148e2d188b047f39"", ""official_name"": ""浙江大学医学院附属妇产科医院"", ""candidate_alias"": ""Women's Hospital, School of Medicine, Zhejiang University"", ""source_url"": ""https://ror.org/042t7yh44"", ""status"": ""review_required"", ""reason"": ""Reference-only name; not approved for resolution""}, {""hospital_id"": ""cnha-cfdi-b7d8b816c0a80333148e2d188b047f39"", ""official_name"": ""浙江大学医学院附属妇产科医院"", ""candidate_alias"": ""Zhejiang Women's Hospital"", ""source_url"": ""https://ror.org/042t7yh44"", ""status"": ""review_required"", ""reason"": ""Reference-only name; not approved for resolution""}]",False,https://beian.cfdi.org.cn/CTMDS/pub/PUB010100.do?method=handle06&curPage=5&pageSize=100,2026-09-05,"Snapshot identity only; not all aliases, trial participation or current eligibility"
cnha-cfdi-b7d964a6c0a803333dbef1b5ee3fc2a0,佳木斯市结核病医院（佳木斯市肿瘤医院）,药临床机构备字2020000370,filed,confirmed_against_filing_snapshot,,deferred_not_required_for_identity,2,[],False,https://beian.cfdi.org.cn/CTMDS/pub/PUB010100.do?method=handle06&curPage=5&pageSize=100,2026-09-05,"Snapshot identity only; not all aliases, trial participation or current eligibility"
cnha-cfdi-b83a0712c0a80333129bc62be586dbf4,丽水市中医院,药临床机构备字2024000150,filed,confirmed_against_filing_snapshot,,deferred_not_required_for_identity,0,[],False,https://beian.cfdi.org.cn/CTMDS/pub/PUB010100.do?method=handle06&curPage=16&pageSize=100,2026-09-05,"Snapshot identity only; not all aliases, trial participation or current eligibility"
cnha-cfdi-b83cab9ac0a8033336726f1d7a863ebc,赣州市皮肤病医院,药临床机构备字2025000254,filed,confirmed_against_filing_snapshot,,deferred_not_required_for_identity,0,[],False,https://beian.cfdi.org.cn/CTMDS/pub/PUB010100.do?method=handle06&curPage=19&pageSize=100,2026-09-05,"Snapshot identity only; not all aliases, trial participation or current eligibility"
cnha-cfdi-b85c426dc0a80333510d8273e68e7a24,单县中心医院,药临床机构备字2024000200,filed,confirmed_against_filing_snapshot,,deferred_not_required_for_identity,0,[],False,https://beian.cfdi.org.cn/CTMDS/pub/PUB010100.do?method=handle06&curPage=17&pageSize=100,2026-09-05,"Snapshot identity only; not all aliases, trial participation or current eligibility"
cnha-cfdi-b8ea5571c0a80333422da2b142abbaaa,黑龙江省传染病防治院（黑龙江省第四医院、黑龙江省结核病防治院）,药临床机构备字2023000241,filed,confirmed_against_filing_snapshot,,deferred_not_required_for_identity,0,[],False,https://beian.cfdi.org.cn/CTMDS/pub/PUB010100.do?method=handle06&curPage=15&pageSize=100,2026-09-05,"Snapshot identity only; not all aliases, trial participation or current eligibility"
cnha-cfdi-b94ebe88c0a8033332763ebb977c4db3,安康市中医医院,药临床机构备字2020000577,filed,confirmed_against_filing_snapshot,,deferred_not_required_for_identity,0,[],False,https://beian.cfdi.org.cn/CTMDS/pub/PUB010100.do?method=handle06&curPage=7&pageSize=100,2026-09-05,"Snapshot identity only; not all aliases, trial participation or current eligibility"
cnha-cfdi-b9792e4dc0a8033375018fe81cc8e256,梧州市工人医院,药临床机构备字2022000054,filed,confirmed_against_filing_snapshot,,deferred_not_required_for_identity,0,[],False,https://beian.cfdi.org.cn/CTMDS/pub/PUB010100.do?method=handle06&curPage=12&pageSize=100,2026-09-05,"Snapshot identity only; not all aliases, trial participation or current eligibility"
cnha-cfdi-b9aca995c0a80333611d05ea02c4f52c,广西壮族自治区江滨医院,药临床机构备字2020000775,filed,confirmed_against_filing_snapshot,,deferred_not_required_for_identity,0,"[{""hospital_id"": ""cnha-cfdi-b9aca995c0a80333611d05ea02c4f52c"", ""official_name"": ""广西壮族自治区江滨医院"", ""candidate_alias"": ""Guangxi Third People's Hospital"", ""source_url"": ""https://ror.org/03zrj3m15"", ""status"": ""review_required"", ""reason"": ""Reference-only name; not approved for resolution""}, {""hospital_id"": ""cnha-cfdi-b9aca995c0a80333611d05ea02c4f52c"", ""official_name"": ""广西壮族自治区江滨医院"", ""candidate_alias"": ""Riverside Hospital of Guangxi Zhuang Autonomous Region"", ""source_url"": ""https://ror.org/03zrj3m15"", ""status"": ""review_required"", ""reason"": ""Reference-only name; not approved for resolution""}]",False,https://beian.cfdi.org.cn/CTMDS/pub/PUB010100.do?method=handle06&curPage=8&pageSize=100,2026-09-05,"Snapshot identity only; not all aliases, trial participation or current eligibility"
cnha-cfdi-ba046468c0a8033335ced67c487a3123,张家口市第一医院,药临床机构备字2022000068,filed,confirmed_against_filing_snapshot,,deferred_not_required_for_identity,0,[],False,https://beian.cfdi.org.cn/CTMDS/pub/PUB010100.do?method=handle06&curPage=12&pageSize=100,2026-09-05,"Snapshot identity only; not all aliases, trial participation or current eligibility"
cnha-cfdi-ba132829c0a8033367cb94f68c143ae8,重庆市南川区人民医院,药临床机构备字2019000079,filed,confirmed_against_filing_snapshot,,deferred_not_required_for_identity,0,[],False,https://beian.cfdi.org.cn/CTMDS/pub/PUB010100.do?method=handle06&curPage=1&pageSize=100,2026-09-05,"Snapshot identity only; not all aliases, trial participation or current eligibility"
cnha-cfdi-ba179d3bc0a80333229669d635d19a13,镇江市精神卫生中心,药临床机构备字2020000727,filed,confirmed_against_filing_snapshot,,deferred_not_required_for_identity,0,[],False,https://beian.cfdi.org.cn/CTMDS/pub/PUB010100.do?method=handle06&curPage=8&pageSize=100,2026-09-05,"Snapshot identity only; not all aliases, trial participation or current eligibility"
cnha-cfdi-ba6cbf4ac0a8033321cce75d11f4115c,内江市第二人民医院,药临床机构备字2020000312,filed,confirmed_against_filing_snapshot,,deferred_not_required_for_identity,0,[],False,https://beian.cfdi.org.cn/CTMDS/pub/PUB010100.do?method=handle06&curPage=4&pageSize=100,2026-09-05,"Snapshot identity only; not all aliases, trial participation or current eligibility"
cnha-cfdi-ba77df76c0a803333d800242e116d72c,黑龙江中医药大学附属第二医院,药临床机构备字2019000005,filed,confirmed_against_filing_snapshot,,deferred_not_required_for_identity,0,[],False,https://beian.cfdi.org.cn/CTMDS/pub/PUB010100.do?method=handle06&curPage=1&pageSize=100,2026-09-05,"Snapshot identity only; not all aliases, trial participation or current eligibility"
cnha-cfdi-ba78ad95c0a8033328bfd20ac64b5924,兰州石化总医院(甘肃中医药大学第四附属医院）,药临床机构备字2023000261,filed,confirmed_against_filing_snapshot,,deferred_not_required_for_identity,2,[],False,https://beian.cfdi.org.cn/CTMDS/pub/PUB010100.do?method=handle06&curPage=15&pageSize=100,2026-09-05,"Snapshot identity only; not all aliases, trial participation or current eligibility"
cnha-cfdi-ba79120bc0a80333310eb36509b47b8c,江西省胸科医院(江西省第三人民医院）,药临床机构备字2020000005,filed,confirmed_against_filing_snapshot,,deferred_not_required_for_identity,2,"[{""hospital_id"": ""cnha-cfdi-ba79120bc0a80333310eb36509b47b8c"", ""official_name"": ""江西省胸科医院(江西省第三人民医院）"", ""candidate_alias"": ""Jiangxi Chest Hospital"", ""source_url"": ""https://ror.org/02895kk89"", ""status"": ""review_required"", ""reason"": ""Reference-only name; not approved for resolution""}, {""hospital_id"": ""cnha-cfdi-ba79120bc0a80333310eb36509b47b8c"", ""official_name"": ""江西省胸科医院(江西省第三人民医院）"", ""candidate_alias"": ""Jiangxi Provincial Pulmonary Hospital"", ""source_url"": ""https://ror.org/02895kk89"", ""status"": ""review_required"", ""reason"": ""Reference-only name; not approved for resolution""}, {""hospital_id"": ""cnha-cfdi-ba79120bc0a80333310eb36509b47b8c"", ""official_name"": ""江西省胸科医院(江西省第三人民医院）"", ""candidate_alias"": ""Jiangxi Provincial Third People's Hospital"", ""source_url"": ""https://ror.org/02895kk89"", ""status"": ""review_required"", ""reason"": ""Reference-only name; not approved for resolution""}]",False,https://beian.cfdi.org.cn/CTMDS/pub/PUB010100.do?method=handle06&curPage=1&pageSize=100,2026-09-05,"Snapshot identity only; not all aliases, trial participation or current eligibility"
cnha-cfdi-ba7db4ffc0a80333354197fac474a809,厦门大学附属心血管病医院,药临床机构备字2020000580,filed,confirmed_against_filing_snapshot,,deferred_not_required_for_identity,0,[],False,https://beian.cfdi.org.cn/CTMDS/pub/PUB010100.do?method=handle06&curPage=7&pageSize=100,2026-09-05,"Snapshot identity only; not all aliases, trial participation or current eligibility"
cnha-cfdi-ba86e8e1c0a803332a3294330307e841,江西省中西医结合医院,药临床机构备字2023000027,filed,confirmed_against_filing_snapshot,,deferred_not_required_for_identity,0,[],False,https://beian.cfdi.org.cn/CTMDS/pub/PUB010100.do?method=handle06&curPage=13&pageSize=100,2026-09-05,"Snapshot identity only; not all aliases, trial participation or current eligibility"
cnha-cfdi-ba8ec4bdc0a8033305e23bb1e26fd5e6,曲靖市中医医院,药临床机构备字2022000026,filed,confirmed_against_filing_snapshot,,deferred_not_required_for_identity,0,[],False,https://beian.cfdi.org.cn/CTMDS/pub/PUB010100.do?method=handle06&curPage=12&pageSize=100,2026-09-05,"Snapshot identity only; not all aliases, trial participation or current eligibility"
cnha-cfdi-ba92bd23c0a803335b6367b1bc020994,亳州市人民医院,药临床机构备字2022000007,filed,confirmed_against_filing_snapshot,,deferred_not_required_for_identity,0,"[{""hospital_id"": ""cnha-cfdi-ba92bd23c0a803335b6367b1bc020994"", ""official_name"": ""亳州市人民医院"", ""candidate_alias"": ""Bozhou People's Hospital"", ""source_url"": ""https://ror.org/025qsj431"", ""status"": ""review_required"", ""reason"": ""Reference-only name; not approved for resolution""}]",False,https://beian.cfdi.org.cn/CTMDS/pub/PUB010100.do?method=handle06&curPage=12&pageSize=100,2026-09-05,"Snapshot identity only; not all aliases, trial participation or current eligibility"
cnha-cfdi-ba9a9957c0a80333488b84986d7a2b8e,山东颐养健康集团淄博医院,药临床机构备字2026000109,filed,confirmed_against_filing_snapshot,,deferred_not_required_for_identity,0,[],False,https://beian.cfdi.org.cn/CTMDS/pub/PUB010100.do?method=handle06&curPage=20&pageSize=100,2026-09-05,"Snapshot identity only; not all aliases, trial participation or current eligibility"
cnha-cfdi-bac1af00c0a803334310687616d4ad02,濮阳市安阳地区医院,药临床机构备字2022000083,filed,confirmed_against_filing_snapshot,,deferred_not_required_for_identity,0,[],False,https://beian.cfdi.org.cn/CTMDS/pub/PUB010100.do?method=handle06&curPage=12&pageSize=100,2026-09-05,"Snapshot identity only; not all aliases, trial participation or current eligibility"
cnha-cfdi-baea6404c0a803334c014606493de38f,信宜市人民医院,药临床机构备字2024000010,filed,confirmed_against_filing_snapshot,,deferred_not_required_for_identity,0,[],False,https://beian.cfdi.org.cn/CTMDS/pub/PUB010100.do?method=handle06&curPage=15&pageSize=100,2026-09-05,"Snapshot identity only; not all aliases, trial participation or current eligibility"
cnha-cfdi-baf67b59c0a8033336a1a7228617e8b5,复旦大学附属肿瘤医院,药临床机构备字2020000084,filed,confirmed_against_filing_snapshot,Fudan University Shanghai Cancer Center,source_reviewed,2,[],False,https://beian.cfdi.org.cn/CTMDS/pub/PUB010100.do?method=handle06&curPage=2&pageSize=100,2026-09-05,"Snapshot identity only; not all aliases, trial participation or current eligibility"
cnha-cfdi-bb0e282ac0a803332a679f08e27a2f3d,临沂市中心医院,药临床机构备字2020000863,filed,confirmed_against_filing_snapshot,,deferred_not_required_for_identity,0,[],False,https://beian.cfdi.org.cn/CTMDS/pub/PUB010100.do?method=handle06&curPage=9&pageSize=100,2026-09-05,"Snapshot identity only; not all aliases, trial participation or current eligibility"
cnha-cfdi-bb1409bdc0a803335a3cbfe9eac80cf1,宜春市中医院,药临床机构备字2021000091,filed,confirmed_against_filing_snapshot,,deferred_not_required_for_identity,0,[],False,https://beian.cfdi.org.cn/CTMDS/pub/PUB010100.do?method=handle06&curPage=11&pageSize=100,2026-09-05,"Snapshot identity only; not all aliases, trial participation or current eligibility"
cnha-cfdi-bb1cc0b4c0a8033314481f126e4cca9a,宁波市奉化区人民医院（宁波市奉化区人民医院医共体总院）,药临床机构备字2024000223,filed,confirmed_against_filing_snapshot,,deferred_not_required_for_identity,1,"[{""hospital_id"": ""cnha-cfdi-bb1cc0b4c0a8033314481f126e4cca9a"", ""official_name"": ""宁波市奉化区人民医院（宁波市奉化区人民医院医共体总院）"", ""candidate_alias"": ""宁波市奉化区人民医院医共体总院"", ""source_url"": ""https://beian.cfdi.org.cn/CTMDS/pub/PUB010100.do?method=handle06&curPage=17&pageSize=100"", ""status"": ""review_required"", ""reason"": ""Reference-only name; not approved for resolution""}]",False,https://beian.cfdi.org.cn/CTMDS/pub/PUB010100.do?method=handle06&curPage=17&pageSize=100,2026-09-05,"Snapshot identity only; not all aliases, trial participation or current eligibility"
cnha-cfdi-bb202fccc0a80333644292ae5ad9b2a7,大连市第七人民医院,药临床机构备字2020000353,filed,confirmed_against_filing_snapshot,,deferred_not_required_for_identity,0,"[{""hospital_id"": ""cnha-cfdi-bb202fccc0a80333644292ae5ad9b2a7"", ""official_name"": ""大连市第七人民医院"", ""candidate_alias"": ""Dalian Mental Health Center"", ""source_url"": ""https://ror.org/05thfh396"", ""status"": ""review_required"", ""reason"": ""Reference-only name; not approved for resolution""}, {""hospital_id"": ""cnha-cfdi-bb202fccc0a80333644292ae5ad9b2a7"", ""official_name"": ""大连市第七人民医院"", ""candidate_alias"": ""Seventh People's Hospital of Dalian"", ""source_url"": ""https://ror.org/05thfh396"", ""status"": ""review_required"", ""reason"": ""Reference-only name; not approved for resolution""}]",False,https://beian.cfdi.org.cn/CTMDS/pub/PUB010100.do?method=handle06&curPage=5&pageSize=100,2026-09-05,"Snapshot identity only; not all aliases, trial participation or current eligibility"
cnha-cfdi-bb227303c0a80333649177bf19b9e15c,启东市人民医院（启东肝癌防治研究所）,药临床机构备字2022000136,filed,confirmed_against_filing_snapshot,,deferred_not_required_for_identity,1,"[{""hospital_id"": ""cnha-cfdi-bb227303c0a80333649177bf19b9e15c"", ""official_name"": ""启东市人民医院（启东肝癌防治研究所）"", ""candidate_alias"": ""启东肝癌防治研究所"", ""source_url"": ""https://beian.cfdi.org.cn/CTMDS/pub/PUB010100.do?method=handle06&curPage=13&pageSize=100"", ""status"": ""review_required"", ""reason"": ""Reference-only name; not approved for resolution""}]",False,https://beian.cfdi.org.cn/CTMDS/pub/PUB010100.do?method=handle06&curPage=13&pageSize=100,2026-09-05,"Snapshot identity only; not all aliases, trial participation or current eligibility"
cnha-cfdi-bb247d30c0a8033358fc7ccd7ded5264,首都医科大学宣武医院,药临床机构备字2020000248,filed,confirmed_against_filing_snapshot,,deferred_not_required_for_identity,0,[],False,https://beian.cfdi.org.cn/CTMDS/pub/PUB010100.do?method=handle06&curPage=4&pageSize=100,2026-09-05,"Snapshot identity only; not all aliases, trial participation or current eligibility"
cnha-cfdi-bb2b08d0c0a803332e7dea9098937df7,贵州省第二人民医院,药临床机构备字2024000030,filed,confirmed_against_filing_snapshot,,deferred_not_required_for_identity,0,[],False,https://beian.cfdi.org.cn/CTMDS/pub/PUB010100.do?method=handle06&curPage=15&pageSize=100,2026-09-05,"Snapshot identity only; not all aliases, trial participation or current eligibility"
cnha-cfdi-bb38fed6c0a80333594395d5e713613c,永嘉县中医医院,药临床机构备字2024000210,filed,confirmed_against_filing_snapshot,,deferred_not_required_for_identity,0,[],False,https://beian.cfdi.org.cn/CTMDS/pub/PUB010100.do?method=handle06&curPage=17&pageSize=100,2026-09-05,"Snapshot identity only; not all aliases, trial participation or current eligibility"
cnha-cfdi-bb466cc1c0a803336cfd0958a04951f5,长春市传染病医院,药临床机构备字2025000038,filed,confirmed_against_filing_snapshot,,deferred_not_required_for_identity,0,[],False,https://beian.cfdi.org.cn/CTMDS/pub/PUB010100.do?method=handle06&curPage=17&pageSize=100,2026-09-05,"Snapshot identity only; not all aliases, trial participation or current eligibility"
cnha-cfdi-bb5152fbc0a803330fd0c4e5c64ec6de,黑龙江中医药大学附属第二医院哈南分院（黑龙江省老年医院）,药临床机构备字2024000192,filed,confirmed_against_filing_snapshot,,deferred_not_required_for_identity,2,[],False,https://beian.cfdi.org.cn/CTMDS/pub/PUB010100.do?method=handle06&curPage=16&pageSize=100,2026-09-05,"Snapshot identity only; not all aliases, trial participation or current eligibility"
cnha-cfdi-bb66a641c0a8033301ba4e400b62484b,登封嵩正中医院,药临床机构备字2023000095,filed,confirmed_against_filing_snapshot,,deferred_not_required_for_identity,0,[],False,https://beian.cfdi.org.cn/CTMDS/pub/PUB010100.do?method=handle06&curPage=14&pageSize=100,2026-09-05,"Snapshot identity only; not all aliases, trial participation or current eligibility"
cnha-cfdi-bb7a7ecec0a8033313f88242084bb78c,吉林省前卫医院,药临床机构备字2025000288,filed,confirmed_against_filing_snapshot,,deferred_not_required_for_identity,0,[],False,https://beian.cfdi.org.cn/CTMDS/pub/PUB010100.do?method=handle06&curPage=19&pageSize=100,2026-09-05,"Snapshot identity only; not all aliases, trial participation or current eligibility"
cnha-cfdi-bb8da7b0c0a803334ba58ad661dfae63,德驭医疗马鞍山总医院,药临床机构备字2023000136,filed,confirmed_against_filing_snapshot,,deferred_not_required_for_identity,0,[],False,https://beian.cfdi.org.cn/CTMDS/pub/PUB010100.do?method=handle06&curPage=14&pageSize=100,2026-09-05,"Snapshot identity only; not all aliases, trial participation or current eligibility"
cnha-cfdi-bba296f2c0a8033331bf88e07e7f65cd,江门市新会区人民医院,药临床机构备字2021000069,filed,confirmed_against_filing_snapshot,,deferred_not_required_for_identity,0,[],False,https://beian.cfdi.org.cn/CTMDS/pub/PUB010100.do?method=handle06&curPage=11&pageSize=100,2026-09-05,"Snapshot identity only; not all aliases, trial participation or current eligibility"
cnha-cfdi-bbc22a72c0a803333fc4adf30b314309,三峡大学附属仁和医院,药临床机构备字2023000289,filed,confirmed_against_filing_snapshot,,deferred_not_required_for_identity,0,[],False,https://beian.cfdi.org.cn/CTMDS/pub/PUB010100.do?method=handle06&curPage=15&pageSize=100,2026-09-05,"Snapshot identity only; not all aliases, trial participation or current eligibility"
cnha-cfdi-bbe38b8dc0a8033360bcafb661b20ab9,无锡市惠山区人民医院,药临床机构备字2025000222,filed,confirmed_against_filing_snapshot,,deferred_not_required_for_identity,0,[],False,https://beian.cfdi.org.cn/CTMDS/pub/PUB010100.do?method=handle06&curPage=19&pageSize=100,2026-09-05,"Snapshot identity only; not all aliases, trial participation or current eligibility"
cnha-cfdi-bc0224cdc0a803333c494c112ceb6a1e,泰州市人民医院,药临床机构备字2020000283,filed,confirmed_against_filing_snapshot,,deferred_not_required_for_identity,0,[],False,https://beian.cfdi.org.cn/CTMDS/pub/PUB010100.do?method=handle06&curPage=4&pageSize=100,2026-09-05,"Snapshot identity only; not all aliases, trial participation or current eligibility"
cnha-cfdi-bc0c9b4cc0a8033344cff4f866c20b6c,山东第一医科大学第二附属医院,药临床机构备字2019000066,filed,confirmed_against_filing_snapshot,,deferred_not_required_for_identity,0,[],False,https://beian.cfdi.org.cn/CTMDS/pub/PUB010100.do?method=handle06&curPage=1&pageSize=100,2026-09-05,"Snapshot identity only; not all aliases, trial participation or current eligibility"
cnha-cfdi-bc55cdb8c0a803331de0db43970b3158,新野县人民医院,药临床机构备字2025000235,filed,confirmed_against_filing_snapshot,,deferred_not_required_for_identity,0,[],False,https://beian.cfdi.org.cn/CTMDS/pub/PUB010100.do?method=handle06&curPage=19&pageSize=100,2026-09-05,"Snapshot identity only; not all aliases, trial participation or current eligibility"
cnha-cfdi-bc904661c0a8033333cddc3c18d65e7d,侯马市医疗集团（侯马市人民医院）,药临床机构备字2026000149,filed,confirmed_against_filing_snapshot,,deferred_not_required_for_identity,0,[],False,https://beian.cfdi.org.cn/CTMDS/pub/PUB010100.do?method=handle06&curPage=21&pageSize=100,2026-09-05,"Snapshot identity only; not all aliases, trial participation or current eligibility"
cnha-cfdi-bcb353dfc0a8033378ae969ff35da76e,鹤岗市中医医院,药临床机构备字2025000290,filed,confirmed_against_filing_snapshot,,deferred_not_required_for_identity,0,[],False,https://beian.cfdi.org.cn/CTMDS/pub/PUB010100.do?method=handle06&curPage=19&pageSize=100,2026-09-05,"Snapshot identity only; not all aliases, trial participation or current eligibility"
cnha-cfdi-bcb715f0c0a80333284ac3784e0cb9db,佳木斯大学附属第一医院,药临床机构备字2023000093,filed,confirmed_against_filing_snapshot,,deferred_not_required_for_identity,0,[],False,https://beian.cfdi.org.cn/CTMDS/pub/PUB010100.do?method=handle06&curPage=14&pageSize=100,2026-09-05,"Snapshot identity only; not all aliases, trial participation or current eligibility"
cnha-cfdi-bcf621dcc0a8033317e2b063548f94a6,天津市肿瘤医院空港医院,药临床机构备字2021000099,filed,confirmed_against_filing_snapshot,,deferred_not_required_for_identity,0,[],False,https://beian.cfdi.org.cn/CTMDS/pub/PUB010100.do?method=handle06&curPage=11&pageSize=100,2026-09-05,"Snapshot identity only; not all aliases, trial participation or current eligibility"
cnha-cfdi-be05758ec0a8033359dd0ed290832851,开封市祥符区第一人民医院（开封市第三人民医院）,药临床机构备字2024000018,filed,confirmed_against_filing_snapshot,,deferred_not_required_for_identity,2,[],False,https://beian.cfdi.org.cn/CTMDS/pub/PUB010100.do?method=handle06&curPage=15&pageSize=100,2026-09-05,"Snapshot identity only; not all aliases, trial participation or current eligibility"
cnha-cfdi-be3cfcc3c0a803332794d710d642a9c3,济宁市兖州区人民医院,药临床机构备字2026000175,filed,confirmed_against_filing_snapshot,,deferred_not_required_for_identity,0,[],False,https://beian.cfdi.org.cn/CTMDS/pub/PUB010100.do?method=handle06&curPage=21&pageSize=100,2026-09-05,"Snapshot identity only; not all aliases, trial participation or current eligibility"
cnha-cfdi-be3f69aac0a8033366aab30e0c5ffa09,上海市宝山区吴淞中心医院,药临床机构备字2021000002,filed,confirmed_against_filing_snapshot,,deferred_not_required_for_identity,0,[],False,https://beian.cfdi.org.cn/CTMDS/pub/PUB010100.do?method=handle06&curPage=10&pageSize=100,2026-09-05,"Snapshot identity only; not all aliases, trial participation or current eligibility"
cnha-cfdi-be57d3bac0a8023340c91b03912cb09b,武汉火神山医院,药临床机构备字2020000097,filed,confirmed_against_filing_snapshot,,deferred_not_required_for_identity,0,[],False,https://beian.cfdi.org.cn/CTMDS/pub/PUB010100.do?method=handle06&curPage=2&pageSize=100,2026-09-05,"Snapshot identity only; not all aliases, trial participation or current eligibility"
cnha-cfdi-be58dd73c0a803333d3a61f48bdbad55,黄石市中心医院,药临床机构备字2020000460,filed,confirmed_against_filing_snapshot,,deferred_not_required_for_identity,0,"[{""hospital_id"": ""cnha-cfdi-be58dd73c0a803333d3a61f48bdbad55"", ""official_name"": ""黄石市中心医院"", ""candidate_alias"": ""Huangshi Central Hospital"", ""source_url"": ""https://ror.org/05ncqj764"", ""status"": ""review_required"", ""reason"": ""Reference-only name; not approved for resolution""}, {""hospital_id"": ""cnha-cfdi-be58dd73c0a803333d3a61f48bdbad55"", ""official_name"": ""黄石市中心医院"", ""candidate_alias"": ""Pu Ai Hospital"", ""source_url"": ""https://ror.org/05ncqj764"", ""status"": ""review_required"", ""reason"": ""Reference-only name; not approved for resolution""}]",False,https://beian.cfdi.org.cn/CTMDS/pub/PUB010100.do?method=handle06&curPage=6&pageSize=100,2026-09-05,"Snapshot identity only; not all aliases, trial participation or current eligibility"
cnha-cfdi-bf07b66ac0a80333463a319b0550ffcc,邯郸邯钢医院,药临床机构备字2024000263,filed,confirmed_against_filing_snapshot,,deferred_not_required_for_identity,0,[],False,https://beian.cfdi.org.cn/CTMDS/pub/PUB010100.do?method=handle06&curPage=17&pageSize=100,2026-09-05,"Snapshot identity only; not all aliases, trial participation or current eligibility"
cnha-cfdi-bf23ba0bc0a8033301f16f5c8b625348,延边大学附属医院（延边医院）,药临床机构备字2020000032,filed,confirmed_against_filing_snapshot,,deferred_not_required_for_identity,2,[],False,https://beian.cfdi.org.cn/CTMDS/pub/PUB010100.do?method=handle06&curPage=2&pageSize=100,2026-09-05,"Snapshot identity only; not all aliases, trial participation or current eligibility"
cnha-cfdi-bf448c54c0a80333420554247ff4f82b,苏州市吴中人民医院,药临床机构备字2025000073,filed,confirmed_against_filing_snapshot,,deferred_not_required_for_identity,0,[],False,https://beian.cfdi.org.cn/CTMDS/pub/PUB010100.do?method=handle06&curPage=18&pageSize=100,2026-09-05,"Snapshot identity only; not all aliases, trial participation or current eligibility"
cnha-cfdi-bf48fe5bc0a803331d0397cf61d18886,开封市中医院,药临床机构备字2020000559,filed,confirmed_against_filing_snapshot,,deferred_not_required_for_identity,0,[],False,https://beian.cfdi.org.cn/CTMDS/pub/PUB010100.do?method=handle06&curPage=6&pageSize=100,2026-09-05,"Snapshot identity only; not all aliases, trial participation or current eligibility"
cnha-cfdi-bf4b7983c0a8033352baff5c5976a681,深圳市第四人民医院,药临床机构备字2022000078,filed,confirmed_against_filing_snapshot,,deferred_not_required_for_identity,0,[],False,https://beian.cfdi.org.cn/CTMDS/pub/PUB010100.do?method=handle06&curPage=12&pageSize=100,2026-09-05,"Snapshot identity only; not all aliases, trial participation or current eligibility"
cnha-cfdi-bf583eefc0a803334e641b62411eb2ec,厦门大学附属翔安医院,药临床机构备字2020000599,filed,confirmed_against_filing_snapshot,,deferred_not_required_for_identity,0,[],False,https://beian.cfdi.org.cn/CTMDS/pub/PUB010100.do?method=handle06&curPage=7&pageSize=100,2026-09-05,"Snapshot identity only; not all aliases, trial participation or current eligibility"
cnha-cfdi-bf620fb7c0a803336a176d8497fe4564,安宁市第一人民医院,药临床机构备字2020000486,filed,confirmed_against_filing_snapshot,,deferred_not_required_for_identity,0,[],False,https://beian.cfdi.org.cn/CTMDS/pub/PUB010100.do?method=handle06&curPage=6&pageSize=100,2026-09-05,"Snapshot identity only; not all aliases, trial participation or current eligibility"
cnha-cfdi-bf626304c0a803333242af14db098000,常熟市第一人民医院,药临床机构备字2021000129,filed,confirmed_against_filing_snapshot,,deferred_not_required_for_identity,0,[],False,https://beian.cfdi.org.cn/CTMDS/pub/PUB010100.do?method=handle06&curPage=11&pageSize=100,2026-09-05,"Snapshot identity only; not all aliases, trial participation or current eligibility"
cnha-cfdi-bf721f45c0a8033362ebb14485ca0b37,上海市宝山区罗店医院,药临床机构备字2020000838,filed,confirmed_against_filing_snapshot,,deferred_not_required_for_identity,0,[],False,https://beian.cfdi.org.cn/CTMDS/pub/PUB010100.do?method=handle06&curPage=9&pageSize=100,2026-09-05,"Snapshot identity only; not all aliases, trial participation or current eligibility"
cnha-cfdi-bf9993b5c0a803334f50f8e4de518b95,溆浦县人民医院,药临床机构备字2026000074,filed,confirmed_against_filing_snapshot,,deferred_not_required_for_identity,0,[],False,https://beian.cfdi.org.cn/CTMDS/pub/PUB010100.do?method=handle06&curPage=20&pageSize=100,2026-09-05,"Snapshot identity only; not all aliases, trial participation or current eligibility"
cnha-cfdi-bf9f057fc0a80333392f9184935e7f17,达州市达川区人民医院（达州市第三人民医院）,药临床机构备字2020000378,filed,confirmed_against_filing_snapshot,,deferred_not_required_for_identity,2,[],False,https://beian.cfdi.org.cn/CTMDS/pub/PUB010100.do?method=handle06&curPage=5&pageSize=100,2026-09-05,"Snapshot identity only; not all aliases, trial participation or current eligibility"
cnha-cfdi-bfa4823dc0a80333039f7cb1ae92ffdd,天津市口腔医院,药临床机构备字2025000134,filed,confirmed_against_filing_snapshot,,deferred_not_required_for_identity,0,"[{""hospital_id"": ""cnha-cfdi-bfa4823dc0a80333039f7cb1ae92ffdd"", ""official_name"": ""天津市口腔医院"", ""candidate_alias"": ""Nankai University Stomatological Hospital"", ""source_url"": ""https://ror.org/047rxfg53"", ""status"": ""review_required"", ""reason"": ""Reference-only name; not approved for resolution""}, {""hospital_id"": ""cnha-cfdi-bfa4823dc0a80333039f7cb1ae92ffdd"", ""official_name"": ""天津市口腔医院"", ""candidate_alias"": ""Tianjin Stomatological Hospital"", ""source_url"": ""https://ror.org/047rxfg53"", ""status"": ""review_required"", ""reason"": ""Reference-only name; not approved for resolution""}]",False,https://beian.cfdi.org.cn/CTMDS/pub/PUB010100.do?method=handle06&curPage=18&pageSize=100,2026-09-05,"Snapshot identity only; not all aliases, trial participation or current eligibility"
cnha-cfdi-bfabb015c0a80333515e8e21b72f0334,山东省文登整骨医院,药临床机构备字2025000232,filed,confirmed_against_filing_snapshot,,deferred_not_required_for_identity,0,[],False,https://beian.cfdi.org.cn/CTMDS/pub/PUB010100.do?method=handle06&curPage=19&pageSize=100,2026-09-05,"Snapshot identity only; not all aliases, trial participation or current eligibility"
cnha-cfdi-bfb11750c0a803335f90a8fa622753b1,遵义医科大学第五附属（珠海）医院,药临床机构备字2025000188,filed,confirmed_against_filing_snapshot,,deferred_not_required_for_identity,0,[],False,https://beian.cfdi.org.cn/CTMDS/pub/PUB010100.do?method=handle06&curPage=19&pageSize=100,2026-09-05,"Snapshot identity only; not all aliases, trial participation or current eligibility"
cnha-cfdi-bfc4c167c0a803334e623d9849c839f5,洛阳市第六人民医院,药临床机构备字2025000051,filed,confirmed_against_filing_snapshot,,deferred_not_required_for_identity,0,[],False,https://beian.cfdi.org.cn/CTMDS/pub/PUB010100.do?method=handle06&curPage=17&pageSize=100,2026-09-05,"Snapshot identity only; not all aliases, trial participation or current eligibility"
cnha-cfdi-bfefb3cbc0a8033312abf777594fafb9,赣州市第五人民医院,药临床机构备字2022000098,filed,confirmed_against_filing_snapshot,,deferred_not_required_for_identity,0,[],False,https://beian.cfdi.org.cn/CTMDS/pub/PUB010100.do?method=handle06&curPage=12&pageSize=100,2026-09-05,"Snapshot identity only; not all aliases, trial participation or current eligibility"
cnha-cfdi-c004f3c8c0a803334054fef9d8839012,清河县中心医院,药临床机构备字2022000006,filed,confirmed_against_filing_snapshot,,deferred_not_required_for_identity,0,[],False,https://beian.cfdi.org.cn/CTMDS/pub/PUB010100.do?method=handle06&curPage=12&pageSize=100,2026-09-05,"Snapshot identity only; not all aliases, trial participation or current eligibility"
cnha-cfdi-c05eb0f5c0a803332d507097f7086e62,重庆市沙坪坝区陈家桥医院（重庆医药高等专科学校附属医院）,药临床机构备字2025000151,filed,confirmed_against_filing_snapshot,,deferred_not_required_for_identity,2,[],False,https://beian.cfdi.org.cn/CTMDS/pub/PUB010100.do?method=handle06&curPage=18&pageSize=100,2026-09-05,"Snapshot identity only; not all aliases, trial participation or current eligibility"
cnha-cfdi-c063e4a4c0a80333227f25d41a3147e3,宝鸡市中医医院,药临床机构备字2025000274,filed,confirmed_against_filing_snapshot,,deferred_not_required_for_identity,0,[],False,https://beian.cfdi.org.cn/CTMDS/pub/PUB010100.do?method=handle06&curPage=19&pageSize=100,2026-09-05,"Snapshot identity only; not all aliases, trial participation or current eligibility"
cnha-cfdi-c0801b0bc0a803335071b2d5679a49b8,南阳医学高等专科学校第二附属医院(南阳医学高等专科学校附属中医院),药临床机构备字2026000044,filed,confirmed_against_filing_snapshot,,deferred_not_required_for_identity,2,[],False,https://beian.cfdi.org.cn/CTMDS/pub/PUB010100.do?method=handle06&curPage=20&pageSize=100,2026-09-05,"Snapshot identity only; not all aliases, trial participation or current eligibility"
cnha-cfdi-c085a3a8c0a803332aad7b77b9f60bbf,兰考县中医院,药临床机构备字2025000031,filed,confirmed_against_filing_snapshot,,deferred_not_required_for_identity,0,[],False,https://beian.cfdi.org.cn/CTMDS/pub/PUB010100.do?method=handle06&curPage=17&pageSize=100,2026-09-05,"Snapshot identity only; not all aliases, trial participation or current eligibility"
cnha-cfdi-c0879d91c0a8033349d134bc53d95cb4,皖北煤电集团总医院 ,药临床机构备字2022000004,filed,confirmed_against_filing_snapshot,,deferred_not_required_for_identity,0,[],False,https://beian.cfdi.org.cn/CTMDS/pub/PUB010100.do?method=handle06&curPage=12&pageSize=100,2026-09-05,"Snapshot identity only; not all aliases, trial participation or current eligibility"
cnha-cfdi-c0a0ed4bc0a803335f2b6b9b0d63469a,扬州大学附属医院（扬州市第一人民医院）,药临床机构备字2020000834,filed,confirmed_against_filing_snapshot,,deferred_not_required_for_identity,2,[],False,https://beian.cfdi.org.cn/CTMDS/pub/PUB010100.do?method=handle06&curPage=9&pageSize=100,2026-09-05,"Snapshot identity only; not all aliases, trial participation or current eligibility"
cnha-cfdi-c0bf9fd0c0a803337a9d07c0db2636ec,宁波市中医院,药临床机构备字2022000033,filed,confirmed_against_filing_snapshot,,deferred_not_required_for_identity,0,[],False,https://beian.cfdi.org.cn/CTMDS/pub/PUB010100.do?method=handle06&curPage=12&pageSize=100,2026-09-05,"Snapshot identity only; not all aliases, trial participation or current eligibility"
cnha-cfdi-c0e57ac3c0a80333317c18c04a1df27c,晋城市人民医院,药临床机构备字2024000152,filed,confirmed_against_filing_snapshot,,deferred_not_required_for_identity,0,[],False,https://beian.cfdi.org.cn/CTMDS/pub/PUB010100.do?method=handle06&curPage=16&pageSize=100,2026-09-05,"Snapshot identity only; not all aliases, trial participation or current eligibility"
cnha-cfdi-c0e86365c0a8033345f5e9be78026cf0,大连市友谊医院（大连市红十字会医院）,药临床机构备字2021000087,filed,confirmed_against_filing_snapshot,,deferred_not_required_for_identity,2,[],False,https://beian.cfdi.org.cn/CTMDS/pub/PUB010100.do?method=handle06&curPage=11&pageSize=100,2026-09-05,"Snapshot identity only; not all aliases, trial participation or current eligibility"
cnha-cfdi-c0f8a758c0a803335c80305933c47f4d,银川市第一人民医院,药临床机构备字2020000510,filed,confirmed_against_filing_snapshot,,deferred_not_required_for_identity,0,[],False,https://beian.cfdi.org.cn/CTMDS/pub/PUB010100.do?method=handle06&curPage=6&pageSize=100,2026-09-05,"Snapshot identity only; not all aliases, trial participation or current eligibility"
cnha-cfdi-c1b035c5c0a80333372dba3eed206225,南阳市中医院,药临床机构备字2023000011,filed,confirmed_against_filing_snapshot,,deferred_not_required_for_identity,0,[],False,https://beian.cfdi.org.cn/CTMDS/pub/PUB010100.do?method=handle06&curPage=13&pageSize=100,2026-09-05,"Snapshot identity only; not all aliases, trial participation or current eligibility"
cnha-cfdi-c1c1e923c0a803330f894ccf860791f7,长沙华程康复医院,药临床机构备字2024000183,filed,confirmed_against_filing_snapshot,,deferred_not_required_for_identity,0,[],False,https://beian.cfdi.org.cn/CTMDS/pub/PUB010100.do?method=handle06&curPage=16&pageSize=100,2026-09-05,"Snapshot identity only; not all aliases, trial participation or current eligibility"
cnha-cfdi-c215a6d4c0a80333614f453dbc94db10,北大荒集团红兴隆医院,药临床机构备字2023000083,filed,confirmed_against_filing_snapshot,,deferred_not_required_for_identity,0,[],False,https://beian.cfdi.org.cn/CTMDS/pub/PUB010100.do?method=handle06&curPage=14&pageSize=100,2026-09-05,"Snapshot identity only; not all aliases, trial participation or current eligibility"
cnha-cfdi-c254ad8ac0a803335bbeb01d7ebf0d67,北京市仁和医院,药临床机构备字2025000250,filed,confirmed_against_filing_snapshot,,deferred_not_required_for_identity,0,[],False,https://beian.cfdi.org.cn/CTMDS/pub/PUB010100.do?method=handle06&curPage=19&pageSize=100,2026-09-05,"Snapshot identity only; not all aliases, trial participation or current eligibility"
cnha-cfdi-c3a8da95c0a80333466de7537619b84a,福州市第一总医院皮肤病防治院（福州市皮肤病防治院、福州市性病防治中心）,药临床机构备字2026000047,filed,confirmed_against_filing_snapshot,,deferred_not_required_for_identity,0,[],False,https://beian.cfdi.org.cn/CTMDS/pub/PUB010100.do?method=handle06&curPage=20&pageSize=100,2026-09-05,"Snapshot identity only; not all aliases, trial participation or current eligibility"
cnha-cfdi-c43ed645c0a8033338da6321fa249e87,象山县第一人民医院医疗健康集团(宁波市第四医院),药临床机构备字2024000140,filed,confirmed_against_filing_snapshot,,deferred_not_required_for_identity,2,[],False,https://beian.cfdi.org.cn/CTMDS/pub/PUB010100.do?method=handle06&curPage=16&pageSize=100,2026-09-05,"Snapshot identity only; not all aliases, trial participation or current eligibility"
cnha-cfdi-c4400226c0a803334207b51a10dc7d56,大连市旅顺口区中医医院（大连蛇岛医院）,药临床机构备字2023000107,filed,confirmed_against_filing_snapshot,,deferred_not_required_for_identity,2,[],False,https://beian.cfdi.org.cn/CTMDS/pub/PUB010100.do?method=handle06&curPage=14&pageSize=100,2026-09-05,"Snapshot identity only; not all aliases, trial participation or current eligibility"
cnha-cfdi-c4692cacc0a80333500b562e1d0df3ed,北华大学附属医院,药临床机构备字2020000433,filed,confirmed_against_filing_snapshot,,deferred_not_required_for_identity,0,[],False,https://beian.cfdi.org.cn/CTMDS/pub/PUB010100.do?method=handle06&curPage=5&pageSize=100,2026-09-05,"Snapshot identity only; not all aliases, trial participation or current eligibility"
cnha-cfdi-c46c1f54c0a803336974782a71959d70,钦州市第二人民医院,药临床机构备字2024000041,filed,confirmed_against_filing_snapshot,,deferred_not_required_for_identity,0,[],False,https://beian.cfdi.org.cn/CTMDS/pub/PUB010100.do?method=handle06&curPage=15&pageSize=100,2026-09-05,"Snapshot identity only; not all aliases, trial participation or current eligibility"
cnha-cfdi-c475b90cc0a803333ee8f1989967ef89,阳泉市第一人民医院,药临床机构备字2024000160,filed,confirmed_against_filing_snapshot,,deferred_not_required_for_identity,0,[],False,https://beian.cfdi.org.cn/CTMDS/pub/PUB010100.do?method=handle06&curPage=16&pageSize=100,2026-09-05,"Snapshot identity only; not all aliases, trial participation or current eligibility"
cnha-cfdi-c489258ac0a80333463e0b89ff82139d,成都市郫都区中医医院,药临床机构备字2021000100,filed,confirmed_against_filing_snapshot,,deferred_not_required_for_identity,0,[],False,https://beian.cfdi.org.cn/CTMDS/pub/PUB010100.do?method=handle06&curPage=11&pageSize=100,2026-09-05,"Snapshot identity only; not all aliases, trial participation or current eligibility"
cnha-cfdi-c48b979ec0a803332ea1a2e449cd2d15,重庆市黔江中心医院,药临床机构备字2024000107,filed,confirmed_against_filing_snapshot,,deferred_not_required_for_identity,0,[],False,https://beian.cfdi.org.cn/CTMDS/pub/PUB010100.do?method=handle06&curPage=16&pageSize=100,2026-09-05,"Snapshot identity only; not all aliases, trial participation or current eligibility"
cnha-cfdi-c490a270c0a8033324cae15cecbdb0bc,呼和浩特市第一医院,药临床机构备字2025000244,filed,confirmed_against_filing_snapshot,,deferred_not_required_for_identity,0,[],False,https://beian.cfdi.org.cn/CTMDS/pub/PUB010100.do?method=handle06&curPage=19&pageSize=100,2026-09-05,"Snapshot identity only; not all aliases, trial participation or current eligibility"
cnha-cfdi-c4c79802c0a803330582fff85c6c3c32,北京市疾病预防控制中心,药临床机构备字2025000035,filed,confirmed_against_filing_snapshot,,deferred_not_required_for_identity,0,[],False,https://beian.cfdi.org.cn/CTMDS/pub/PUB010100.do?method=handle06&curPage=17&pageSize=100,2026-09-05,"Snapshot identity only; not all aliases, trial participation or current eligibility"
cnha-cfdi-c4d18f2fc0a803335804302e7749b87e,宁德市闽东医院,药临床机构备字2025000195,filed,confirmed_against_filing_snapshot,,deferred_not_required_for_identity,0,[],False,https://beian.cfdi.org.cn/CTMDS/pub/PUB010100.do?method=handle06&curPage=19&pageSize=100,2026-09-05,"Snapshot identity only; not all aliases, trial participation or current eligibility"
cnha-cfdi-c4f4a4bac0a8033334ed01a42cad4101,湖南妇女儿童医院,药临床机构备字2023000110,filed,confirmed_against_filing_snapshot,,deferred_not_required_for_identity,0,[],False,https://beian.cfdi.org.cn/CTMDS/pub/PUB010100.do?method=handle06&curPage=14&pageSize=100,2026-09-05,"Snapshot identity only; not all aliases, trial participation or current eligibility"
cnha-cfdi-c54bca2bc0a8033345d4151f9dc43748,南京高新医院,药临床机构备字2020000168,filed,confirmed_against_filing_snapshot,,deferred_not_required_for_identity,0,[],False,https://beian.cfdi.org.cn/CTMDS/pub/PUB010100.do?method=handle06&curPage=3&pageSize=100,2026-09-05,"Snapshot identity only; not all aliases, trial participation or current eligibility"
cnha-cfdi-c5606ae5c0a80333747962d788fb303b,淮安市第二人民医院,药临床机构备字2020000566,filed,confirmed_against_filing_snapshot,,deferred_not_required_for_identity,0,"[{""hospital_id"": ""cnha-cfdi-c5606ae5c0a80333747962d788fb303b"", ""official_name"": ""淮安市第二人民医院"", ""candidate_alias"": ""Huai'an Mercy Hospital"", ""source_url"": ""https://ror.org/02sqxcg48"", ""status"": ""review_required"", ""reason"": ""Reference-only name; not approved for resolution""}, {""hospital_id"": ""cnha-cfdi-c5606ae5c0a80333747962d788fb303b"", ""official_name"": ""淮安市第二人民医院"", ""candidate_alias"": ""Second People’s Hospital of Huai’an"", ""source_url"": ""https://ror.org/02sqxcg48"", ""status"": ""review_required"", ""reason"": ""Reference-only name; not approved for resolution""}]",False,https://beian.cfdi.org.cn/CTMDS/pub/PUB010100.do?method=handle06&curPage=7&pageSize=100,2026-09-05,"Snapshot identity only; not all aliases, trial participation or current eligibility"
cnha-cfdi-c562890ec0a803330ae831b8a33659dc,通化市中医院,药临床机构备字2024000098,filed,confirmed_against_filing_snapshot,,deferred_not_required_for_identity,0,[],False,https://beian.cfdi.org.cn/CTMDS/pub/PUB010100.do?method=handle06&curPage=16&pageSize=100,2026-09-05,"Snapshot identity only; not all aliases, trial participation or current eligibility"
cnha-cfdi-c5671870c0a803334c621286a5309c96,武汉艾格眼科医院,药临床机构备字2022000163,filed,confirmed_against_filing_snapshot,,deferred_not_required_for_identity,0,[],False,https://beian.cfdi.org.cn/CTMDS/pub/PUB010100.do?method=handle06&curPage=13&pageSize=100,2026-09-05,"Snapshot identity only; not all aliases, trial participation or current eligibility"
cnha-cfdi-c590206ec0a803337c47c57ac758b88b,中国人民解放军联勤保障部队第九四二医院,药临床机构备字2025000234,filed,confirmed_against_filing_snapshot,,deferred_not_required_for_identity,0,[],False,https://beian.cfdi.org.cn/CTMDS/pub/PUB010100.do?method=handle06&curPage=19&pageSize=100,2026-09-05,"Snapshot identity only; not all aliases, trial participation or current eligibility"
cnha-cfdi-c59582abc0a803336f4a76c71bd32a39,内蒙古朝聚眼科医院,药临床机构备字2026000162,filed,confirmed_against_filing_snapshot,,deferred_not_required_for_identity,0,[],False,https://beian.cfdi.org.cn/CTMDS/pub/PUB010100.do?method=handle06&curPage=21&pageSize=100,2026-09-05,"Snapshot identity only; not all aliases, trial participation or current eligibility"
cnha-cfdi-c59865fbc0a8033357f5ad827184fd2d,天津市天津医院,药临床机构备字2020000468,filed,confirmed_against_filing_snapshot,,deferred_not_required_for_identity,0,"[{""hospital_id"": ""cnha-cfdi-c59865fbc0a8033357f5ad827184fd2d"", ""official_name"": ""天津市天津医院"", ""candidate_alias"": ""Tianjin Hospital"", ""source_url"": ""https://ror.org/04j9yn198"", ""status"": ""review_required"", ""reason"": ""Reference-only name; not approved for resolution""}, {""hospital_id"": ""cnha-cfdi-c59865fbc0a8033357f5ad827184fd2d"", ""official_name"": ""天津市天津医院"", ""candidate_alias"": ""Tianjin Orthopaedic Hospital"", ""source_url"": ""https://ror.org/04j9yn198"", ""status"": ""review_required"", ""reason"": ""Reference-only name; not approved for resolution""}]",False,https://beian.cfdi.org.cn/CTMDS/pub/PUB010100.do?method=handle06&curPage=6&pageSize=100,2026-09-05,"Snapshot identity only; not all aliases, trial participation or current eligibility"
cnha-cfdi-c59a75d5c0a803334456fa95f9ef39d0,昆明市妇幼保健院,药临床机构备字2022000043,filed,confirmed_against_filing_snapshot,,deferred_not_required_for_identity,0,[],False,https://beian.cfdi.org.cn/CTMDS/pub/PUB010100.do?method=handle06&curPage=12&pageSize=100,2026-09-05,"Snapshot identity only; not all aliases, trial participation or current eligibility"
cnha-cfdi-c5afa417c0a803334914728bc5ca1dd9,江西省信丰县人民医院,药临床机构备字2023000108,filed,confirmed_against_filing_snapshot,,deferred_not_required_for_identity,0,[],False,https://beian.cfdi.org.cn/CTMDS/pub/PUB010100.do?method=handle06&curPage=14&pageSize=100,2026-09-05,"Snapshot identity only; not all aliases, trial participation or current eligibility"
cnha-cfdi-c5bf953ec0a80333688e071bba58190f,重庆市急救医疗中心（重庆市第四人民医院）,药临床机构备字2020000467,filed,confirmed_against_filing_snapshot,,deferred_not_required_for_identity,0,[],False,https://beian.cfdi.org.cn/CTMDS/pub/PUB010100.do?method=handle06&curPage=6&pageSize=100,2026-09-05,"Snapshot identity only; not all aliases, trial participation or current eligibility"
cnha-cfdi-c5c28027c0a803337690dd4e823b0ad5,德清县人民医院,药临床机构备字2025000129,filed,confirmed_against_filing_snapshot,,deferred_not_required_for_identity,0,[],False,https://beian.cfdi.org.cn/CTMDS/pub/PUB010100.do?method=handle06&curPage=18&pageSize=100,2026-09-05,"Snapshot identity only; not all aliases, trial participation or current eligibility"
cnha-cfdi-c5cc5d32c0a803335409463aa57c8584,镇江市中西医结合医院,药临床机构备字2023000215,filed,confirmed_against_filing_snapshot,,deferred_not_required_for_identity,0,[],False,https://beian.cfdi.org.cn/CTMDS/pub/PUB010100.do?method=handle06&curPage=15&pageSize=100,2026-09-05,"Snapshot identity only; not all aliases, trial participation or current eligibility"
cnha-cfdi-c5cce4b1c0a803335033af7c44be0ffa,昆山市第一人民医院,药临床机构备字2020000549,filed,confirmed_against_filing_snapshot,,deferred_not_required_for_identity,0,"[{""hospital_id"": ""cnha-cfdi-c5cce4b1c0a803335033af7c44be0ffa"", ""official_name"": ""昆山市第一人民医院"", ""candidate_alias"": ""First People's Hospital of Kunshan"", ""source_url"": ""https://ror.org/01kzsq416"", ""status"": ""review_required"", ""reason"": ""Reference-only name; not approved for resolution""}, {""hospital_id"": ""cnha-cfdi-c5cce4b1c0a803335033af7c44be0ffa"", ""official_name"": ""昆山市第一人民医院"", ""candidate_alias"": ""Jiangsu University Affiliated Hospital of Kunshan"", ""source_url"": ""https://ror.org/01kzsq416"", ""status"": ""review_required"", ""reason"": ""Reference-only name; not approved for resolution""}]",False,https://beian.cfdi.org.cn/CTMDS/pub/PUB010100.do?method=handle06&curPage=6&pageSize=100,2026-09-05,"Snapshot identity only; not all aliases, trial participation or current eligibility"
cnha-cfdi-c5d26c31c0a803336617f6879a6343e5,徐州市儿童医院,药临床机构备字2020000692,filed,confirmed_against_filing_snapshot,,deferred_not_required_for_identity,0,[],False,https://beian.cfdi.org.cn/CTMDS/pub/PUB010100.do?method=handle06&curPage=8&pageSize=100,2026-09-05,"Snapshot identity only; not all aliases, trial participation or current eligibility"
cnha-cfdi-c5ddeb78c0a803332ecae97a2084cd34,仪征市人民医院(仪征市卫生进修学校),药临床机构备字2025000085,filed,confirmed_against_filing_snapshot,,deferred_not_required_for_identity,0,[],False,https://beian.cfdi.org.cn/CTMDS/pub/PUB010100.do?method=handle06&curPage=18&pageSize=100,2026-09-05,"Snapshot identity only; not all aliases, trial participation or current eligibility"
cnha-cfdi-c5e588fac0a803330f9946e880a3b1a7,金湖县人民医院,药临床机构备字2023000233,filed,confirmed_against_filing_snapshot,,deferred_not_required_for_identity,0,[],False,https://beian.cfdi.org.cn/CTMDS/pub/PUB010100.do?method=handle06&curPage=15&pageSize=100,2026-09-05,"Snapshot identity only; not all aliases, trial participation or current eligibility"
cnha-cfdi-c5ef0cd9c0a803331822dec7ca4a67c0,三明市中西医结合医院,药临床机构备字2025000050,filed,confirmed_against_filing_snapshot,,deferred_not_required_for_identity,0,[],False,https://beian.cfdi.org.cn/CTMDS/pub/PUB010100.do?method=handle06&curPage=17&pageSize=100,2026-09-05,"Snapshot identity only; not all aliases, trial participation or current eligibility"
cnha-cfdi-c6091702c0a803332c0a3d2b9bf52a3a,河北省第七人民医院,药临床机构备字2025000086,filed,confirmed_against_filing_snapshot,,deferred_not_required_for_identity,0,[],False,https://beian.cfdi.org.cn/CTMDS/pub/PUB010100.do?method=handle06&curPage=18&pageSize=100,2026-09-05,"Snapshot identity only; not all aliases, trial participation or current eligibility"
cnha-cfdi-c64ad1f2c0a80333346dbb4f2314c65b,柳州市柳铁中心医院,药临床机构备字2022000128,filed,confirmed_against_filing_snapshot,,deferred_not_required_for_identity,0,[],False,https://beian.cfdi.org.cn/CTMDS/pub/PUB010100.do?method=handle06&curPage=13&pageSize=100,2026-09-05,"Snapshot identity only; not all aliases, trial participation or current eligibility"
cnha-cfdi-c66a7dfcc0a803333baef64bac0327b7,宜宾市第二人民医院,药临床机构备字2020000643,filed,confirmed_against_filing_snapshot,,deferred_not_required_for_identity,0,[],False,https://beian.cfdi.org.cn/CTMDS/pub/PUB010100.do?method=handle06&curPage=7&pageSize=100,2026-09-05,"Snapshot identity only; not all aliases, trial participation or current eligibility"
cnha-cfdi-c67a9a6ac0a80333722fe5ca5230e903,天津医科大学朱宪彝纪念医院(天津医科大学代谢病医院、天津代谢病防治中心),药临床机构备字2020000536,filed,confirmed_against_filing_snapshot,,deferred_not_required_for_identity,2,"[{""hospital_id"": ""cnha-cfdi-c67a9a6ac0a80333722fe5ca5230e903"", ""official_name"": ""天津医科大学朱宪彝纪念医院(天津医科大学代谢病医院、天津代谢病防治中心)"", ""candidate_alias"": ""天津代谢病防治中心"", ""source_url"": ""https://beian.cfdi.org.cn/CTMDS/pub/PUB010100.do?method=handle06&curPage=6&pageSize=100"", ""status"": ""review_required"", ""reason"": ""Reference-only name; not approved for resolution""}]",False,https://beian.cfdi.org.cn/CTMDS/pub/PUB010100.do?method=handle06&curPage=6&pageSize=100,2026-09-05,"Snapshot identity only; not all aliases, trial participation or current eligibility"
cnha-cfdi-c68b37aac0a803337debb42ace2a681f,深圳市龙岗中心医院,药临床机构备字2022000129,filed,confirmed_against_filing_snapshot,,deferred_not_required_for_identity,0,[],False,https://beian.cfdi.org.cn/CTMDS/pub/PUB010100.do?method=handle06&curPage=13&pageSize=100,2026-09-05,"Snapshot identity only; not all aliases, trial participation or current eligibility"
cnha-cfdi-c6ad55c6c0a8033335c2e53aa595867a,山西省疾病预防控制中心（国家食品安全风险监测山西中心、山西省预防医学科学院）,药临床机构备字2019000048,filed,confirmed_against_filing_snapshot,,deferred_not_required_for_identity,0,[],False,https://beian.cfdi.org.cn/CTMDS/pub/PUB010100.do?method=handle06&curPage=1&pageSize=100,2026-09-05,"Snapshot identity only; not all aliases, trial participation or current eligibility"
cnha-cfdi-c6d36e48c0a8033326fa1694b63e8a75,深圳市第二人民医院,药临床机构备字2020000697,filed,confirmed_against_filing_snapshot,,deferred_not_required_for_identity,0,[],False,https://beian.cfdi.org.cn/CTMDS/pub/PUB010100.do?method=handle06&curPage=8&pageSize=100,2026-09-05,"Snapshot identity only; not all aliases, trial participation or current eligibility"
cnha-cfdi-c6d47d57c0a80333429c2e0c2af1ba7e,大理白族自治州精神病医院（大理白族自治州第二人民医院）,药临床机构备字2024000202,filed,confirmed_against_filing_snapshot,,deferred_not_required_for_identity,2,[],False,https://beian.cfdi.org.cn/CTMDS/pub/PUB010100.do?method=handle06&curPage=17&pageSize=100,2026-09-05,"Snapshot identity only; not all aliases, trial participation or current eligibility"
cnha-cfdi-c6e5940cc0a8033300b5620c99641633,武汉大学人民医院,药临床机构备字2019000088,filed,confirmed_against_filing_snapshot,,deferred_not_required_for_identity,0,[],False,https://beian.cfdi.org.cn/CTMDS/pub/PUB010100.do?method=handle06&curPage=1&pageSize=100,2026-09-05,"Snapshot identity only; not all aliases, trial participation or current eligibility"
cnha-cfdi-c894b6c3c0a8033347c48075481bae8c,大连大学附属新华医院,药临床机构备字2020000346,filed,confirmed_against_filing_snapshot,,deferred_not_required_for_identity,0,[],False,https://beian.cfdi.org.cn/CTMDS/pub/PUB010100.do?method=handle06&curPage=5&pageSize=100,2026-09-05,"Snapshot identity only; not all aliases, trial participation or current eligibility"
cnha-cfdi-c8a06a06c0a803336db09d52742a2df4,安徽省公共卫生临床中心（安徽省传染病医院）、安徽医科大学第一附属医院北区,药临床机构备字2020000899,filed,confirmed_against_filing_snapshot,,deferred_not_required_for_identity,0,[],False,https://beian.cfdi.org.cn/CTMDS/pub/PUB010100.do?method=handle06&curPage=10&pageSize=100,2026-09-05,"Snapshot identity only; not all aliases, trial participation or current eligibility"
cnha-cfdi-c8b3cfadc0a803330855f909e1b42602,成都市第六人民医院,药临床机构备字2020000783,filed,confirmed_against_filing_snapshot,,deferred_not_required_for_identity,0,[],False,https://beian.cfdi.org.cn/CTMDS/pub/PUB010100.do?method=handle06&curPage=8&pageSize=100,2026-09-05,"Snapshot identity only; not all aliases, trial participation or current eligibility"
cnha-cfdi-c8c09f68c0a803336acd84213d7c282d,抚顺市第四医院,药临床机构备字2025000084,filed,confirmed_against_filing_snapshot,,deferred_not_required_for_identity,0,[],False,https://beian.cfdi.org.cn/CTMDS/pub/PUB010100.do?method=handle06&curPage=18&pageSize=100,2026-09-05,"Snapshot identity only; not all aliases, trial participation or current eligibility"
cnha-cfdi-c8d3b36ac0a80333112af54dc2c9dc0f,四平市中心人民医院,药临床机构备字2020000555,filed,confirmed_against_filing_snapshot,,deferred_not_required_for_identity,0,[],False,https://beian.cfdi.org.cn/CTMDS/pub/PUB010100.do?method=handle06&curPage=6&pageSize=100,2026-09-05,"Snapshot identity only; not all aliases, trial participation or current eligibility"
cnha-cfdi-c8f61785c0a8033349cd6db608b2f81e,深圳市宝安区中心医院,药临床机构备字2024000095,filed,confirmed_against_filing_snapshot,,deferred_not_required_for_identity,0,[],False,https://beian.cfdi.org.cn/CTMDS/pub/PUB010100.do?method=handle06&curPage=16&pageSize=100,2026-09-05,"Snapshot identity only; not all aliases, trial participation or current eligibility"
cnha-cfdi-c8fbda5bc0a8033360744b3699f03fea,荆门市中心医院,药临床机构备字2023000117,filed,confirmed_against_filing_snapshot,,deferred_not_required_for_identity,0,[],False,https://beian.cfdi.org.cn/CTMDS/pub/PUB010100.do?method=handle06&curPage=14&pageSize=100,2026-09-05,"Snapshot identity only; not all aliases, trial participation or current eligibility"
cnha-cfdi-c8fd0071c0a803330e206a19720e11c1,锦州医科大学附属第一医院,药临床机构备字2020000434,filed,confirmed_against_filing_snapshot,,deferred_not_required_for_identity,0,[],False,https://beian.cfdi.org.cn/CTMDS/pub/PUB010100.do?method=handle06&curPage=5&pageSize=100,2026-09-05,"Snapshot identity only; not all aliases, trial participation or current eligibility"
cnha-cfdi-c90e7dd9c0a803330a1fbbb9057f39a8,汝州济仁糖尿病医院,药临床机构备字2026000110,filed,confirmed_against_filing_snapshot,,deferred_not_required_for_identity,0,[],False,https://beian.cfdi.org.cn/CTMDS/pub/PUB010100.do?method=handle06&curPage=20&pageSize=100,2026-09-05,"Snapshot identity only; not all aliases, trial participation or current eligibility"
cnha-cfdi-c924d3c1c0a803331833ea7b74103734,驻马店市中心医院,药临床机构备字2020000707,filed,confirmed_against_filing_snapshot,,deferred_not_required_for_identity,0,[],False,https://beian.cfdi.org.cn/CTMDS/pub/PUB010100.do?method=handle06&curPage=8&pageSize=100,2026-09-05,"Snapshot identity only; not all aliases, trial participation or current eligibility"
cnha-cfdi-c939d42fc0a803337082b9fe97c9ceef,新疆医科大学第二附属医院,药临床机构备字2020000109,filed,confirmed_against_filing_snapshot,,deferred_not_required_for_identity,0,[],False,https://beian.cfdi.org.cn/CTMDS/pub/PUB010100.do?method=handle06&curPage=2&pageSize=100,2026-09-05,"Snapshot identity only; not all aliases, trial participation or current eligibility"
cnha-cfdi-c96cb6cfc0a80333106c5822b7f9113e,新疆医科大学第一附属医院,药临床机构备字2020000068,filed,confirmed_against_filing_snapshot,,deferred_not_required_for_identity,0,"[{""hospital_id"": ""cnha-cfdi-c96cb6cfc0a80333106c5822b7f9113e"", ""official_name"": ""新疆医科大学第一附属医院"", ""candidate_alias"": ""First Affiliated Hospital of Xinjiang Medical University"", ""source_url"": ""https://ror.org/02qx1ae98"", ""status"": ""review_required"", ""reason"": ""Reference-only name; not approved for resolution""}]",False,https://beian.cfdi.org.cn/CTMDS/pub/PUB010100.do?method=handle06&curPage=2&pageSize=100,2026-09-05,"Snapshot identity only; not all aliases, trial participation or current eligibility"
cnha-cfdi-c992648cc0a803335b68281b994476ba,淮安市第五人民医院,药临床机构备字2024000151,filed,confirmed_against_filing_snapshot,,deferred_not_required_for_identity,0,[],False,https://beian.cfdi.org.cn/CTMDS/pub/PUB010100.do?method=handle06&curPage=16&pageSize=100,2026-09-05,"Snapshot identity only; not all aliases, trial participation or current eligibility"
cnha-cfdi-ca26551ec0a8033377e8fb937ee59039,桃江县人民医院,药临床机构备字2025000168,filed,confirmed_against_filing_snapshot,,deferred_not_required_for_identity,0,[],False,https://beian.cfdi.org.cn/CTMDS/pub/PUB010100.do?method=handle06&curPage=18&pageSize=100,2026-09-05,"Snapshot identity only; not all aliases, trial participation or current eligibility"
cnha-cfdi-ca2a66b6c0a803335bb315370c991d1f,北京高博医院,药临床机构备字2023000160,filed,confirmed_against_filing_snapshot,,deferred_not_required_for_identity,0,[],False,https://beian.cfdi.org.cn/CTMDS/pub/PUB010100.do?method=handle06&curPage=14&pageSize=100,2026-09-05,"Snapshot identity only; not all aliases, trial participation or current eligibility"
cnha-cfdi-ca4e258bc0a803336cfb6db6722e643f,广东祈福医院,药临床机构备字2020000164,filed,confirmed_against_filing_snapshot,,deferred_not_required_for_identity,0,[],False,https://beian.cfdi.org.cn/CTMDS/pub/PUB010100.do?method=handle06&curPage=3&pageSize=100,2026-09-05,"Snapshot identity only; not all aliases, trial participation or current eligibility"
cnha-cfdi-ca574b0fc0a803332a20a3d6c0db45fa,开滦总医院,药临床机构备字2023000290,filed,confirmed_against_filing_snapshot,,deferred_not_required_for_identity,0,[],False,https://beian.cfdi.org.cn/CTMDS/pub/PUB010100.do?method=handle06&curPage=15&pageSize=100,2026-09-05,"Snapshot identity only; not all aliases, trial participation or current eligibility"
cnha-cfdi-ca580b2bc0a803331037a23af565e552,永康市第一人民医院,药临床机构备字2023000167,filed,confirmed_against_filing_snapshot,,deferred_not_required_for_identity,0,[],False,https://beian.cfdi.org.cn/CTMDS/pub/PUB010100.do?method=handle06&curPage=14&pageSize=100,2026-09-05,"Snapshot identity only; not all aliases, trial participation or current eligibility"
cnha-cfdi-ca5b9522c0a8033335d16b72315e8248,中国医学科学院阜外医院深圳医院,药临床机构备字2021000145,filed,confirmed_against_filing_snapshot,,deferred_not_required_for_identity,0,[],False,https://beian.cfdi.org.cn/CTMDS/pub/PUB010100.do?method=handle06&curPage=11&pageSize=100,2026-09-05,"Snapshot identity only; not all aliases, trial participation or current eligibility"
cnha-cfdi-ca72d5a8c0a8033311c485454a03849e,双鸭山双矿医院,药临床机构备字2026000174,filed,confirmed_against_filing_snapshot,,deferred_not_required_for_identity,0,[],False,https://beian.cfdi.org.cn/CTMDS/pub/PUB010100.do?method=handle06&curPage=21&pageSize=100,2026-09-05,"Snapshot identity only; not all aliases, trial participation or current eligibility"
cnha-cfdi-ca72f98dc0a8033365a8e98bc07c2ade,鹤岗鹤矿医院,药临床机构备字2026000173,filed,confirmed_against_filing_snapshot,,deferred_not_required_for_identity,0,[],False,https://beian.cfdi.org.cn/CTMDS/pub/PUB010100.do?method=handle06&curPage=21&pageSize=100,2026-09-05,"Snapshot identity only; not all aliases, trial participation or current eligibility"
cnha-cfdi-ca7f6785c0a803337e2d0ee1130a6e8b,昆明市第一人民医院,药临床机构备字2020000190,filed,confirmed_against_filing_snapshot,,deferred_not_required_for_identity,0,"[{""hospital_id"": ""cnha-cfdi-ca7f6785c0a803337e2d0ee1130a6e8b"", ""official_name"": ""昆明市第一人民医院"", ""candidate_alias"": ""Kunming First People's Hospital"", ""source_url"": ""https://ror.org/01hq7pd83"", ""status"": ""review_required"", ""reason"": ""Reference-only name; not approved for resolution""}, {""hospital_id"": ""cnha-cfdi-ca7f6785c0a803337e2d0ee1130a6e8b"", ""official_name"": ""昆明市第一人民医院"", ""candidate_alias"": ""The First Hospital of Kunming"", ""source_url"": ""https://ror.org/01hq7pd83"", ""status"": ""review_required"", ""reason"": ""Reference-only name; not approved for resolution""}]",False,https://beian.cfdi.org.cn/CTMDS/pub/PUB010100.do?method=handle06&curPage=3&pageSize=100,2026-09-05,"Snapshot identity only; not all aliases, trial participation or current eligibility"
cnha-cfdi-ca844e0cc0a8033314f73f27be8f153f,梓潼县人民医院,药临床机构备字2024000002,filed,confirmed_against_filing_snapshot,,deferred_not_required_for_identity,0,[],False,https://beian.cfdi.org.cn/CTMDS/pub/PUB010100.do?method=handle06&curPage=15&pageSize=100,2026-09-05,"Snapshot identity only; not all aliases, trial participation or current eligibility"
cnha-cfdi-ca8b8845c0a8033377850c57d6f681cc,中山大学中山眼科中心,药临床机构备字2020000024,filed,confirmed_against_filing_snapshot,,deferred_not_required_for_identity,0,[],False,https://beian.cfdi.org.cn/CTMDS/pub/PUB010100.do?method=handle06&curPage=2&pageSize=100,2026-09-05,"Snapshot identity only; not all aliases, trial participation or current eligibility"
cnha-cfdi-caa78d6ac0a803333c35b92040f93fcc,眉山市人民医院（眉山市传染病医院）,药临床机构备字2021000059,filed,confirmed_against_filing_snapshot,,deferred_not_required_for_identity,2,[],False,https://beian.cfdi.org.cn/CTMDS/pub/PUB010100.do?method=handle06&curPage=11&pageSize=100,2026-09-05,"Snapshot identity only; not all aliases, trial participation or current eligibility"
cnha-cfdi-cabaa023c0a8033300c1560ebc08099a,兰州大学第二医院(第二临床医学院）,药临床机构备字2020000290,filed,confirmed_against_filing_snapshot,,deferred_not_required_for_identity,1,"[{""hospital_id"": ""cnha-cfdi-cabaa023c0a8033300c1560ebc08099a"", ""official_name"": ""兰州大学第二医院(第二临床医学院）"", ""candidate_alias"": ""第二临床医学院"", ""source_url"": ""https://beian.cfdi.org.cn/CTMDS/pub/PUB010100.do?method=handle06&curPage=4&pageSize=100"", ""status"": ""review_required"", ""reason"": ""Reference-only name; not approved for resolution""}]",False,https://beian.cfdi.org.cn/CTMDS/pub/PUB010100.do?method=handle06&curPage=4&pageSize=100,2026-09-05,"Snapshot identity only; not all aliases, trial participation or current eligibility"
cnha-cfdi-cac22465c0a803337ad57469f5d111be,运城市盐湖区人民医院(运城市盐湖区医疗集团、运城市盐湖区医疗集团人民医院),药临床机构备字2026000096,filed,confirmed_against_filing_snapshot,,deferred_not_required_for_identity,0,[],False,https://beian.cfdi.org.cn/CTMDS/pub/PUB010100.do?method=handle06&curPage=20&pageSize=100,2026-09-05,"Snapshot identity only; not all aliases, trial participation or current eligibility"
cnha-cfdi-cac245e9c0a80333661ce99773e9b741,首都医科大学附属北京佑安医院,药临床机构备字2019000001,filed,confirmed_against_filing_snapshot,,deferred_not_required_for_identity,0,"[{""hospital_id"": ""cnha-cfdi-cac245e9c0a80333661ce99773e9b741"", ""official_name"": ""首都医科大学附属北京佑安医院"", ""candidate_alias"": ""Beijing YouAn Hospital"", ""source_url"": ""https://ror.org/04etaja30"", ""status"": ""review_required"", ""reason"": ""Reference-only name; not approved for resolution""}, {""hospital_id"": ""cnha-cfdi-cac245e9c0a80333661ce99773e9b741"", ""official_name"": ""首都医科大学附属北京佑安医院"", ""candidate_alias"": ""Youan Hospital of Beijing"", ""source_url"": ""https://ror.org/04etaja30"", ""status"": ""review_required"", ""reason"": ""Reference-only name; not approved for resolution""}, {""hospital_id"": ""cnha-cfdi-cac245e9c0a80333661ce99773e9b741"", ""official_name"": ""首都医科大学附属北京佑安医院"", ""candidate_alias"": ""北京佑安医院"", ""source_url"": ""https://ror.org/04etaja30"", ""status"": ""review_required"", ""reason"": ""Reference-only name; not approved for resolution""}]",False,https://beian.cfdi.org.cn/CTMDS/pub/PUB010100.do?method=handle06&curPage=1&pageSize=100,2026-09-05,"Snapshot identity only; not all aliases, trial participation or current eligibility"
cnha-cfdi-cad00a88c0a803335db9a19290f78697,广西医科大学附属武鸣医院,药临床机构备字2020000915,filed,confirmed_against_filing_snapshot,,deferred_not_required_for_identity,0,[],False,https://beian.cfdi.org.cn/CTMDS/pub/PUB010100.do?method=handle06&curPage=10&pageSize=100,2026-09-05,"Snapshot identity only; not all aliases, trial participation or current eligibility"
cnha-cfdi-cad85992c0a8033321d15eab57442454,广西国际壮医医院,药临床机构备字2022000070,filed,confirmed_against_filing_snapshot,,deferred_not_required_for_identity,0,[],False,https://beian.cfdi.org.cn/CTMDS/pub/PUB010100.do?method=handle06&curPage=12&pageSize=100,2026-09-05,"Snapshot identity only; not all aliases, trial participation or current eligibility"
cnha-cfdi-cb559381c0a803337e76379f3deb71fd,宁波大学附属妇女儿童医院,药临床机构备字2020000120,filed,confirmed_against_filing_snapshot,,deferred_not_required_for_identity,0,[],False,https://beian.cfdi.org.cn/CTMDS/pub/PUB010100.do?method=handle06&curPage=2&pageSize=100,2026-09-05,"Snapshot identity only; not all aliases, trial participation or current eligibility"
cnha-cfdi-cb757211c0a803333d828bcf39aa0fbb,淄博市第一医院,药临床机构备字2020000965,filed,confirmed_against_filing_snapshot,,deferred_not_required_for_identity,0,[],False,https://beian.cfdi.org.cn/CTMDS/pub/PUB010100.do?method=handle06&curPage=10&pageSize=100,2026-09-05,"Snapshot identity only; not all aliases, trial participation or current eligibility"
cnha-cfdi-cb7eef02c0a8033372362db264a58311,河南省人民医院,药临床机构备字2020000124,filed,confirmed_against_filing_snapshot,Henan Provincial People's Hospital,source_reviewed,1,[],False,https://beian.cfdi.org.cn/CTMDS/pub/PUB010100.do?method=handle06&curPage=2&pageSize=100,2026-09-05,"Snapshot identity only; not all aliases, trial participation or current eligibility"
cnha-cfdi-cb93f1a9c0a803334dd75efe5095a0fa,贵州省疾病预防控制中心,药临床机构备字2020000185,filed,confirmed_against_filing_snapshot,,deferred_not_required_for_identity,0,[],False,https://beian.cfdi.org.cn/CTMDS/pub/PUB010100.do?method=handle06&curPage=3&pageSize=100,2026-09-05,"Snapshot identity only; not all aliases, trial participation or current eligibility"
cnha-cfdi-cb9f1612c0a80333615fda648f62b8ae,南皮县人民医院(沧州市第四医院）,药临床机构备字2024000237,filed,confirmed_against_filing_snapshot,,deferred_not_required_for_identity,2,[],False,https://beian.cfdi.org.cn/CTMDS/pub/PUB010100.do?method=handle06&curPage=17&pageSize=100,2026-09-05,"Snapshot identity only; not all aliases, trial participation or current eligibility"
cnha-cfdi-cbc979f3c0a80333555488069789e180,海南医科大学第二附属医院,药临床机构备字2020000310,filed,confirmed_against_filing_snapshot,,deferred_not_required_for_identity,0,[],False,https://beian.cfdi.org.cn/CTMDS/pub/PUB010100.do?method=handle06&curPage=4&pageSize=100,2026-09-05,"Snapshot identity only; not all aliases, trial participation or current eligibility"
cnha-cfdi-cbe52c70c0a8033341f21f22c171d5be,陕西省疾病预防控制中心（陕西省预防医学研究所）免疫规划所（疫苗临床评价中心）,药临床机构备字2020000128,filed,confirmed_against_filing_snapshot,,deferred_not_required_for_identity,0,[],False,https://beian.cfdi.org.cn/CTMDS/pub/PUB010100.do?method=handle06&curPage=3&pageSize=100,2026-09-05,"Snapshot identity only; not all aliases, trial participation or current eligibility"
cnha-cfdi-cbeef722c0a803330b69b896f475cab1,贵州省第三人民医院,药临床机构备字2025000164,filed,confirmed_against_filing_snapshot,,deferred_not_required_for_identity,0,[],False,https://beian.cfdi.org.cn/CTMDS/pub/PUB010100.do?method=handle06&curPage=18&pageSize=100,2026-09-05,"Snapshot identity only; not all aliases, trial participation or current eligibility"
cnha-cfdi-cc3affe0c0a8033309903f3601787177,常州市妇幼保健院,药临床机构备字2025000156,filed,confirmed_against_filing_snapshot,,deferred_not_required_for_identity,0,[],False,https://beian.cfdi.org.cn/CTMDS/pub/PUB010100.do?method=handle06&curPage=18&pageSize=100,2026-09-05,"Snapshot identity only; not all aliases, trial participation or current eligibility"
cnha-cfdi-cc851dfdc0a803335b89aa1946a2130a,驻马店市第二人民医院（驻马店市精神病医院）,药临床机构备字2020000258,filed,confirmed_against_filing_snapshot,,deferred_not_required_for_identity,2,[],False,https://beian.cfdi.org.cn/CTMDS/pub/PUB010100.do?method=handle06&curPage=4&pageSize=100,2026-09-05,"Snapshot identity only; not all aliases, trial participation or current eligibility"
cnha-cfdi-cc8d660ec0a803337ab947cacadb43c6,无锡市第八人民医院,药临床机构备字2020000713,filed,confirmed_against_filing_snapshot,,deferred_not_required_for_identity,0,[],False,https://beian.cfdi.org.cn/CTMDS/pub/PUB010100.do?method=handle06&curPage=8&pageSize=100,2026-09-05,"Snapshot identity only; not all aliases, trial participation or current eligibility"
cnha-cfdi-cd4aac46c0a80333611ad5ee22b94926,广西壮族自治区疾病预防控制中心,药临床机构备字2019000084,filed,confirmed_against_filing_snapshot,,deferred_not_required_for_identity,0,[],False,https://beian.cfdi.org.cn/CTMDS/pub/PUB010100.do?method=handle06&curPage=1&pageSize=100,2026-09-05,"Snapshot identity only; not all aliases, trial participation or current eligibility"
cnha-cfdi-cd8cd18fc0a803332fb6f5c229d2c8d6,首都医科大学附属北京胸科医院,药临床机构备字2020000642,filed,confirmed_against_filing_snapshot,,deferred_not_required_for_identity,0,[],False,https://beian.cfdi.org.cn/CTMDS/pub/PUB010100.do?method=handle06&curPage=7&pageSize=100,2026-09-05,"Snapshot identity only; not all aliases, trial participation or current eligibility"
cnha-cfdi-cd90057dc0a80333625d7b875703b06d,东台市人民医院  东台市人民医院互联网医院,药临床机构备字2022000156,filed,confirmed_against_filing_snapshot,,deferred_not_required_for_identity,0,[],False,https://beian.cfdi.org.cn/CTMDS/pub/PUB010100.do?method=handle06&curPage=13&pageSize=100,2026-09-05,"Snapshot identity only; not all aliases, trial participation or current eligibility"
cnha-cfdi-cdba6313c0a803336e68fc4f95e0b78a,中国人民武装警察部队特色医学中心,药临床机构备字2022000019,filed,confirmed_against_filing_snapshot,,deferred_not_required_for_identity,0,[],False,https://beian.cfdi.org.cn/CTMDS/pub/PUB010100.do?method=handle06&curPage=12&pageSize=100,2026-09-05,"Snapshot identity only; not all aliases, trial participation or current eligibility"
cnha-cfdi-ce2163f1c0a803334f5903b8630de77f,安徽省第二人民医院（安徽医学高等专科学校附属医院、安徽省职业病防治院）,药临床机构备字2021000104,filed,confirmed_against_filing_snapshot,,deferred_not_required_for_identity,0,[],False,https://beian.cfdi.org.cn/CTMDS/pub/PUB010100.do?method=handle06&curPage=11&pageSize=100,2026-09-05,"Snapshot identity only; not all aliases, trial participation or current eligibility"
cnha-cfdi-ce31e144c0a80333282cefdbb22c05f6,德州市立医院,药临床机构备字2026000022,filed,confirmed_against_filing_snapshot,,deferred_not_required_for_identity,0,[],False,https://beian.cfdi.org.cn/CTMDS/pub/PUB010100.do?method=handle06&curPage=19&pageSize=100,2026-09-05,"Snapshot identity only; not all aliases, trial participation or current eligibility"
cnha-cfdi-ce4a02bcc0a80333682f2c928479d2bc,上海交通大学医学院附属瑞金医院海南医院,药临床机构备字2022000167,filed,confirmed_against_filing_snapshot,,deferred_not_required_for_identity,0,[],False,https://beian.cfdi.org.cn/CTMDS/pub/PUB010100.do?method=handle06&curPage=13&pageSize=100,2026-09-05,"Snapshot identity only; not all aliases, trial participation or current eligibility"
cnha-cfdi-ce4c3d80c0a8033311b6478626ee6dc7,石嘴山市第二人民医院,药临床机构备字2025000092,filed,confirmed_against_filing_snapshot,,deferred_not_required_for_identity,0,[],False,https://beian.cfdi.org.cn/CTMDS/pub/PUB010100.do?method=handle06&curPage=18&pageSize=100,2026-09-05,"Snapshot identity only; not all aliases, trial participation or current eligibility"
cnha-cfdi-ce62bcddc0a80333365ab50404d8756c,鹤壁市人民医院,药临床机构备字2021000005,filed,confirmed_against_filing_snapshot,,deferred_not_required_for_identity,0,[],False,https://beian.cfdi.org.cn/CTMDS/pub/PUB010100.do?method=handle06&curPage=10&pageSize=100,2026-09-05,"Snapshot identity only; not all aliases, trial participation or current eligibility"
cnha-cfdi-ce825239c0a80333050e076a5993cb1e,深圳市儿童医院,药临床机构备字2020000410,filed,confirmed_against_filing_snapshot,,deferred_not_required_for_identity,0,"[{""hospital_id"": ""cnha-cfdi-ce825239c0a80333050e076a5993cb1e"", ""official_name"": ""深圳市儿童医院"", ""candidate_alias"": ""Shenzhen Children's Hospital"", ""source_url"": ""https://ror.org/0409k5a27"", ""status"": ""review_required"", ""reason"": ""Reference-only name; not approved for resolution""}]",False,https://beian.cfdi.org.cn/CTMDS/pub/PUB010100.do?method=handle06&curPage=5&pageSize=100,2026-09-05,"Snapshot identity only; not all aliases, trial participation or current eligibility"
cnha-cfdi-cf30aa89c0a803331db27483b98e35a2,绍兴大学附属医院,药临床机构备字2021000169,filed,confirmed_against_filing_snapshot,,deferred_not_required_for_identity,0,[],False,https://beian.cfdi.org.cn/CTMDS/pub/PUB010100.do?method=handle06&curPage=11&pageSize=100,2026-09-05,"Snapshot identity only; not all aliases, trial participation or current eligibility"
cnha-cfdi-cf53d4c6c0a80333279518d25893a2f2,吉林大学第一医院梅河医院（梅河口市中心医院）,药临床机构备字2020000377,filed,confirmed_against_filing_snapshot,,deferred_not_required_for_identity,2,[],False,https://beian.cfdi.org.cn/CTMDS/pub/PUB010100.do?method=handle06&curPage=5&pageSize=100,2026-09-05,"Snapshot identity only; not all aliases, trial participation or current eligibility"
cnha-cfdi-cf545bf2c0a803333c528316ca8ddf9c,南昌大学附属眼科医院,药临床机构备字2020000118,filed,confirmed_against_filing_snapshot,,deferred_not_required_for_identity,0,[],False,https://beian.cfdi.org.cn/CTMDS/pub/PUB010100.do?method=handle06&curPage=2&pageSize=100,2026-09-05,"Snapshot identity only; not all aliases, trial participation or current eligibility"
cnha-cfdi-cf62400cc0a8033342d992903809dafe,湖南省妇幼保健院,药临床机构备字2020000226,filed,confirmed_against_filing_snapshot,,deferred_not_required_for_identity,0,"[{""hospital_id"": ""cnha-cfdi-cf62400cc0a8033342d992903809dafe"", ""official_name"": ""湖南省妇幼保健院"", ""candidate_alias"": ""Hunan Provincial Maternal and Child Health Hospital"", ""source_url"": ""https://ror.org/05szwcv45"", ""status"": ""review_required"", ""reason"": ""Reference-only name; not approved for resolution""}]",False,https://beian.cfdi.org.cn/CTMDS/pub/PUB010100.do?method=handle06&curPage=3&pageSize=100,2026-09-05,"Snapshot identity only; not all aliases, trial participation or current eligibility"
cnha-cfdi-cf6c6ed0c0a8033343e3a9b90d6ecd58,青岛市黄岛区中医医院,药临床机构备字2026000105,filed,confirmed_against_filing_snapshot,,deferred_not_required_for_identity,0,[],False,https://beian.cfdi.org.cn/CTMDS/pub/PUB010100.do?method=handle06&curPage=20&pageSize=100,2026-09-05,"Snapshot identity only; not all aliases, trial participation or current eligibility"
cnha-cfdi-cf7b0917c0a803337aa4c6ba6104bb18,广东省人民医院赣州医院（赣州市立医院）,药临床机构备字2020000503,filed,confirmed_against_filing_snapshot,,deferred_not_required_for_identity,2,[],False,https://beian.cfdi.org.cn/CTMDS/pub/PUB010100.do?method=handle06&curPage=6&pageSize=100,2026-09-05,"Snapshot identity only; not all aliases, trial participation or current eligibility"
cnha-cfdi-cf7fafe0c0a803337c221769696693dc,中山大学孙逸仙纪念医院,药临床机构备字2020000516,filed,confirmed_against_filing_snapshot,"Sun Yat-sen Memorial Hospital, Sun Yat-sen University",source_reviewed,1,"[{""hospital_id"": ""cnha-cfdi-cf7fafe0c0a803337c221769696693dc"", ""official_name"": ""中山大学孙逸仙纪念医院"", ""candidate_alias"": ""Second Affiliated Hospital of Sun Yat-sen"", ""source_url"": ""https://ror.org/01px77p81"", ""status"": ""review_required"", ""reason"": ""Reference-only name; not approved for resolution""}, {""hospital_id"": ""cnha-cfdi-cf7fafe0c0a803337c221769696693dc"", ""official_name"": ""中山大学孙逸仙纪念医院"", ""candidate_alias"": ""Sun Yat-sen Memorial Hospital"", ""source_url"": ""https://ror.org/01px77p81"", ""status"": ""review_required"", ""reason"": ""Reference-only name; not approved for resolution""}]",False,https://beian.cfdi.org.cn/CTMDS/pub/PUB010100.do?method=handle06&curPage=6&pageSize=100,2026-09-05,"Snapshot identity only; not all aliases, trial participation or current eligibility"
cnha-cfdi-cf878137c0a803332b7c112f72227f42,上海市老年医学中心,药临床机构备字2025000079,filed,confirmed_against_filing_snapshot,,deferred_not_required_for_identity,0,[],False,https://beian.cfdi.org.cn/CTMDS/pub/PUB010100.do?method=handle06&curPage=18&pageSize=100,2026-09-05,"Snapshot identity only; not all aliases, trial participation or current eligibility"
cnha-cfdi-cf913b3cc0a8033334fc3740018c1749,首都医科大学三博脑科医院,药临床机构备字2020000275,filed,confirmed_against_filing_snapshot,,deferred_not_required_for_identity,0,[],False,https://beian.cfdi.org.cn/CTMDS/pub/PUB010100.do?method=handle06&curPage=4&pageSize=100,2026-09-05,"Snapshot identity only; not all aliases, trial participation or current eligibility"
cnha-cfdi-cf92bf49c0a80333409117c0a72d4336,金华市人民医院,药临床机构备字2020000846,filed,confirmed_against_filing_snapshot,,deferred_not_required_for_identity,0,[],False,https://beian.cfdi.org.cn/CTMDS/pub/PUB010100.do?method=handle06&curPage=9&pageSize=100,2026-09-05,"Snapshot identity only; not all aliases, trial participation or current eligibility"
cnha-cfdi-cf93d002c0a803334423fb7191f3ecd9,武汉科技大学附属天佑医院,药临床机构备字2021000146,filed,confirmed_against_filing_snapshot,,deferred_not_required_for_identity,0,[],False,https://beian.cfdi.org.cn/CTMDS/pub/PUB010100.do?method=handle06&curPage=11&pageSize=100,2026-09-05,"Snapshot identity only; not all aliases, trial participation or current eligibility"
cnha-cfdi-cf980789c0a80333353c3c5ad9cda875,南华大学附属第一医院,药临床机构备字2020000387,filed,confirmed_against_filing_snapshot,,deferred_not_required_for_identity,0,[],False,https://beian.cfdi.org.cn/CTMDS/pub/PUB010100.do?method=handle06&curPage=5&pageSize=100,2026-09-05,"Snapshot identity only; not all aliases, trial participation or current eligibility"
cnha-cfdi-cfc802dec0a8033313d5dc27edc11890,上海市养志康复医院（上海市阳光康复中心）,药临床机构备字2023000113,filed,confirmed_against_filing_snapshot,,deferred_not_required_for_identity,0,[],False,https://beian.cfdi.org.cn/CTMDS/pub/PUB010100.do?method=handle06&curPage=14&pageSize=100,2026-09-05,"Snapshot identity only; not all aliases, trial participation or current eligibility"
cnha-cfdi-cfc87cfdc0a8033370f2b59ea8bf5206,华中科技大学同济医学院附属协和医院,药临床机构备字2019000009,filed,confirmed_against_filing_snapshot,"Union Hospital, Tongji Medical College, Huazhong University of Science and Technology",source_reviewed,3,"[{""hospital_id"": ""cnha-cfdi-cfc87cfdc0a8033370f2b59ea8bf5206"", ""official_name"": ""华中科技大学同济医学院附属协和医院"", ""candidate_alias"": ""Hankow Renji Hospital"", ""source_url"": ""https://ror.org/0371fqr87"", ""status"": ""review_required"", ""reason"": ""Reference-only name; not approved for resolution""}, {""hospital_id"": ""cnha-cfdi-cfc87cfdc0a8033370f2b59ea8bf5206"", ""official_name"": ""华中科技大学同济医学院附属协和医院"", ""candidate_alias"": ""Union Hospital of Tongji Medical College of Huazhong University of Science and Technology"", ""source_url"": ""https://ror.org/0371fqr87"", ""status"": ""review_required"", ""reason"": ""Reference-only name; not approved for resolution""}, {""hospital_id"": ""cnha-cfdi-cfc87cfdc0a8033370f2b59ea8bf5206"", ""official_name"": ""华中科技大学同济医学院附属协和医院"", ""candidate_alias"": ""Wuhan Union Hospital"", ""source_url"": ""https://ror.org/0371fqr87"", ""status"": ""review_required"", ""reason"": ""Reference-only name; not approved for resolution""}, {""hospital_id"": ""cnha-cfdi-cfc87cfdc0a8033370f2b59ea8bf5206"", ""official_name"": ""华中科技大学同济医学院附属协和医院"", ""candidate_alias"": ""武汉协和医院"", ""source_url"": ""https://ror.org/0371fqr87"", ""status"": ""review_required"", ""reason"": ""Reference-only name; not approved for resolution""}]",False,https://beian.cfdi.org.cn/CTMDS/pub/PUB010100.do?method=handle06&curPage=1&pageSize=100,2026-09-05,"Snapshot identity only; not all aliases, trial participation or current eligibility"
cnha-cfdi-d0063d0fc0a803331874e34e0b892232,佛山市南海区第四人民医院(佛山市南海区西樵人民医院),药临床机构备字2026000129,filed,confirmed_against_filing_snapshot,,deferred_not_required_for_identity,2,[],False,https://beian.cfdi.org.cn/CTMDS/pub/PUB010100.do?method=handle06&curPage=20&pageSize=100,2026-09-05,"Snapshot identity only; not all aliases, trial participation or current eligibility"
cnha-cfdi-d00dfa19c0a8033361c9f822dde08acc,西南医科大学附属中医医院,药临床机构备字2020000454,filed,confirmed_against_filing_snapshot,,deferred_not_required_for_identity,0,"[{""hospital_id"": ""cnha-cfdi-d00dfa19c0a8033361c9f822dde08acc"", ""official_name"": ""西南医科大学附属中医医院"", ""candidate_alias"": ""Affiliated Hospital of Southwest Medical University"", ""source_url"": ""https://ror.org/0014a0n68"", ""status"": ""review_required"", ""reason"": ""Reference-only name; not approved for resolution""}]",False,https://beian.cfdi.org.cn/CTMDS/pub/PUB010100.do?method=handle06&curPage=6&pageSize=100,2026-09-05,"Snapshot identity only; not all aliases, trial participation or current eligibility"
cnha-cfdi-d03fa11cc0a803332bf9716cfe12529c,湖南医药学院第一附属医院,药临床机构备字2020000799,filed,confirmed_against_filing_snapshot,,deferred_not_required_for_identity,0,[],False,https://beian.cfdi.org.cn/CTMDS/pub/PUB010100.do?method=handle06&curPage=9&pageSize=100,2026-09-05,"Snapshot identity only; not all aliases, trial participation or current eligibility"
cnha-cfdi-d04f50edc0a803332f140f9391a0e0c3,山西省眼科医院,药临床机构备字2020000734,filed,confirmed_against_filing_snapshot,,deferred_not_required_for_identity,0,[],False,https://beian.cfdi.org.cn/CTMDS/pub/PUB010100.do?method=handle06&curPage=8&pageSize=100,2026-09-05,"Snapshot identity only; not all aliases, trial participation or current eligibility"
cnha-cfdi-d096fe98c0a803333c5d67902f3d14b9,山东第一医科大学附属肿瘤医院（山东省肿瘤防治研究院、山东省肿瘤医院）,药临床机构备字2020000045,filed,confirmed_against_filing_snapshot,,deferred_not_required_for_identity,2,"[{""hospital_id"": ""cnha-cfdi-d096fe98c0a803333c5d67902f3d14b9"", ""official_name"": ""山东第一医科大学附属肿瘤医院（山东省肿瘤防治研究院、山东省肿瘤医院）"", ""candidate_alias"": ""山东省肿瘤防治研究院"", ""source_url"": ""https://beian.cfdi.org.cn/CTMDS/pub/PUB010100.do?method=handle06&curPage=2&pageSize=100"", ""status"": ""review_required"", ""reason"": ""Reference-only name; not approved for resolution""}, {""hospital_id"": ""cnha-cfdi-d096fe98c0a803333c5d67902f3d14b9"", ""official_name"": ""山东第一医科大学附属肿瘤医院（山东省肿瘤防治研究院、山东省肿瘤医院）"", ""candidate_alias"": ""Shandong Cancer Hospital"", ""source_url"": ""https://ror.org/01413r497"", ""status"": ""review_required"", ""reason"": ""Reference-only name; not approved for resolution""}, {""hospital_id"": ""cnha-cfdi-d096fe98c0a803333c5d67902f3d14b9"", ""official_name"": ""山东第一医科大学附属肿瘤医院（山东省肿瘤防治研究院、山东省肿瘤医院）"", ""candidate_alias"": ""Shandong Tumor Hospital"", ""source_url"": ""https://ror.org/01413r497"", ""status"": ""review_required"", ""reason"": ""Reference-only name; not approved for resolution""}]",False,https://beian.cfdi.org.cn/CTMDS/pub/PUB010100.do?method=handle06&curPage=2&pageSize=100,2026-09-05,"Snapshot identity only; not all aliases, trial participation or current eligibility"
cnha-cfdi-d0ee1aa4c0a80333736b652e33d96118,江苏省中西医结合医院,药临床机构备字2020000718,filed,confirmed_against_filing_snapshot,,deferred_not_required_for_identity,0,[],False,https://beian.cfdi.org.cn/CTMDS/pub/PUB010100.do?method=handle06&curPage=8&pageSize=100,2026-09-05,"Snapshot identity only; not all aliases, trial participation or current eligibility"
cnha-cfdi-d0f45a58c0a8033333e1ff52522ff381,安徽省胸科医院,药临床机构备字2020000222,filed,confirmed_against_filing_snapshot,,deferred_not_required_for_identity,0,[],False,https://beian.cfdi.org.cn/CTMDS/pub/PUB010100.do?method=handle06&curPage=3&pageSize=100,2026-09-05,"Snapshot identity only; not all aliases, trial participation or current eligibility"
cnha-cfdi-d0f7d13dc0a80333031c693b463e99b4,新疆医科大学第六附属医院,药临床机构备字2025000041,filed,confirmed_against_filing_snapshot,,deferred_not_required_for_identity,0,[],False,https://beian.cfdi.org.cn/CTMDS/pub/PUB010100.do?method=handle06&curPage=17&pageSize=100,2026-09-05,"Snapshot identity only; not all aliases, trial participation or current eligibility"
cnha-cfdi-d10ad453c0a803333514daf40c6f1b98,贵港市人民医院,药临床机构备字2020000853,filed,confirmed_against_filing_snapshot,,deferred_not_required_for_identity,0,[],False,https://beian.cfdi.org.cn/CTMDS/pub/PUB010100.do?method=handle06&curPage=9&pageSize=100,2026-09-05,"Snapshot identity only; not all aliases, trial participation or current eligibility"
cnha-cfdi-d10b0551c0a803333f5070dfb81b8145,山西省儿童医院山西省妇幼保健院,药临床机构备字2019000054,filed,confirmed_against_filing_snapshot,,deferred_not_required_for_identity,0,[],False,https://beian.cfdi.org.cn/CTMDS/pub/PUB010100.do?method=handle06&curPage=1&pageSize=100,2026-09-05,"Snapshot identity only; not all aliases, trial participation or current eligibility"
cnha-cfdi-d112d063c0a8033341cd76959212b350,武汉儿童医院（武汉市妇女儿童医疗保健中心、武汉市妇幼保健院、华中科技大学同济医学院附属武汉儿童医院）,药临床机构备字2020000649,filed,confirmed_against_filing_snapshot,,deferred_not_required_for_identity,0,[],False,https://beian.cfdi.org.cn/CTMDS/pub/PUB010100.do?method=handle06&curPage=7&pageSize=100,2026-09-05,"Snapshot identity only; not all aliases, trial participation or current eligibility"
cnha-cfdi-d11ea41fc0a80333619244f678fcb2b4,中南大学湘雅三医院,药临床机构备字2020000052,filed,confirmed_against_filing_snapshot,Third Xiangya Hospital of Central South University,source_reviewed,1,[],False,https://beian.cfdi.org.cn/CTMDS/pub/PUB010100.do?method=handle06&curPage=2&pageSize=100,2026-09-05,"Snapshot identity only; not all aliases, trial participation or current eligibility"
cnha-cfdi-d15d323ac0a8033372cbfa05ecd09e9f,巴中市中心医院,药临床机构备字2026000143,filed,confirmed_against_filing_snapshot,,deferred_not_required_for_identity,0,[],False,https://beian.cfdi.org.cn/CTMDS/pub/PUB010100.do?method=handle06&curPage=21&pageSize=100,2026-09-05,"Snapshot identity only; not all aliases, trial participation or current eligibility"
cnha-cfdi-d164b26bc0a803335e5e81c86205b5be,上海市第六人民医院,药临床机构备字2020000612,filed,confirmed_against_filing_snapshot,,deferred_not_required_for_identity,0,"[{""hospital_id"": ""cnha-cfdi-d164b26bc0a803335e5e81c86205b5be"", ""official_name"": ""上海市第六人民医院"", ""candidate_alias"": ""Shanghai Sixth People's Hospital"", ""source_url"": ""https://ror.org/049zrh188"", ""status"": ""review_required"", ""reason"": ""Reference-only name; not approved for resolution""}]",False,https://beian.cfdi.org.cn/CTMDS/pub/PUB010100.do?method=handle06&curPage=7&pageSize=100,2026-09-05,"Snapshot identity only; not all aliases, trial participation or current eligibility"
cnha-cfdi-d18f39d3c0a8033315cd272c05e5656c,吉林市人民医院,药临床机构备字2020000367,filed,confirmed_against_filing_snapshot,,deferred_not_required_for_identity,0,[],False,https://beian.cfdi.org.cn/CTMDS/pub/PUB010100.do?method=handle06&curPage=5&pageSize=100,2026-09-05,"Snapshot identity only; not all aliases, trial participation or current eligibility"
cnha-cfdi-d1951284c0a8033347ba9766508ceff8,许昌市人民医院,药临床机构备字2023000041,filed,confirmed_against_filing_snapshot,,deferred_not_required_for_identity,0,[],False,https://beian.cfdi.org.cn/CTMDS/pub/PUB010100.do?method=handle06&curPage=13&pageSize=100,2026-09-05,"Snapshot identity only; not all aliases, trial participation or current eligibility"
cnha-cfdi-d197a0efc0a8033303e0ee57e053a37d,中国人民解放军空军军医大学第一附属医院（西京医院）,药临床机构备字2020000443,filed,confirmed_against_filing_snapshot,,deferred_not_required_for_identity,2,[],False,https://beian.cfdi.org.cn/CTMDS/pub/PUB010100.do?method=handle06&curPage=5&pageSize=100,2026-09-05,"Snapshot identity only; not all aliases, trial participation or current eligibility"
cnha-cfdi-d19c4e19c0a803335262224a25945248,随州市中心医院（湖北医药学院附属随州医院）,药临床机构备字2023000016,filed,confirmed_against_filing_snapshot,,deferred_not_required_for_identity,2,"[{""hospital_id"": ""cnha-cfdi-d19c4e19c0a803335262224a25945248"", ""official_name"": ""随州市中心医院（湖北医药学院附属随州医院）"", ""candidate_alias"": ""Suizhou Central Hospital"", ""source_url"": ""https://ror.org/00q3p9p08"", ""status"": ""review_required"", ""reason"": ""Reference-only name; not approved for resolution""}, {""hospital_id"": ""cnha-cfdi-d19c4e19c0a803335262224a25945248"", ""official_name"": ""随州市中心医院（湖北医药学院附属随州医院）"", ""candidate_alias"": ""Suizhou First People's Hospital"", ""source_url"": ""https://ror.org/00q3p9p08"", ""status"": ""review_required"", ""reason"": ""Reference-only name; not approved for resolution""}, {""hospital_id"": ""cnha-cfdi-d19c4e19c0a803335262224a25945248"", ""official_name"": ""随州市中心医院（湖北医药学院附属随州医院）"", ""candidate_alias"": ""Suizhou Red Cross Hospital"", ""source_url"": ""https://ror.org/00q3p9p08"", ""status"": ""review_required"", ""reason"": ""Reference-only name; not approved for resolution""}]",False,https://beian.cfdi.org.cn/CTMDS/pub/PUB010100.do?method=handle06&curPage=13&pageSize=100,2026-09-05,"Snapshot identity only; not all aliases, trial participation or current eligibility"
cnha-cfdi-d1c01b8cc0a8033364f88bcba241cded,沧州市人民医院（沧州市人民医院互联网医院；沧州医学高等专科学校附属医院）,药临床机构备字2020000117,filed,confirmed_against_filing_snapshot,,deferred_not_required_for_identity,2,"[{""hospital_id"": ""cnha-cfdi-d1c01b8cc0a8033364f88bcba241cded"", ""official_name"": ""沧州市人民医院（沧州市人民医院互联网医院；沧州医学高等专科学校附属医院）"", ""candidate_alias"": ""沧州市人民医院互联网医院"", ""source_url"": ""https://beian.cfdi.org.cn/CTMDS/pub/PUB010100.do?method=handle06&curPage=2&pageSize=100"", ""status"": ""review_required"", ""reason"": ""Reference-only name; not approved for resolution""}]",False,https://beian.cfdi.org.cn/CTMDS/pub/PUB010100.do?method=handle06&curPage=2&pageSize=100,2026-09-05,"Snapshot identity only; not all aliases, trial participation or current eligibility"
cnha-cfdi-d1cbd5a0c0a80333642087a673b30388,如皋市人民医院,药临床机构备字2025000200,filed,confirmed_against_filing_snapshot,,deferred_not_required_for_identity,0,[],False,https://beian.cfdi.org.cn/CTMDS/pub/PUB010100.do?method=handle06&curPage=19&pageSize=100,2026-09-05,"Snapshot identity only; not all aliases, trial participation or current eligibility"
cnha-cfdi-d1cea293c0a8033304b65bd6a90046cd,淄博市中医医院,药临床机构备字2020000812,filed,confirmed_against_filing_snapshot,,deferred_not_required_for_identity,0,[],False,https://beian.cfdi.org.cn/CTMDS/pub/PUB010100.do?method=handle06&curPage=9&pageSize=100,2026-09-05,"Snapshot identity only; not all aliases, trial participation or current eligibility"
cnha-cfdi-d204cf89c0a80333142ba437f7cadffd,厦门大学附属厦门眼科中心,药临床机构备字2020000203,filed,confirmed_against_filing_snapshot,,deferred_not_required_for_identity,0,[],False,https://beian.cfdi.org.cn/CTMDS/pub/PUB010100.do?method=handle06&curPage=3&pageSize=100,2026-09-05,"Snapshot identity only; not all aliases, trial participation or current eligibility"
cnha-cfdi-d2ad60e9c0a803336e853006acd5c5dc,沭阳医院,药临床机构备字2020000666,filed,confirmed_against_filing_snapshot,,deferred_not_required_for_identity,0,[],False,https://beian.cfdi.org.cn/CTMDS/pub/PUB010100.do?method=handle06&curPage=7&pageSize=100,2026-09-05,"Snapshot identity only; not all aliases, trial participation or current eligibility"
cnha-cfdi-d2e77adec0a8023311162069d00628f8,西安市中医医院,药临床机构备字2021000013,filed,confirmed_against_filing_snapshot,,deferred_not_required_for_identity,0,[],False,https://beian.cfdi.org.cn/CTMDS/pub/PUB010100.do?method=handle06&curPage=10&pageSize=100,2026-09-05,"Snapshot identity only; not all aliases, trial participation or current eligibility"
cnha-cfdi-d35127e7c0a803337f0e333096a038fd,玉林市第一人民医院,药临床机构备字2020000606,filed,confirmed_against_filing_snapshot,,deferred_not_required_for_identity,0,[],False,https://beian.cfdi.org.cn/CTMDS/pub/PUB010100.do?method=handle06&curPage=7&pageSize=100,2026-09-05,"Snapshot identity only; not all aliases, trial participation or current eligibility"
cnha-cfdi-d35bf17fc0a803333e796dac894c00a1,重庆市巴南区人民医院,药临床机构备字2022000081,filed,confirmed_against_filing_snapshot,,deferred_not_required_for_identity,0,[],False,https://beian.cfdi.org.cn/CTMDS/pub/PUB010100.do?method=handle06&curPage=12&pageSize=100,2026-09-05,"Snapshot identity only; not all aliases, trial participation or current eligibility"
cnha-cfdi-d35eebd7c0a8033371afaada8883b6d4,沈阳市第一人民医院,药临床机构备字2020000757,filed,confirmed_against_filing_snapshot,,deferred_not_required_for_identity,0,"[{""hospital_id"": ""cnha-cfdi-d35eebd7c0a8033371afaada8883b6d4"", ""official_name"": ""沈阳市第一人民医院"", ""candidate_alias"": ""Shenyang Brain Hospital"", ""source_url"": ""https://ror.org/022aez802"", ""status"": ""review_required"", ""reason"": ""Reference-only name; not approved for resolution""}, {""hospital_id"": ""cnha-cfdi-d35eebd7c0a8033371afaada8883b6d4"", ""official_name"": ""沈阳市第一人民医院"", ""candidate_alias"": ""Shenyang First People's Hospital"", ""source_url"": ""https://ror.org/022aez802"", ""status"": ""review_required"", ""reason"": ""Reference-only name; not approved for resolution""}]",False,https://beian.cfdi.org.cn/CTMDS/pub/PUB010100.do?method=handle06&curPage=8&pageSize=100,2026-09-05,"Snapshot identity only; not all aliases, trial participation or current eligibility"
cnha-cfdi-d3a7de8ac0a803332ae265949d8bca90,南宁市第二人民医院,药临床机构备字2020000660,filed,confirmed_against_filing_snapshot,,deferred_not_required_for_identity,0,"[{""hospital_id"": ""cnha-cfdi-d3a7de8ac0a803332ae265949d8bca90"", ""official_name"": ""南宁市第二人民医院"", ""candidate_alias"": ""The Second Nanning People's Hospital"", ""source_url"": ""https://ror.org/02qmhct90"", ""status"": ""review_required"", ""reason"": ""Reference-only name; not approved for resolution""}]",False,https://beian.cfdi.org.cn/CTMDS/pub/PUB010100.do?method=handle06&curPage=7&pageSize=100,2026-09-05,"Snapshot identity only; not all aliases, trial participation or current eligibility"
cnha-cfdi-d3a9d7c0c0a803331a71b2fdb2cc332b,吉林省中医药科学院第一临床医院,药临床机构备字2020000673,filed,confirmed_against_filing_snapshot,,deferred_not_required_for_identity,0,[],False,https://beian.cfdi.org.cn/CTMDS/pub/PUB010100.do?method=handle06&curPage=7&pageSize=100,2026-09-05,"Snapshot identity only; not all aliases, trial participation or current eligibility"
cnha-cfdi-d3c805cfc0a803335dd7054cfca7533b,武威市凉州医院,药临床机构备字2025000103,filed,confirmed_against_filing_snapshot,,deferred_not_required_for_identity,0,[],False,https://beian.cfdi.org.cn/CTMDS/pub/PUB010100.do?method=handle06&curPage=18&pageSize=100,2026-09-05,"Snapshot identity only; not all aliases, trial participation or current eligibility"
cnha-cfdi-d3cc74a8c0a803330bc6c45e9a492924,岳阳市人民医院,药临床机构备字2020000698,filed,confirmed_against_filing_snapshot,,deferred_not_required_for_identity,0,[],False,https://beian.cfdi.org.cn/CTMDS/pub/PUB010100.do?method=handle06&curPage=8&pageSize=100,2026-09-05,"Snapshot identity only; not all aliases, trial participation or current eligibility"
cnha-cfdi-d409275ec0a8033362815d7e987a881b,南京明基医院/南京医科大学附属明基医院,药临床机构备字2020000264,filed,confirmed_against_filing_snapshot,,deferred_not_required_for_identity,0,[],False,https://beian.cfdi.org.cn/CTMDS/pub/PUB010100.do?method=handle06&curPage=4&pageSize=100,2026-09-05,"Snapshot identity only; not all aliases, trial participation or current eligibility"
cnha-cfdi-d40c9a97c0a803333fd740025b3ab787,广西壮族自治区胸科医院(广西壮族自治区第四人民医院、广西壮族自治区结核病医院）,药临床机构备字2023000056,filed,confirmed_against_filing_snapshot,,deferred_not_required_for_identity,3,[],False,https://beian.cfdi.org.cn/CTMDS/pub/PUB010100.do?method=handle06&curPage=13&pageSize=100,2026-09-05,"Snapshot identity only; not all aliases, trial participation or current eligibility"
cnha-cfdi-d427264cc0a803337deb68a49c3011b9,昭通市中医医院,药临床机构备字2025000045,filed,confirmed_against_filing_snapshot,,deferred_not_required_for_identity,0,[],False,https://beian.cfdi.org.cn/CTMDS/pub/PUB010100.do?method=handle06&curPage=17&pageSize=100,2026-09-05,"Snapshot identity only; not all aliases, trial participation or current eligibility"
cnha-cfdi-d4284320c0a803332b63b232de6c87b9,苏州九龙医院,药临床机构备字2020000489,filed,confirmed_against_filing_snapshot,,deferred_not_required_for_identity,0,[],False,https://beian.cfdi.org.cn/CTMDS/pub/PUB010100.do?method=handle06&curPage=6&pageSize=100,2026-09-05,"Snapshot identity only; not all aliases, trial participation or current eligibility"
cnha-cfdi-d4368104c0a803337aedda0cebf8af26,山东医药大学附属医院,药临床机构备字2020000784,filed,confirmed_against_filing_snapshot,,deferred_not_required_for_identity,0,[],False,https://beian.cfdi.org.cn/CTMDS/pub/PUB010100.do?method=handle06&curPage=8&pageSize=100,2026-09-05,"Snapshot identity only; not all aliases, trial participation or current eligibility"
cnha-cfdi-d43858cbc0a8033319cad9ef63a5c695,中国人民解放军新疆军区总医院,药临床机构备字2025000196,filed,confirmed_against_filing_snapshot,,deferred_not_required_for_identity,0,[],False,https://beian.cfdi.org.cn/CTMDS/pub/PUB010100.do?method=handle06&curPage=19&pageSize=100,2026-09-05,"Snapshot identity only; not all aliases, trial participation or current eligibility"
cnha-cfdi-d468ed53c0a803332256f5a491c23413,广州皇家丽肿瘤医院,药临床机构备字2022000104,filed,confirmed_against_filing_snapshot,,deferred_not_required_for_identity,0,[],False,https://beian.cfdi.org.cn/CTMDS/pub/PUB010100.do?method=handle06&curPage=12&pageSize=100,2026-09-05,"Snapshot identity only; not all aliases, trial participation or current eligibility"
cnha-cfdi-d470c97ec0a8033333f317f5f812dfca,怀化市中心医院（怀化市肿瘤医院）,药临床机构备字2020000774,filed,confirmed_against_filing_snapshot,,deferred_not_required_for_identity,2,[],False,https://beian.cfdi.org.cn/CTMDS/pub/PUB010100.do?method=handle06&curPage=8&pageSize=100,2026-09-05,"Snapshot identity only; not all aliases, trial participation or current eligibility"
cnha-cfdi-d48108dac0a803337f4d71ec54d78055,眉山市东坡区人民医院,药临床机构备字2023000170,filed,confirmed_against_filing_snapshot,,deferred_not_required_for_identity,0,[],False,https://beian.cfdi.org.cn/CTMDS/pub/PUB010100.do?method=handle06&curPage=14&pageSize=100,2026-09-05,"Snapshot identity only; not all aliases, trial participation or current eligibility"
cnha-cfdi-d482f73ec0a8033332700273742c74b6,上海交通大学医学院附属仁济医院,药临床机构备字2020000105,filed,confirmed_against_filing_snapshot,,deferred_not_required_for_identity,0,"[{""hospital_id"": ""cnha-cfdi-d482f73ec0a8033332700273742c74b6"", ""official_name"": ""上海交通大学医学院附属仁济医院"", ""candidate_alias"": ""Renji Hospital"", ""source_url"": ""https://ror.org/03ypbx660"", ""status"": ""review_required"", ""reason"": ""Reference-only name; not approved for resolution""}, {""hospital_id"": ""cnha-cfdi-d482f73ec0a8033332700273742c74b6"", ""official_name"": ""上海交通大学医学院附属仁济医院"", ""candidate_alias"": ""Rénjì Yīyuàn"", ""source_url"": ""https://ror.org/03ypbx660"", ""status"": ""review_required"", ""reason"": ""Reference-only name; not approved for resolution""}]",False,https://beian.cfdi.org.cn/CTMDS/pub/PUB010100.do?method=handle06&curPage=2&pageSize=100,2026-09-05,"Snapshot identity only; not all aliases, trial participation or current eligibility"
cnha-cfdi-d486557dc0a803334a7d843a2fae6110,中国人民解放军联勤保障部队第九六〇医院,药临床机构备字2020000818,filed,confirmed_against_filing_snapshot,,deferred_not_required_for_identity,0,[],False,https://beian.cfdi.org.cn/CTMDS/pub/PUB010100.do?method=handle06&curPage=9&pageSize=100,2026-09-05,"Snapshot identity only; not all aliases, trial participation or current eligibility"
cnha-cfdi-d489f971c0a8033378d3244b216aa85e,商洛市中心医院,药临床机构备字2026000119,filed,confirmed_against_filing_snapshot,,deferred_not_required_for_identity,0,[],False,https://beian.cfdi.org.cn/CTMDS/pub/PUB010100.do?method=handle06&curPage=20&pageSize=100,2026-09-05,"Snapshot identity only; not all aliases, trial participation or current eligibility"
cnha-cfdi-d4996488c0a8033325a3e53943dbb474,大冶市人民医院,药临床机构备字2026000135,filed,confirmed_against_filing_snapshot,,deferred_not_required_for_identity,0,"[{""hospital_id"": ""cnha-cfdi-d4996488c0a8033325a3e53943dbb474"", ""official_name"": ""大冶市人民医院"", ""candidate_alias"": ""Daye People's Hospital"", ""source_url"": ""https://ror.org/05rc73571"", ""status"": ""review_required"", ""reason"": ""Reference-only name; not approved for resolution""}, {""hospital_id"": ""cnha-cfdi-d4996488c0a8033325a3e53943dbb474"", ""official_name"": ""大冶市人民医院"", ""candidate_alias"": ""Second Affiliated Hospital of Hubei Institute of Technology"", ""source_url"": ""https://ror.org/05rc73571"", ""status"": ""review_required"", ""reason"": ""Reference-only name; not approved for resolution""}, {""hospital_id"": ""cnha-cfdi-d4996488c0a8033325a3e53943dbb474"", ""official_name"": ""大冶市人民医院"", ""candidate_alias"": ""The Second Affiliated Hospital of Hubei Polytechnic College"", ""source_url"": ""https://ror.org/05rc73571"", ""status"": ""review_required"", ""reason"": ""Reference-only name; not approved for resolution""}]",False,https://beian.cfdi.org.cn/CTMDS/pub/PUB010100.do?method=handle06&curPage=20&pageSize=100,2026-09-05,"Snapshot identity only; not all aliases, trial participation or current eligibility"
cnha-cfdi-d49b2a5bc0a8033301b02dd184a25056,伊犁哈萨克自治州友谊医院,药临床机构备字2024000156,filed,confirmed_against_filing_snapshot,,deferred_not_required_for_identity,0,[],False,https://beian.cfdi.org.cn/CTMDS/pub/PUB010100.do?method=handle06&curPage=16&pageSize=100,2026-09-05,"Snapshot identity only; not all aliases, trial participation or current eligibility"
cnha-cfdi-d4a9ee61c0a80333582be7ffc893406e,河南黄河科技学院附属医院,药临床机构备字2024000204,filed,confirmed_against_filing_snapshot,,deferred_not_required_for_identity,0,[],False,https://beian.cfdi.org.cn/CTMDS/pub/PUB010100.do?method=handle06&curPage=17&pageSize=100,2026-09-05,"Snapshot identity only; not all aliases, trial participation or current eligibility"
cnha-cfdi-d4b3289cc0a803335a7e6c8b4b707530,沈阳兴齐眼科医院,药临床机构备字2020000416,filed,confirmed_against_filing_snapshot,,deferred_not_required_for_identity,0,[],False,https://beian.cfdi.org.cn/CTMDS/pub/PUB010100.do?method=handle06&curPage=5&pageSize=100,2026-09-05,"Snapshot identity only; not all aliases, trial participation or current eligibility"
cnha-cfdi-d4b655a6c0a8033312b4dc43fb7dd94e,安顺三O二医院,药临床机构备字2024000159,filed,confirmed_against_filing_snapshot,,deferred_not_required_for_identity,0,[],False,https://beian.cfdi.org.cn/CTMDS/pub/PUB010100.do?method=handle06&curPage=16&pageSize=100,2026-09-05,"Snapshot identity only; not all aliases, trial participation or current eligibility"
cnha-cfdi-d4b86629c0a803336e995356cd7958fa,杭州市萧山区第一人民医院,药临床机构备字2022000013,filed,confirmed_against_filing_snapshot,,deferred_not_required_for_identity,0,"[{""hospital_id"": ""cnha-cfdi-d4b86629c0a803336e995356cd7958fa"", ""official_name"": ""杭州市萧山区第一人民医院"", ""candidate_alias"": ""The First People's Hospital of Xiaoshan District, Hangzhou"", ""source_url"": ""https://ror.org/05m7fas76"", ""status"": ""review_required"", ""reason"": ""Reference-only name; not approved for resolution""}]",False,https://beian.cfdi.org.cn/CTMDS/pub/PUB010100.do?method=handle06&curPage=12&pageSize=100,2026-09-05,"Snapshot identity only; not all aliases, trial participation or current eligibility"
cnha-cfdi-d4e24934c0a80333474caa00d5a27f68,重庆海吉亚医院,药临床机构备字2024000054,filed,confirmed_against_filing_snapshot,,deferred_not_required_for_identity,0,[],False,https://beian.cfdi.org.cn/CTMDS/pub/PUB010100.do?method=handle06&curPage=15&pageSize=100,2026-09-05,"Snapshot identity only; not all aliases, trial participation or current eligibility"
cnha-cfdi-d4e4676fc0a8033321e4930751598241,鹰潭市人民医院,药临床机构备字2024000059,filed,confirmed_against_filing_snapshot,,deferred_not_required_for_identity,0,[],False,https://beian.cfdi.org.cn/CTMDS/pub/PUB010100.do?method=handle06&curPage=16&pageSize=100,2026-09-05,"Snapshot identity only; not all aliases, trial participation or current eligibility"
cnha-cfdi-d4f871ffc0a803332e2cf20554b73891,重庆市第五人民医院,药临床机构备字2025000008,filed,confirmed_against_filing_snapshot,,deferred_not_required_for_identity,0,[],False,https://beian.cfdi.org.cn/CTMDS/pub/PUB010100.do?method=handle06&curPage=17&pageSize=100,2026-09-05,"Snapshot identity only; not all aliases, trial participation or current eligibility"
cnha-cfdi-d5075ebec0a803330e5091c568c53c3d,东南大学附属中大医院,药临床机构备字2020000804,filed,confirmed_against_filing_snapshot,,deferred_not_required_for_identity,0,[],False,https://beian.cfdi.org.cn/CTMDS/pub/PUB010100.do?method=handle06&curPage=9&pageSize=100,2026-09-05,"Snapshot identity only; not all aliases, trial participation or current eligibility"
cnha-cfdi-d5122990c0a80333589ddb9764637cbf,伊春市第一医院（伊春市儿童医院）,药临床机构备字2026000137,filed,confirmed_against_filing_snapshot,,deferred_not_required_for_identity,2,[],False,https://beian.cfdi.org.cn/CTMDS/pub/PUB010100.do?method=handle06&curPage=21&pageSize=100,2026-09-05,"Snapshot identity only; not all aliases, trial participation or current eligibility"
cnha-cfdi-d5127947c0a8033358f7a7ead710c9ad,枣庄市妇幼保健院(枣庄市儿童医院、枣庄市立第三医院),药临床机构备字2024000118,filed,confirmed_against_filing_snapshot,,deferred_not_required_for_identity,3,[],False,https://beian.cfdi.org.cn/CTMDS/pub/PUB010100.do?method=handle06&curPage=16&pageSize=100,2026-09-05,"Snapshot identity only; not all aliases, trial participation or current eligibility"
cnha-cfdi-d5145855c0a8033370794d513cd3ba26,广州开发区医院,药临床机构备字2024000019,filed,confirmed_against_filing_snapshot,,deferred_not_required_for_identity,0,"[{""hospital_id"": ""cnha-cfdi-d5145855c0a8033370794d513cd3ba26"", ""official_name"": ""广州开发区医院"", ""candidate_alias"": ""Guangzhou Development Zone Hospital"", ""source_url"": ""https://ror.org/02bpgfv91"", ""status"": ""review_required"", ""reason"": ""Reference-only name; not approved for resolution""}]",False,https://beian.cfdi.org.cn/CTMDS/pub/PUB010100.do?method=handle06&curPage=15&pageSize=100,2026-09-05,"Snapshot identity only; not all aliases, trial participation or current eligibility"
cnha-cfdi-d514c8cbc0a803337dcdcecd48ec87c9,高平市人民医院,药临床机构备字2024000144,filed,confirmed_against_filing_snapshot,,deferred_not_required_for_identity,0,[],False,https://beian.cfdi.org.cn/CTMDS/pub/PUB010100.do?method=handle06&curPage=16&pageSize=100,2026-09-05,"Snapshot identity only; not all aliases, trial participation or current eligibility"
cnha-cfdi-d5313ffbc0a803334a2c3517ad8bfb8d,自贡市第三人民医院,药临床机构备字2023000060,filed,confirmed_against_filing_snapshot,,deferred_not_required_for_identity,0,[],False,https://beian.cfdi.org.cn/CTMDS/pub/PUB010100.do?method=handle06&curPage=13&pageSize=100,2026-09-05,"Snapshot identity only; not all aliases, trial participation or current eligibility"
cnha-cfdi-d53385a2c0a803330d87f10214e6c9e2,漯河市中心医院,药临床机构备字2020000530,filed,confirmed_against_filing_snapshot,,deferred_not_required_for_identity,0,[],False,https://beian.cfdi.org.cn/CTMDS/pub/PUB010100.do?method=handle06&curPage=6&pageSize=100,2026-09-05,"Snapshot identity only; not all aliases, trial participation or current eligibility"
cnha-cfdi-d54afa0fc0a80333526b5a363748bd32,广州市红十字会医院,药临床机构备字2020000257,filed,confirmed_against_filing_snapshot,,deferred_not_required_for_identity,0,[],False,https://beian.cfdi.org.cn/CTMDS/pub/PUB010100.do?method=handle06&curPage=4&pageSize=100,2026-09-05,"Snapshot identity only; not all aliases, trial participation or current eligibility"
cnha-cfdi-d557c782c0a803336076b457de9dd53a,重庆市大足区人民医院,药临床机构备字2023000007,filed,confirmed_against_filing_snapshot,,deferred_not_required_for_identity,0,[],False,https://beian.cfdi.org.cn/CTMDS/pub/PUB010100.do?method=handle06&curPage=13&pageSize=100,2026-09-05,"Snapshot identity only; not all aliases, trial participation or current eligibility"
cnha-cfdi-d55a698cc0a80333167d133b26293afb,祁阳市人民医院,药临床机构备字2025000021,filed,confirmed_against_filing_snapshot,,deferred_not_required_for_identity,0,[],False,https://beian.cfdi.org.cn/CTMDS/pub/PUB010100.do?method=handle06&curPage=17&pageSize=100,2026-09-05,"Snapshot identity only; not all aliases, trial participation or current eligibility"
cnha-cfdi-d56b7d1fc0a8033345b453762c44ad9f,淮南东方医院集团总医院,药临床机构备字2022000089,filed,confirmed_against_filing_snapshot,,deferred_not_required_for_identity,0,[],False,https://beian.cfdi.org.cn/CTMDS/pub/PUB010100.do?method=handle06&curPage=12&pageSize=100,2026-09-05,"Snapshot identity only; not all aliases, trial participation or current eligibility"
cnha-cfdi-d5c307d8c0a803337a16265be20f745b,襄阳市第一人民医院,药临床机构备字2020000644,filed,confirmed_against_filing_snapshot,,deferred_not_required_for_identity,0,"[{""hospital_id"": ""cnha-cfdi-d5c307d8c0a803337a16265be20f745b"", ""official_name"": ""襄阳市第一人民医院"", ""candidate_alias"": ""Xiang Yang No.1 People's Hospital"", ""source_url"": ""https://ror.org/05q9ymz20"", ""status"": ""review_required"", ""reason"": ""Reference-only name; not approved for resolution""}, {""hospital_id"": ""cnha-cfdi-d5c307d8c0a803337a16265be20f745b"", ""official_name"": ""襄阳市第一人民医院"", ""candidate_alias"": ""Xiangyang First People's Hospital"", ""source_url"": ""https://ror.org/05q9ymz20"", ""status"": ""review_required"", ""reason"": ""Reference-only name; not approved for resolution""}, {""hospital_id"": ""cnha-cfdi-d5c307d8c0a803337a16265be20f745b"", ""official_name"": ""襄阳市第一人民医院"", ""candidate_alias"": ""Xiangyang First People's Hospital Affiliated to Hubei Medical College"", ""source_url"": ""https://ror.org/05q9ymz20"", ""status"": ""review_required"", ""reason"": ""Reference-only name; not approved for resolution""}]",False,https://beian.cfdi.org.cn/CTMDS/pub/PUB010100.do?method=handle06&curPage=7&pageSize=100,2026-09-05,"Snapshot identity only; not all aliases, trial participation or current eligibility"
cnha-cfdi-d5cb4defc0a803333fecda258e2d6be0,新余市人民医院,药临床机构备字2022000148,filed,confirmed_against_filing_snapshot,,deferred_not_required_for_identity,0,[],False,https://beian.cfdi.org.cn/CTMDS/pub/PUB010100.do?method=handle06&curPage=13&pageSize=100,2026-09-05,"Snapshot identity only; not all aliases, trial participation or current eligibility"
cnha-cfdi-d5ce49ebc0a803333fc2fa933a041385,山东大学齐鲁医院德州医院（德州市人民医院）,药临床机构备字2021000048,filed,confirmed_against_filing_snapshot,,deferred_not_required_for_identity,2,[],False,https://beian.cfdi.org.cn/CTMDS/pub/PUB010100.do?method=handle06&curPage=11&pageSize=100,2026-09-05,"Snapshot identity only; not all aliases, trial participation or current eligibility"
cnha-cfdi-d5d0a870c0a8033365bd187136c16c8c,烟台毓璜顶医院,药临床机构备字2020000659,filed,confirmed_against_filing_snapshot,,deferred_not_required_for_identity,0,"[{""hospital_id"": ""cnha-cfdi-d5d0a870c0a8033365bd187136c16c8c"", ""official_name"": ""烟台毓璜顶医院"", ""candidate_alias"": ""Yantai Yuhuangding Hospital"", ""source_url"": ""https://ror.org/05vawe413"", ""status"": ""review_required"", ""reason"": ""Reference-only name; not approved for resolution""}, {""hospital_id"": ""cnha-cfdi-d5d0a870c0a8033365bd187136c16c8c"", ""official_name"": ""烟台毓璜顶医院"", ""candidate_alias"": ""Yuhuangding Hospital"", ""source_url"": ""https://ror.org/05vawe413"", ""status"": ""review_required"", ""reason"": ""Reference-only name; not approved for resolution""}]",False,https://beian.cfdi.org.cn/CTMDS/pub/PUB010100.do?method=handle06&curPage=7&pageSize=100,2026-09-05,"Snapshot identity only; not all aliases, trial participation or current eligibility"
cnha-cfdi-d5d39237c0a80333089149662db7a5be,北京大学人民医院（北京大学第二临床医学院）,药临床机构备字2020000497,filed,confirmed_against_filing_snapshot,Peking University People's Hospital,source_reviewed,4,"[{""hospital_id"": ""cnha-cfdi-d5d39237c0a80333089149662db7a5be"", ""official_name"": ""北京大学人民医院（北京大学第二临床医学院）"", ""candidate_alias"": ""北京大学第二临床医学院"", ""source_url"": ""https://beian.cfdi.org.cn/CTMDS/pub/PUB010100.do?method=handle06&curPage=6&pageSize=100"", ""status"": ""review_required"", ""reason"": ""Reference-only name; not approved for resolution""}, {""hospital_id"": ""cnha-cfdi-d5d39237c0a80333089149662db7a5be"", ""official_name"": ""北京大学人民医院（北京大学第二临床医学院）"", ""candidate_alias"": ""PKUPH"", ""source_url"": ""https://ror.org/035adwg89"", ""status"": ""review_required"", ""reason"": ""Reference-only name; not approved for resolution""}, {""hospital_id"": ""cnha-cfdi-d5d39237c0a80333089149662db7a5be"", ""official_name"": ""北京大学人民医院（北京大学第二临床医学院）"", ""candidate_alias"": ""北京大学第二临床医学院"", ""source_url"": ""https://www.pkuph.cn/about"", ""status"": ""review_required"", ""reason"": ""Reference-only name; not approved for resolution""}]",False,https://beian.cfdi.org.cn/CTMDS/pub/PUB010100.do?method=handle06&curPage=6&pageSize=100,2026-09-05,"Snapshot identity only; not all aliases, trial participation or current eligibility"
cnha-cfdi-d5f2ded0c0a803331e5830a6b119b487,梅州市第三人民医院,药临床机构备字2026000154,filed,confirmed_against_filing_snapshot,,deferred_not_required_for_identity,0,[],False,https://beian.cfdi.org.cn/CTMDS/pub/PUB010100.do?method=handle06&curPage=21&pageSize=100,2026-09-05,"Snapshot identity only; not all aliases, trial participation or current eligibility"
cnha-cfdi-d624272dc0a80333145e4fbaf6f26c0a,聊城市人民医院,药临床机构备字2020000868,filed,confirmed_against_filing_snapshot,,deferred_not_required_for_identity,0,"[{""hospital_id"": ""cnha-cfdi-d624272dc0a80333145e4fbaf6f26c0a"", ""official_name"": ""聊城市人民医院"", ""candidate_alias"": ""Liaocheng People's Hospital"", ""source_url"": ""https://ror.org/052vn2478"", ""status"": ""review_required"", ""reason"": ""Reference-only name; not approved for resolution""}]",False,https://beian.cfdi.org.cn/CTMDS/pub/PUB010100.do?method=handle06&curPage=9&pageSize=100,2026-09-05,"Snapshot identity only; not all aliases, trial participation or current eligibility"
cnha-cfdi-d632ec55c0a80333284d41597a64174a,常德市第二人民医院,药临床机构备字2022000179,filed,confirmed_against_filing_snapshot,,deferred_not_required_for_identity,0,[],False,https://beian.cfdi.org.cn/CTMDS/pub/PUB010100.do?method=handle06&curPage=13&pageSize=100,2026-09-05,"Snapshot identity only; not all aliases, trial participation or current eligibility"
cnha-cfdi-d63a7634c0a803337e6a2d6f2adc6300,平煤神马医疗集团总医院,药临床机构备字2020000829,filed,confirmed_against_filing_snapshot,,deferred_not_required_for_identity,0,[],False,https://beian.cfdi.org.cn/CTMDS/pub/PUB010100.do?method=handle06&curPage=9&pageSize=100,2026-09-05,"Snapshot identity only; not all aliases, trial participation or current eligibility"
cnha-cfdi-d656c589c0a803330d610b282885cedd,上海爱尔眼科医院,药临床机构备字2020000896,filed,confirmed_against_filing_snapshot,,deferred_not_required_for_identity,0,[],False,https://beian.cfdi.org.cn/CTMDS/pub/PUB010100.do?method=handle06&curPage=10&pageSize=100,2026-09-05,"Snapshot identity only; not all aliases, trial participation or current eligibility"
cnha-cfdi-d666ab32c0a803334ccfef20528e62f8,广东省第二人民医院,药临床机构备字2020000894,filed,confirmed_against_filing_snapshot,,deferred_not_required_for_identity,3,[],False,https://beian.cfdi.org.cn/CTMDS/pub/PUB010100.do?method=handle06&curPage=9&pageSize=100,2026-09-05,"Snapshot identity only; not all aliases, trial participation or current eligibility"
cnha-cfdi-d67e6dfec0a80333728934bfcd7f4627,海口市人民医院,药临床机构备字2020000464,filed,confirmed_against_filing_snapshot,,deferred_not_required_for_identity,0,"[{""hospital_id"": ""cnha-cfdi-d67e6dfec0a80333728934bfcd7f4627"", ""official_name"": ""海口市人民医院"", ""candidate_alias"": ""Haikou City People's Hospital"", ""source_url"": ""https://ror.org/00ha5jx35"", ""status"": ""review_required"", ""reason"": ""Reference-only name; not approved for resolution""}]",False,https://beian.cfdi.org.cn/CTMDS/pub/PUB010100.do?method=handle06&curPage=6&pageSize=100,2026-09-05,"Snapshot identity only; not all aliases, trial participation or current eligibility"
cnha-cfdi-d6894b1dc0a80333178b234b78326892,无锡市精神卫生中心,药临床机构备字2020000768,filed,confirmed_against_filing_snapshot,,deferred_not_required_for_identity,0,[],False,https://beian.cfdi.org.cn/CTMDS/pub/PUB010100.do?method=handle06&curPage=8&pageSize=100,2026-09-05,"Snapshot identity only; not all aliases, trial participation or current eligibility"
cnha-cfdi-d69f82dcc0a803334d7d817d180f6075,达州市中心医院,药临床机构备字2020000086,filed,confirmed_against_filing_snapshot,,deferred_not_required_for_identity,0,"[{""hospital_id"": ""cnha-cfdi-d69f82dcc0a803334d7d817d180f6075"", ""official_name"": ""达州市中心医院"", ""candidate_alias"": ""Dazhou Central Hospital"", ""source_url"": ""https://ror.org/05qz7n275"", ""status"": ""review_required"", ""reason"": ""Reference-only name; not approved for resolution""}]",False,https://beian.cfdi.org.cn/CTMDS/pub/PUB010100.do?method=handle06&curPage=2&pageSize=100,2026-09-05,"Snapshot identity only; not all aliases, trial participation or current eligibility"
cnha-cfdi-d6ba4cbac0a8033371503b4d385c1e0b,兰州市第三人民医院(兰州市老年护理院),药临床机构备字2025000160,filed,confirmed_against_filing_snapshot,,deferred_not_required_for_identity,0,[],False,https://beian.cfdi.org.cn/CTMDS/pub/PUB010100.do?method=handle06&curPage=18&pageSize=100,2026-09-05,"Snapshot identity only; not all aliases, trial participation or current eligibility"
cnha-cfdi-d6c9d3afc0a8033360d93290d3e09d1a,陵川县医疗集团,药临床机构备字2025000180,filed,confirmed_against_filing_snapshot,,deferred_not_required_for_identity,0,[],False,https://beian.cfdi.org.cn/CTMDS/pub/PUB010100.do?method=handle06&curPage=19&pageSize=100,2026-09-05,"Snapshot identity only; not all aliases, trial participation or current eligibility"
cnha-cfdi-d6e5aa7ec0a803332577e939dcadca87,河南省立眼科医院,药临床机构备字2022000023,filed,confirmed_against_filing_snapshot,,deferred_not_required_for_identity,0,[],False,https://beian.cfdi.org.cn/CTMDS/pub/PUB010100.do?method=handle06&curPage=12&pageSize=100,2026-09-05,"Snapshot identity only; not all aliases, trial participation or current eligibility"
cnha-cfdi-d6ef24aac0a8033338dc6eae29c3581b,瑞安市人民医院,药临床机构备字2020000706,filed,confirmed_against_filing_snapshot,,deferred_not_required_for_identity,0,"[{""hospital_id"": ""cnha-cfdi-d6ef24aac0a8033338dc6eae29c3581b"", ""official_name"": ""瑞安市人民医院"", ""candidate_alias"": ""Ruian People's Hospital"", ""source_url"": ""https://ror.org/011b9vp56"", ""status"": ""review_required"", ""reason"": ""Reference-only name; not approved for resolution""}, {""hospital_id"": ""cnha-cfdi-d6ef24aac0a8033338dc6eae29c3581b"", ""official_name"": ""瑞安市人民医院"", ""candidate_alias"": ""Third Affiliated Hospital of Wenzhou Medical University"", ""source_url"": ""https://ror.org/011b9vp56"", ""status"": ""review_required"", ""reason"": ""Reference-only name; not approved for resolution""}]",False,https://beian.cfdi.org.cn/CTMDS/pub/PUB010100.do?method=handle06&curPage=8&pageSize=100,2026-09-05,"Snapshot identity only; not all aliases, trial participation or current eligibility"
cnha-cfdi-d703f7b2c0a80333000b45283e25b2a3,合肥市第二人民医院,药临床机构备字2020000831,filed,confirmed_against_filing_snapshot,,deferred_not_required_for_identity,0,[],False,https://beian.cfdi.org.cn/CTMDS/pub/PUB010100.do?method=handle06&curPage=9&pageSize=100,2026-09-05,"Snapshot identity only; not all aliases, trial participation or current eligibility"
cnha-cfdi-d707cae9c0a8033355a48dc114d9c7e4,航天中心医院,药临床机构备字2020000303,filed,confirmed_against_filing_snapshot,,deferred_not_required_for_identity,0,"[{""hospital_id"": ""cnha-cfdi-d707cae9c0a8033355a48dc114d9c7e4"", ""official_name"": ""航天中心医院"", ""candidate_alias"": ""ASCH"", ""source_url"": ""https://ror.org/01yb3sb52"", ""status"": ""review_required"", ""reason"": ""Reference-only name; not approved for resolution""}, {""hospital_id"": ""cnha-cfdi-d707cae9c0a8033355a48dc114d9c7e4"", ""official_name"": ""航天中心医院"", ""candidate_alias"": ""Aerospace Center Hospital"", ""source_url"": ""https://ror.org/01yb3sb52"", ""status"": ""review_required"", ""reason"": ""Reference-only name; not approved for resolution""}]",False,https://beian.cfdi.org.cn/CTMDS/pub/PUB010100.do?method=handle06&curPage=4&pageSize=100,2026-09-05,"Snapshot identity only; not all aliases, trial participation or current eligibility"
cnha-cfdi-d7434d27c0a80333192dfb2546222dcf,临湘市人民医院,药临床机构备字2026000067,filed,confirmed_against_filing_snapshot,,deferred_not_required_for_identity,0,[],False,https://beian.cfdi.org.cn/CTMDS/pub/PUB010100.do?method=handle06&curPage=20&pageSize=100,2026-09-05,"Snapshot identity only; not all aliases, trial participation or current eligibility"
cnha-cfdi-d7b1c5eec0a80333300fc90c10d1f94b,大连医科大学附属第二医院,药临床机构备字2020000393,filed,confirmed_against_filing_snapshot,,deferred_not_required_for_identity,0,[],False,https://beian.cfdi.org.cn/CTMDS/pub/PUB010100.do?method=handle06&curPage=5&pageSize=100,2026-09-05,"Snapshot identity only; not all aliases, trial participation or current eligibility"
cnha-cfdi-d7dcf2d3c0a803336c1272d3e27e695d,东莞市第七人民医院,药临床机构备字2025000182,filed,confirmed_against_filing_snapshot,,deferred_not_required_for_identity,0,[],False,https://beian.cfdi.org.cn/CTMDS/pub/PUB010100.do?method=handle06&curPage=19&pageSize=100,2026-09-05,"Snapshot identity only; not all aliases, trial participation or current eligibility"
cnha-cfdi-d87420afc0a803331673e487ee2b793c,泰安市中医医院,药临床机构备字2020000493,filed,confirmed_against_filing_snapshot,,deferred_not_required_for_identity,0,[],False,https://beian.cfdi.org.cn/CTMDS/pub/PUB010100.do?method=handle06&curPage=6&pageSize=100,2026-09-05,"Snapshot identity only; not all aliases, trial participation or current eligibility"
cnha-cfdi-d8af413bc0a8033313f312bcc99a8298,包头市肿瘤医院,药临床机构备字2023000157,filed,confirmed_against_filing_snapshot,,deferred_not_required_for_identity,0,[],False,https://beian.cfdi.org.cn/CTMDS/pub/PUB010100.do?method=handle06&curPage=14&pageSize=100,2026-09-05,"Snapshot identity only; not all aliases, trial participation or current eligibility"
cnha-cfdi-d8d43cd3c0a8033351e07eeea9ac79cb,首都医科大学附属复兴医院,药临床机构备字2024000073,filed,confirmed_against_filing_snapshot,,deferred_not_required_for_identity,0,[],False,https://beian.cfdi.org.cn/CTMDS/pub/PUB010100.do?method=handle06&curPage=16&pageSize=100,2026-09-05,"Snapshot identity only; not all aliases, trial participation or current eligibility"
cnha-cfdi-d8e8e5a9c0a8033360c7a6adc87439df,七台河市人民医院,药临床机构备字2024000065,filed,confirmed_against_filing_snapshot,,deferred_not_required_for_identity,0,[],False,https://beian.cfdi.org.cn/CTMDS/pub/PUB010100.do?method=handle06&curPage=16&pageSize=100,2026-09-05,"Snapshot identity only; not all aliases, trial participation or current eligibility"
cnha-cfdi-d90372dac0a8033328cd044048b35dea,运城同德医院,药临床机构备字2025000205,filed,confirmed_against_filing_snapshot,,deferred_not_required_for_identity,0,[],False,https://beian.cfdi.org.cn/CTMDS/pub/PUB010100.do?method=handle06&curPage=19&pageSize=100,2026-09-05,"Snapshot identity only; not all aliases, trial participation or current eligibility"
cnha-cfdi-d912a5e4c0a8033345a8e5ba6cab3e4d,四川大学华西第四医院,药临床机构备字2022000027,filed,confirmed_against_filing_snapshot,,deferred_not_required_for_identity,0,[],False,https://beian.cfdi.org.cn/CTMDS/pub/PUB010100.do?method=handle06&curPage=12&pageSize=100,2026-09-05,"Snapshot identity only; not all aliases, trial participation or current eligibility"
cnha-cfdi-d91fc5b9c0a803337576e68afbb0bbff,三亚市人民医院,药临床机构备字2020000937,filed,confirmed_against_filing_snapshot,,deferred_not_required_for_identity,0,[],False,https://beian.cfdi.org.cn/CTMDS/pub/PUB010100.do?method=handle06&curPage=10&pageSize=100,2026-09-05,"Snapshot identity only; not all aliases, trial participation or current eligibility"
cnha-cfdi-d9396672c0a8033315495605ba88f981,喀什地区维吾尔医医院,药临床机构备字2021000045,filed,confirmed_against_filing_snapshot,,deferred_not_required_for_identity,0,[],False,https://beian.cfdi.org.cn/CTMDS/pub/PUB010100.do?method=handle06&curPage=11&pageSize=100,2026-09-05,"Snapshot identity only; not all aliases, trial participation or current eligibility"
cnha-cfdi-d94876dec0a803337895973d05bc72d0,中国人民解放军联勤保障部队第九八〇医院,药临床机构备字2020000820,filed,confirmed_against_filing_snapshot,,deferred_not_required_for_identity,0,[],False,https://beian.cfdi.org.cn/CTMDS/pub/PUB010100.do?method=handle06&curPage=9&pageSize=100,2026-09-05,"Snapshot identity only; not all aliases, trial participation or current eligibility"
cnha-cfdi-d94b7183c0a803331177036359f389a3,青海省监狱管理局中心医院(青海红十字医院）,药临床机构备字2022000144,filed,confirmed_against_filing_snapshot,,deferred_not_required_for_identity,2,[],False,https://beian.cfdi.org.cn/CTMDS/pub/PUB010100.do?method=handle06&curPage=13&pageSize=100,2026-09-05,"Snapshot identity only; not all aliases, trial participation or current eligibility"
cnha-cfdi-d9584a2cc0a8033341a52d117ca0f76e,北京中医药大学东直门医院洛阳医院洛阳市中医院,药临床机构备字2020000936,filed,confirmed_against_filing_snapshot,,deferred_not_required_for_identity,0,[],False,https://beian.cfdi.org.cn/CTMDS/pub/PUB010100.do?method=handle06&curPage=10&pageSize=100,2026-09-05,"Snapshot identity only; not all aliases, trial participation or current eligibility"
cnha-cfdi-d9601f1ac0a803337adc86f0b3e2b77c,六安市人民医院,药临床机构备字2020000882,filed,confirmed_against_filing_snapshot,,deferred_not_required_for_identity,0,[],False,https://beian.cfdi.org.cn/CTMDS/pub/PUB010100.do?method=handle06&curPage=9&pageSize=100,2026-09-05,"Snapshot identity only; not all aliases, trial participation or current eligibility"
cnha-cfdi-d97da206c0a803331d734daa0bd5e3f4,绍兴市中医院,药临床机构备字2022000090,filed,confirmed_against_filing_snapshot,,deferred_not_required_for_identity,0,[],False,https://beian.cfdi.org.cn/CTMDS/pub/PUB010100.do?method=handle06&curPage=12&pageSize=100,2026-09-05,"Snapshot identity only; not all aliases, trial participation or current eligibility"
cnha-cfdi-d989d0dfc0a8033306848527c4c2289a,南方医科大学深圳医院,药临床机构备字2022000066,filed,confirmed_against_filing_snapshot,,deferred_not_required_for_identity,0,"[{""hospital_id"": ""cnha-cfdi-d989d0dfc0a8033306848527c4c2289a"", ""official_name"": ""南方医科大学深圳医院"", ""candidate_alias"": ""Southern Medical University Shenzhen Hospital"", ""source_url"": ""https://ror.org/037c01n91"", ""status"": ""review_required"", ""reason"": ""Reference-only name; not approved for resolution""}]",False,https://beian.cfdi.org.cn/CTMDS/pub/PUB010100.do?method=handle06&curPage=12&pageSize=100,2026-09-05,"Snapshot identity only; not all aliases, trial participation or current eligibility"
cnha-cfdi-d990717ec0a80333084a7207a48ec4de,唐山市人民医院,药临床机构备字2020000892,filed,confirmed_against_filing_snapshot,,deferred_not_required_for_identity,0,[],False,https://beian.cfdi.org.cn/CTMDS/pub/PUB010100.do?method=handle06&curPage=9&pageSize=100,2026-09-05,"Snapshot identity only; not all aliases, trial participation or current eligibility"
cnha-cfdi-d997a0f1c0a80333670cb6e5b9a0e7ee,柳州市中医医院（柳州市壮医医院）,药临床机构备字2020000522,filed,confirmed_against_filing_snapshot,,deferred_not_required_for_identity,2,[],False,https://beian.cfdi.org.cn/CTMDS/pub/PUB010100.do?method=handle06&curPage=6&pageSize=100,2026-09-05,"Snapshot identity only; not all aliases, trial participation or current eligibility"
cnha-cfdi-d99a8195c0a803333d19c2dd183ef361,东莞市大朗医院,药临床机构备字2025000016,filed,confirmed_against_filing_snapshot,,deferred_not_required_for_identity,0,[],False,https://beian.cfdi.org.cn/CTMDS/pub/PUB010100.do?method=handle06&curPage=17&pageSize=100,2026-09-05,"Snapshot identity only; not all aliases, trial participation or current eligibility"
cnha-cfdi-d9d110c1c0a803332725657174d6b387,海南省第五人民医院,药临床机构备字2023000221,filed,confirmed_against_filing_snapshot,,deferred_not_required_for_identity,0,[],False,https://beian.cfdi.org.cn/CTMDS/pub/PUB010100.do?method=handle06&curPage=15&pageSize=100,2026-09-05,"Snapshot identity only; not all aliases, trial participation or current eligibility"
cnha-cfdi-d9d496d4c0a803337edf83c2076c722e,七台河七煤医院,药临床机构备字2026000172,filed,confirmed_against_filing_snapshot,,deferred_not_required_for_identity,0,[],False,https://beian.cfdi.org.cn/CTMDS/pub/PUB010100.do?method=handle06&curPage=21&pageSize=100,2026-09-05,"Snapshot identity only; not all aliases, trial participation or current eligibility"
cnha-cfdi-d9e4a5f9c0a803333e970674ad91a524,广东医科大学顺德妇女儿童医院（佛山市顺德区妇幼保健院）,药临床机构备字2021000127,filed,confirmed_against_filing_snapshot,,deferred_not_required_for_identity,2,[],False,https://beian.cfdi.org.cn/CTMDS/pub/PUB010100.do?method=handle06&curPage=11&pageSize=100,2026-09-05,"Snapshot identity only; not all aliases, trial participation or current eligibility"
cnha-cfdi-d9f524c2c0a803334512a54f83b0e144,朔州市大医院,药临床机构备字2026000156,filed,confirmed_against_filing_snapshot,,deferred_not_required_for_identity,0,[],False,https://beian.cfdi.org.cn/CTMDS/pub/PUB010100.do?method=handle06&curPage=21&pageSize=100,2026-09-05,"Snapshot identity only; not all aliases, trial participation or current eligibility"
cnha-cfdi-d9f5d922c0a80333498adec14598c85c,连云港市第一人民医院,药临床机构备字2020000808,filed,confirmed_against_filing_snapshot,,deferred_not_required_for_identity,0,[],False,https://beian.cfdi.org.cn/CTMDS/pub/PUB010100.do?method=handle06&curPage=9&pageSize=100,2026-09-05,"Snapshot identity only; not all aliases, trial participation or current eligibility"
cnha-cfdi-d9fadb77c0a80333594b054a35b64b41,河北以岭医院,药临床机构备字2020000148,filed,confirmed_against_filing_snapshot,,deferred_not_required_for_identity,0,[],False,https://beian.cfdi.org.cn/CTMDS/pub/PUB010100.do?method=handle06&curPage=3&pageSize=100,2026-09-05,"Snapshot identity only; not all aliases, trial participation or current eligibility"
cnha-cfdi-d9fc6752c0a8033353ab9a1cfb4d52fe,福建医科大学附属协和医院,药临床机构备字2020000314,filed,confirmed_against_filing_snapshot,Fujian Medical University Union Hospital,source_reviewed,1,[],False,https://beian.cfdi.org.cn/CTMDS/pub/PUB010100.do?method=handle06&curPage=4&pageSize=100,2026-09-05,"Snapshot identity only; not all aliases, trial participation or current eligibility"
cnha-cfdi-da01ecacc0a8033339460c91fae5a533,咸宁市中心医院(湖北科技学院附属第一医院),药临床机构备字2020000189,filed,confirmed_against_filing_snapshot,,deferred_not_required_for_identity,2,"[{""hospital_id"": ""cnha-cfdi-da01ecacc0a8033339460c91fae5a533"", ""official_name"": ""咸宁市中心医院(湖北科技学院附属第一医院)"", ""candidate_alias"": ""Xianning Central Hospital"", ""source_url"": ""https://ror.org/0138a8a04"", ""status"": ""review_required"", ""reason"": ""Reference-only name; not approved for resolution""}]",False,https://beian.cfdi.org.cn/CTMDS/pub/PUB010100.do?method=handle06&curPage=3&pageSize=100,2026-09-05,"Snapshot identity only; not all aliases, trial participation or current eligibility"
cnha-cfdi-da04285ac0a80333765aae982c8dbc18,光山县人民医院,药临床机构备字2025000276,filed,confirmed_against_filing_snapshot,,deferred_not_required_for_identity,0,[],False,https://beian.cfdi.org.cn/CTMDS/pub/PUB010100.do?method=handle06&curPage=19&pageSize=100,2026-09-05,"Snapshot identity only; not all aliases, trial participation or current eligibility"
cnha-cfdi-da1d66e2c0a80333798ad8db23cb49b5,铜陵市人民医院,药临床机构备字2022000190,filed,confirmed_against_filing_snapshot,,deferred_not_required_for_identity,0,"[{""hospital_id"": ""cnha-cfdi-da1d66e2c0a80333798ad8db23cb49b5"", ""official_name"": ""铜陵市人民医院"", ""candidate_alias"": ""The People's Hospital Tongling"", ""source_url"": ""https://ror.org/01pbexw16"", ""status"": ""review_required"", ""reason"": ""Reference-only name; not approved for resolution""}]",False,https://beian.cfdi.org.cn/CTMDS/pub/PUB010100.do?method=handle06&curPage=13&pageSize=100,2026-09-05,"Snapshot identity only; not all aliases, trial participation or current eligibility"
cnha-cfdi-da258dd8c0a803336deabb9e583ced9d,温岭市第一人民医院,药临床机构备字2020000952,filed,confirmed_against_filing_snapshot,,deferred_not_required_for_identity,0,"[{""hospital_id"": ""cnha-cfdi-da258dd8c0a803336deabb9e583ced9d"", ""official_name"": ""温岭市第一人民医院"", ""candidate_alias"": ""The First People's Hospital of Wenling"", ""source_url"": ""https://ror.org/04e3jvd14"", ""status"": ""review_required"", ""reason"": ""Reference-only name; not approved for resolution""}]",False,https://beian.cfdi.org.cn/CTMDS/pub/PUB010100.do?method=handle06&curPage=10&pageSize=100,2026-09-05,"Snapshot identity only; not all aliases, trial participation or current eligibility"
cnha-cfdi-da272a35c0a803332febf79f0f7aa85b,固原市人民医院,药临床机构备字2025000061,filed,confirmed_against_filing_snapshot,,deferred_not_required_for_identity,0,[],False,https://beian.cfdi.org.cn/CTMDS/pub/PUB010100.do?method=handle06&curPage=18&pageSize=100,2026-09-05,"Snapshot identity only; not all aliases, trial participation or current eligibility"
cnha-cfdi-da320c5ac0a803333c84c64870c7d70c,阜外华中心血管病医院,药临床机构备字2020000925,filed,confirmed_against_filing_snapshot,,deferred_not_required_for_identity,0,[],False,https://beian.cfdi.org.cn/CTMDS/pub/PUB010100.do?method=handle06&curPage=10&pageSize=100,2026-09-05,"Snapshot identity only; not all aliases, trial participation or current eligibility"
cnha-cfdi-da367d99c0a8033314216e98f1538f1e,石河子大学第一附属医院,药临床机构备字2020000140,filed,confirmed_against_filing_snapshot,,deferred_not_required_for_identity,0,[],False,https://beian.cfdi.org.cn/CTMDS/pub/PUB010100.do?method=handle06&curPage=3&pageSize=100,2026-09-05,"Snapshot identity only; not all aliases, trial participation or current eligibility"
cnha-cfdi-da432e13c0a8033315bcce698f7aa3bd,重庆市妇幼保健院,药临床机构备字2021000022,filed,confirmed_against_filing_snapshot,,deferred_not_required_for_identity,0,[],False,https://beian.cfdi.org.cn/CTMDS/pub/PUB010100.do?method=handle06&curPage=10&pageSize=100,2026-09-05,"Snapshot identity only; not all aliases, trial participation or current eligibility"
cnha-cfdi-da50e69ac0a8033314c4be56ac99fa22,中国医科大学附属盛京医院,药临床机构备字2020000525,filed,confirmed_against_filing_snapshot,Shengjing Hospital of China Medical University,source_reviewed,1,"[{""hospital_id"": ""cnha-cfdi-da50e69ac0a8033314c4be56ac99fa22"", ""official_name"": ""中国医科大学附属盛京医院"", ""candidate_alias"": ""Sheng Jing Hospital"", ""source_url"": ""https://ror.org/0202bj006"", ""status"": ""review_required"", ""reason"": ""Reference-only name; not approved for resolution""}]",False,https://beian.cfdi.org.cn/CTMDS/pub/PUB010100.do?method=handle06&curPage=6&pageSize=100,2026-09-05,"Snapshot identity only; not all aliases, trial participation or current eligibility"
cnha-cfdi-da6bf573c0a803336e4090407258733a,株洲恺德心血管病医院,药临床机构备字2024000235,filed,confirmed_against_filing_snapshot,,deferred_not_required_for_identity,0,[],False,https://beian.cfdi.org.cn/CTMDS/pub/PUB010100.do?method=handle06&curPage=17&pageSize=100,2026-09-05,"Snapshot identity only; not all aliases, trial participation or current eligibility"
cnha-cfdi-da7523dfc0a8033303aa70849449d0cf,深圳大学附属华南医院,药临床机构备字2023000218,filed,confirmed_against_filing_snapshot,,deferred_not_required_for_identity,0,[],False,https://beian.cfdi.org.cn/CTMDS/pub/PUB010100.do?method=handle06&curPage=15&pageSize=100,2026-09-05,"Snapshot identity only; not all aliases, trial participation or current eligibility"
cnha-cfdi-da86a7f0c0a8033352d78560f6e63048,萍乡市妇幼保健院,药临床机构备字2020000630,filed,confirmed_against_filing_snapshot,,deferred_not_required_for_identity,0,[],False,https://beian.cfdi.org.cn/CTMDS/pub/PUB010100.do?method=handle06&curPage=7&pageSize=100,2026-09-05,"Snapshot identity only; not all aliases, trial participation or current eligibility"
cnha-cfdi-da8d2356c0a8033374f134f664a4a4d0,武陟县中医院,药临床机构备字2024000173,filed,confirmed_against_filing_snapshot,,deferred_not_required_for_identity,0,[],False,https://beian.cfdi.org.cn/CTMDS/pub/PUB010100.do?method=handle06&curPage=16&pageSize=100,2026-09-05,"Snapshot identity only; not all aliases, trial participation or current eligibility"
cnha-cfdi-da9faeb9c0a803333b78f0b55d038802,新疆生产建设兵团第一师医院,药临床机构备字2023000186,filed,confirmed_against_filing_snapshot,,deferred_not_required_for_identity,0,[],False,https://beian.cfdi.org.cn/CTMDS/pub/PUB010100.do?method=handle06&curPage=14&pageSize=100,2026-09-05,"Snapshot identity only; not all aliases, trial participation or current eligibility"
cnha-cfdi-dac651f9c0a8033306f8c466867e4477,中国医学科学院阜外医院,药临床机构备字2020000085,filed,confirmed_against_filing_snapshot,,deferred_not_required_for_identity,1,"[{""hospital_id"": ""cnha-cfdi-dac651f9c0a8033306f8c466867e4477"", ""official_name"": ""中国医学科学院阜外医院"", ""candidate_alias"": ""Fu Wai Hospital"", ""source_url"": ""https://ror.org/0590dnz19"", ""status"": ""review_required"", ""reason"": ""Reference-only name; not approved for resolution""}]",False,https://beian.cfdi.org.cn/CTMDS/pub/PUB010100.do?method=handle06&curPage=2&pageSize=100,2026-09-05,"Snapshot identity only; not all aliases, trial participation or current eligibility"
cnha-cfdi-dad5103fc0a8033367adbea3af23aa32,和田地区维吾尔医医院,药临床机构备字2021000084,filed,confirmed_against_filing_snapshot,,deferred_not_required_for_identity,0,[],False,https://beian.cfdi.org.cn/CTMDS/pub/PUB010100.do?method=handle06&curPage=11&pageSize=100,2026-09-05,"Snapshot identity only; not all aliases, trial participation or current eligibility"
cnha-cfdi-dadcadc6c0a80333213def464ae2bd85,丰县人民医院,药临床机构备字2023000100,filed,confirmed_against_filing_snapshot,,deferred_not_required_for_identity,0,[],False,https://beian.cfdi.org.cn/CTMDS/pub/PUB010100.do?method=handle06&curPage=14&pageSize=100,2026-09-05,"Snapshot identity only; not all aliases, trial participation or current eligibility"
cnha-cfdi-daf80563c0a803336eab36c33beddc96,上海中医药大学附属岳阳中西医结合医院,药临床机构备字2020000494,filed,confirmed_against_filing_snapshot,,deferred_not_required_for_identity,0,"[{""hospital_id"": ""cnha-cfdi-daf80563c0a803336eab36c33beddc96"", ""official_name"": ""上海中医药大学附属岳阳中西医结合医院"", ""candidate_alias"": ""Yueyang Hospital"", ""source_url"": ""https://ror.org/03yd12021"", ""status"": ""review_required"", ""reason"": ""Reference-only name; not approved for resolution""}]",False,https://beian.cfdi.org.cn/CTMDS/pub/PUB010100.do?method=handle06&curPage=6&pageSize=100,2026-09-05,"Snapshot identity only; not all aliases, trial participation or current eligibility"
cnha-cfdi-db14c9dac0a803330de3e9f495fdb997,深圳市康宁医院,药临床机构备字2020000608,filed,confirmed_against_filing_snapshot,,deferred_not_required_for_identity,1,"[{""hospital_id"": ""cnha-cfdi-db14c9dac0a803330de3e9f495fdb997"", ""official_name"": ""深圳市康宁医院"", ""candidate_alias"": ""Shenzhen KangNing Hospital"", ""source_url"": ""https://ror.org/02skpkw64"", ""status"": ""review_required"", ""reason"": ""Reference-only name; not approved for resolution""}]",False,https://beian.cfdi.org.cn/CTMDS/pub/PUB010100.do?method=handle06&curPage=7&pageSize=100,2026-09-05,"Snapshot identity only; not all aliases, trial participation or current eligibility"
cnha-cfdi-db2f07fbc0a803330c55315b2f266279,太原市中心医院,药临床机构备字2023000074,filed,confirmed_against_filing_snapshot,,deferred_not_required_for_identity,0,"[{""hospital_id"": ""cnha-cfdi-db2f07fbc0a803330c55315b2f266279"", ""official_name"": ""太原市中心医院"", ""candidate_alias"": ""Taiyuan Central Hospital"", ""source_url"": ""https://ror.org/040f10867"", ""status"": ""review_required"", ""reason"": ""Reference-only name; not approved for resolution""}]",False,https://beian.cfdi.org.cn/CTMDS/pub/PUB010100.do?method=handle06&curPage=14&pageSize=100,2026-09-05,"Snapshot identity only; not all aliases, trial participation or current eligibility"
cnha-cfdi-db373e4bc0a8033358aa9e0c82bd6c96,首都医科大学附属北京安贞医院南充医院 (南充市中心医院),药临床机构备字2020000274,filed,confirmed_against_filing_snapshot,,deferred_not_required_for_identity,2,"[{""hospital_id"": ""cnha-cfdi-db373e4bc0a8033358aa9e0c82bd6c96"", ""official_name"": ""首都医科大学附属北京安贞医院南充医院 (南充市中心医院)"", ""candidate_alias"": ""Kawakita Hospital"", ""source_url"": ""https://ror.org/05n50qc07"", ""status"": ""review_required"", ""reason"": ""Reference-only name; not approved for resolution""}, {""hospital_id"": ""cnha-cfdi-db373e4bc0a8033358aa9e0c82bd6c96"", ""official_name"": ""首都医科大学附属北京安贞医院南充医院 (南充市中心医院)"", ""candidate_alias"": ""Nanchong Central Hospital"", ""source_url"": ""https://ror.org/05n50qc07"", ""status"": ""review_required"", ""reason"": ""Reference-only name; not approved for resolution""}]",False,https://beian.cfdi.org.cn/CTMDS/pub/PUB010100.do?method=handle06&curPage=4&pageSize=100,2026-09-05,"Snapshot identity only; not all aliases, trial participation or current eligibility"
cnha-cfdi-db58c45dc0a803331a05b9743e800843,南京市江宁医院,药临床机构备字2020000741,filed,confirmed_against_filing_snapshot,,deferred_not_required_for_identity,0,[],False,https://beian.cfdi.org.cn/CTMDS/pub/PUB010100.do?method=handle06&curPage=8&pageSize=100,2026-09-05,"Snapshot identity only; not all aliases, trial participation or current eligibility"
cnha-cfdi-db5c4b7ec0a80333477f440d3257d8fe,广州医科大学附属肿瘤医院,药临床机构备字2020000305,filed,confirmed_against_filing_snapshot,,deferred_not_required_for_identity,0,"[{""hospital_id"": ""cnha-cfdi-db5c4b7ec0a80333477f440d3257d8fe"", ""official_name"": ""广州医科大学附属肿瘤医院"", ""candidate_alias"": ""Guangzhou Medical University Cancer Hospital"", ""source_url"": ""https://ror.org/046c18a90"", ""status"": ""review_required"", ""reason"": ""Reference-only name; not approved for resolution""}, {""hospital_id"": ""cnha-cfdi-db5c4b7ec0a80333477f440d3257d8fe"", ""official_name"": ""广州医科大学附属肿瘤医院"", ""candidate_alias"": ""Guangzhou Tumor Hospital"", ""source_url"": ""https://ror.org/046c18a90"", ""status"": ""review_required"", ""reason"": ""Reference-only name; not approved for resolution""}]",False,https://beian.cfdi.org.cn/CTMDS/pub/PUB010100.do?method=handle06&curPage=4&pageSize=100,2026-09-05,"Snapshot identity only; not all aliases, trial participation or current eligibility"
cnha-cfdi-dbaf9dffc0a803333be92ad0e6ad097b,西安市精神卫生中心,药临床机构备字2020000504,filed,confirmed_against_filing_snapshot,,deferred_not_required_for_identity,0,[],False,https://beian.cfdi.org.cn/CTMDS/pub/PUB010100.do?method=handle06&curPage=6&pageSize=100,2026-09-05,"Snapshot identity only; not all aliases, trial participation or current eligibility"
cnha-cfdi-dbdac7e2c0a8033352b464bc8c877030,建湖县人民医院,药临床机构备字2023000226,filed,confirmed_against_filing_snapshot,,deferred_not_required_for_identity,0,[],False,https://beian.cfdi.org.cn/CTMDS/pub/PUB010100.do?method=handle06&curPage=15&pageSize=100,2026-09-05,"Snapshot identity only; not all aliases, trial participation or current eligibility"
cnha-cfdi-dbe03936c0a803334a4723ef320fc92a,山东省公共卫生临床中心,药临床机构备字2020000330,filed,confirmed_against_filing_snapshot,,deferred_not_required_for_identity,0,[],False,https://beian.cfdi.org.cn/CTMDS/pub/PUB010100.do?method=handle06&curPage=4&pageSize=100,2026-09-05,"Snapshot identity only; not all aliases, trial participation or current eligibility"
cnha-cfdi-dbe9ee89c0a803335a2a97414e8e3d41,北京市密云区医院,药临床机构备字2020000756,filed,confirmed_against_filing_snapshot,,deferred_not_required_for_identity,0,[],False,https://beian.cfdi.org.cn/CTMDS/pub/PUB010100.do?method=handle06&curPage=8&pageSize=100,2026-09-05,"Snapshot identity only; not all aliases, trial participation or current eligibility"
cnha-cfdi-dbf4ce35c0a8033350efbd7c1b619370,贵阳市公共卫生救治中心,药临床机构备字2024000058,filed,confirmed_against_filing_snapshot,,deferred_not_required_for_identity,0,[],False,https://beian.cfdi.org.cn/CTMDS/pub/PUB010100.do?method=handle06&curPage=16&pageSize=100,2026-09-05,"Snapshot identity only; not all aliases, trial participation or current eligibility"
cnha-cfdi-dc031e4cc0a80333454fcecf2f18a4ba,武汉市肺科医院（武汉市结核病防治所）,药临床机构备字2019000077,filed,confirmed_against_filing_snapshot,,deferred_not_required_for_identity,0,[],False,https://beian.cfdi.org.cn/CTMDS/pub/PUB010100.do?method=handle06&curPage=1&pageSize=100,2026-09-05,"Snapshot identity only; not all aliases, trial participation or current eligibility"
cnha-cfdi-dd085ae5c0a803330d11d4fefa6ea911,天津医科大学总医院空港医院,药临床机构备字2025000076,filed,confirmed_against_filing_snapshot,,deferred_not_required_for_identity,0,[],False,https://beian.cfdi.org.cn/CTMDS/pub/PUB010100.do?method=handle06&curPage=18&pageSize=100,2026-09-05,"Snapshot identity only; not all aliases, trial participation or current eligibility"
cnha-cfdi-dd2e8749c0a8033300b9f3d63a5ac1e4,惠州市第一人民医院,药临床机构备字2022000096,filed,confirmed_against_filing_snapshot,,deferred_not_required_for_identity,0,[],False,https://beian.cfdi.org.cn/CTMDS/pub/PUB010100.do?method=handle06&curPage=12&pageSize=100,2026-09-05,"Snapshot identity only; not all aliases, trial participation or current eligibility"
cnha-cfdi-dd351874c0a803335d8f1ac23e74e4ae,北京市垂杨柳医院,药临床机构备字2021000035,filed,confirmed_against_filing_snapshot,,deferred_not_required_for_identity,0,"[{""hospital_id"": ""cnha-cfdi-dd351874c0a803335d8f1ac23e74e4ae"", ""official_name"": ""北京市垂杨柳医院"", ""candidate_alias"": ""Beijing Chuiyangliu Hospital"", ""source_url"": ""https://ror.org/04ky9n739"", ""status"": ""review_required"", ""reason"": ""Reference-only name; not approved for resolution""}, {""hospital_id"": ""cnha-cfdi-dd351874c0a803335d8f1ac23e74e4ae"", ""official_name"": ""北京市垂杨柳医院"", ""candidate_alias"": ""Beijing Minimally Invasive Hospital"", ""source_url"": ""https://ror.org/04ky9n739"", ""status"": ""review_required"", ""reason"": ""Reference-only name; not approved for resolution""}]",False,https://beian.cfdi.org.cn/CTMDS/pub/PUB010100.do?method=handle06&curPage=11&pageSize=100,2026-09-05,"Snapshot identity only; not all aliases, trial participation or current eligibility"
cnha-cfdi-ddb503ffc0a803331ecfd1160dfd4b02,四川大学华西口腔医院,药临床机构备字2020000597,filed,confirmed_against_filing_snapshot,,deferred_not_required_for_identity,0,[],False,https://beian.cfdi.org.cn/CTMDS/pub/PUB010100.do?method=handle06&curPage=7&pageSize=100,2026-09-05,"Snapshot identity only; not all aliases, trial participation or current eligibility"
cnha-cfdi-ddfa3ea4c0a8033360ae7232a1a3e9ed,常州市武进中医医院,药临床机构备字2025000163,filed,confirmed_against_filing_snapshot,,deferred_not_required_for_identity,0,[],False,https://beian.cfdi.org.cn/CTMDS/pub/PUB010100.do?method=handle06&curPage=18&pageSize=100,2026-09-05,"Snapshot identity only; not all aliases, trial participation or current eligibility"
cnha-cfdi-de01be31c0a80333310d3dcae14a93ba,朝阳市中心医院,药临床机构备字2022000145,filed,confirmed_against_filing_snapshot,,deferred_not_required_for_identity,0,[],False,https://beian.cfdi.org.cn/CTMDS/pub/PUB010100.do?method=handle06&curPage=13&pageSize=100,2026-09-05,"Snapshot identity only; not all aliases, trial participation or current eligibility"
cnha-cfdi-de0a1db2c0a803334528fc0ab9427ecd,成都市郫都区人民医院药物临床试验机构,药临床机构备字2020000938,filed,confirmed_against_filing_snapshot,,deferred_not_required_for_identity,0,[],False,https://beian.cfdi.org.cn/CTMDS/pub/PUB010100.do?method=handle06&curPage=10&pageSize=100,2026-09-05,"Snapshot identity only; not all aliases, trial participation or current eligibility"
cnha-cfdi-de1e85dcc0a803336c14a49e2d20d39c,丽水市第二人民医院,药临床机构备字2023000191,filed,confirmed_against_filing_snapshot,,deferred_not_required_for_identity,0,[],False,https://beian.cfdi.org.cn/CTMDS/pub/PUB010100.do?method=handle06&curPage=14&pageSize=100,2026-09-05,"Snapshot identity only; not all aliases, trial participation or current eligibility"
cnha-cfdi-de4cf961c0a8033321f07322a56b6b39,杭州市西溪医院,药临床机构备字2020000878,filed,confirmed_against_filing_snapshot,,deferred_not_required_for_identity,0,[],False,https://beian.cfdi.org.cn/CTMDS/pub/PUB010100.do?method=handle06&curPage=9&pageSize=100,2026-09-05,"Snapshot identity only; not all aliases, trial participation or current eligibility"
cnha-cfdi-de5918e6c0a8033347feea84990dbcb7,罗山县人民医院,药临床机构备字2023000140,filed,confirmed_against_filing_snapshot,,deferred_not_required_for_identity,0,[],False,https://beian.cfdi.org.cn/CTMDS/pub/PUB010100.do?method=handle06&curPage=14&pageSize=100,2026-09-05,"Snapshot identity only; not all aliases, trial participation or current eligibility"
cnha-cfdi-de636a50c0a8033301477695887a4189,舟山市普陀区人民医院,药临床机构备字2025000044,filed,confirmed_against_filing_snapshot,,deferred_not_required_for_identity,0,[],False,https://beian.cfdi.org.cn/CTMDS/pub/PUB010100.do?method=handle06&curPage=17&pageSize=100,2026-09-05,"Snapshot identity only; not all aliases, trial participation or current eligibility"
cnha-cfdi-de749a6ec0a803331adc6248dc9b69c6,聊城市传染病医院        聊城市肿瘤防治院,药临床机构备字2024000262,filed,confirmed_against_filing_snapshot,,deferred_not_required_for_identity,0,[],False,https://beian.cfdi.org.cn/CTMDS/pub/PUB010100.do?method=handle06&curPage=17&pageSize=100,2026-09-05,"Snapshot identity only; not all aliases, trial participation or current eligibility"
cnha-cfdi-de7a0448c0a803334ba7eda4f2f9d98d,开远市人民医院,药临床机构备字2025000173,filed,confirmed_against_filing_snapshot,,deferred_not_required_for_identity,0,[],False,https://beian.cfdi.org.cn/CTMDS/pub/PUB010100.do?method=handle06&curPage=18&pageSize=100,2026-09-05,"Snapshot identity only; not all aliases, trial participation or current eligibility"
cnha-cfdi-de958f66c0a8033350ebfdac50de448a,湖南中医药高等专科学校附属第一医院（湖南省直中医医院）,药临床机构备字2020000126,filed,confirmed_against_filing_snapshot,,deferred_not_required_for_identity,2,[],False,https://beian.cfdi.org.cn/CTMDS/pub/PUB010100.do?method=handle06&curPage=2&pageSize=100,2026-09-05,"Snapshot identity only; not all aliases, trial participation or current eligibility"
cnha-cfdi-de9fa41fc0a8033364c673380f8ecca0,空军军医大学第三附属医院（第四军医大学口腔医院）,药临床机构备字2020000677,filed,confirmed_against_filing_snapshot,,deferred_not_required_for_identity,2,[],False,https://beian.cfdi.org.cn/CTMDS/pub/PUB010100.do?method=handle06&curPage=7&pageSize=100,2026-09-05,"Snapshot identity only; not all aliases, trial participation or current eligibility"
cnha-cfdi-dea693bdc0a8033373572a6d33b80f01,北京京都儿童医院有限公司,药临床机构备字2024000205,filed,confirmed_against_filing_snapshot,,deferred_not_required_for_identity,0,[],False,https://beian.cfdi.org.cn/CTMDS/pub/PUB010100.do?method=handle06&curPage=17&pageSize=100,2026-09-05,"Snapshot identity only; not all aliases, trial participation or current eligibility"
cnha-cfdi-df251cd8c0a80333691c16b2ccd02981,滨州市中心医院,药临床机构备字2025000177,filed,confirmed_against_filing_snapshot,,deferred_not_required_for_identity,0,[],False,https://beian.cfdi.org.cn/CTMDS/pub/PUB010100.do?method=handle06&curPage=18&pageSize=100,2026-09-05,"Snapshot identity only; not all aliases, trial participation or current eligibility"
cnha-cfdi-df4299eac0a803333ed5c26fd656b081,文山市人民医院,药临床机构备字2025000040,filed,confirmed_against_filing_snapshot,,deferred_not_required_for_identity,0,[],False,https://beian.cfdi.org.cn/CTMDS/pub/PUB010100.do?method=handle06&curPage=17&pageSize=100,2026-09-05,"Snapshot identity only; not all aliases, trial participation or current eligibility"
cnha-cfdi-df515351c0a8033327e59e8048941b97,中一东北国际医院有限公司,药临床机构备字2021000096,filed,confirmed_against_filing_snapshot,,deferred_not_required_for_identity,0,[],False,https://beian.cfdi.org.cn/CTMDS/pub/PUB010100.do?method=handle06&curPage=11&pageSize=100,2026-09-05,"Snapshot identity only; not all aliases, trial participation or current eligibility"
cnha-cfdi-df5a9033c0a803330726266374b0b136,内蒙古包钢医院,药临床机构备字2020000414,filed,confirmed_against_filing_snapshot,,deferred_not_required_for_identity,0,[],False,https://beian.cfdi.org.cn/CTMDS/pub/PUB010100.do?method=handle06&curPage=5&pageSize=100,2026-09-05,"Snapshot identity only; not all aliases, trial participation or current eligibility"
cnha-cfdi-df61bc9fc0a803332379cb2dba00a10a,泰兴市人民医院,药临床机构备字2026000045,filed,confirmed_against_filing_snapshot,,deferred_not_required_for_identity,0,[],False,https://beian.cfdi.org.cn/CTMDS/pub/PUB010100.do?method=handle06&curPage=20&pageSize=100,2026-09-05,"Snapshot identity only; not all aliases, trial participation or current eligibility"
cnha-cfdi-df6d6a05c0a803330e1cf3bf096633f7,淮安市第三人民医院,药临床机构备字2024000142,filed,confirmed_against_filing_snapshot,,deferred_not_required_for_identity,0,[],False,https://beian.cfdi.org.cn/CTMDS/pub/PUB010100.do?method=handle06&curPage=16&pageSize=100,2026-09-05,"Snapshot identity only; not all aliases, trial participation or current eligibility"
cnha-cfdi-df73ed59c0a803334aafbe6ab76fc10e,十堰市人民医院,药临床机构备字2020000356,filed,confirmed_against_filing_snapshot,,deferred_not_required_for_identity,0,"[{""hospital_id"": ""cnha-cfdi-df73ed59c0a803334aafbe6ab76fc10e"", ""official_name"": ""十堰市人民医院"", ""candidate_alias"": ""People's Hospital of Shiyan"", ""source_url"": ""https://ror.org/02t268r72"", ""status"": ""review_required"", ""reason"": ""Reference-only name; not approved for resolution""}]",False,https://beian.cfdi.org.cn/CTMDS/pub/PUB010100.do?method=handle06&curPage=5&pageSize=100,2026-09-05,"Snapshot identity only; not all aliases, trial participation or current eligibility"
cnha-cfdi-df7601a3c0a8033322085f95bb51ceae,广西科技大学第一附属医院药物临床试验机构,药临床机构备字2023000023,filed,confirmed_against_filing_snapshot,,deferred_not_required_for_identity,0,[],False,https://beian.cfdi.org.cn/CTMDS/pub/PUB010100.do?method=handle06&curPage=13&pageSize=100,2026-09-05,"Snapshot identity only; not all aliases, trial participation or current eligibility"
cnha-cfdi-df76e03ec0a80333055eee200850aa5a,天津市中心妇产科医院,药临床机构备字2020000386,filed,confirmed_against_filing_snapshot,,deferred_not_required_for_identity,0,"[{""hospital_id"": ""cnha-cfdi-df76e03ec0a80333055eee200850aa5a"", ""official_name"": ""天津市中心妇产科医院"", ""candidate_alias"": ""Tianjin Central Hospital of Gynecology Obstetrics"", ""source_url"": ""https://ror.org/02ke5vh78"", ""status"": ""review_required"", ""reason"": ""Reference-only name; not approved for resolution""}]",False,https://beian.cfdi.org.cn/CTMDS/pub/PUB010100.do?method=handle06&curPage=5&pageSize=100,2026-09-05,"Snapshot identity only; not all aliases, trial participation or current eligibility"
cnha-cfdi-df7a4739c0a80333547166f70d4c8369,深圳市龙岗区妇幼保健院,药临床机构备字2023000292,filed,confirmed_against_filing_snapshot,,deferred_not_required_for_identity,0,[],False,https://beian.cfdi.org.cn/CTMDS/pub/PUB010100.do?method=handle06&curPage=15&pageSize=100,2026-09-05,"Snapshot identity only; not all aliases, trial participation or current eligibility"
cnha-cfdi-df95984ec0a8033354635b7a497c728f,鸡西鸡矿医院,药临床机构备字2024000085,filed,confirmed_against_filing_snapshot,,deferred_not_required_for_identity,0,[],False,https://beian.cfdi.org.cn/CTMDS/pub/PUB010100.do?method=handle06&curPage=16&pageSize=100,2026-09-05,"Snapshot identity only; not all aliases, trial participation or current eligibility"
cnha-cfdi-dfb4b314c0a8033338e4b1be015bb915,福建省妇幼保健院（福建省妇儿医院）,药临床机构备字2024000175,filed,confirmed_against_filing_snapshot,,deferred_not_required_for_identity,2,[],False,https://beian.cfdi.org.cn/CTMDS/pub/PUB010100.do?method=handle06&curPage=16&pageSize=100,2026-09-05,"Snapshot identity only; not all aliases, trial participation or current eligibility"
cnha-cfdi-dfbdfe2ac0a803335632ac9255dc62eb,大同市第五人民医院,药临床机构备字2020000337,filed,confirmed_against_filing_snapshot,,deferred_not_required_for_identity,0,[],False,https://beian.cfdi.org.cn/CTMDS/pub/PUB010100.do?method=handle06&curPage=4&pageSize=100,2026-09-05,"Snapshot identity only; not all aliases, trial participation or current eligibility"
cnha-cfdi-dfcf08eec0a80333378d951bc2fe4007,贵州医科大学第二附属医院,药临床机构备字2020000631,filed,confirmed_against_filing_snapshot,,deferred_not_required_for_identity,0,[],False,https://beian.cfdi.org.cn/CTMDS/pub/PUB010100.do?method=handle06&curPage=7&pageSize=100,2026-09-05,"Snapshot identity only; not all aliases, trial participation or current eligibility"
cnha-cfdi-e002314ec0a803332e1312a093879af3,江西省全南县人民医院,药临床机构备字2021000047,filed,confirmed_against_filing_snapshot,,deferred_not_required_for_identity,0,[],False,https://beian.cfdi.org.cn/CTMDS/pub/PUB010100.do?method=handle06&curPage=11&pageSize=100,2026-09-05,"Snapshot identity only; not all aliases, trial participation or current eligibility"
cnha-cfdi-e01bf5ddc0a8033356574d96eeca65cf,中国人民解放军总医院海南医院,药临床机构备字2024000078,filed,confirmed_against_filing_snapshot,,deferred_not_required_for_identity,0,[],False,https://beian.cfdi.org.cn/CTMDS/pub/PUB010100.do?method=handle06&curPage=16&pageSize=100,2026-09-05,"Snapshot identity only; not all aliases, trial participation or current eligibility"
cnha-cfdi-e30ce946c0a8033351ee8f7c92fb0378,山东第一医科大学附属皮肤病医院（山东省皮肤病性病防治研究所，山东省皮肤病医院）,药临床机构备字2020000138,filed,confirmed_against_filing_snapshot,,deferred_not_required_for_identity,2,"[{""hospital_id"": ""cnha-cfdi-e30ce946c0a8033351ee8f7c92fb0378"", ""official_name"": ""山东第一医科大学附属皮肤病医院（山东省皮肤病性病防治研究所，山东省皮肤病医院）"", ""candidate_alias"": ""山东省皮肤病性病防治研究所"", ""source_url"": ""https://beian.cfdi.org.cn/CTMDS/pub/PUB010100.do?method=handle06&curPage=3&pageSize=100"", ""status"": ""review_required"", ""reason"": ""Reference-only name; not approved for resolution""}]",False,https://beian.cfdi.org.cn/CTMDS/pub/PUB010100.do?method=handle06&curPage=3&pageSize=100,2026-09-05,"Snapshot identity only; not all aliases, trial participation or current eligibility"
cnha-cfdi-e316dc10c0a803330c04ed74c08fb93d,中国中医科学院望京医院,药临床机构备字2020000841,filed,confirmed_against_filing_snapshot,,deferred_not_required_for_identity,0,"[{""hospital_id"": ""cnha-cfdi-e316dc10c0a803330c04ed74c08fb93d"", ""official_name"": ""中国中医科学院望京医院"", ""candidate_alias"": ""Wangjing Hospital of China Academy of Chinese Medical Sciences"", ""source_url"": ""https://ror.org/02fn8j763"", ""status"": ""review_required"", ""reason"": ""Reference-only name; not approved for resolution""}]",False,https://beian.cfdi.org.cn/CTMDS/pub/PUB010100.do?method=handle06&curPage=9&pageSize=100,2026-09-05,"Snapshot identity only; not all aliases, trial participation or current eligibility"
cnha-cfdi-e33a217ec0a803336fd18726e3cdf63f,禹州市人民医院,药临床机构备字2024000158,filed,confirmed_against_filing_snapshot,,deferred_not_required_for_identity,0,[],False,https://beian.cfdi.org.cn/CTMDS/pub/PUB010100.do?method=handle06&curPage=16&pageSize=100,2026-09-05,"Snapshot identity only; not all aliases, trial participation or current eligibility"
cnha-cfdi-e35b4a08c0a803334d0fe89b56019ae5,内江市中医医院,药临床机构备字2022000114,filed,confirmed_against_filing_snapshot,,deferred_not_required_for_identity,0,[],False,https://beian.cfdi.org.cn/CTMDS/pub/PUB010100.do?method=handle06&curPage=12&pageSize=100,2026-09-05,"Snapshot identity only; not all aliases, trial participation or current eligibility"
cnha-cfdi-e35c27e8c0a80333096e90d79e71a107,海盐县人民医院,药临床机构备字2024000261,filed,confirmed_against_filing_snapshot,,deferred_not_required_for_identity,0,[],False,https://beian.cfdi.org.cn/CTMDS/pub/PUB010100.do?method=handle06&curPage=17&pageSize=100,2026-09-05,"Snapshot identity only; not all aliases, trial participation or current eligibility"
cnha-cfdi-e37175e1c0a8033354f4a8fb3c6c224d,吉林市化工医院,药临床机构备字2024000050,filed,confirmed_against_filing_snapshot,,deferred_not_required_for_identity,0,[],False,https://beian.cfdi.org.cn/CTMDS/pub/PUB010100.do?method=handle06&curPage=15&pageSize=100,2026-09-05,"Snapshot identity only; not all aliases, trial participation or current eligibility"
cnha-cfdi-e3730fefc0a803337beaebfc1fade7b1,河北梅奥心血管病医院,药临床机构备字2025000247,filed,confirmed_against_filing_snapshot,,deferred_not_required_for_identity,0,[],False,https://beian.cfdi.org.cn/CTMDS/pub/PUB010100.do?method=handle06&curPage=19&pageSize=100,2026-09-05,"Snapshot identity only; not all aliases, trial participation or current eligibility"
cnha-cfdi-e379134bc0a8033322e0ead36771814e,佛山市三水区人民医院,药临床机构备字2023000141,filed,confirmed_against_filing_snapshot,,deferred_not_required_for_identity,0,[],False,https://beian.cfdi.org.cn/CTMDS/pub/PUB010100.do?method=handle06&curPage=14&pageSize=100,2026-09-05,"Snapshot identity only; not all aliases, trial participation or current eligibility"
cnha-cfdi-e387839fc0a8033374675f0c23832e13,雅安市人民医院,药临床机构备字2025000123,filed,confirmed_against_filing_snapshot,,deferred_not_required_for_identity,0,[],False,https://beian.cfdi.org.cn/CTMDS/pub/PUB010100.do?method=handle06&curPage=18&pageSize=100,2026-09-05,"Snapshot identity only; not all aliases, trial participation or current eligibility"
cnha-cfdi-e3879be0c0a803330eb93cc8d069fb52,玉林市中西医结合骨科医院,药临床机构备字2023000264,filed,confirmed_against_filing_snapshot,,deferred_not_required_for_identity,0,[],False,https://beian.cfdi.org.cn/CTMDS/pub/PUB010100.do?method=handle06&curPage=15&pageSize=100,2026-09-05,"Snapshot identity only; not all aliases, trial participation or current eligibility"
cnha-cfdi-e38d31ebc0a8033326320b4de0f7f871,昆山市中医医院,药临床机构备字2021000028,filed,confirmed_against_filing_snapshot,,deferred_not_required_for_identity,0,[],False,https://beian.cfdi.org.cn/CTMDS/pub/PUB010100.do?method=handle06&curPage=10&pageSize=100,2026-09-05,"Snapshot identity only; not all aliases, trial participation or current eligibility"
cnha-cfdi-e39206e5c0a8033364ee8be53d29a179,上饶市广信区人民医院,药临床机构备字2023000018,filed,confirmed_against_filing_snapshot,,deferred_not_required_for_identity,0,[],False,https://beian.cfdi.org.cn/CTMDS/pub/PUB010100.do?method=handle06&curPage=13&pageSize=100,2026-09-05,"Snapshot identity only; not all aliases, trial participation or current eligibility"
cnha-cfdi-e3a194e6c0a803336fa05ab1e4f257ba,献县中医医院,药临床机构备字2024000250,filed,confirmed_against_filing_snapshot,,deferred_not_required_for_identity,0,[],False,https://beian.cfdi.org.cn/CTMDS/pub/PUB010100.do?method=handle06&curPage=17&pageSize=100,2026-09-05,"Snapshot identity only; not all aliases, trial participation or current eligibility"
cnha-cfdi-e3b932d0c0a803334733715a1cf6b8b7,涟水县人民医院,药临床机构备字2023000256,filed,confirmed_against_filing_snapshot,,deferred_not_required_for_identity,0,[],False,https://beian.cfdi.org.cn/CTMDS/pub/PUB010100.do?method=handle06&curPage=15&pageSize=100,2026-09-05,"Snapshot identity only; not all aliases, trial participation or current eligibility"
cnha-cfdi-e3fcc8a5c0a803333722534b69e96c42,罗定市人民医院,药临床机构备字2026000177,filed,confirmed_against_filing_snapshot,,deferred_not_required_for_identity,0,[],False,https://beian.cfdi.org.cn/CTMDS/pub/PUB010100.do?method=handle06&curPage=21&pageSize=100,2026-09-05,"Snapshot identity only; not all aliases, trial participation or current eligibility"
cnha-cfdi-e43eece1c0a8033301150e5193ed0c64,常熟市中医院（常熟市新区医院）,药临床机构备字2022000073,filed,confirmed_against_filing_snapshot,,deferred_not_required_for_identity,2,[],False,https://beian.cfdi.org.cn/CTMDS/pub/PUB010100.do?method=handle06&curPage=12&pageSize=100,2026-09-05,"Snapshot identity only; not all aliases, trial participation or current eligibility"
cnha-cfdi-e454752ac0a80333511c5756303148f2,上海嘉会国际医院,药临床机构备字2020000743,filed,confirmed_against_filing_snapshot,,deferred_not_required_for_identity,0,[],False,https://beian.cfdi.org.cn/CTMDS/pub/PUB010100.do?method=handle06&curPage=8&pageSize=100,2026-09-05,"Snapshot identity only; not all aliases, trial participation or current eligibility"
cnha-cfdi-e4716ea0c0a803335d1cb45653d46af7,厦门市第五医院,药临床机构备字2023000026,filed,confirmed_against_filing_snapshot,,deferred_not_required_for_identity,0,[],False,https://beian.cfdi.org.cn/CTMDS/pub/PUB010100.do?method=handle06&curPage=13&pageSize=100,2026-09-05,"Snapshot identity only; not all aliases, trial participation or current eligibility"
cnha-cfdi-e48d8e77c0a803336a2642dbb2c5f9c0,齐齐哈尔市中医医院,药临床机构备字2019000002,filed,confirmed_against_filing_snapshot,,deferred_not_required_for_identity,0,[],False,https://beian.cfdi.org.cn/CTMDS/pub/PUB010100.do?method=handle06&curPage=1&pageSize=100,2026-09-05,"Snapshot identity only; not all aliases, trial participation or current eligibility"
cnha-cfdi-e4b875c9c0a803337ebff76a357c57c5,广州中医药大学深圳医院（福田）,药临床机构备字2019000039,filed,confirmed_against_filing_snapshot,,deferred_not_required_for_identity,0,[],False,https://beian.cfdi.org.cn/CTMDS/pub/PUB010100.do?method=handle06&curPage=1&pageSize=100,2026-09-05,"Snapshot identity only; not all aliases, trial participation or current eligibility"
cnha-cfdi-e4b8fd40c0a803336b24475102ed1934,平顶山市第二人民医院,药临床机构备字2025000223,filed,confirmed_against_filing_snapshot,,deferred_not_required_for_identity,0,[],False,https://beian.cfdi.org.cn/CTMDS/pub/PUB010100.do?method=handle06&curPage=19&pageSize=100,2026-09-05,"Snapshot identity only; not all aliases, trial participation or current eligibility"
cnha-cfdi-e4c2299ec0a8033344cc6b10cb3c6b7f,江苏大学附属医院,药临床机构备字2020000767,filed,confirmed_against_filing_snapshot,,deferred_not_required_for_identity,1,"[{""hospital_id"": ""cnha-cfdi-e4c2299ec0a8033344cc6b10cb3c6b7f"", ""official_name"": ""江苏大学附属医院"", ""candidate_alias"": ""Affiliated Hospital of Jiangsu University"", ""source_url"": ""https://ror.org/028pgd321"", ""status"": ""review_required"", ""reason"": ""Reference-only name; not approved for resolution""}, {""hospital_id"": ""cnha-cfdi-e4c2299ec0a8033344cc6b10cb3c6b7f"", ""official_name"": ""江苏大学附属医院"", ""candidate_alias"": ""Zhenjiang Riverside Hospital"", ""source_url"": ""https://ror.org/028pgd321"", ""status"": ""review_required"", ""reason"": ""Reference-only name; not approved for resolution""}]",False,https://beian.cfdi.org.cn/CTMDS/pub/PUB010100.do?method=handle06&curPage=8&pageSize=100,2026-09-05,"Snapshot identity only; not all aliases, trial participation or current eligibility"
cnha-cfdi-e4cf79abc0a80333779ab9ac1711d143,临沂金锣医院,药临床机构备字2025000025,filed,confirmed_against_filing_snapshot,,deferred_not_required_for_identity,0,[],False,https://beian.cfdi.org.cn/CTMDS/pub/PUB010100.do?method=handle06&curPage=17&pageSize=100,2026-09-05,"Snapshot identity only; not all aliases, trial participation or current eligibility"
cnha-cfdi-e4d26a31c0a80333519b63b7c0409ac4,石门县中医医院,药临床机构备字2026000147,filed,confirmed_against_filing_snapshot,,deferred_not_required_for_identity,0,[],False,https://beian.cfdi.org.cn/CTMDS/pub/PUB010100.do?method=handle06&curPage=21&pageSize=100,2026-09-05,"Snapshot identity only; not all aliases, trial participation or current eligibility"
cnha-cfdi-e4d3ef4ec0a803331a59770d7508ca27,温州医科大学附属康宁医院,药临床机构备字2020000919,filed,confirmed_against_filing_snapshot,,deferred_not_required_for_identity,0,[],False,https://beian.cfdi.org.cn/CTMDS/pub/PUB010100.do?method=handle06&curPage=10&pageSize=100,2026-09-05,"Snapshot identity only; not all aliases, trial participation or current eligibility"
cnha-cfdi-e4d6ed53c0a802330656196a6089dd05,西藏自治区人民医院,药临床机构备字2021000073,filed,confirmed_against_filing_snapshot,,deferred_not_required_for_identity,0,"[{""hospital_id"": ""cnha-cfdi-e4d6ed53c0a802330656196a6089dd05"", ""official_name"": ""西藏自治区人民医院"", ""candidate_alias"": ""Tibet Autonomous Region People's Hospital"", ""source_url"": ""https://ror.org/0476td389"", ""status"": ""review_required"", ""reason"": ""Reference-only name; not approved for resolution""}]",False,https://beian.cfdi.org.cn/CTMDS/pub/PUB010100.do?method=handle06&curPage=11&pageSize=100,2026-09-05,"Snapshot identity only; not all aliases, trial participation or current eligibility"
cnha-cfdi-e4f2dcb1c0a803332837390648431ed7,上海市第五人民医院,药临床机构备字2020000301,filed,confirmed_against_filing_snapshot,"Shanghai Fifth People's Hospital, Fudan University",source_reviewed,1,[],False,https://beian.cfdi.org.cn/CTMDS/pub/PUB010100.do?method=handle06&curPage=4&pageSize=100,2026-09-05,"Snapshot identity only; not all aliases, trial participation or current eligibility"
cnha-cfdi-e514dac8c0a8033358ba3af5456945db,临汾市妇幼保健计划生育服务中心(临汾市妇幼保健院 儿童医院),药临床机构备字2023000260,filed,confirmed_against_filing_snapshot,,deferred_not_required_for_identity,1,"[{""hospital_id"": ""cnha-cfdi-e514dac8c0a8033358ba3af5456945db"", ""official_name"": ""临汾市妇幼保健计划生育服务中心(临汾市妇幼保健院 儿童医院)"", ""candidate_alias"": ""临汾市妇幼保健院 儿童医院"", ""source_url"": ""https://beian.cfdi.org.cn/CTMDS/pub/PUB010100.do?method=handle06&curPage=15&pageSize=100"", ""status"": ""review_required"", ""reason"": ""Reference-only name; not approved for resolution""}]",False,https://beian.cfdi.org.cn/CTMDS/pub/PUB010100.do?method=handle06&curPage=15&pageSize=100,2026-09-05,"Snapshot identity only; not all aliases, trial participation or current eligibility"
cnha-cfdi-e51797c0c0a80333003548798bde2511,佛山市第三人民医院(佛山市精神卫生中心),药临床机构备字2023000085,filed,confirmed_against_filing_snapshot,,deferred_not_required_for_identity,0,[],False,https://beian.cfdi.org.cn/CTMDS/pub/PUB010100.do?method=handle06&curPage=14&pageSize=100,2026-09-05,"Snapshot identity only; not all aliases, trial participation or current eligibility"
cnha-cfdi-e51f2df9c0a80333065e1fe5129c743f,太原钢铁（集团）有限公司总医院,药临床机构备字2020000837,filed,confirmed_against_filing_snapshot,,deferred_not_required_for_identity,0,[],False,https://beian.cfdi.org.cn/CTMDS/pub/PUB010100.do?method=handle06&curPage=9&pageSize=100,2026-09-05,"Snapshot identity only; not all aliases, trial participation or current eligibility"
cnha-cfdi-e55d1164c0a803332caf119f74778717,北京中医药大学深圳医院（龙岗）,药临床机构备字2022000194,filed,confirmed_against_filing_snapshot,,deferred_not_required_for_identity,0,[],False,https://beian.cfdi.org.cn/CTMDS/pub/PUB010100.do?method=handle06&curPage=13&pageSize=100,2026-09-05,"Snapshot identity only; not all aliases, trial participation or current eligibility"
cnha-cfdi-e56137d8c0a803332d614c688e71bb14,国药东风总医院,药临床机构备字2019000073,filed,confirmed_against_filing_snapshot,,deferred_not_required_for_identity,0,[],False,https://beian.cfdi.org.cn/CTMDS/pub/PUB010100.do?method=handle06&curPage=1&pageSize=100,2026-09-05,"Snapshot identity only; not all aliases, trial participation or current eligibility"
cnha-cfdi-e5ebc653c0a8033335b7e92a86ccd03c,鄂州市中心医院,药临床机构备字2020000205,filed,confirmed_against_filing_snapshot,,deferred_not_required_for_identity,0,"[{""hospital_id"": ""cnha-cfdi-e5ebc653c0a8033335b7e92a86ccd03c"", ""official_name"": ""鄂州市中心医院"", ""candidate_alias"": ""Ezhou Central Hospital"", ""source_url"": ""https://ror.org/00vx54857"", ""status"": ""review_required"", ""reason"": ""Reference-only name; not approved for resolution""}]",False,https://beian.cfdi.org.cn/CTMDS/pub/PUB010100.do?method=handle06&curPage=3&pageSize=100,2026-09-05,"Snapshot identity only; not all aliases, trial participation or current eligibility"
cnha-cfdi-e6c2a8f4c0a8023354e353c74a4249de,西安市第八医院,药临床机构备字2021000097,filed,confirmed_against_filing_snapshot,,deferred_not_required_for_identity,0,"[{""hospital_id"": ""cnha-cfdi-e6c2a8f4c0a8023354e353c74a4249de"", ""official_name"": ""西安市第八医院"", ""candidate_alias"": ""The Eighth Hospital of Xi'an"", ""source_url"": ""https://ror.org/0569p8y61"", ""status"": ""review_required"", ""reason"": ""Reference-only name; not approved for resolution""}]",False,https://beian.cfdi.org.cn/CTMDS/pub/PUB010100.do?method=handle06&curPage=11&pageSize=100,2026-09-05,"Snapshot identity only; not all aliases, trial participation or current eligibility"
cnha-cfdi-e78579ddc0a80333599440b836ad01c1,华容县人民医院,药临床机构备字2026000124,filed,confirmed_against_filing_snapshot,,deferred_not_required_for_identity,0,[],False,https://beian.cfdi.org.cn/CTMDS/pub/PUB010100.do?method=handle06&curPage=20&pageSize=100,2026-09-05,"Snapshot identity only; not all aliases, trial participation or current eligibility"
cnha-cfdi-e8556bb7c0a8033346bee4efd13a1607,佛山复星禅诚医院,药临床机构备字2020000253,filed,confirmed_against_filing_snapshot,,deferred_not_required_for_identity,0,[],False,https://beian.cfdi.org.cn/CTMDS/pub/PUB010100.do?method=handle06&curPage=4&pageSize=100,2026-09-05,"Snapshot identity only; not all aliases, trial participation or current eligibility"
cnha-cfdi-e878ca57c0a8033310152d25a7cf3bda,六安市中医院,药临床机构备字2020000982,filed,confirmed_against_filing_snapshot,,deferred_not_required_for_identity,0,[],False,https://beian.cfdi.org.cn/CTMDS/pub/PUB010100.do?method=handle06&curPage=10&pageSize=100,2026-09-05,"Snapshot identity only; not all aliases, trial participation or current eligibility"
cnha-cfdi-e88a7907c0a80333156ed9d27e725fd6,爱尔眼科医院集团股份有限公司长沙爱尔眼科医院,药临床机构备字2022000009,filed,confirmed_against_filing_snapshot,,deferred_not_required_for_identity,0,[],False,https://beian.cfdi.org.cn/CTMDS/pub/PUB010100.do?method=handle06&curPage=12&pageSize=100,2026-09-05,"Snapshot identity only; not all aliases, trial participation or current eligibility"
cnha-cfdi-e88ae334c0a8033326453ebae240d355,厦门市儿童医院（复旦大学附属儿科医院厦门医院）,药临床机构备字2023000287,filed,confirmed_against_filing_snapshot,,deferred_not_required_for_identity,2,[],False,https://beian.cfdi.org.cn/CTMDS/pub/PUB010100.do?method=handle06&curPage=15&pageSize=100,2026-09-05,"Snapshot identity only; not all aliases, trial participation or current eligibility"
cnha-cfdi-e891fd59c0a8033340bb9fc351b71bd8,郴州市第四人民医院临床试验机构,药临床机构备字2021000131,filed,confirmed_against_filing_snapshot,,deferred_not_required_for_identity,0,[],False,https://beian.cfdi.org.cn/CTMDS/pub/PUB010100.do?method=handle06&curPage=11&pageSize=100,2026-09-05,"Snapshot identity only; not all aliases, trial participation or current eligibility"
cnha-cfdi-e8936aabc0a8033375f39f115b8bc63b,河南省洛阳正骨医院（河南省骨科医院）,药临床机构备字2020000241,filed,confirmed_against_filing_snapshot,,deferred_not_required_for_identity,2,"[{""hospital_id"": ""cnha-cfdi-e8936aabc0a8033375f39f115b8bc63b"", ""official_name"": ""河南省洛阳正骨医院（河南省骨科医院）"", ""candidate_alias"": ""Henan Provincial Orthopedic Hospital"", ""source_url"": ""https://ror.org/05br7cm44"", ""status"": ""review_required"", ""reason"": ""Reference-only name; not approved for resolution""}, {""hospital_id"": ""cnha-cfdi-e8936aabc0a8033375f39f115b8bc63b"", ""official_name"": ""河南省洛阳正骨医院（河南省骨科医院）"", ""candidate_alias"": ""Luoyang Orthopedic-Traumatological Hospital of Henan Province"", ""source_url"": ""https://ror.org/05br7cm44"", ""status"": ""review_required"", ""reason"": ""Reference-only name; not approved for resolution""}]",False,https://beian.cfdi.org.cn/CTMDS/pub/PUB010100.do?method=handle06&curPage=4&pageSize=100,2026-09-05,"Snapshot identity only; not all aliases, trial participation or current eligibility"
cnha-cfdi-e8b76c17c0a8033318aeed79bbb140e0,无锡市第五人民医院,药临床机构备字2020000633,filed,confirmed_against_filing_snapshot,,deferred_not_required_for_identity,0,[],False,https://beian.cfdi.org.cn/CTMDS/pub/PUB010100.do?method=handle06&curPage=7&pageSize=100,2026-09-05,"Snapshot identity only; not all aliases, trial participation or current eligibility"
cnha-cfdi-e8bfa09ec0a8033330f2eac76664e23d,芜湖市第一人民医院,药临床机构备字2022000094,filed,confirmed_against_filing_snapshot,,deferred_not_required_for_identity,0,"[{""hospital_id"": ""cnha-cfdi-e8bfa09ec0a8033330f2eac76664e23d"", ""official_name"": ""芜湖市第一人民医院"", ""candidate_alias"": ""Wuhu No 1 People's Hospital"", ""source_url"": ""https://ror.org/02xae6c61"", ""status"": ""review_required"", ""reason"": ""Reference-only name; not approved for resolution""}]",False,https://beian.cfdi.org.cn/CTMDS/pub/PUB010100.do?method=handle06&curPage=12&pageSize=100,2026-09-05,"Snapshot identity only; not all aliases, trial participation or current eligibility"
cnha-cfdi-e8c2a0ffc0a80333791dbbe86b48d9f4,廊坊市人民医院,药临床机构备字2022000116,filed,confirmed_against_filing_snapshot,,deferred_not_required_for_identity,0,[],False,https://beian.cfdi.org.cn/CTMDS/pub/PUB010100.do?method=handle06&curPage=12&pageSize=100,2026-09-05,"Snapshot identity only; not all aliases, trial participation or current eligibility"
cnha-cfdi-e8ccdedac0a80333081c810ff9e6a0a7,遵义市第一人民医院,药临床机构备字2019000049,filed,confirmed_against_filing_snapshot,,deferred_not_required_for_identity,0,[],False,https://beian.cfdi.org.cn/CTMDS/pub/PUB010100.do?method=handle06&curPage=1&pageSize=100,2026-09-05,"Snapshot identity only; not all aliases, trial participation or current eligibility"
cnha-cfdi-e8e1c9c9c0a8033314ef6a3b830a4b6b,吉林省一汽总医院,药临床机构备字2020000374,filed,confirmed_against_filing_snapshot,,deferred_not_required_for_identity,0,[],False,https://beian.cfdi.org.cn/CTMDS/pub/PUB010100.do?method=handle06&curPage=5&pageSize=100,2026-09-05,"Snapshot identity only; not all aliases, trial participation or current eligibility"
cnha-cfdi-e8e38ba2c0a803335ed64828a63da809,清远市中医院,药临床机构备字2025000119,filed,confirmed_against_filing_snapshot,,deferred_not_required_for_identity,0,[],False,https://beian.cfdi.org.cn/CTMDS/pub/PUB010100.do?method=handle06&curPage=18&pageSize=100,2026-09-05,"Snapshot identity only; not all aliases, trial participation or current eligibility"
cnha-cfdi-e9028e6cc0a803331287aaec53f1e4fd,郑州市第九人民医院,药临床机构备字2023000207,filed,confirmed_against_filing_snapshot,,deferred_not_required_for_identity,0,[],False,https://beian.cfdi.org.cn/CTMDS/pub/PUB010100.do?method=handle06&curPage=15&pageSize=100,2026-09-05,"Snapshot identity only; not all aliases, trial participation or current eligibility"
cnha-cfdi-e903ea32c0a803334fa1757fca699236,乌鲁木齐市友谊医院,药临床机构备字2024000069,filed,confirmed_against_filing_snapshot,,deferred_not_required_for_identity,0,[],False,https://beian.cfdi.org.cn/CTMDS/pub/PUB010100.do?method=handle06&curPage=16&pageSize=100,2026-09-05,"Snapshot identity only; not all aliases, trial participation or current eligibility"
cnha-cfdi-e9274584c0a803330ef35b7d0e50d8cf,江南大学附属医院,药临床机构备字2020000477,filed,confirmed_against_filing_snapshot,,deferred_not_required_for_identity,0,[],False,https://beian.cfdi.org.cn/CTMDS/pub/PUB010100.do?method=handle06&curPage=6&pageSize=100,2026-09-05,"Snapshot identity only; not all aliases, trial participation or current eligibility"
cnha-cfdi-e93aa000c0a8033339ecec05415b3b53,上海市第一妇婴保健院,药临床机构备字2020000800,filed,confirmed_against_filing_snapshot,,deferred_not_required_for_identity,0,[],False,https://beian.cfdi.org.cn/CTMDS/pub/PUB010100.do?method=handle06&curPage=9&pageSize=100,2026-09-05,"Snapshot identity only; not all aliases, trial participation or current eligibility"
cnha-cfdi-e9603a52c0a803337902959920aa3a8d,汕头大学医学院第一附属医院,药临床机构备字2019000040,filed,confirmed_against_filing_snapshot,,deferred_not_required_for_identity,0,"[{""hospital_id"": ""cnha-cfdi-e9603a52c0a803337902959920aa3a8d"", ""official_name"": ""汕头大学医学院第一附属医院"", ""candidate_alias"": ""First Affiliated Hospital of Shantou University Medical College"", ""source_url"": ""https://ror.org/02bnz8785"", ""status"": ""review_required"", ""reason"": ""Reference-only name; not approved for resolution""}]",False,https://beian.cfdi.org.cn/CTMDS/pub/PUB010100.do?method=handle06&curPage=1&pageSize=100,2026-09-05,"Snapshot identity only; not all aliases, trial participation or current eligibility"
cnha-cfdi-e976616ec0a80333095cb0b29ce50889,郑州市大肠肛门病医院,药临床机构备字2024000241,filed,confirmed_against_filing_snapshot,,deferred_not_required_for_identity,0,[],False,https://beian.cfdi.org.cn/CTMDS/pub/PUB010100.do?method=handle06&curPage=17&pageSize=100,2026-09-05,"Snapshot identity only; not all aliases, trial participation or current eligibility"
cnha-cfdi-e9823db2c0a803332c7b4c99237fc869,玉环市人民医院（玉环市人民医院健共体集团）,药临床机构备字2023000106,filed,confirmed_against_filing_snapshot,,deferred_not_required_for_identity,1,"[{""hospital_id"": ""cnha-cfdi-e9823db2c0a803332c7b4c99237fc869"", ""official_name"": ""玉环市人民医院（玉环市人民医院健共体集团）"", ""candidate_alias"": ""玉环市人民医院健共体集团"", ""source_url"": ""https://beian.cfdi.org.cn/CTMDS/pub/PUB010100.do?method=handle06&curPage=14&pageSize=100"", ""status"": ""review_required"", ""reason"": ""Reference-only name; not approved for resolution""}]",False,https://beian.cfdi.org.cn/CTMDS/pub/PUB010100.do?method=handle06&curPage=14&pageSize=100,2026-09-05,"Snapshot identity only; not all aliases, trial participation or current eligibility"
cnha-cfdi-e983c316c0a803332e4d48c9d97be581,合肥市妇幼保健院（安徽省妇女儿童医学中心）,药临床机构备字2021000165,filed,confirmed_against_filing_snapshot,,deferred_not_required_for_identity,0,[],False,https://beian.cfdi.org.cn/CTMDS/pub/PUB010100.do?method=handle06&curPage=11&pageSize=100,2026-09-05,"Snapshot identity only; not all aliases, trial participation or current eligibility"
cnha-cfdi-e98f1377c0a8033338f55b772d580ce8,中国人民解放军空军军医大学第二附属医院,药临床机构备字2020000813,filed,confirmed_against_filing_snapshot,,deferred_not_required_for_identity,0,[],False,https://beian.cfdi.org.cn/CTMDS/pub/PUB010100.do?method=handle06&curPage=9&pageSize=100,2026-09-05,"Snapshot identity only; not all aliases, trial participation or current eligibility"
cnha-cfdi-e9931cafc0a80333076533365daf5152,杭州市第一人民医院（西湖大学附属杭州市第一人民医院）,药临床机构备字2020000103,filed,confirmed_against_filing_snapshot,,deferred_not_required_for_identity,3,"[{""hospital_id"": ""cnha-cfdi-e9931cafc0a80333076533365daf5152"", ""official_name"": ""杭州市第一人民医院（西湖大学附属杭州市第一人民医院）"", ""candidate_alias"": ""Affiliated Hangzhou First People's Hospital, School of Medicine, Westlake University"", ""source_url"": ""https://ror.org/05pwsw714"", ""status"": ""review_required"", ""reason"": ""Reference-only name; not approved for resolution""}, {""hospital_id"": ""cnha-cfdi-e9931cafc0a80333076533365daf5152"", ""official_name"": ""杭州市第一人民医院（西湖大学附属杭州市第一人民医院）"", ""candidate_alias"": ""Affiliated Hangzhou First People's Hospital, Westlake University School of Medicine"", ""source_url"": ""https://ror.org/05pwsw714"", ""status"": ""review_required"", ""reason"": ""Reference-only name; not approved for resolution""}, {""hospital_id"": ""cnha-cfdi-e9931cafc0a80333076533365daf5152"", ""official_name"": ""杭州市第一人民医院（西湖大学附属杭州市第一人民医院）"", ""candidate_alias"": ""Affiliated Hangzhou First People's Hospital, Westlake University, School of Medicine"", ""source_url"": ""https://ror.org/05pwsw714"", ""status"": ""review_required"", ""reason"": ""Reference-only name; not approved for resolution""}, {""hospital_id"": ""cnha-cfdi-e9931cafc0a80333076533365daf5152"", ""official_name"": ""杭州市第一人民医院（西湖大学附属杭州市第一人民医院）"", ""candidate_alias"": ""Hangzhou First People's Hospital"", ""source_url"": ""https://ror.org/05pwsw714"", ""status"": ""review_required"", ""reason"": ""Reference-only name; not approved for resolution""}, {""hospital_id"": ""cnha-cfdi-e9931cafc0a80333076533365daf5152"", ""official_name"": ""杭州市第一人民医院（西湖大学附属杭州市第一人民医院）"", ""candidate_alias"": ""Nanjing Medical University affiliated Hangzhou hospital"", ""source_url"": ""https://ror.org/05pwsw714"", ""status"": ""review_required"", ""reason"": ""Reference-only name; not approved for resolution""}]",False,https://beian.cfdi.org.cn/CTMDS/pub/PUB010100.do?method=handle06&curPage=2&pageSize=100,2026-09-05,"Snapshot identity only; not all aliases, trial participation or current eligibility"
cnha-cfdi-e9ac120dc0a8033320a409a6a1f623cd,南京天印山医院,药临床机构备字2024000060,filed,confirmed_against_filing_snapshot,,deferred_not_required_for_identity,0,[],False,https://beian.cfdi.org.cn/CTMDS/pub/PUB010100.do?method=handle06&curPage=16&pageSize=100,2026-09-05,"Snapshot identity only; not all aliases, trial participation or current eligibility"
cnha-cfdi-e9b3f897c0a80333074ba6920c9956ce,潍坊市中医院,药临床机构备字2020000695,filed,confirmed_against_filing_snapshot,,deferred_not_required_for_identity,0,[],False,https://beian.cfdi.org.cn/CTMDS/pub/PUB010100.do?method=handle06&curPage=8&pageSize=100,2026-09-05,"Snapshot identity only; not all aliases, trial participation or current eligibility"
cnha-cfdi-e9b5a0fcc0a80333747e4fdedab36590,河北省精神卫生中心/河北省第六人民医院,药临床机构备字2020000694,filed,confirmed_against_filing_snapshot,,deferred_not_required_for_identity,0,[],False,https://beian.cfdi.org.cn/CTMDS/pub/PUB010100.do?method=handle06&curPage=8&pageSize=100,2026-09-05,"Snapshot identity only; not all aliases, trial participation or current eligibility"
cnha-cfdi-e9b9a4f2c0a8033300e7faad7d29b375,阜阳市妇产医院（阜阳市妇女儿童医院）,药临床机构备字2025000067,filed,confirmed_against_filing_snapshot,,deferred_not_required_for_identity,2,"[{""hospital_id"": ""cnha-cfdi-e9b9a4f2c0a8033300e7faad7d29b375"", ""official_name"": ""阜阳市妇产医院（阜阳市妇女儿童医院）"", ""candidate_alias"": ""Fuyang Maternity and Child Health Care Hospital"", ""source_url"": ""https://ror.org/02x760e19"", ""status"": ""review_required"", ""reason"": ""Reference-only name; not approved for resolution""}, {""hospital_id"": ""cnha-cfdi-e9b9a4f2c0a8033300e7faad7d29b375"", ""official_name"": ""阜阳市妇产医院（阜阳市妇女儿童医院）"", ""candidate_alias"": ""Fuyang No.6 People's Hospital"", ""source_url"": ""https://ror.org/02x760e19"", ""status"": ""review_required"", ""reason"": ""Reference-only name; not approved for resolution""}]",False,https://beian.cfdi.org.cn/CTMDS/pub/PUB010100.do?method=handle06&curPage=18&pageSize=100,2026-09-05,"Snapshot identity only; not all aliases, trial participation or current eligibility"
cnha-cfdi-e9bb18e9c0a803337fee14dccf372389,黄骅市人民医院,药临床机构备字2024000103,filed,confirmed_against_filing_snapshot,,deferred_not_required_for_identity,0,[],False,https://beian.cfdi.org.cn/CTMDS/pub/PUB010100.do?method=handle06&curPage=16&pageSize=100,2026-09-05,"Snapshot identity only; not all aliases, trial participation or current eligibility"
cnha-cfdi-e9beaddcc0a803334f331eb0128beba4,武汉市汉口医院,药临床机构备字2023000268,filed,confirmed_against_filing_snapshot,,deferred_not_required_for_identity,0,"[{""hospital_id"": ""cnha-cfdi-e9beaddcc0a803334f331eb0128beba4"", ""official_name"": ""武汉市汉口医院"", ""candidate_alias"": ""Hankou Railway Hospital"", ""source_url"": ""https://ror.org/02s7ck732"", ""status"": ""review_required"", ""reason"": ""Reference-only name; not approved for resolution""}, {""hospital_id"": ""cnha-cfdi-e9beaddcc0a803334f331eb0128beba4"", ""official_name"": ""武汉市汉口医院"", ""candidate_alias"": ""Wuhan Hankou Hospital"", ""source_url"": ""https://ror.org/02s7ck732"", ""status"": ""review_required"", ""reason"": ""Reference-only name; not approved for resolution""}]",False,https://beian.cfdi.org.cn/CTMDS/pub/PUB010100.do?method=handle06&curPage=15&pageSize=100,2026-09-05,"Snapshot identity only; not all aliases, trial participation or current eligibility"
cnha-cfdi-e9cabd3dc0a803335c3d6f6cf27e207c,十堰市太和医院,药临床机构备字2019000012,filed,confirmed_against_filing_snapshot,,deferred_not_required_for_identity,0,"[{""hospital_id"": ""cnha-cfdi-e9cabd3dc0a803335c3d6f6cf27e207c"", ""official_name"": ""十堰市太和医院"", ""candidate_alias"": ""Taihe Hospital"", ""source_url"": ""https://ror.org/02ftdsn70"", ""status"": ""review_required"", ""reason"": ""Reference-only name; not approved for resolution""}, {""hospital_id"": ""cnha-cfdi-e9cabd3dc0a803335c3d6f6cf27e207c"", ""official_name"": ""十堰市太和医院"", ""candidate_alias"": ""Yunyang Region People's Hospital"", ""source_url"": ""https://ror.org/02ftdsn70"", ""status"": ""review_required"", ""reason"": ""Reference-only name; not approved for resolution""}]",False,https://beian.cfdi.org.cn/CTMDS/pub/PUB010100.do?method=handle06&curPage=1&pageSize=100,2026-09-05,"Snapshot identity only; not all aliases, trial participation or current eligibility"
cnha-cfdi-e9d3037ec0a803336319f216c9ab47ad,复旦大学附属中山医院厦门医院,药临床机构备字2020000381,filed,confirmed_against_filing_snapshot,,deferred_not_required_for_identity,0,[],False,https://beian.cfdi.org.cn/CTMDS/pub/PUB010100.do?method=handle06&curPage=5&pageSize=100,2026-09-05,"Snapshot identity only; not all aliases, trial participation or current eligibility"
cnha-cfdi-e9eb8f70c0a803332974abf23f7cf1a2,高州市人民医院,药临床机构备字2020000984,filed,confirmed_against_filing_snapshot,,deferred_not_required_for_identity,0,[],False,https://beian.cfdi.org.cn/CTMDS/pub/PUB010100.do?method=handle06&curPage=10&pageSize=100,2026-09-05,"Snapshot identity only; not all aliases, trial participation or current eligibility"
cnha-cfdi-e9ec44cbc0a8033372a23ae1d040db1e,中国医学科学院皮肤病医院,药临床机构备字2020000835,filed,confirmed_against_filing_snapshot,,deferred_not_required_for_identity,0,[],False,https://beian.cfdi.org.cn/CTMDS/pub/PUB010100.do?method=handle06&curPage=9&pageSize=100,2026-09-05,"Snapshot identity only; not all aliases, trial participation or current eligibility"
cnha-cfdi-e9f2206fc0a8033302d2f7b944f62685,南京市溧水区人民医院,药临床机构备字2024000106,filed,confirmed_against_filing_snapshot,,deferred_not_required_for_identity,0,[],False,https://beian.cfdi.org.cn/CTMDS/pub/PUB010100.do?method=handle06&curPage=16&pageSize=100,2026-09-05,"Snapshot identity only; not all aliases, trial participation or current eligibility"
cnha-cfdi-e9f3cd71c0a803336663e3219a622134,莆田学院附属医院（莆田市第二医院）,药临床机构备字2023000103,filed,confirmed_against_filing_snapshot,,deferred_not_required_for_identity,2,[],False,https://beian.cfdi.org.cn/CTMDS/pub/PUB010100.do?method=handle06&curPage=14&pageSize=100,2026-09-05,"Snapshot identity only; not all aliases, trial participation or current eligibility"
cnha-cfdi-ea0d4158c0a8033303db75e4c5aa1975,广东省中医院（广州中医药大学第二附属医院）,药临床机构备字2019000008,filed,confirmed_against_filing_snapshot,,deferred_not_required_for_identity,2,"[{""hospital_id"": ""cnha-cfdi-ea0d4158c0a8033303db75e4c5aa1975"", ""official_name"": ""广东省中医院（广州中医药大学第二附属医院）"", ""candidate_alias"": ""Guangdong Provincial Hospital of Traditional Chinese Medicine"", ""source_url"": ""https://ror.org/01gb3y148"", ""status"": ""review_required"", ""reason"": ""Reference-only name; not approved for resolution""}, {""hospital_id"": ""cnha-cfdi-ea0d4158c0a8033303db75e4c5aa1975"", ""official_name"": ""广东省中医院（广州中医药大学第二附属医院）"", ""candidate_alias"": ""Second Affiliated Hospital of Guangzhou University of Traditional Chinese Medicine"", ""source_url"": ""https://ror.org/01gb3y148"", ""status"": ""review_required"", ""reason"": ""Reference-only name; not approved for resolution""}]",False,https://beian.cfdi.org.cn/CTMDS/pub/PUB010100.do?method=handle06&curPage=1&pageSize=100,2026-09-05,"Snapshot identity only; not all aliases, trial participation or current eligibility"
cnha-cfdi-ea2747e5c0a80333638fd0970d6d734c,上海交通大学医学院附属新华医院,药临床机构备字2020000050,filed,confirmed_against_filing_snapshot,,deferred_not_required_for_identity,0,"[{""hospital_id"": ""cnha-cfdi-ea2747e5c0a80333638fd0970d6d734c"", ""official_name"": ""上海交通大学医学院附属新华医院"", ""candidate_alias"": ""XinHua Hospital"", ""source_url"": ""https://ror.org/04dzvks42"", ""status"": ""review_required"", ""reason"": ""Reference-only name; not approved for resolution""}]",False,https://beian.cfdi.org.cn/CTMDS/pub/PUB010100.do?method=handle06&curPage=2&pageSize=100,2026-09-05,"Snapshot identity only; not all aliases, trial participation or current eligibility"
cnha-cfdi-ea382ed0c0a803332a7494868fb2f92c,三明市第一医院,药临床机构备字2024000187,filed,confirmed_against_filing_snapshot,,deferred_not_required_for_identity,0,[],False,https://beian.cfdi.org.cn/CTMDS/pub/PUB010100.do?method=handle06&curPage=16&pageSize=100,2026-09-05,"Snapshot identity only; not all aliases, trial participation or current eligibility"
cnha-cfdi-ea50a6e3c0a80333026f324bf7c264d4,嘉兴市中医医院,药临床机构备字2025000137,filed,confirmed_against_filing_snapshot,,deferred_not_required_for_identity,0,[],False,https://beian.cfdi.org.cn/CTMDS/pub/PUB010100.do?method=handle06&curPage=18&pageSize=100,2026-09-05,"Snapshot identity only; not all aliases, trial participation or current eligibility"
cnha-cfdi-ea697203c0a803335eb2e93ccbbf7e38,安徽理工大学第一附属医院（淮南市第一人民医院）,药临床机构备字2019000090,filed,confirmed_against_filing_snapshot,,deferred_not_required_for_identity,2,[],False,https://beian.cfdi.org.cn/CTMDS/pub/PUB010100.do?method=handle06&curPage=1&pageSize=100,2026-09-05,"Snapshot identity only; not all aliases, trial participation or current eligibility"
cnha-cfdi-eac366d9c0a8033353e2f074663be22c,昭通市第一人民医院,药临床机构备字2025000265,filed,confirmed_against_filing_snapshot,,deferred_not_required_for_identity,0,[],False,https://beian.cfdi.org.cn/CTMDS/pub/PUB010100.do?method=handle06&curPage=19&pageSize=100,2026-09-05,"Snapshot identity only; not all aliases, trial participation or current eligibility"
cnha-cfdi-eadc636bc0a8033366af4da6d276f9e5,福建中医药大学附属人民医院（福建省人民医院）,药临床机构备字2020000857,filed,confirmed_against_filing_snapshot,,deferred_not_required_for_identity,2,"[{""hospital_id"": ""cnha-cfdi-eadc636bc0a8033366af4da6d276f9e5"", ""official_name"": ""福建中医药大学附属人民医院（福建省人民医院）"", ""candidate_alias"": ""Fujian Provincial People's Hospital"", ""source_url"": ""https://ror.org/038thw008"", ""status"": ""review_required"", ""reason"": ""Reference-only name; not approved for resolution""}]",False,https://beian.cfdi.org.cn/CTMDS/pub/PUB010100.do?method=handle06&curPage=9&pageSize=100,2026-09-05,"Snapshot identity only; not all aliases, trial participation or current eligibility"
cnha-cfdi-eadc8d77c0a8033363cbc4f3f4dcc4c9,北京清华长庚医院,药临床机构备字2019000059,filed,confirmed_against_filing_snapshot,,deferred_not_required_for_identity,0,"[{""hospital_id"": ""cnha-cfdi-eadc8d77c0a8033363cbc4f3f4dcc4c9"", ""official_name"": ""北京清华长庚医院"", ""candidate_alias"": ""Beijing Tsinghua Chang Gung Hospital"", ""source_url"": ""https://ror.org/050nfgr37"", ""status"": ""review_required"", ""reason"": ""Reference-only name; not approved for resolution""}]",False,https://beian.cfdi.org.cn/CTMDS/pub/PUB010100.do?method=handle06&curPage=1&pageSize=100,2026-09-05,"Snapshot identity only; not all aliases, trial participation or current eligibility"
cnha-cfdi-eaf63553c0a80333718841ff998e1443,乐清市人民医院,药临床机构备字2022000103,filed,confirmed_against_filing_snapshot,,deferred_not_required_for_identity,0,[],False,https://beian.cfdi.org.cn/CTMDS/pub/PUB010100.do?method=handle06&curPage=12&pageSize=100,2026-09-05,"Snapshot identity only; not all aliases, trial participation or current eligibility"
cnha-cfdi-eafd16efc0a803337fe04ab460cbf349,广西中医药大学第二附属医院,药临床机构备字2020000738,filed,confirmed_against_filing_snapshot,,deferred_not_required_for_identity,0,[],False,https://beian.cfdi.org.cn/CTMDS/pub/PUB010100.do?method=handle06&curPage=8&pageSize=100,2026-09-05,"Snapshot identity only; not all aliases, trial participation or current eligibility"
cnha-cfdi-eb0b899ac0a80333456b302ec62f8443,浙江省人民医院,药临床机构备字2019000026,filed,confirmed_against_filing_snapshot,,deferred_not_required_for_identity,0,[],False,https://beian.cfdi.org.cn/CTMDS/pub/PUB010100.do?method=handle06&curPage=1&pageSize=100,2026-09-05,"Snapshot identity only; not all aliases, trial participation or current eligibility"
cnha-cfdi-eb3dbaefc0a80333424e13a0d9e18aa7,湖北民族大学附属民大医院,药临床机构备字2024000113,filed,confirmed_against_filing_snapshot,,deferred_not_required_for_identity,0,"[{""hospital_id"": ""cnha-cfdi-eb3dbaefc0a80333424e13a0d9e18aa7"", ""official_name"": ""湖北民族大学附属民大医院"", ""candidate_alias"": ""Minda Hospital"", ""source_url"": ""https://ror.org/02gqm1y63"", ""status"": ""review_required"", ""reason"": ""Reference-only name; not approved for resolution""}, {""hospital_id"": ""cnha-cfdi-eb3dbaefc0a80333424e13a0d9e18aa7"", ""official_name"": ""湖北民族大学附属民大医院"", ""candidate_alias"": ""Minda Hospital Affiliated to Hubei University for Nationalities"", ""source_url"": ""https://ror.org/02gqm1y63"", ""status"": ""review_required"", ""reason"": ""Reference-only name; not approved for resolution""}]",False,https://beian.cfdi.org.cn/CTMDS/pub/PUB010100.do?method=handle06&curPage=16&pageSize=100,2026-09-05,"Snapshot identity only; not all aliases, trial participation or current eligibility"
cnha-cfdi-ec29a151c0a8033308ea4e39bb0ba760,隆回县人民医院药物临床试验机构,药临床机构备字2026000024,filed,confirmed_against_filing_snapshot,,deferred_not_required_for_identity,0,[],False,https://beian.cfdi.org.cn/CTMDS/pub/PUB010100.do?method=handle06&curPage=20&pageSize=100,2026-09-05,"Snapshot identity only; not all aliases, trial participation or current eligibility"
cnha-cfdi-ed0919eec0a803331b7650cbab60f06e,济南市第二人民医院（济南市眼科医院 济南市眼视光医院）,药临床机构备字2019000045,filed,confirmed_against_filing_snapshot,,deferred_not_required_for_identity,1,"[{""hospital_id"": ""cnha-cfdi-ed0919eec0a803331b7650cbab60f06e"", ""official_name"": ""济南市第二人民医院（济南市眼科医院 济南市眼视光医院）"", ""candidate_alias"": ""济南市眼科医院 济南市眼视光医院"", ""source_url"": ""https://beian.cfdi.org.cn/CTMDS/pub/PUB010100.do?method=handle06&curPage=1&pageSize=100"", ""status"": ""review_required"", ""reason"": ""Reference-only name; not approved for resolution""}]",False,https://beian.cfdi.org.cn/CTMDS/pub/PUB010100.do?method=handle06&curPage=1&pageSize=100,2026-09-05,"Snapshot identity only; not all aliases, trial participation or current eligibility"
cnha-cfdi-ed1da4a7c0a803333ab6acea7f85382c,汕头大学精神卫生中心,药临床机构备字2024000207,filed,confirmed_against_filing_snapshot,,deferred_not_required_for_identity,0,[],False,https://beian.cfdi.org.cn/CTMDS/pub/PUB010100.do?method=handle06&curPage=17&pageSize=100,2026-09-05,"Snapshot identity only; not all aliases, trial participation or current eligibility"
cnha-cfdi-ed20628cc0a803330100f5f43b4fda1b,临沧市人民医院,药临床机构备字2023000245,filed,confirmed_against_filing_snapshot,,deferred_not_required_for_identity,0,[],False,https://beian.cfdi.org.cn/CTMDS/pub/PUB010100.do?method=handle06&curPage=15&pageSize=100,2026-09-05,"Snapshot identity only; not all aliases, trial participation or current eligibility"
cnha-cfdi-ed4299acc0a8033334c60ac1439148d5,淮安市淮安医院(淮安市肿瘤医院),药临床机构备字2026000068,filed,confirmed_against_filing_snapshot,,deferred_not_required_for_identity,2,"[{""hospital_id"": ""cnha-cfdi-ed4299acc0a8033334c60ac1439148d5"", ""official_name"": ""淮安市淮安医院(淮安市肿瘤医院)"", ""candidate_alias"": ""Huai'an Cancer Hospital"", ""source_url"": ""https://ror.org/04xmrga76"", ""status"": ""review_required"", ""reason"": ""Reference-only name; not approved for resolution""}, {""hospital_id"": ""cnha-cfdi-ed4299acc0a8033334c60ac1439148d5"", ""official_name"": ""淮安市淮安医院(淮安市肿瘤医院)"", ""candidate_alias"": ""Huai'an Hospital of Huai'an City"", ""source_url"": ""https://ror.org/04xmrga76"", ""status"": ""review_required"", ""reason"": ""Reference-only name; not approved for resolution""}, {""hospital_id"": ""cnha-cfdi-ed4299acc0a8033334c60ac1439148d5"", ""official_name"": ""淮安市淮安医院(淮安市肿瘤医院)"", ""candidate_alias"": ""Huaian Hospital of Huaian City"", ""source_url"": ""https://ror.org/04xmrga76"", ""status"": ""review_required"", ""reason"": ""Reference-only name; not approved for resolution""}]",False,https://beian.cfdi.org.cn/CTMDS/pub/PUB010100.do?method=handle06&curPage=20&pageSize=100,2026-09-05,"Snapshot identity only; not all aliases, trial participation or current eligibility"
cnha-cfdi-ed4d836ec0a803330121353252f3a595,成都市双流区第一人民医院,药临床机构备字2023000037,filed,confirmed_against_filing_snapshot,,deferred_not_required_for_identity,1,"[{""hospital_id"": ""cnha-cfdi-ed4d836ec0a803330121353252f3a595"", ""official_name"": ""成都市双流区第一人民医院"", ""candidate_alias"": ""The First People's Hospital of Shuangliu District"", ""source_url"": ""https://ror.org/04cjrj888"", ""status"": ""review_required"", ""reason"": ""Reference-only name; not approved for resolution""}, {""hospital_id"": ""cnha-cfdi-ed4d836ec0a803330121353252f3a595"", ""official_name"": ""成都市双流区第一人民医院"", ""candidate_alias"": ""West China Airport Hospital Sichuan University"", ""source_url"": ""https://ror.org/04cjrj888"", ""status"": ""review_required"", ""reason"": ""Reference-only name; not approved for resolution""}]",False,https://beian.cfdi.org.cn/CTMDS/pub/PUB010100.do?method=handle06&curPage=13&pageSize=100,2026-09-05,"Snapshot identity only; not all aliases, trial participation or current eligibility"
cnha-cfdi-ed5938c0c0a8033307407d8944afabef,庆阳市人民医院,药临床机构备字2022000061,filed,confirmed_against_filing_snapshot,,deferred_not_required_for_identity,0,[],False,https://beian.cfdi.org.cn/CTMDS/pub/PUB010100.do?method=handle06&curPage=12&pageSize=100,2026-09-05,"Snapshot identity only; not all aliases, trial participation or current eligibility"
cnha-cfdi-ed662f24c0a8033368e52d3ba3a0ede0,郑州大学第五附属医院,药临床机构备字2020000861,filed,confirmed_against_filing_snapshot,,deferred_not_required_for_identity,0,[],False,https://beian.cfdi.org.cn/CTMDS/pub/PUB010100.do?method=handle06&curPage=9&pageSize=100,2026-09-05,"Snapshot identity only; not all aliases, trial participation or current eligibility"
cnha-cfdi-ed7bc056c0a80333363710d55874751d,睢县人民医院,药临床机构备字2025000012,filed,confirmed_against_filing_snapshot,,deferred_not_required_for_identity,0,[],False,https://beian.cfdi.org.cn/CTMDS/pub/PUB010100.do?method=handle06&curPage=17&pageSize=100,2026-09-05,"Snapshot identity only; not all aliases, trial participation or current eligibility"
cnha-cfdi-ed9ec3cec0a803336ab9f4aef2604d11,天门市第一人民医院（天门市第一人民医院互联网医院、武汉科技大学附属天门医院）,药临床机构备字2024000236,filed,confirmed_against_filing_snapshot,,deferred_not_required_for_identity,2,"[{""hospital_id"": ""cnha-cfdi-ed9ec3cec0a803336ab9f4aef2604d11"", ""official_name"": ""天门市第一人民医院（天门市第一人民医院互联网医院、武汉科技大学附属天门医院）"", ""candidate_alias"": ""天门市第一人民医院互联网医院"", ""source_url"": ""https://beian.cfdi.org.cn/CTMDS/pub/PUB010100.do?method=handle06&curPage=17&pageSize=100"", ""status"": ""review_required"", ""reason"": ""Reference-only name; not approved for resolution""}, {""hospital_id"": ""cnha-cfdi-ed9ec3cec0a803336ab9f4aef2604d11"", ""official_name"": ""天门市第一人民医院（天门市第一人民医院互联网医院、武汉科技大学附属天门医院）"", ""candidate_alias"": ""The First People's Hospital of Tianmen"", ""source_url"": ""https://ror.org/0305gdg87"", ""status"": ""review_required"", ""reason"": ""Reference-only name; not approved for resolution""}, {""hospital_id"": ""cnha-cfdi-ed9ec3cec0a803336ab9f4aef2604d11"", ""official_name"": ""天门市第一人民医院（天门市第一人民医院互联网医院、武汉科技大学附属天门医院）"", ""candidate_alias"": ""Tianmen First People's Hospital"", ""source_url"": ""https://ror.org/0305gdg87"", ""status"": ""review_required"", ""reason"": ""Reference-only name; not approved for resolution""}, {""hospital_id"": ""cnha-cfdi-ed9ec3cec0a803336ab9f4aef2604d11"", ""official_name"": ""天门市第一人民医院（天门市第一人民医院互联网医院、武汉科技大学附属天门医院）"", ""candidate_alias"": ""Tianmen No.1 People's Hospital"", ""source_url"": ""https://ror.org/0305gdg87"", ""status"": ""review_required"", ""reason"": ""Reference-only name; not approved for resolution""}]",False,https://beian.cfdi.org.cn/CTMDS/pub/PUB010100.do?method=handle06&curPage=17&pageSize=100,2026-09-05,"Snapshot identity only; not all aliases, trial participation or current eligibility"
cnha-cfdi-ee15f660c0a80333166e3dddc67bd75d,郴州市中医医院,药临床机构备字2026000158,filed,confirmed_against_filing_snapshot,,deferred_not_required_for_identity,0,[],False,https://beian.cfdi.org.cn/CTMDS/pub/PUB010100.do?method=handle06&curPage=21&pageSize=100,2026-09-05,"Snapshot identity only; not all aliases, trial participation or current eligibility"
cnha-cfdi-ee41bc0cc0a8033301d3bbc95767a0ca,大连市公共卫生临床中心(大连市第六人民医院、大连市传染病医院、大连市结核病医院),药临床机构备字2021000001,filed,confirmed_against_filing_snapshot,,deferred_not_required_for_identity,0,[],False,https://beian.cfdi.org.cn/CTMDS/pub/PUB010100.do?method=handle06&curPage=10&pageSize=100,2026-09-05,"Snapshot identity only; not all aliases, trial participation or current eligibility"
cnha-cfdi-ee43c2d5c0a8033379677c330efca969,上海市疾病预防控制中心,药临床机构备字2021000064,filed,confirmed_against_filing_snapshot,,deferred_not_required_for_identity,0,[],False,https://beian.cfdi.org.cn/CTMDS/pub/PUB010100.do?method=handle06&curPage=11&pageSize=100,2026-09-05,"Snapshot identity only; not all aliases, trial participation or current eligibility"
cnha-cfdi-ee550787c0a803334d1bcb07feaf15c6,景德镇市第三人民医院,药临床机构备字2023000029,filed,confirmed_against_filing_snapshot,,deferred_not_required_for_identity,0,[],False,https://beian.cfdi.org.cn/CTMDS/pub/PUB010100.do?method=handle06&curPage=13&pageSize=100,2026-09-05,"Snapshot identity only; not all aliases, trial participation or current eligibility"
cnha-cfdi-ee623edbc0a8033330de327baef0596f,首都医科大学附属北京同仁医院,药临床机构备字2020000292,filed,confirmed_against_filing_snapshot,,deferred_not_required_for_identity,0,"[{""hospital_id"": ""cnha-cfdi-ee623edbc0a8033330de327baef0596f"", ""official_name"": ""首都医科大学附属北京同仁医院"", ""candidate_alias"": ""BTH"", ""source_url"": ""https://ror.org/013e4n276"", ""status"": ""review_required"", ""reason"": ""Reference-only name; not approved for resolution""}, {""hospital_id"": ""cnha-cfdi-ee623edbc0a8033330de327baef0596f"", ""official_name"": ""首都医科大学附属北京同仁医院"", ""candidate_alias"": ""Beijing Tongren Hospital"", ""source_url"": ""https://ror.org/013e4n276"", ""status"": ""review_required"", ""reason"": ""Reference-only name; not approved for resolution""}, {""hospital_id"": ""cnha-cfdi-ee623edbc0a8033330de327baef0596f"", ""official_name"": ""首都医科大学附属北京同仁医院"", ""candidate_alias"": ""北京同仁医院"", ""source_url"": ""https://ror.org/013e4n276"", ""status"": ""review_required"", ""reason"": ""Reference-only name; not approved for resolution""}]",False,https://beian.cfdi.org.cn/CTMDS/pub/PUB010100.do?method=handle06&curPage=4&pageSize=100,2026-09-05,"Snapshot identity only; not all aliases, trial participation or current eligibility"
cnha-cfdi-ee660d2fc0a803334804716ba46c7d5f,新余钢铁集团有限公司中心医院,药临床机构备字2023000223,filed,confirmed_against_filing_snapshot,,deferred_not_required_for_identity,0,[],False,https://beian.cfdi.org.cn/CTMDS/pub/PUB010100.do?method=handle06&curPage=15&pageSize=100,2026-09-05,"Snapshot identity only; not all aliases, trial participation or current eligibility"
cnha-cfdi-ee684b43c0a803332b75d1d49f1e0f0a,长春中医药大学附属医院,药临床机构备字2019000086,filed,confirmed_against_filing_snapshot,,deferred_not_required_for_identity,0,[],False,https://beian.cfdi.org.cn/CTMDS/pub/PUB010100.do?method=handle06&curPage=1&pageSize=100,2026-09-05,"Snapshot identity only; not all aliases, trial participation or current eligibility"
cnha-cfdi-ee795e20c0a803337ab1b105873841eb,常州市第三人民医院,药临床机构备字2023000249,filed,confirmed_against_filing_snapshot,,deferred_not_required_for_identity,0,[],False,https://beian.cfdi.org.cn/CTMDS/pub/PUB010100.do?method=handle06&curPage=15&pageSize=100,2026-09-05,"Snapshot identity only; not all aliases, trial participation or current eligibility"
cnha-cfdi-ee9960c6c0a8033365b2a370fec2e7cc,上海市浦东新区周浦医院,药临床机构备字2020000736,filed,confirmed_against_filing_snapshot,,deferred_not_required_for_identity,0,[],False,https://beian.cfdi.org.cn/CTMDS/pub/PUB010100.do?method=handle06&curPage=8&pageSize=100,2026-09-05,"Snapshot identity only; not all aliases, trial participation or current eligibility"
cnha-cfdi-eea0e25ac0a803337b1b51a887962e01,乌鲁木齐市妇幼保健院,药临床机构备字2020000398,filed,confirmed_against_filing_snapshot,,deferred_not_required_for_identity,0,[],False,https://beian.cfdi.org.cn/CTMDS/pub/PUB010100.do?method=handle06&curPage=5&pageSize=100,2026-09-05,"Snapshot identity only; not all aliases, trial participation or current eligibility"
cnha-cfdi-eeb0a1cfc0a80333005edfd614839379,潍坊市精神卫生中心（潍坊市第三人民医院、潍坊市心理健康服务中心）,药临床机构备字2025000148,filed,confirmed_against_filing_snapshot,,deferred_not_required_for_identity,0,[],False,https://beian.cfdi.org.cn/CTMDS/pub/PUB010100.do?method=handle06&curPage=18&pageSize=100,2026-09-05,"Snapshot identity only; not all aliases, trial participation or current eligibility"
cnha-cfdi-eebec009c0a8033352473444ee6501eb,西安市儿童医院,药临床机构备字2020000923,filed,confirmed_against_filing_snapshot,,deferred_not_required_for_identity,0,[],False,https://beian.cfdi.org.cn/CTMDS/pub/PUB010100.do?method=handle06&curPage=10&pageSize=100,2026-09-05,"Snapshot identity only; not all aliases, trial participation or current eligibility"
cnha-cfdi-eecfe0d7c0a8033378abb04251f705b3,广西医科大学第一附属医院,药临床机构备字2019000099,filed,confirmed_against_filing_snapshot,,deferred_not_required_for_identity,0,[],False,https://beian.cfdi.org.cn/CTMDS/pub/PUB010100.do?method=handle06&curPage=1&pageSize=100,2026-09-05,"Snapshot identity only; not all aliases, trial participation or current eligibility"
cnha-cfdi-eee70534c0a803335eeb40135bf5b47c,山东省妇幼保健院,药临床机构备字2022000036,filed,confirmed_against_filing_snapshot,,deferred_not_required_for_identity,0,"[{""hospital_id"": ""cnha-cfdi-eee70534c0a803335eeb40135bf5b47c"", ""official_name"": ""山东省妇幼保健院"", ""candidate_alias"": ""Shandong Maternal and Child Health Hospital"", ""source_url"": ""https://ror.org/04ger2z06"", ""status"": ""review_required"", ""reason"": ""Reference-only name; not approved for resolution""}, {""hospital_id"": ""cnha-cfdi-eee70534c0a803335eeb40135bf5b47c"", ""official_name"": ""山东省妇幼保健院"", ""candidate_alias"": ""Shandong Maternity Hospital"", ""source_url"": ""https://ror.org/04ger2z06"", ""status"": ""review_required"", ""reason"": ""Reference-only name; not approved for resolution""}]",False,https://beian.cfdi.org.cn/CTMDS/pub/PUB010100.do?method=handle06&curPage=12&pageSize=100,2026-09-05,"Snapshot identity only; not all aliases, trial participation or current eligibility"
cnha-cfdi-ef5c1348c0a803336299d21707602dac,广州医科大学附属第五医院,药临床机构备字2020000463,filed,confirmed_against_filing_snapshot,,deferred_not_required_for_identity,0,[],False,https://beian.cfdi.org.cn/CTMDS/pub/PUB010100.do?method=handle06&curPage=6&pageSize=100,2026-09-05,"Snapshot identity only; not all aliases, trial participation or current eligibility"
cnha-cfdi-ef878593c0a803331633f9dae5bad270,杭州市第三人民医院,药临床机构备字2020000758,filed,confirmed_against_filing_snapshot,,deferred_not_required_for_identity,0,"[{""hospital_id"": ""cnha-cfdi-ef878593c0a803331633f9dae5bad270"", ""official_name"": ""杭州市第三人民医院"", ""candidate_alias"": ""Third People's Hospital of Hangzhou"", ""source_url"": ""https://ror.org/02sysn258"", ""status"": ""review_required"", ""reason"": ""Reference-only name; not approved for resolution""}]",False,https://beian.cfdi.org.cn/CTMDS/pub/PUB010100.do?method=handle06&curPage=8&pageSize=100,2026-09-05,"Snapshot identity only; not all aliases, trial participation or current eligibility"
cnha-cfdi-efc37024c0a8033331a27de7af478aac,商丘市第三人民医院,药临床机构备字2026000142,filed,confirmed_against_filing_snapshot,,deferred_not_required_for_identity,0,[],False,https://beian.cfdi.org.cn/CTMDS/pub/PUB010100.do?method=handle06&curPage=21&pageSize=100,2026-09-05,"Snapshot identity only; not all aliases, trial participation or current eligibility"
cnha-cfdi-efcef543c0a803333bac3cae8cf3a7ca,济宁医学院附属医院,药临床机构备字2020000573,filed,confirmed_against_filing_snapshot,,deferred_not_required_for_identity,0,"[{""hospital_id"": ""cnha-cfdi-efcef543c0a803333bac3cae8cf3a7ca"", ""official_name"": ""济宁医学院附属医院"", ""candidate_alias"": ""Affiliated Hospital of Jining Medical University"", ""source_url"": ""https://ror.org/05e8kbn88"", ""status"": ""review_required"", ""reason"": ""Reference-only name; not approved for resolution""}]",False,https://beian.cfdi.org.cn/CTMDS/pub/PUB010100.do?method=handle06&curPage=7&pageSize=100,2026-09-05,"Snapshot identity only; not all aliases, trial participation or current eligibility"
cnha-cfdi-efea42a5c0a803331e021fb0528498e7,深圳市宝安区松岗人民医院,药临床机构备字2020000587,filed,confirmed_against_filing_snapshot,,deferred_not_required_for_identity,0,"[{""hospital_id"": ""cnha-cfdi-efea42a5c0a803331e021fb0528498e7"", ""official_name"": ""深圳市宝安区松岗人民医院"", ""candidate_alias"": ""SGRMYY"", ""source_url"": ""https://ror.org/04zgjsw72"", ""status"": ""review_required"", ""reason"": ""Reference-only name; not approved for resolution""}, {""hospital_id"": ""cnha-cfdi-efea42a5c0a803331e021fb0528498e7"", ""official_name"": ""深圳市宝安区松岗人民医院"", ""candidate_alias"": ""Shenzhen Bao'an District Songgang People's Hospital"", ""source_url"": ""https://ror.org/04zgjsw72"", ""status"": ""review_required"", ""reason"": ""Reference-only name; not approved for resolution""}]",False,https://beian.cfdi.org.cn/CTMDS/pub/PUB010100.do?method=handle06&curPage=7&pageSize=100,2026-09-05,"Snapshot identity only; not all aliases, trial participation or current eligibility"
cnha-cfdi-efecb391c0a80333105f586dd7f71648,西安医学院第一附属医院,药临床机构备字2020000639,filed,confirmed_against_filing_snapshot,,deferred_not_required_for_identity,0,[],False,https://beian.cfdi.org.cn/CTMDS/pub/PUB010100.do?method=handle06&curPage=7&pageSize=100,2026-09-05,"Snapshot identity only; not all aliases, trial participation or current eligibility"
cnha-cfdi-f01dc8d3c0a8033347c2b1b652d415a0,遵义医科大学第二附属医院,药临床机构备字2022000093,filed,confirmed_against_filing_snapshot,,deferred_not_required_for_identity,0,[],False,https://beian.cfdi.org.cn/CTMDS/pub/PUB010100.do?method=handle06&curPage=12&pageSize=100,2026-09-05,"Snapshot identity only; not all aliases, trial participation or current eligibility"
cnha-cfdi-f04b3a1bc0a803331df9ed77fa224b2e,河北医科大学第三医院,药临床机构备字2020000342,filed,confirmed_against_filing_snapshot,,deferred_not_required_for_identity,0,"[{""hospital_id"": ""cnha-cfdi-f04b3a1bc0a803331df9ed77fa224b2e"", ""official_name"": ""河北医科大学第三医院"", ""candidate_alias"": ""Third Hospital of Hebei Medical University"", ""source_url"": ""https://ror.org/004eknx63"", ""status"": ""review_required"", ""reason"": ""Reference-only name; not approved for resolution""}]",False,https://beian.cfdi.org.cn/CTMDS/pub/PUB010100.do?method=handle06&curPage=5&pageSize=100,2026-09-05,"Snapshot identity only; not all aliases, trial participation or current eligibility"
cnha-cfdi-f05e9894c0a803330922d8554dfa6ce7,安徽省肿瘤医院,药临床机构备字2020000445,filed,confirmed_against_filing_snapshot,,deferred_not_required_for_identity,0,[],False,https://beian.cfdi.org.cn/CTMDS/pub/PUB010100.do?method=handle06&curPage=5&pageSize=100,2026-09-05,"Snapshot identity only; not all aliases, trial participation or current eligibility"
cnha-cfdi-f0b0712ac0a80333368e29938b5399e3,深圳市罗湖区中医院,药临床机构备字2026000112,filed,confirmed_against_filing_snapshot,,deferred_not_required_for_identity,0,[],False,https://beian.cfdi.org.cn/CTMDS/pub/PUB010100.do?method=handle06&curPage=20&pageSize=100,2026-09-05,"Snapshot identity only; not all aliases, trial participation or current eligibility"
cnha-cfdi-f1c88efec0a80333725b47a733c1a079,赤峰市肿瘤医院（赤峰大学第二附属医院）,药临床机构备字2026000001,filed,confirmed_against_filing_snapshot,,deferred_not_required_for_identity,2,[],False,https://beian.cfdi.org.cn/CTMDS/pub/PUB010100.do?method=handle06&curPage=19&pageSize=100,2026-09-05,"Snapshot identity only; not all aliases, trial participation or current eligibility"
cnha-cfdi-f1fbc761c0a8033337c6003143a12609,浙江省疾病预防控制中心（浙江省预防医学科学院）,药临床机构备字2020000041,filed,confirmed_against_filing_snapshot,,deferred_not_required_for_identity,0,[],False,https://beian.cfdi.org.cn/CTMDS/pub/PUB010100.do?method=handle06&curPage=2&pageSize=100,2026-09-05,"Snapshot identity only; not all aliases, trial participation or current eligibility"
cnha-cfdi-f20543d8c0a80333677d234d8f3ed10c,开封市儿童医院,药临床机构备字2026000013,filed,confirmed_against_filing_snapshot,,deferred_not_required_for_identity,0,[],False,https://beian.cfdi.org.cn/CTMDS/pub/PUB010100.do?method=handle06&curPage=19&pageSize=100,2026-09-05,"Snapshot identity only; not all aliases, trial participation or current eligibility"
cnha-cfdi-f2259e8bc0a80333064fdda77dab200f,安徽医科大学附属巢湖医院,药临床机构备字2021000168,filed,confirmed_against_filing_snapshot,,deferred_not_required_for_identity,0,[],False,https://beian.cfdi.org.cn/CTMDS/pub/PUB010100.do?method=handle06&curPage=11&pageSize=100,2026-09-05,"Snapshot identity only; not all aliases, trial participation or current eligibility"
cnha-cfdi-f2919040c0a803332d6e25f3e5cb7d2d,重庆市第七人民医院,药临床机构备字2024000100,filed,confirmed_against_filing_snapshot,,deferred_not_required_for_identity,0,[],False,https://beian.cfdi.org.cn/CTMDS/pub/PUB010100.do?method=handle06&curPage=16&pageSize=100,2026-09-05,"Snapshot identity only; not all aliases, trial participation or current eligibility"
cnha-cfdi-f299ff00c0a80333482d7734eaf53ab3,北京积水潭医院聊城医院,药临床机构备字2026000007,filed,confirmed_against_filing_snapshot,,deferred_not_required_for_identity,0,[],False,https://beian.cfdi.org.cn/CTMDS/pub/PUB010100.do?method=handle06&curPage=19&pageSize=100,2026-09-05,"Snapshot identity only; not all aliases, trial participation or current eligibility"
cnha-cfdi-f2f0971ec0a8033304550e0639ee4b8a,东莞市南城医院(东莞市肝胆医院),药临床机构备字2024000248,filed,confirmed_against_filing_snapshot,,deferred_not_required_for_identity,2,[],False,https://beian.cfdi.org.cn/CTMDS/pub/PUB010100.do?method=handle06&curPage=17&pageSize=100,2026-09-05,"Snapshot identity only; not all aliases, trial participation or current eligibility"
cnha-cfdi-f32feaf3c0a803334b14f26d115e0ced,盐城市大丰人民医院(盐城市大丰区职业病防治院),药临床机构备字2026000040,filed,confirmed_against_filing_snapshot,,deferred_not_required_for_identity,0,[],False,https://beian.cfdi.org.cn/CTMDS/pub/PUB010100.do?method=handle06&curPage=20&pageSize=100,2026-09-05,"Snapshot identity only; not all aliases, trial participation or current eligibility"
cnha-cfdi-f338e66cc0a803337adcdf3ac9b68fa1,浙江医院,药临床机构备字2020000113,filed,confirmed_against_filing_snapshot,,deferred_not_required_for_identity,0,"[{""hospital_id"": ""cnha-cfdi-f338e66cc0a803337adcdf3ac9b68fa1"", ""official_name"": ""浙江医院"", ""candidate_alias"": ""Zhejiang Hospital"", ""source_url"": ""https://ror.org/02kzr5g33"", ""status"": ""review_required"", ""reason"": ""Reference-only name; not approved for resolution""}]",False,https://beian.cfdi.org.cn/CTMDS/pub/PUB010100.do?method=handle06&curPage=2&pageSize=100,2026-09-05,"Snapshot identity only; not all aliases, trial participation or current eligibility"
cnha-cfdi-f35b81c5c0a8033371646bc93a5dcdd5,保定市第二医院,药临床机构备字2023000189,filed,confirmed_against_filing_snapshot,,deferred_not_required_for_identity,0,[],False,https://beian.cfdi.org.cn/CTMDS/pub/PUB010100.do?method=handle06&curPage=14&pageSize=100,2026-09-05,"Snapshot identity only; not all aliases, trial participation or current eligibility"
cnha-cfdi-f3625e47c0a803336d702aef6f88ed58,南阳医学高等专科学校第一附属医院,药临床机构备字2019000035,filed,confirmed_against_filing_snapshot,,deferred_not_required_for_identity,0,[],False,https://beian.cfdi.org.cn/CTMDS/pub/PUB010100.do?method=handle06&curPage=1&pageSize=100,2026-09-05,"Snapshot identity only; not all aliases, trial participation or current eligibility"
cnha-cfdi-f37348c4c0a803336341ac6f21808c84,常州市第一人民医院,药临床机构备字2020000572,filed,confirmed_against_filing_snapshot,,deferred_not_required_for_identity,0,"[{""hospital_id"": ""cnha-cfdi-f37348c4c0a803336341ac6f21808c84"", ""official_name"": ""常州市第一人民医院"", ""candidate_alias"": ""The First People's Hospital of Changzhou"", ""source_url"": ""https://ror.org/01gaj0s81"", ""status"": ""review_required"", ""reason"": ""Reference-only name; not approved for resolution""}]",False,https://beian.cfdi.org.cn/CTMDS/pub/PUB010100.do?method=handle06&curPage=7&pageSize=100,2026-09-05,"Snapshot identity only; not all aliases, trial participation or current eligibility"
cnha-cfdi-f38bbd78c0a80333056a73b8390ed2c2,天津市肿瘤医院（天津医科大学肿瘤医院）,药临床机构备字2020000803,filed,confirmed_against_filing_snapshot,Tianjin Medical University Cancer Institute and Hospital,source_reviewed,3,"[{""hospital_id"": ""cnha-cfdi-f38bbd78c0a80333056a73b8390ed2c2"", ""official_name"": ""天津市肿瘤医院（天津医科大学肿瘤医院）"", ""candidate_alias"": ""TMUCIH"", ""source_url"": ""https://ror.org/0152hn881"", ""status"": ""review_required"", ""reason"": ""Reference-only name; not approved for resolution""}]",False,https://beian.cfdi.org.cn/CTMDS/pub/PUB010100.do?method=handle06&curPage=9&pageSize=100,2026-09-05,"Snapshot identity only; not all aliases, trial participation or current eligibility"
cnha-cfdi-f39d1486c0a8033356e66cced185f148,西安市中心医院,药临床机构备字2020000562,filed,confirmed_against_filing_snapshot,,deferred_not_required_for_identity,0,"[{""hospital_id"": ""cnha-cfdi-f39d1486c0a8033356e66cced185f148"", ""official_name"": ""西安市中心医院"", ""candidate_alias"": ""Xian Central Hospital"", ""source_url"": ""https://ror.org/004cdc714"", ""status"": ""review_required"", ""reason"": ""Reference-only name; not approved for resolution""}]",False,https://beian.cfdi.org.cn/CTMDS/pub/PUB010100.do?method=handle06&curPage=6&pageSize=100,2026-09-05,"Snapshot identity only; not all aliases, trial participation or current eligibility"
cnha-cfdi-f3a7e2f1c0a803331669a8eac99ac9be,沈阳医学院附属第二医院（沈阳医学院沈洲医院、沈阳市心血管病研究所）,药临床机构备字2024000213,filed,confirmed_against_filing_snapshot,,deferred_not_required_for_identity,2,"[{""hospital_id"": ""cnha-cfdi-f3a7e2f1c0a803331669a8eac99ac9be"", ""official_name"": ""沈阳医学院附属第二医院（沈阳医学院沈洲医院、沈阳市心血管病研究所）"", ""candidate_alias"": ""沈阳市心血管病研究所"", ""source_url"": ""https://beian.cfdi.org.cn/CTMDS/pub/PUB010100.do?method=handle06&curPage=17&pageSize=100"", ""status"": ""review_required"", ""reason"": ""Reference-only name; not approved for resolution""}]",False,https://beian.cfdi.org.cn/CTMDS/pub/PUB010100.do?method=handle06&curPage=17&pageSize=100,2026-09-05,"Snapshot identity only; not all aliases, trial participation or current eligibility"
cnha-cfdi-f3ac208ec0a803333941c2b1cd907cb2,河北中石油中心医院,药临床机构备字2019000046,filed,confirmed_against_filing_snapshot,,deferred_not_required_for_identity,0,[],False,https://beian.cfdi.org.cn/CTMDS/pub/PUB010100.do?method=handle06&curPage=1&pageSize=100,2026-09-05,"Snapshot identity only; not all aliases, trial participation or current eligibility"
cnha-cfdi-f3bc866dc0a803331d52dab2ceb409ca,上海交通大学医学院附属松江医院（上海市松江医院、上海交通大学医学院附属松江医院互联网医院）,药临床机构备字2020000452,filed,confirmed_against_filing_snapshot,,deferred_not_required_for_identity,2,"[{""hospital_id"": ""cnha-cfdi-f3bc866dc0a803331d52dab2ceb409ca"", ""official_name"": ""上海交通大学医学院附属松江医院（上海市松江医院、上海交通大学医学院附属松江医院互联网医院）"", ""candidate_alias"": ""上海交通大学医学院附属松江医院互联网医院"", ""source_url"": ""https://beian.cfdi.org.cn/CTMDS/pub/PUB010100.do?method=handle06&curPage=6&pageSize=100"", ""status"": ""review_required"", ""reason"": ""Reference-only name; not approved for resolution""}]",False,https://beian.cfdi.org.cn/CTMDS/pub/PUB010100.do?method=handle06&curPage=6&pageSize=100,2026-09-05,"Snapshot identity only; not all aliases, trial participation or current eligibility"
cnha-cfdi-f3c097fec0a803334a989b63c800827f,天津市胸科医院,药临床机构备字2020000638,filed,confirmed_against_filing_snapshot,,deferred_not_required_for_identity,0,"[{""hospital_id"": ""cnha-cfdi-f3c097fec0a803334a989b63c800827f"", ""official_name"": ""天津市胸科医院"", ""candidate_alias"": ""TJCH"", ""source_url"": ""https://ror.org/05r9v1368"", ""status"": ""review_required"", ""reason"": ""Reference-only name; not approved for resolution""}, {""hospital_id"": ""cnha-cfdi-f3c097fec0a803334a989b63c800827f"", ""official_name"": ""天津市胸科医院"", ""candidate_alias"": ""Tianjin Chest Hospital"", ""source_url"": ""https://ror.org/05r9v1368"", ""status"": ""review_required"", ""reason"": ""Reference-only name; not approved for resolution""}]",False,https://beian.cfdi.org.cn/CTMDS/pub/PUB010100.do?method=handle06&curPage=7&pageSize=100,2026-09-05,"Snapshot identity only; not all aliases, trial participation or current eligibility"
cnha-cfdi-f3e4d0f9c0a803334b07bcd087378fb5,山东中医药大学附属眼科医院,药临床机构备字2020000440,filed,confirmed_against_filing_snapshot,,deferred_not_required_for_identity,0,[],False,https://beian.cfdi.org.cn/CTMDS/pub/PUB010100.do?method=handle06&curPage=5&pageSize=100,2026-09-05,"Snapshot identity only; not all aliases, trial participation or current eligibility"
cnha-cfdi-f3f381a8c0a80333013ee61ccbd5f446,淮北矿工总医院,药临床机构备字2021000161,filed,confirmed_against_filing_snapshot,,deferred_not_required_for_identity,0,[],False,https://beian.cfdi.org.cn/CTMDS/pub/PUB010100.do?method=handle06&curPage=11&pageSize=100,2026-09-05,"Snapshot identity only; not all aliases, trial participation or current eligibility"
cnha-cfdi-f3fc6a36c0a80333704eadb60e5dc321,北京市第二医院,药临床机构备字2025000113,filed,confirmed_against_filing_snapshot,,deferred_not_required_for_identity,0,[],False,https://beian.cfdi.org.cn/CTMDS/pub/PUB010100.do?method=handle06&curPage=18&pageSize=100,2026-09-05,"Snapshot identity only; not all aliases, trial participation or current eligibility"
cnha-cfdi-f40200dec0a803333ce6b8a1ad75c631,惠州市第六人民医院,药临床机构备字2024000195,filed,confirmed_against_filing_snapshot,,deferred_not_required_for_identity,0,[],False,https://beian.cfdi.org.cn/CTMDS/pub/PUB010100.do?method=handle06&curPage=16&pageSize=100,2026-09-05,"Snapshot identity only; not all aliases, trial participation or current eligibility"
cnha-cfdi-f4032d2fc0a8033353facdb5aaa0677c,甘肃省第二人民医院,药临床机构备字2020000040,filed,confirmed_against_filing_snapshot,,deferred_not_required_for_identity,0,[],False,https://beian.cfdi.org.cn/CTMDS/pub/PUB010100.do?method=handle06&curPage=2&pageSize=100,2026-09-05,"Snapshot identity only; not all aliases, trial participation or current eligibility"
cnha-cfdi-f41cc7cec0a803335b9e1856ee51764a,北京市房山区良乡医院,药临床机构备字2026000145,filed,confirmed_against_filing_snapshot,,deferred_not_required_for_identity,0,[],False,https://beian.cfdi.org.cn/CTMDS/pub/PUB010100.do?method=handle06&curPage=21&pageSize=100,2026-09-05,"Snapshot identity only; not all aliases, trial participation or current eligibility"
cnha-cfdi-f4272ec5c0a80333460485425a122d1d,中国医学科学院北京协和医院,药临床机构备字2020000347,filed,confirmed_against_filing_snapshot,Peking Union Medical College Hospital,source_reviewed,3,"[{""hospital_id"": ""cnha-cfdi-f4272ec5c0a80333460485425a122d1d"", ""official_name"": ""中国医学科学院北京协和医院"", ""candidate_alias"": ""Beijing Xiehe Hospital"", ""source_url"": ""https://ror.org/04jztag35"", ""status"": ""review_required"", ""reason"": ""Reference-only name; not approved for resolution""}]",False,https://beian.cfdi.org.cn/CTMDS/pub/PUB010100.do?method=handle06&curPage=5&pageSize=100,2026-09-05,"Snapshot identity only; not all aliases, trial participation or current eligibility"
cnha-cfdi-f44586b2c0a8033379acc2febac32cb4,长治医学院附属和平医院,药临床机构备字2019000037,filed,confirmed_against_filing_snapshot,,deferred_not_required_for_identity,0,[],False,https://beian.cfdi.org.cn/CTMDS/pub/PUB010100.do?method=handle06&curPage=1&pageSize=100,2026-09-05,"Snapshot identity only; not all aliases, trial participation or current eligibility"
cnha-cfdi-f47b7471c0a803333ff8aa7300a6c157,中江县人民医院,药临床机构备字2023000111,filed,confirmed_against_filing_snapshot,,deferred_not_required_for_identity,0,[],False,https://beian.cfdi.org.cn/CTMDS/pub/PUB010100.do?method=handle06&curPage=14&pageSize=100,2026-09-05,"Snapshot identity only; not all aliases, trial participation or current eligibility"
cnha-cfdi-f4a48744c0a803333867da16826d2699,深圳市中医院,药临床机构备字2020000836,filed,confirmed_against_filing_snapshot,,deferred_not_required_for_identity,0,"[{""hospital_id"": ""cnha-cfdi-f4a48744c0a803333867da16826d2699"", ""official_name"": ""深圳市中医院"", ""candidate_alias"": ""Shenzhen Traditional Chinese Medicine Hospital"", ""source_url"": ""https://ror.org/00b16vp10"", ""status"": ""review_required"", ""reason"": ""Reference-only name; not approved for resolution""}]",False,https://beian.cfdi.org.cn/CTMDS/pub/PUB010100.do?method=handle06&curPage=9&pageSize=100,2026-09-05,"Snapshot identity only; not all aliases, trial participation or current eligibility"
cnha-cfdi-f4a52dfac0a803337987cbed3ee1fc54,衡阳华程医院有限公司,药临床机构备字2020000901,filed,confirmed_against_filing_snapshot,,deferred_not_required_for_identity,0,[],False,https://beian.cfdi.org.cn/CTMDS/pub/PUB010100.do?method=handle06&curPage=10&pageSize=100,2026-09-05,"Snapshot identity only; not all aliases, trial participation or current eligibility"
cnha-cfdi-f4c8c944c0a803333b22acda975e3467,武汉大学口腔医院,药临床机构备字2019000085,filed,confirmed_against_filing_snapshot,,deferred_not_required_for_identity,0,[],False,https://beian.cfdi.org.cn/CTMDS/pub/PUB010100.do?method=handle06&curPage=1&pageSize=100,2026-09-05,"Snapshot identity only; not all aliases, trial participation or current eligibility"
cnha-cfdi-f4e0d85dc0a8033312c2c0d42283d07c,德阳市人民医院,药临床机构备字2019000091,filed,confirmed_against_filing_snapshot,,deferred_not_required_for_identity,0,[],False,https://beian.cfdi.org.cn/CTMDS/pub/PUB010100.do?method=handle06&curPage=1&pageSize=100,2026-09-05,"Snapshot identity only; not all aliases, trial participation or current eligibility"
cnha-cfdi-f4f98652c0a803335f197e2df8ec0b2e,西安交通大学第一附属医院,药临床机构备字2020000167,filed,confirmed_against_filing_snapshot,The First Affiliated Hospital of Xi'an Jiaotong University,source_reviewed,2,[],False,https://beian.cfdi.org.cn/CTMDS/pub/PUB010100.do?method=handle06&curPage=3&pageSize=100,2026-09-05,"Snapshot identity only; not all aliases, trial participation or current eligibility"
cnha-cfdi-f50251d2c0a803332759365ea2b859de,长沙市第三医院,药临床机构备字2020000156,filed,confirmed_against_filing_snapshot,,deferred_not_required_for_identity,0,[],False,https://beian.cfdi.org.cn/CTMDS/pub/PUB010100.do?method=handle06&curPage=3&pageSize=100,2026-09-05,"Snapshot identity only; not all aliases, trial participation or current eligibility"
cnha-cfdi-f515fccdc0a8033368454e0b6b9b5de1,罗平县人民医院,药临床机构备字2024000181,filed,confirmed_against_filing_snapshot,,deferred_not_required_for_identity,0,[],False,https://beian.cfdi.org.cn/CTMDS/pub/PUB010100.do?method=handle06&curPage=16&pageSize=100,2026-09-05,"Snapshot identity only; not all aliases, trial participation or current eligibility"
cnha-cfdi-f52e7d0ec0a8033334676fca415af93a,浙江中医药大学附属第二医院（浙江省新华医院）,药临床机构备字2020000885,filed,confirmed_against_filing_snapshot,,deferred_not_required_for_identity,2,[],False,https://beian.cfdi.org.cn/CTMDS/pub/PUB010100.do?method=handle06&curPage=9&pageSize=100,2026-09-05,"Snapshot identity only; not all aliases, trial participation or current eligibility"
cnha-cfdi-f54478f4c0a803337f778cd3b4849179,厦门大学附属第一医院,药临床机构备字2019000097,filed,confirmed_against_filing_snapshot,The First Affiliated Hospital of Xiamen University,source_reviewed,1,"[{""hospital_id"": ""cnha-cfdi-f54478f4c0a803337f778cd3b4849179"", ""official_name"": ""厦门大学附属第一医院"", ""candidate_alias"": ""First Affiliated Hospital of Xiamen University"", ""source_url"": ""https://ror.org/0006swh35"", ""status"": ""review_required"", ""reason"": ""Reference-only name; not approved for resolution""}]",False,https://beian.cfdi.org.cn/CTMDS/pub/PUB010100.do?method=handle06&curPage=1&pageSize=100,2026-09-05,"Snapshot identity only; not all aliases, trial participation or current eligibility"
cnha-cfdi-f547a255c0a803335cde0ca1b041f82b,江西省妇女儿童医学中心（江西省妇幼保健院）,药临床机构备字2020000155,filed,confirmed_against_filing_snapshot,,deferred_not_required_for_identity,0,[],False,https://beian.cfdi.org.cn/CTMDS/pub/PUB010100.do?method=handle06&curPage=3&pageSize=100,2026-09-05,"Snapshot identity only; not all aliases, trial participation or current eligibility"
cnha-cfdi-f5605b97c0a8033316c3889649d57f65,首都医科大学附属北京世纪坛医院,药临床机构备字2020000703,filed,confirmed_against_filing_snapshot,,deferred_not_required_for_identity,0,[],False,https://beian.cfdi.org.cn/CTMDS/pub/PUB010100.do?method=handle06&curPage=8&pageSize=100,2026-09-05,"Snapshot identity only; not all aliases, trial participation or current eligibility"
cnha-cfdi-f5f28e60c0a803335ba8a72b76a0aa74,邳州市中医院,药临床机构备字2026000029,filed,confirmed_against_filing_snapshot,,deferred_not_required_for_identity,0,[],False,https://beian.cfdi.org.cn/CTMDS/pub/PUB010100.do?method=handle06&curPage=20&pageSize=100,2026-09-05,"Snapshot identity only; not all aliases, trial participation or current eligibility"
cnha-cfdi-f6d4f248c0a8033318713eaa8a8e7123,岳阳市中医医院,药临床机构备字2025000283,filed,confirmed_against_filing_snapshot,,deferred_not_required_for_identity,0,[],False,https://beian.cfdi.org.cn/CTMDS/pub/PUB010100.do?method=handle06&curPage=19&pageSize=100,2026-09-05,"Snapshot identity only; not all aliases, trial participation or current eligibility"
cnha-cfdi-f6f4975cc0a8033320de9c80fce13b2c,义乌市中心医院（义乌市中心医院医共体）,药临床机构备字2023000098,filed,confirmed_against_filing_snapshot,,deferred_not_required_for_identity,1,"[{""hospital_id"": ""cnha-cfdi-f6f4975cc0a8033320de9c80fce13b2c"", ""official_name"": ""义乌市中心医院（义乌市中心医院医共体）"", ""candidate_alias"": ""义乌市中心医院医共体"", ""source_url"": ""https://beian.cfdi.org.cn/CTMDS/pub/PUB010100.do?method=handle06&curPage=14&pageSize=100"", ""status"": ""review_required"", ""reason"": ""Reference-only name; not approved for resolution""}]",False,https://beian.cfdi.org.cn/CTMDS/pub/PUB010100.do?method=handle06&curPage=14&pageSize=100,2026-09-05,"Snapshot identity only; not all aliases, trial participation or current eligibility"
cnha-cfdi-f6feb786c0a8033328592d0462726a4e,宣城市人民医院,药临床机构备字2020000770,filed,confirmed_against_filing_snapshot,,deferred_not_required_for_identity,0,[],False,https://beian.cfdi.org.cn/CTMDS/pub/PUB010100.do?method=handle06&curPage=8&pageSize=100,2026-09-05,"Snapshot identity only; not all aliases, trial participation or current eligibility"
cnha-cfdi-f71832b7c0a8033378ed23f9900904f4,株洲市二医院,药临床机构备字2026000033,filed,confirmed_against_filing_snapshot,,deferred_not_required_for_identity,0,[],False,https://beian.cfdi.org.cn/CTMDS/pub/PUB010100.do?method=handle06&curPage=20&pageSize=100,2026-09-05,"Snapshot identity only; not all aliases, trial participation or current eligibility"
cnha-cfdi-f723a667c0a803337bbbd1a71a8a05c0,苏州市第五人民医院,药临床机构备字2020000940,filed,confirmed_against_filing_snapshot,,deferred_not_required_for_identity,0,"[{""hospital_id"": ""cnha-cfdi-f723a667c0a803337bbbd1a71a8a05c0"", ""official_name"": ""苏州市第五人民医院"", ""candidate_alias"": ""The Fifth People’s Hospital of Suzhou"", ""source_url"": ""https://ror.org/05jy72h47"", ""status"": ""review_required"", ""reason"": ""Reference-only name; not approved for resolution""}]",False,https://beian.cfdi.org.cn/CTMDS/pub/PUB010100.do?method=handle06&curPage=10&pageSize=100,2026-09-05,"Snapshot identity only; not all aliases, trial participation or current eligibility"
cnha-cfdi-f74b0977c0a8033331c6f39484a44938,贵州医科大学附属肿瘤医院,药临床机构备字2020000220,filed,confirmed_against_filing_snapshot,,deferred_not_required_for_identity,0,[],False,https://beian.cfdi.org.cn/CTMDS/pub/PUB010100.do?method=handle06&curPage=3&pageSize=100,2026-09-05,"Snapshot identity only; not all aliases, trial participation or current eligibility"
cnha-cfdi-f74ea228c0a8033330618b22fa0af884,北京丰台右安门医院,药临床机构备字2024000143,filed,confirmed_against_filing_snapshot,,deferred_not_required_for_identity,0,[],False,https://beian.cfdi.org.cn/CTMDS/pub/PUB010100.do?method=handle06&curPage=16&pageSize=100,2026-09-05,"Snapshot identity only; not all aliases, trial participation or current eligibility"
cnha-cfdi-f75fef0bc0a803337fd6ece95424d9e8,温州市中心医院,药临床机构备字2020000240,filed,confirmed_against_filing_snapshot,,deferred_not_required_for_identity,0,"[{""hospital_id"": ""cnha-cfdi-f75fef0bc0a803337fd6ece95424d9e8"", ""official_name"": ""温州市中心医院"", ""candidate_alias"": ""Wenzhou Cancer Hospital"", ""source_url"": ""https://ror.org/00w5h0n54"", ""status"": ""review_required"", ""reason"": ""Reference-only name; not approved for resolution""}, {""hospital_id"": ""cnha-cfdi-f75fef0bc0a803337fd6ece95424d9e8"", ""official_name"": ""温州市中心医院"", ""candidate_alias"": ""Wenzhou Central Hospital"", ""source_url"": ""https://ror.org/00w5h0n54"", ""status"": ""review_required"", ""reason"": ""Reference-only name; not approved for resolution""}, {""hospital_id"": ""cnha-cfdi-f75fef0bc0a803337fd6ece95424d9e8"", ""official_name"": ""温州市中心医院"", ""candidate_alias"": ""Wenzhou City Central Hospital"", ""source_url"": ""https://ror.org/00w5h0n54"", ""status"": ""review_required"", ""reason"": ""Reference-only name; not approved for resolution""}, {""hospital_id"": ""cnha-cfdi-f75fef0bc0a803337fd6ece95424d9e8"", ""official_name"": ""温州市中心医院"", ""candidate_alias"": ""Wenzhou No.6 People's Hospital"", ""source_url"": ""https://ror.org/00w5h0n54"", ""status"": ""review_required"", ""reason"": ""Reference-only name; not approved for resolution""}]",False,https://beian.cfdi.org.cn/CTMDS/pub/PUB010100.do?method=handle06&curPage=4&pageSize=100,2026-09-05,"Snapshot identity only; not all aliases, trial participation or current eligibility"
cnha-cfdi-f7b9787cc0a80333410bf46e68b3757c,宁乡市人民医院,药临床机构备字2025000206,filed,confirmed_against_filing_snapshot,,deferred_not_required_for_identity,0,[],False,https://beian.cfdi.org.cn/CTMDS/pub/PUB010100.do?method=handle06&curPage=19&pageSize=100,2026-09-05,"Snapshot identity only; not all aliases, trial participation or current eligibility"
cnha-cfdi-f7be6604c0a80333389f78f25e869685,南华大学附属南华医院,药临床机构备字2020000921,filed,confirmed_against_filing_snapshot,,deferred_not_required_for_identity,0,[],False,https://beian.cfdi.org.cn/CTMDS/pub/PUB010100.do?method=handle06&curPage=10&pageSize=100,2026-09-05,"Snapshot identity only; not all aliases, trial participation or current eligibility"
cnha-cfdi-f7bf841fc0a803332a8b5ec13d108859,延安市人民医院,药临床机构备字2023000044,filed,confirmed_against_filing_snapshot,,deferred_not_required_for_identity,0,[],False,https://beian.cfdi.org.cn/CTMDS/pub/PUB010100.do?method=handle06&curPage=13&pageSize=100,2026-09-05,"Snapshot identity only; not all aliases, trial participation or current eligibility"
cnha-cfdi-f7c25d8dc0a8033333aad94325f05d04,黄山市人民医院,药临床机构备字2021000114,filed,confirmed_against_filing_snapshot,,deferred_not_required_for_identity,0,[],False,https://beian.cfdi.org.cn/CTMDS/pub/PUB010100.do?method=handle06&curPage=11&pageSize=100,2026-09-05,"Snapshot identity only; not all aliases, trial participation or current eligibility"
cnha-cfdi-f7c77046c0a803334e806c661d9bd22a,临泉县人民医院,药临床机构备字2024000007,filed,confirmed_against_filing_snapshot,,deferred_not_required_for_identity,0,[],False,https://beian.cfdi.org.cn/CTMDS/pub/PUB010100.do?method=handle06&curPage=15&pageSize=100,2026-09-05,"Snapshot identity only; not all aliases, trial participation or current eligibility"
cnha-cfdi-f7d75cfec0a803335ab3e7b65e61f103,上海市杨浦区中心医院（同济大学附属杨浦医院）,药临床机构备字2020000621,filed,confirmed_against_filing_snapshot,,deferred_not_required_for_identity,2,[],False,https://beian.cfdi.org.cn/CTMDS/pub/PUB010100.do?method=handle06&curPage=7&pageSize=100,2026-09-05,"Snapshot identity only; not all aliases, trial participation or current eligibility"
cnha-cfdi-f7ea5c59c0a8033343cf7178820373e9,玉林市妇幼保健院,药临床机构备字2024000131,filed,confirmed_against_filing_snapshot,,deferred_not_required_for_identity,0,[],False,https://beian.cfdi.org.cn/CTMDS/pub/PUB010100.do?method=handle06&curPage=16&pageSize=100,2026-09-05,"Snapshot identity only; not all aliases, trial participation or current eligibility"
cnha-cfdi-f7f99a08c0a803333ed756a9f0bcec39,河北一洲肿瘤医院,药临床机构备字2023000168,filed,confirmed_against_filing_snapshot,,deferred_not_required_for_identity,0,[],False,https://beian.cfdi.org.cn/CTMDS/pub/PUB010100.do?method=handle06&curPage=14&pageSize=100,2026-09-05,"Snapshot identity only; not all aliases, trial participation or current eligibility"
cnha-cfdi-f80e8b52c0a803334aa0b0a3f8cc60e1,吉安市中心人民医院,药临床机构备字2024000243,filed,confirmed_against_filing_snapshot,,deferred_not_required_for_identity,0,[],False,https://beian.cfdi.org.cn/CTMDS/pub/PUB010100.do?method=handle06&curPage=17&pageSize=100,2026-09-05,"Snapshot identity only; not all aliases, trial participation or current eligibility"
cnha-cfdi-f82e1793c0a803336a7b6a26bb8b2fd4,鞍山市肿瘤医院,药临床机构备字2022000197,filed,confirmed_against_filing_snapshot,,deferred_not_required_for_identity,0,[],False,https://beian.cfdi.org.cn/CTMDS/pub/PUB010100.do?method=handle06&curPage=13&pageSize=100,2026-09-05,"Snapshot identity only; not all aliases, trial participation or current eligibility"
cnha-cfdi-f8468903c0a8033357740b0165fcdabf,常州市老年病医院(常州市第七人民医院),药临床机构备字2025000192,filed,confirmed_against_filing_snapshot,,deferred_not_required_for_identity,2,[],False,https://beian.cfdi.org.cn/CTMDS/pub/PUB010100.do?method=handle06&curPage=19&pageSize=100,2026-09-05,"Snapshot identity only; not all aliases, trial participation or current eligibility"
cnha-cfdi-f848c275c0a80333606227ad2e0affe3,仙居县人民医院,药临床机构备字2024000068,filed,confirmed_against_filing_snapshot,,deferred_not_required_for_identity,0,[],False,https://beian.cfdi.org.cn/CTMDS/pub/PUB010100.do?method=handle06&curPage=16&pageSize=100,2026-09-05,"Snapshot identity only; not all aliases, trial participation or current eligibility"
cnha-cfdi-f852b333c0a8033332db3c722c03518a,云南省文山壮族苗族自治州人民医院,药临床机构备字2025000054,filed,confirmed_against_filing_snapshot,,deferred_not_required_for_identity,0,[],False,https://beian.cfdi.org.cn/CTMDS/pub/PUB010100.do?method=handle06&curPage=18&pageSize=100,2026-09-05,"Snapshot identity only; not all aliases, trial participation or current eligibility"
cnha-cfdi-f8537c5bc0a8033373ce2e9d1e4991ff,长沙经开医院,药临床机构备字2024000171,filed,confirmed_against_filing_snapshot,,deferred_not_required_for_identity,0,[],False,https://beian.cfdi.org.cn/CTMDS/pub/PUB010100.do?method=handle06&curPage=16&pageSize=100,2026-09-05,"Snapshot identity only; not all aliases, trial participation or current eligibility"
cnha-cfdi-f8646fe5c0a803331597eb046f75df88,普宁华侨医院,药临床机构备字2026000126,filed,confirmed_against_filing_snapshot,,deferred_not_required_for_identity,0,[],False,https://beian.cfdi.org.cn/CTMDS/pub/PUB010100.do?method=handle06&curPage=20&pageSize=100,2026-09-05,"Snapshot identity only; not all aliases, trial participation or current eligibility"
cnha-cfdi-f86f78e8c0a8033379696154a0054268,松原吉林油田医院,药临床机构备字2024000124,filed,confirmed_against_filing_snapshot,,deferred_not_required_for_identity,0,[],False,https://beian.cfdi.org.cn/CTMDS/pub/PUB010100.do?method=handle06&curPage=16&pageSize=100,2026-09-05,"Snapshot identity only; not all aliases, trial participation or current eligibility"
cnha-cfdi-f875d55ec0a803337a922b80694de21a,江门市妇幼保健院,药临床机构备字2025000046,filed,confirmed_against_filing_snapshot,,deferred_not_required_for_identity,0,[],False,https://beian.cfdi.org.cn/CTMDS/pub/PUB010100.do?method=handle06&curPage=17&pageSize=100,2026-09-05,"Snapshot identity only; not all aliases, trial participation or current eligibility"
cnha-cfdi-f876a885c0a803331d6a1cc6b4748dad,北京华信医院（清华大学第一附属医院）,药临床机构备字2023000253,filed,confirmed_against_filing_snapshot,,deferred_not_required_for_identity,2,"[{""hospital_id"": ""cnha-cfdi-f876a885c0a803331d6a1cc6b4748dad"", ""official_name"": ""北京华信医院（清华大学第一附属医院）"", ""candidate_alias"": ""Beijing Hua Xin Hospital"", ""source_url"": ""https://ror.org/04k6zqn86"", ""status"": ""review_required"", ""reason"": ""Reference-only name; not approved for resolution""}, {""hospital_id"": ""cnha-cfdi-f876a885c0a803331d6a1cc6b4748dad"", ""official_name"": ""北京华信医院（清华大学第一附属医院）"", ""candidate_alias"": ""First Hospital of Tsinghua University"", ""source_url"": ""https://ror.org/04k6zqn86"", ""status"": ""review_required"", ""reason"": ""Reference-only name; not approved for resolution""}]",False,https://beian.cfdi.org.cn/CTMDS/pub/PUB010100.do?method=handle06&curPage=15&pageSize=100,2026-09-05,"Snapshot identity only; not all aliases, trial participation or current eligibility"
cnha-cfdi-f87ae5c9c0a8033377ac8a877133c133,中国人民解放军总医院第六医学中心,药临床机构备字2020000456,filed,confirmed_against_filing_snapshot,,deferred_not_required_for_identity,0,[],False,https://beian.cfdi.org.cn/CTMDS/pub/PUB010100.do?method=handle06&curPage=6&pageSize=100,2026-09-05,"Snapshot identity only; not all aliases, trial participation or current eligibility"
cnha-cfdi-f8833d0ac0a8033325cf71792e17cb05,浙江省嘉善县第一人民医院,药临床机构备字2023000187,filed,confirmed_against_filing_snapshot,,deferred_not_required_for_identity,0,[],False,https://beian.cfdi.org.cn/CTMDS/pub/PUB010100.do?method=handle06&curPage=14&pageSize=100,2026-09-05,"Snapshot identity only; not all aliases, trial participation or current eligibility"
cnha-cfdi-f88d48b5c0a803336f18516b60653f7c,云南省中医医院,药临床机构备字2020000499,filed,confirmed_against_filing_snapshot,,deferred_not_required_for_identity,0,"[{""hospital_id"": ""cnha-cfdi-f88d48b5c0a803336f18516b60653f7c"", ""official_name"": ""云南省中医医院"", ""candidate_alias"": ""Yunnan Provincial Hospital of Traditional Chinese Medicine"", ""source_url"": ""https://ror.org/01khc4e56"", ""status"": ""review_required"", ""reason"": ""Reference-only name; not approved for resolution""}]",False,https://beian.cfdi.org.cn/CTMDS/pub/PUB010100.do?method=handle06&curPage=6&pageSize=100,2026-09-05,"Snapshot identity only; not all aliases, trial participation or current eligibility"
cnha-cfdi-f8951c41c0a803333123ce36bc6d68fb,郑州中医骨伤病医院,药临床机构备字2020000729,filed,confirmed_against_filing_snapshot,,deferred_not_required_for_identity,0,[],False,https://beian.cfdi.org.cn/CTMDS/pub/PUB010100.do?method=handle06&curPage=8&pageSize=100,2026-09-05,"Snapshot identity only; not all aliases, trial participation or current eligibility"
cnha-cfdi-f89adb3dc0a803331cb834e6828f1832,天津市中医药研究院附属医院,药临床机构备字2020000188,filed,confirmed_against_filing_snapshot,,deferred_not_required_for_identity,0,[],False,https://beian.cfdi.org.cn/CTMDS/pub/PUB010100.do?method=handle06&curPage=3&pageSize=100,2026-09-05,"Snapshot identity only; not all aliases, trial participation or current eligibility"
cnha-cfdi-f8a421afc0a8033341d7d03fa60711b4,昌吉回族自治州人民医院,药临床机构备字2025000011,filed,confirmed_against_filing_snapshot,,deferred_not_required_for_identity,0,[],False,https://beian.cfdi.org.cn/CTMDS/pub/PUB010100.do?method=handle06&curPage=17&pageSize=100,2026-09-05,"Snapshot identity only; not all aliases, trial participation or current eligibility"
cnha-cfdi-f8aa003cc0a803334a8d8dffa1ac48ee,京东誉美中西医结合肾病医院有限公司,药临床机构备字2024000185,filed,confirmed_against_filing_snapshot,,deferred_not_required_for_identity,0,[],False,https://beian.cfdi.org.cn/CTMDS/pub/PUB010100.do?method=handle06&curPage=16&pageSize=100,2026-09-05,"Snapshot identity only; not all aliases, trial participation or current eligibility"
cnha-cfdi-f8ac47a8c0a803337ff4fdd0955e69f8,北京市怀柔区中医医院,药临床机构备字2025000112,filed,confirmed_against_filing_snapshot,,deferred_not_required_for_identity,0,[],False,https://beian.cfdi.org.cn/CTMDS/pub/PUB010100.do?method=handle06&curPage=18&pageSize=100,2026-09-05,"Snapshot identity only; not all aliases, trial participation or current eligibility"
cnha-cfdi-f8b6f2b9c0a8033316cd39eead68296b,浙江大学医学院附属邵逸夫医院,药临床机构备字2020000131,filed,confirmed_against_filing_snapshot,,deferred_not_required_for_identity,0,"[{""hospital_id"": ""cnha-cfdi-f8b6f2b9c0a8033316cd39eead68296b"", ""official_name"": ""浙江大学医学院附属邵逸夫医院"", ""candidate_alias"": ""SRRSH"", ""source_url"": ""https://ror.org/00ka6rp58"", ""status"": ""review_required"", ""reason"": ""Reference-only name; not approved for resolution""}, {""hospital_id"": ""cnha-cfdi-f8b6f2b9c0a8033316cd39eead68296b"", ""official_name"": ""浙江大学医学院附属邵逸夫医院"", ""candidate_alias"": ""Shao Yifu Hospital"", ""source_url"": ""https://ror.org/00ka6rp58"", ""status"": ""review_required"", ""reason"": ""Reference-only name; not approved for resolution""}, {""hospital_id"": ""cnha-cfdi-f8b6f2b9c0a8033316cd39eead68296b"", ""official_name"": ""浙江大学医学院附属邵逸夫医院"", ""candidate_alias"": ""Shào Yìfū Yīyuàn"", ""source_url"": ""https://ror.org/00ka6rp58"", ""status"": ""review_required"", ""reason"": ""Reference-only name; not approved for resolution""}, {""hospital_id"": ""cnha-cfdi-f8b6f2b9c0a8033316cd39eead68296b"", ""official_name"": ""浙江大学医学院附属邵逸夫医院"", ""candidate_alias"": ""Sir Run Run Shaw Hospital"", ""source_url"": ""https://ror.org/00ka6rp58"", ""status"": ""review_required"", ""reason"": ""Reference-only name; not approved for resolution""}]",False,https://beian.cfdi.org.cn/CTMDS/pub/PUB010100.do?method=handle06&curPage=3&pageSize=100,2026-09-05,"Snapshot identity only; not all aliases, trial participation or current eligibility"
cnha-cfdi-f8b9698ec0a803332effd49560c4f5b5,抚顺市眼病医院,药临床机构备字2023000175,filed,confirmed_against_filing_snapshot,,deferred_not_required_for_identity,0,[],False,https://beian.cfdi.org.cn/CTMDS/pub/PUB010100.do?method=handle06&curPage=14&pageSize=100,2026-09-05,"Snapshot identity only; not all aliases, trial participation or current eligibility"
cnha-cfdi-f8c1e47cc0a803334dbe2f6fbf805a37,中国医科大学附属口腔医院,药临床机构备字2020000858,filed,confirmed_against_filing_snapshot,,deferred_not_required_for_identity,0,[],False,https://beian.cfdi.org.cn/CTMDS/pub/PUB010100.do?method=handle06&curPage=9&pageSize=100,2026-09-05,"Snapshot identity only; not all aliases, trial participation or current eligibility"
cnha-cfdi-f8e435bcc0a803333921602c60f70ad7,东莞市滨海湾中心医院,药临床机构备字2023000273,filed,confirmed_against_filing_snapshot,,deferred_not_required_for_identity,0,[],False,https://beian.cfdi.org.cn/CTMDS/pub/PUB010100.do?method=handle06&curPage=15&pageSize=100,2026-09-05,"Snapshot identity only; not all aliases, trial participation or current eligibility"
cnha-cfdi-f8e4a741c0a803334b2323ce172ca1d6,宜兴市中医医院,药临床机构备字2024000216,filed,confirmed_against_filing_snapshot,,deferred_not_required_for_identity,0,[],False,https://beian.cfdi.org.cn/CTMDS/pub/PUB010100.do?method=handle06&curPage=17&pageSize=100,2026-09-05,"Snapshot identity only; not all aliases, trial participation or current eligibility"
cnha-cfdi-f8ed7888c0a8033355eaacc0bc8ef6ec,安吉县人民医院,药临床机构备字2025000014,filed,confirmed_against_filing_snapshot,,deferred_not_required_for_identity,0,[],False,https://beian.cfdi.org.cn/CTMDS/pub/PUB010100.do?method=handle06&curPage=17&pageSize=100,2026-09-05,"Snapshot identity only; not all aliases, trial participation or current eligibility"
cnha-cfdi-f8fa2368c0a8033321f0b9fa59249e56,濮阳市人民医院,药临床机构备字2023000013,filed,confirmed_against_filing_snapshot,,deferred_not_required_for_identity,0,"[{""hospital_id"": ""cnha-cfdi-f8fa2368c0a8033321f0b9fa59249e56"", ""official_name"": ""濮阳市人民医院"", ""candidate_alias"": ""Fuyang City People's Hospital"", ""source_url"": ""https://ror.org/00p1jee13"", ""status"": ""review_required"", ""reason"": ""Reference-only name; not approved for resolution""}]",False,https://beian.cfdi.org.cn/CTMDS/pub/PUB010100.do?method=handle06&curPage=13&pageSize=100,2026-09-05,"Snapshot identity only; not all aliases, trial participation or current eligibility"
cnha-cfdi-f907abffc0a803335501fd0d8e02a67f,潍坊市高新康复医院(潍坊高新技术产业开发区人民医院),药临床机构备字2020000523,filed,confirmed_against_filing_snapshot,,deferred_not_required_for_identity,2,[],False,https://beian.cfdi.org.cn/CTMDS/pub/PUB010100.do?method=handle06&curPage=6&pageSize=100,2026-09-05,"Snapshot identity only; not all aliases, trial participation or current eligibility"
cnha-cfdi-f91623dec0a80333429d072ff6f0f7ed,九江市中医医院,药临床机构备字2020000174,filed,confirmed_against_filing_snapshot,,deferred_not_required_for_identity,0,[],False,https://beian.cfdi.org.cn/CTMDS/pub/PUB010100.do?method=handle06&curPage=3&pageSize=100,2026-09-05,"Snapshot identity only; not all aliases, trial participation or current eligibility"
cnha-cfdi-f917cf3ac0a8033326085b7573bdd0d5,陕西省结核病防治院（陕西省第五人民医院）,药临床机构备字2020000058,filed,confirmed_against_filing_snapshot,,deferred_not_required_for_identity,0,[],False,https://beian.cfdi.org.cn/CTMDS/pub/PUB010100.do?method=handle06&curPage=2&pageSize=100,2026-09-05,"Snapshot identity only; not all aliases, trial participation or current eligibility"
cnha-cfdi-f9210194c0a8033352a759b3c8cf0128,阜阳市肿瘤医院,药临床机构备字2022000160,filed,confirmed_against_filing_snapshot,,deferred_not_required_for_identity,0,[],False,https://beian.cfdi.org.cn/CTMDS/pub/PUB010100.do?method=handle06&curPage=13&pageSize=100,2026-09-05,"Snapshot identity only; not all aliases, trial participation or current eligibility"
cnha-cfdi-f9225458c0a8033321f824bbb774a21f,安徽医科大学第一附属医院,药临床机构备字2020000441,filed,confirmed_against_filing_snapshot,The First Affiliated Hospital of Anhui Medical University,source_reviewed,6,"[{""hospital_id"": ""cnha-cfdi-f9225458c0a8033321f824bbb774a21f"", ""official_name"": ""安徽医科大学第一附属医院"", ""candidate_alias"": ""First Affiliated Hospital of Anhui Medical University"", ""source_url"": ""https://ror.org/03t1yn780"", ""status"": ""review_required"", ""reason"": ""Reference-only name; not approved for resolution""}]",False,https://beian.cfdi.org.cn/CTMDS/pub/PUB010100.do?method=handle06&curPage=5&pageSize=100,2026-09-05,"Snapshot identity only; not all aliases, trial participation or current eligibility"
cnha-cfdi-f92bcf02c0a8033346e10fee4eeda16c,靖江市人民医院,药临床机构备字2021000095,filed,confirmed_against_filing_snapshot,,deferred_not_required_for_identity,0,[],False,https://beian.cfdi.org.cn/CTMDS/pub/PUB010100.do?method=handle06&curPage=11&pageSize=100,2026-09-05,"Snapshot identity only; not all aliases, trial participation or current eligibility"
cnha-cfdi-f931c66fc0a803330bbdcd19143594c0,菏泽市立医院,药临床机构备字2020000903,filed,confirmed_against_filing_snapshot,,deferred_not_required_for_identity,0,[],False,https://beian.cfdi.org.cn/CTMDS/pub/PUB010100.do?method=handle06&curPage=10&pageSize=100,2026-09-05,"Snapshot identity only; not all aliases, trial participation or current eligibility"
cnha-cfdi-f95bc89fc0a8033354727bbe4139f791,丹东市中心医院,药临床机构备字2024000247,filed,confirmed_against_filing_snapshot,,deferred_not_required_for_identity,0,[],False,https://beian.cfdi.org.cn/CTMDS/pub/PUB010100.do?method=handle06&curPage=17&pageSize=100,2026-09-05,"Snapshot identity only; not all aliases, trial participation or current eligibility"
cnha-cfdi-f95c1345c0a80333560d27a5569eb472,楚雄彝族自治州中医医院、云南省彝医医院、楚雄彝族自治州中医医院互联网医院,药临床机构备字2025000158,filed,confirmed_against_filing_snapshot,,deferred_not_required_for_identity,2,"[{""hospital_id"": ""cnha-cfdi-f95c1345c0a80333560d27a5569eb472"", ""official_name"": ""楚雄彝族自治州中医医院、云南省彝医医院、楚雄彝族自治州中医医院互联网医院"", ""candidate_alias"": ""楚雄彝族自治州中医医院互联网医院"", ""source_url"": ""https://beian.cfdi.org.cn/CTMDS/pub/PUB010100.do?method=handle06&curPage=18&pageSize=100"", ""status"": ""review_required"", ""reason"": ""Reference-only name; not approved for resolution""}]",False,https://beian.cfdi.org.cn/CTMDS/pub/PUB010100.do?method=handle06&curPage=18&pageSize=100,2026-09-05,"Snapshot identity only; not all aliases, trial participation or current eligibility"
cnha-cfdi-f95c92b2c0a803336c455dfc1a6b4d72,三台县人民医院(川北医学院附属三台医院),药临床机构备字2025000178,filed,confirmed_against_filing_snapshot,,deferred_not_required_for_identity,2,[],False,https://beian.cfdi.org.cn/CTMDS/pub/PUB010100.do?method=handle06&curPage=18&pageSize=100,2026-09-05,"Snapshot identity only; not all aliases, trial participation or current eligibility"
cnha-cfdi-f9609551c0a8033330388bfbeabf2088,佳木斯市中医医院,药临床机构备字2025000088,filed,confirmed_against_filing_snapshot,,deferred_not_required_for_identity,0,[],False,https://beian.cfdi.org.cn/CTMDS/pub/PUB010100.do?method=handle06&curPage=18&pageSize=100,2026-09-05,"Snapshot identity only; not all aliases, trial participation or current eligibility"
cnha-cfdi-f9633e05c0a803334f4d0bcf7d3e850b,上海市皮肤病医院,药临床机构备字2020000218,filed,confirmed_against_filing_snapshot,,deferred_not_required_for_identity,0,[],False,https://beian.cfdi.org.cn/CTMDS/pub/PUB010100.do?method=handle06&curPage=3&pageSize=100,2026-09-05,"Snapshot identity only; not all aliases, trial participation or current eligibility"
cnha-cfdi-f96dedcfc0a803332e185e83369898d2,扬州市江都人民医院,药临床机构备字2026000019,filed,confirmed_against_filing_snapshot,,deferred_not_required_for_identity,0,[],False,https://beian.cfdi.org.cn/CTMDS/pub/PUB010100.do?method=handle06&curPage=19&pageSize=100,2026-09-05,"Snapshot identity only; not all aliases, trial participation or current eligibility"
cnha-cfdi-f98452e6c0a803333a5e33e6d5b095c2,安康市中心医院,药临床机构备字2023000084,filed,confirmed_against_filing_snapshot,,deferred_not_required_for_identity,0,"[{""hospital_id"": ""cnha-cfdi-f98452e6c0a803333a5e33e6d5b095c2"", ""official_name"": ""安康市中心医院"", ""candidate_alias"": ""Ankang City Central Hospital"", ""source_url"": ""https://ror.org/02fstqr33"", ""status"": ""review_required"", ""reason"": ""Reference-only name; not approved for resolution""}]",False,https://beian.cfdi.org.cn/CTMDS/pub/PUB010100.do?method=handle06&curPage=14&pageSize=100,2026-09-05,"Snapshot identity only; not all aliases, trial participation or current eligibility"
cnha-cfdi-f984c152c0a8033307ac6670f8319c4c,北京航天总医院临床试验机构,药临床机构备字2020000448,filed,confirmed_against_filing_snapshot,,deferred_not_required_for_identity,0,[],False,https://beian.cfdi.org.cn/CTMDS/pub/PUB010100.do?method=handle06&curPage=6&pageSize=100,2026-09-05,"Snapshot identity only; not all aliases, trial participation or current eligibility"
cnha-cfdi-f98b27efc0a8033372b6a038f96d36f3,济源市人民医院,药临床机构备字2024000094,filed,confirmed_against_filing_snapshot,,deferred_not_required_for_identity,0,[],False,https://beian.cfdi.org.cn/CTMDS/pub/PUB010100.do?method=handle06&curPage=16&pageSize=100,2026-09-05,"Snapshot identity only; not all aliases, trial participation or current eligibility"
cnha-cfdi-f9a88be6c0a80333570559fc43be3d41,皖西卫生职业学院附属医院（六安市第二人民医院、六安市精神病医院）,药临床机构备字2022000198,filed,confirmed_against_filing_snapshot,,deferred_not_required_for_identity,3,[],False,https://beian.cfdi.org.cn/CTMDS/pub/PUB010100.do?method=handle06&curPage=13&pageSize=100,2026-09-05,"Snapshot identity only; not all aliases, trial participation or current eligibility"
cnha-cfdi-f9ba3bf5c0a80333382b791d42fb79e1,深圳市第三人民医院,药临床机构备字2020000075,filed,confirmed_against_filing_snapshot,,deferred_not_required_for_identity,0,"[{""hospital_id"": ""cnha-cfdi-f9ba3bf5c0a80333382b791d42fb79e1"", ""official_name"": ""深圳市第三人民医院"", ""candidate_alias"": ""Shenzhen Third People’s Hospital"", ""source_url"": ""https://ror.org/04xfsbk97"", ""status"": ""review_required"", ""reason"": ""Reference-only name; not approved for resolution""}]",False,https://beian.cfdi.org.cn/CTMDS/pub/PUB010100.do?method=handle06&curPage=2&pageSize=100,2026-09-05,"Snapshot identity only; not all aliases, trial participation or current eligibility"
cnha-cfdi-f9dc7ed1c0a80333676824aea3841840,山西中医药大学附属医院（中国中医科学院西苑医院山西医院）,药临床机构备字2022000062,filed,confirmed_against_filing_snapshot,,deferred_not_required_for_identity,2,[],False,https://beian.cfdi.org.cn/CTMDS/pub/PUB010100.do?method=handle06&curPage=12&pageSize=100,2026-09-05,"Snapshot identity only; not all aliases, trial participation or current eligibility"
cnha-cfdi-f9e80927c0a803332898b29c7963e3f8,广州市白云区人民医院,药临床机构备字2026000048,filed,confirmed_against_filing_snapshot,,deferred_not_required_for_identity,0,[],False,https://beian.cfdi.org.cn/CTMDS/pub/PUB010100.do?method=handle06&curPage=20&pageSize=100,2026-09-05,"Snapshot identity only; not all aliases, trial participation or current eligibility"
cnha-cfdi-f9efd0eac0a80333407e25e7da152cf9,洛阳市中心医院,药临床机构备字2020000645,filed,confirmed_against_filing_snapshot,,deferred_not_required_for_identity,0,[],False,https://beian.cfdi.org.cn/CTMDS/pub/PUB010100.do?method=handle06&curPage=7&pageSize=100,2026-09-05,"Snapshot identity only; not all aliases, trial participation or current eligibility"
cnha-cfdi-fa159273c0a803330dfc3745fdf9f993,首都医科大学附属北京回龙观医院,药临床机构备字2020000162,filed,confirmed_against_filing_snapshot,,deferred_not_required_for_identity,0,[],False,https://beian.cfdi.org.cn/CTMDS/pub/PUB010100.do?method=handle06&curPage=3&pageSize=100,2026-09-05,"Snapshot identity only; not all aliases, trial participation or current eligibility"
cnha-cfdi-fa588f6ac0a803337e9e5605320db207,红河州滇南中心医院（个旧市人民医院）,药临床机构备字2026000120,filed,confirmed_against_filing_snapshot,,deferred_not_required_for_identity,2,[],False,https://beian.cfdi.org.cn/CTMDS/pub/PUB010100.do?method=handle06&curPage=20&pageSize=100,2026-09-05,"Snapshot identity only; not all aliases, trial participation or current eligibility"
cnha-cfdi-fa77d1dec0a8033306984ebd806c1603,乌鲁木齐市第四人民医院,药临床机构备字2020000409,filed,confirmed_against_filing_snapshot,,deferred_not_required_for_identity,0,"[{""hospital_id"": ""cnha-cfdi-fa77d1dec0a8033306984ebd806c1603"", ""official_name"": ""乌鲁木齐市第四人民医院"", ""candidate_alias"": ""Urumqi 4th People's Hospital"", ""source_url"": ""https://ror.org/00gmbx398"", ""status"": ""review_required"", ""reason"": ""Reference-only name; not approved for resolution""}]",False,https://beian.cfdi.org.cn/CTMDS/pub/PUB010100.do?method=handle06&curPage=5&pageSize=100,2026-09-05,"Snapshot identity only; not all aliases, trial participation or current eligibility"
cnha-cfdi-faa6ccacc0a803330061d5da63ef4880,晋城大医院,药临床机构备字2020000028,filed,confirmed_against_filing_snapshot,,deferred_not_required_for_identity,0,[],False,https://beian.cfdi.org.cn/CTMDS/pub/PUB010100.do?method=handle06&curPage=2&pageSize=100,2026-09-05,"Snapshot identity only; not all aliases, trial participation or current eligibility"
cnha-cfdi-fabcfea7c0a8033369478ecd926f69a5,南京市浦口人民医院(江苏省人民医院浦口分院),药临床机构备字2025000165,filed,confirmed_against_filing_snapshot,,deferred_not_required_for_identity,2,[],False,https://beian.cfdi.org.cn/CTMDS/pub/PUB010100.do?method=handle06&curPage=18&pageSize=100,2026-09-05,"Snapshot identity only; not all aliases, trial participation or current eligibility"
cnha-cfdi-fac15171c0a803332988a10c32d63d26,北京市房山区中医医院（北京中医药大学房山医院）,药临床机构备字2020000816,filed,confirmed_against_filing_snapshot,,deferred_not_required_for_identity,2,[],False,https://beian.cfdi.org.cn/CTMDS/pub/PUB010100.do?method=handle06&curPage=9&pageSize=100,2026-09-05,"Snapshot identity only; not all aliases, trial participation or current eligibility"
cnha-cfdi-facc9168c0a8033363febee1c20df657,孝感市中心医院,药临床机构备字2023000040,filed,confirmed_against_filing_snapshot,,deferred_not_required_for_identity,0,"[{""hospital_id"": ""cnha-cfdi-facc9168c0a8033363febee1c20df657"", ""official_name"": ""孝感市中心医院"", ""candidate_alias"": ""The Central Hospital of Xiao gan"", ""source_url"": ""https://ror.org/01has8079"", ""status"": ""review_required"", ""reason"": ""Reference-only name; not approved for resolution""}, {""hospital_id"": ""cnha-cfdi-facc9168c0a8033363febee1c20df657"", ""official_name"": ""孝感市中心医院"", ""candidate_alias"": ""Xiaogan Hospital"", ""source_url"": ""https://ror.org/01has8079"", ""status"": ""review_required"", ""reason"": ""Reference-only name; not approved for resolution""}]",False,https://beian.cfdi.org.cn/CTMDS/pub/PUB010100.do?method=handle06&curPage=13&pageSize=100,2026-09-05,"Snapshot identity only; not all aliases, trial participation or current eligibility"
cnha-cfdi-faf6fc6fc0a803333140ddd1f9c26882,湘潭市中医医院,药临床机构备字2023000267,filed,confirmed_against_filing_snapshot,,deferred_not_required_for_identity,0,[],False,https://beian.cfdi.org.cn/CTMDS/pub/PUB010100.do?method=handle06&curPage=15&pageSize=100,2026-09-05,"Snapshot identity only; not all aliases, trial participation or current eligibility"
cnha-cfdi-fb1e3153c0a8033374a80e8290cdc305,山西省中医院,药临床机构备字2020000404,filed,confirmed_against_filing_snapshot,,deferred_not_required_for_identity,0,[],False,https://beian.cfdi.org.cn/CTMDS/pub/PUB010100.do?method=handle06&curPage=5&pageSize=100,2026-09-05,"Snapshot identity only; not all aliases, trial participation or current eligibility"
cnha-cfdi-fb2371c2c0a803332d2e1338ceb68933,海南省肿瘤医院,药临床机构备字2019000092,filed,confirmed_against_filing_snapshot,,deferred_not_required_for_identity,0,[],False,https://beian.cfdi.org.cn/CTMDS/pub/PUB010100.do?method=handle06&curPage=1&pageSize=100,2026-09-05,"Snapshot identity only; not all aliases, trial participation or current eligibility"
cnha-cfdi-fbb8413ac0a8033338882574e338513d,中国人民解放军东部战区总医院,药临床机构备字2020000569,filed,confirmed_against_filing_snapshot,,deferred_not_required_for_identity,0,[],False,https://beian.cfdi.org.cn/CTMDS/pub/PUB010100.do?method=handle06&curPage=7&pageSize=100,2026-09-05,"Snapshot identity only; not all aliases, trial participation or current eligibility"
cnha-cfdi-fc254ab5c0a80333398c3d47efac2e86,汕头大学·香港中文大学联合汕头国际眼科中心,药临床机构备字2020000175,filed,confirmed_against_filing_snapshot,,deferred_not_required_for_identity,0,"[{""hospital_id"": ""cnha-cfdi-fc254ab5c0a80333398c3d47efac2e86"", ""official_name"": ""汕头大学·香港中文大学联合汕头国际眼科中心"", ""candidate_alias"": ""JSIEC"", ""source_url"": ""https://ror.org/03f99vf20"", ""status"": ""review_required"", ""reason"": ""Reference-only name; not approved for resolution""}, {""hospital_id"": ""cnha-cfdi-fc254ab5c0a80333398c3d47efac2e86"", ""official_name"": ""汕头大学·香港中文大学联合汕头国际眼科中心"", ""candidate_alias"": ""Joint Shantou International Eye Center"", ""source_url"": ""https://ror.org/03f99vf20"", ""status"": ""review_required"", ""reason"": ""Reference-only name; not approved for resolution""}]",False,https://beian.cfdi.org.cn/CTMDS/pub/PUB010100.do?method=handle06&curPage=3&pageSize=100,2026-09-05,"Snapshot identity only; not all aliases, trial participation or current eligibility"
cnha-cfdi-fc4e642ec0a803331a1db1f79332bcc6,江西中医药大学附属医院,药临床机构备字2020000368,filed,confirmed_against_filing_snapshot,,deferred_not_required_for_identity,0,[],False,https://beian.cfdi.org.cn/CTMDS/pub/PUB010100.do?method=handle06&curPage=5&pageSize=100,2026-09-05,"Snapshot identity only; not all aliases, trial participation or current eligibility"
cnha-cfdi-fc8093c0c0a80333634c8842c417afb5,青海省人民医院,药临床机构备字2020000484,filed,confirmed_against_filing_snapshot,,deferred_not_required_for_identity,0,"[{""hospital_id"": ""cnha-cfdi-fc8093c0c0a80333634c8842c417afb5"", ""official_name"": ""青海省人民医院"", ""candidate_alias"": ""Qinghai Provincial Peoples Hospital"", ""source_url"": ""https://ror.org/04vtzbx16"", ""status"": ""review_required"", ""reason"": ""Reference-only name; not approved for resolution""}]",False,https://beian.cfdi.org.cn/CTMDS/pub/PUB010100.do?method=handle06&curPage=6&pageSize=100,2026-09-05,"Snapshot identity only; not all aliases, trial participation or current eligibility"
cnha-cfdi-fc94f519c0a803337818f99949247e31,东莞市妇幼保健院,药临床机构备字2021000076,filed,confirmed_against_filing_snapshot,,deferred_not_required_for_identity,0,[],False,https://beian.cfdi.org.cn/CTMDS/pub/PUB010100.do?method=handle06&curPage=11&pageSize=100,2026-09-05,"Snapshot identity only; not all aliases, trial participation or current eligibility"
cnha-cfdi-fcb8120ac0a8033340c01ccfa2b34379,广东省第二中医院,药临床机构备字2020000049,filed,confirmed_against_filing_snapshot,,deferred_not_required_for_identity,0,[],False,https://beian.cfdi.org.cn/CTMDS/pub/PUB010100.do?method=handle06&curPage=2&pageSize=100,2026-09-05,"Snapshot identity only; not all aliases, trial participation or current eligibility"
cnha-cfdi-fccad924c0a80333274b4f733f8fa362,无锡市人民医院,药临床机构备字2020000394,filed,confirmed_against_filing_snapshot,,deferred_not_required_for_identity,0,[],False,https://beian.cfdi.org.cn/CTMDS/pub/PUB010100.do?method=handle06&curPage=5&pageSize=100,2026-09-05,"Snapshot identity only; not all aliases, trial participation or current eligibility"
cnha-cfdi-fcd1711ec0a803337779219bf09aa1f7,嘉兴市第一医院,药临床机构备字2020000458,filed,confirmed_against_filing_snapshot,,deferred_not_required_for_identity,0,"[{""hospital_id"": ""cnha-cfdi-fcd1711ec0a803337779219bf09aa1f7"", ""official_name"": ""嘉兴市第一医院"", ""candidate_alias"": ""First Hospital of Jiaxing"", ""source_url"": ""https://ror.org/03q5hbn76"", ""status"": ""review_required"", ""reason"": ""Reference-only name; not approved for resolution""}]",False,https://beian.cfdi.org.cn/CTMDS/pub/PUB010100.do?method=handle06&curPage=6&pageSize=100,2026-09-05,"Snapshot identity only; not all aliases, trial participation or current eligibility"
cnha-cfdi-fceb1c03c0a803337de950ccde9b9143,南通市海门区人民医院,药临床机构备字2023000239,filed,confirmed_against_filing_snapshot,,deferred_not_required_for_identity,0,[],False,https://beian.cfdi.org.cn/CTMDS/pub/PUB010100.do?method=handle06&curPage=15&pageSize=100,2026-09-05,"Snapshot identity only; not all aliases, trial participation or current eligibility"
cnha-cfdi-fd086ba7c0a8033316914aef2617ad59,邓州市人民医院,药临床机构备字2025000015,filed,confirmed_against_filing_snapshot,,deferred_not_required_for_identity,0,[],False,https://beian.cfdi.org.cn/CTMDS/pub/PUB010100.do?method=handle06&curPage=17&pageSize=100,2026-09-05,"Snapshot identity only; not all aliases, trial participation or current eligibility"
cnha-cfdi-fd100550c0a803331eedc58bb10618ef,修水县第一人民医院,药临床机构备字2023000149,filed,confirmed_against_filing_snapshot,,deferred_not_required_for_identity,0,[],False,https://beian.cfdi.org.cn/CTMDS/pub/PUB010100.do?method=handle06&curPage=14&pageSize=100,2026-09-05,"Snapshot identity only; not all aliases, trial participation or current eligibility"
cnha-cfdi-fd2c93a7c0a803337a6e9043ac7a36fe,海阳市人民医院,药临床机构备字2024000226,filed,confirmed_against_filing_snapshot,,deferred_not_required_for_identity,0,[],False,https://beian.cfdi.org.cn/CTMDS/pub/PUB010100.do?method=handle06&curPage=17&pageSize=100,2026-09-05,"Snapshot identity only; not all aliases, trial participation or current eligibility"
cnha-cfdi-fd2cae58c0a803332b811bbe231ae3e3,上海市浦东新区浦南医院,药临床机构备字2024000044,filed,confirmed_against_filing_snapshot,,deferred_not_required_for_identity,0,[],False,https://beian.cfdi.org.cn/CTMDS/pub/PUB010100.do?method=handle06&curPage=15&pageSize=100,2026-09-05,"Snapshot identity only; not all aliases, trial participation or current eligibility"
cnha-cfdi-fd33394bc0a803330238ebce45b2418a,大连市妇女儿童医疗中心（集团）,药临床机构备字2020000341,filed,confirmed_against_filing_snapshot,,deferred_not_required_for_identity,0,[],False,https://beian.cfdi.org.cn/CTMDS/pub/PUB010100.do?method=handle06&curPage=5&pageSize=100,2026-09-05,"Snapshot identity only; not all aliases, trial participation or current eligibility"
cnha-cfdi-fd4209bdc0a8033342568b65c9526b28,新疆生产建设兵团医院（石河子大学医学院第二附属医院）,药临床机构备字2025000036,filed,confirmed_against_filing_snapshot,,deferred_not_required_for_identity,2,[],False,https://beian.cfdi.org.cn/CTMDS/pub/PUB010100.do?method=handle06&curPage=17&pageSize=100,2026-09-05,"Snapshot identity only; not all aliases, trial participation or current eligibility"
cnha-cfdi-fd46233dc0a803331d06ca69aec77501,湖南省中西医结合医院（湖南省中医药研究院附属医院）,药临床机构备字2020000891,filed,confirmed_against_filing_snapshot,,deferred_not_required_for_identity,2,[],False,https://beian.cfdi.org.cn/CTMDS/pub/PUB010100.do?method=handle06&curPage=9&pageSize=100,2026-09-05,"Snapshot identity only; not all aliases, trial participation or current eligibility"
cnha-cfdi-fd46491cc0a80333759c158741f29de4,西安市胸科医院,药临床机构备字2020000173,filed,confirmed_against_filing_snapshot,,deferred_not_required_for_identity,0,"[{""hospital_id"": ""cnha-cfdi-fd46491cc0a80333759c158741f29de4"", ""official_name"": ""西安市胸科医院"", ""candidate_alias"": ""Xi'an Chest Hospital"", ""source_url"": ""https://ror.org/052f2mx26"", ""status"": ""review_required"", ""reason"": ""Reference-only name; not approved for resolution""}]",False,https://beian.cfdi.org.cn/CTMDS/pub/PUB010100.do?method=handle06&curPage=3&pageSize=100,2026-09-05,"Snapshot identity only; not all aliases, trial participation or current eligibility"
cnha-cfdi-fd476543c0a803335a6801d5651e8163,宁波大学附属人民医院,药临床机构备字2021000117,filed,confirmed_against_filing_snapshot,,deferred_not_required_for_identity,0,[],False,https://beian.cfdi.org.cn/CTMDS/pub/PUB010100.do?method=handle06&curPage=11&pageSize=100,2026-09-05,"Snapshot identity only; not all aliases, trial participation or current eligibility"
cnha-cfdi-fd54bff1c0a803330407365647d0fcea,华东医院,药临床机构备字2020000628,filed,confirmed_against_filing_snapshot,Huadong Hospital Affiliated to Fudan University,source_reviewed,1,[],False,https://beian.cfdi.org.cn/CTMDS/pub/PUB010100.do?method=handle06&curPage=7&pageSize=100,2026-09-05,"Snapshot identity only; not all aliases, trial participation or current eligibility"
cnha-cfdi-fd6c81e3c0a80333747b636b63f7b0d4,天津市北辰医院,药临床机构备字2022000055,filed,confirmed_against_filing_snapshot,,deferred_not_required_for_identity,0,[],False,https://beian.cfdi.org.cn/CTMDS/pub/PUB010100.do?method=handle06&curPage=12&pageSize=100,2026-09-05,"Snapshot identity only; not all aliases, trial participation or current eligibility"
cnha-cfdi-fd6d7086c0a803336a386e58604852ac,大庆龙南医院（齐齐哈尔医学院第五附属医院）,药临床机构备字2022000042,filed,confirmed_against_filing_snapshot,,deferred_not_required_for_identity,2,[],False,https://beian.cfdi.org.cn/CTMDS/pub/PUB010100.do?method=handle06&curPage=12&pageSize=100,2026-09-05,"Snapshot identity only; not all aliases, trial participation or current eligibility"
cnha-cfdi-fd70a434c0a80333580434c9342115d1,湖南师范大学附属湘东医院,药临床机构备字2024000227,filed,confirmed_against_filing_snapshot,,deferred_not_required_for_identity,0,[],False,https://beian.cfdi.org.cn/CTMDS/pub/PUB010100.do?method=handle06&curPage=17&pageSize=100,2026-09-05,"Snapshot identity only; not all aliases, trial participation or current eligibility"
cnha-cfdi-fd779d5ac0a803334fbc5c7c46a2d652,成都市新津区人民医院（成都市新津区急救指挥分中心）,药临床机构备字2023000118,filed,confirmed_against_filing_snapshot,,deferred_not_required_for_identity,0,[],False,https://beian.cfdi.org.cn/CTMDS/pub/PUB010100.do?method=handle06&curPage=14&pageSize=100,2026-09-05,"Snapshot identity only; not all aliases, trial participation or current eligibility"
cnha-cfdi-fd89b4e5c0a8033307d659aefb37e4ba,汉寿县人民医院,药临床机构备字2025000101,filed,confirmed_against_filing_snapshot,,deferred_not_required_for_identity,0,[],False,https://beian.cfdi.org.cn/CTMDS/pub/PUB010100.do?method=handle06&curPage=18&pageSize=100,2026-09-05,"Snapshot identity only; not all aliases, trial participation or current eligibility"
cnha-cfdi-fda07d14c0a8033317fffd27638887a7,徐州市肿瘤医院,药临床机构备字2020000465,filed,confirmed_against_filing_snapshot,,deferred_not_required_for_identity,0,[],False,https://beian.cfdi.org.cn/CTMDS/pub/PUB010100.do?method=handle06&curPage=6&pageSize=100,2026-09-05,"Snapshot identity only; not all aliases, trial participation or current eligibility"
cnha-cfdi-fdab536cc0a8033331f709e0eb34965d,山东省立医院,药临床机构备字2019000083,filed,confirmed_against_filing_snapshot,,deferred_not_required_for_identity,0,"[{""hospital_id"": ""cnha-cfdi-fdab536cc0a8033331f709e0eb34965d"", ""official_name"": ""山东省立医院"", ""candidate_alias"": ""SPH"", ""source_url"": ""https://ror.org/02ar2nf05"", ""status"": ""review_required"", ""reason"": ""Reference-only name; not approved for resolution""}, {""hospital_id"": ""cnha-cfdi-fdab536cc0a8033331f709e0eb34965d"", ""official_name"": ""山东省立医院"", ""candidate_alias"": ""Shandong Provincial Hospital"", ""source_url"": ""https://ror.org/02ar2nf05"", ""status"": ""review_required"", ""reason"": ""Reference-only name; not approved for resolution""}]",False,https://beian.cfdi.org.cn/CTMDS/pub/PUB010100.do?method=handle06&curPage=1&pageSize=100,2026-09-05,"Snapshot identity only; not all aliases, trial participation or current eligibility"
cnha-cfdi-fdc8560ec0a80333266d215c598b4292,河北省眼科医院(邢台市眼科医院、河北省眼病治疗中心）,药临床机构备字2020000796,filed,confirmed_against_filing_snapshot,,deferred_not_required_for_identity,0,[],False,https://beian.cfdi.org.cn/CTMDS/pub/PUB010100.do?method=handle06&curPage=9&pageSize=100,2026-09-05,"Snapshot identity only; not all aliases, trial participation or current eligibility"
cnha-cfdi-fdd05094c0a803332e4470a4901a5db0,昆明市儿童医院,药临床机构备字2021000038,filed,confirmed_against_filing_snapshot,,deferred_not_required_for_identity,0,"[{""hospital_id"": ""cnha-cfdi-fdd05094c0a803332e4470a4901a5db0"", ""official_name"": ""昆明市儿童医院"", ""candidate_alias"": ""Kunming Children's Hospital"", ""source_url"": ""https://ror.org/00fjv1g65"", ""status"": ""review_required"", ""reason"": ""Reference-only name; not approved for resolution""}]",False,https://beian.cfdi.org.cn/CTMDS/pub/PUB010100.do?method=handle06&curPage=11&pageSize=100,2026-09-05,"Snapshot identity only; not all aliases, trial participation or current eligibility"
cnha-cfdi-fde7a123c0a803334d2f0da64ade07c9,辽宁省健康产业集团本钢总医院,药临床机构备字2022000109,filed,confirmed_against_filing_snapshot,,deferred_not_required_for_identity,0,[],False,https://beian.cfdi.org.cn/CTMDS/pub/PUB010100.do?method=handle06&curPage=12&pageSize=100,2026-09-05,"Snapshot identity only; not all aliases, trial participation or current eligibility"
cnha-cfdi-fe072eedc0a80333253e166247897f8f,萍乡市第二人民医院,药临床机构备字2021000067,filed,confirmed_against_filing_snapshot,,deferred_not_required_for_identity,0,[],False,https://beian.cfdi.org.cn/CTMDS/pub/PUB010100.do?method=handle06&curPage=11&pageSize=100,2026-09-05,"Snapshot identity only; not all aliases, trial participation or current eligibility"
cnha-cfdi-fe18cdb4c0a803330e185e2840010150,东莞市东南部中心医院,药临床机构备字2024000252,filed,confirmed_against_filing_snapshot,,deferred_not_required_for_identity,0,[],False,https://beian.cfdi.org.cn/CTMDS/pub/PUB010100.do?method=handle06&curPage=17&pageSize=100,2026-09-05,"Snapshot identity only; not all aliases, trial participation or current eligibility"
cnha-cfdi-fe18d220c0a803332ecfc3eec51ba59c,扬州市中医院,药临床机构备字2023000112,filed,confirmed_against_filing_snapshot,,deferred_not_required_for_identity,0,[],False,https://beian.cfdi.org.cn/CTMDS/pub/PUB010100.do?method=handle06&curPage=14&pageSize=100,2026-09-05,"Snapshot identity only; not all aliases, trial participation or current eligibility"
cnha-cfdi-fe2311f4c0a803333539d49197e1634b,苏州市立医院,药临床机构备字2020000744,filed,confirmed_against_filing_snapshot,,deferred_not_required_for_identity,0,"[{""hospital_id"": ""cnha-cfdi-fe2311f4c0a803333539d49197e1634b"", ""official_name"": ""苏州市立医院"", ""candidate_alias"": ""Suzhou Municipal Hospital"", ""source_url"": ""https://ror.org/02cdyrc89"", ""status"": ""review_required"", ""reason"": ""Reference-only name; not approved for resolution""}]",False,https://beian.cfdi.org.cn/CTMDS/pub/PUB010100.do?method=handle06&curPage=8&pageSize=100,2026-09-05,"Snapshot identity only; not all aliases, trial participation or current eligibility"
cnha-cfdi-fe28e260c0a80333602e33207ce11120,浏阳市人民医院,药临床机构备字2022000188,filed,confirmed_against_filing_snapshot,,deferred_not_required_for_identity,0,[],False,https://beian.cfdi.org.cn/CTMDS/pub/PUB010100.do?method=handle06&curPage=13&pageSize=100,2026-09-05,"Snapshot identity only; not all aliases, trial participation or current eligibility"
cnha-cfdi-fe31a95ec0a80333079180d18f792e5e,安阳市妇幼保健院,药临床机构备字2022000110,filed,confirmed_against_filing_snapshot,,deferred_not_required_for_identity,0,[],False,https://beian.cfdi.org.cn/CTMDS/pub/PUB010100.do?method=handle06&curPage=12&pageSize=100,2026-09-05,"Snapshot identity only; not all aliases, trial participation or current eligibility"
cnha-cfdi-fe3237b9c0a803335ec7e5649bdd4356,新疆医科大学附属肿瘤医院,药临床机构备字2020000022,filed,confirmed_against_filing_snapshot,,deferred_not_required_for_identity,0,[],False,https://beian.cfdi.org.cn/CTMDS/pub/PUB010100.do?method=handle06&curPage=2&pageSize=100,2026-09-05,"Snapshot identity only; not all aliases, trial participation or current eligibility"
cnha-cfdi-fe331b2cc0a8033358190f7d21422464,济南市人民医院,药临床机构备字2021000012,filed,confirmed_against_filing_snapshot,,deferred_not_required_for_identity,0,"[{""hospital_id"": ""cnha-cfdi-fe331b2cc0a8033358190f7d21422464"", ""official_name"": ""济南市人民医院"", ""candidate_alias"": ""Jinan City People's Hospital"", ""source_url"": ""https://ror.org/05b2ycy47"", ""status"": ""review_required"", ""reason"": ""Reference-only name; not approved for resolution""}, {""hospital_id"": ""cnha-cfdi-fe331b2cc0a8033358190f7d21422464"", ""official_name"": ""济南市人民医院"", ""candidate_alias"": ""Laiwu People's Hospital"", ""source_url"": ""https://ror.org/05b2ycy47"", ""status"": ""review_required"", ""reason"": ""Reference-only name; not approved for resolution""}]",False,https://beian.cfdi.org.cn/CTMDS/pub/PUB010100.do?method=handle06&curPage=10&pageSize=100,2026-09-05,"Snapshot identity only; not all aliases, trial participation or current eligibility"
cnha-cfdi-fe41638ec0a8033307c1ac2c792faa0e,河南宏力医院,药临床机构备字2025000078,filed,confirmed_against_filing_snapshot,,deferred_not_required_for_identity,0,[],False,https://beian.cfdi.org.cn/CTMDS/pub/PUB010100.do?method=handle06&curPage=18&pageSize=100,2026-09-05,"Snapshot identity only; not all aliases, trial participation or current eligibility"
cnha-cfdi-fe52b69cc0a803337f6dba00ec8972e8,中国福利会国际和平妇幼保健院,药临床机构备字2020000618,filed,confirmed_against_filing_snapshot,,deferred_not_required_for_identity,0,[],False,https://beian.cfdi.org.cn/CTMDS/pub/PUB010100.do?method=handle06&curPage=7&pageSize=100,2026-09-05,"Snapshot identity only; not all aliases, trial participation or current eligibility"
cnha-cfdi-fe6a18c2c0a803330c03fdf400490605,郴州市第一人民医院,药临床机构备字2020000472,filed,confirmed_against_filing_snapshot,,deferred_not_required_for_identity,0,[],False,https://beian.cfdi.org.cn/CTMDS/pub/PUB010100.do?method=handle06&curPage=6&pageSize=100,2026-09-05,"Snapshot identity only; not all aliases, trial participation or current eligibility"
cnha-cfdi-fe6cc555c0a8033318e65e43929bb17e,深圳市宝安区石岩人民医院,药临床机构备字2025000190,filed,confirmed_against_filing_snapshot,,deferred_not_required_for_identity,0,[],False,https://beian.cfdi.org.cn/CTMDS/pub/PUB010100.do?method=handle06&curPage=19&pageSize=100,2026-09-05,"Snapshot identity only; not all aliases, trial participation or current eligibility"
cnha-cfdi-fe78738bc0a8033346d53bd01dba67f9,黑龙江省疾病预防控制中心,药临床机构备字2026000116,filed,confirmed_against_filing_snapshot,,deferred_not_required_for_identity,0,[],False,https://beian.cfdi.org.cn/CTMDS/pub/PUB010100.do?method=handle06&curPage=20&pageSize=100,2026-09-05,"Snapshot identity only; not all aliases, trial participation or current eligibility"
cnha-cfdi-fe7cbad5c0a8033313800143e2d52fe0,中国人民解放军空军特色医学中心,药临床机构备字2020000790,filed,confirmed_against_filing_snapshot,,deferred_not_required_for_identity,0,[],False,https://beian.cfdi.org.cn/CTMDS/pub/PUB010100.do?method=handle06&curPage=8&pageSize=100,2026-09-05,"Snapshot identity only; not all aliases, trial participation or current eligibility"
cnha-cfdi-fe972262c0a803335832f10e20a55d04,上海市普陀区人民医院,药临床机构备字2025000131,filed,confirmed_against_filing_snapshot,,deferred_not_required_for_identity,0,[],False,https://beian.cfdi.org.cn/CTMDS/pub/PUB010100.do?method=handle06&curPage=18&pageSize=100,2026-09-05,"Snapshot identity only; not all aliases, trial participation or current eligibility"
cnha-cfdi-fea8f9eac0a803330059e67e4ffd1533,桃源县人民医院,药临床机构备字2024000075,filed,confirmed_against_filing_snapshot,,deferred_not_required_for_identity,0,[],False,https://beian.cfdi.org.cn/CTMDS/pub/PUB010100.do?method=handle06&curPage=16&pageSize=100,2026-09-05,"Snapshot identity only; not all aliases, trial participation or current eligibility"
cnha-cfdi-fec318cdc0a803334c85c8b1e407dd09,临沂市精神卫生中心（临沂市第四人民医院）,药临床机构备字2026000125,filed,confirmed_against_filing_snapshot,,deferred_not_required_for_identity,0,[],False,https://beian.cfdi.org.cn/CTMDS/pub/PUB010100.do?method=handle06&curPage=20&pageSize=100,2026-09-05,"Snapshot identity only; not all aliases, trial participation or current eligibility"
cnha-cfdi-fed3593dc0a80333600b18eaeaecf1f8,温州市中医院、温州市中医院互联网医院,药临床机构备字2020000277,filed,confirmed_against_filing_snapshot,,deferred_not_required_for_identity,1,"[{""hospital_id"": ""cnha-cfdi-fed3593dc0a80333600b18eaeaecf1f8"", ""official_name"": ""温州市中医院、温州市中医院互联网医院"", ""candidate_alias"": ""温州市中医院互联网医院"", ""source_url"": ""https://beian.cfdi.org.cn/CTMDS/pub/PUB010100.do?method=handle06&curPage=4&pageSize=100"", ""status"": ""review_required"", ""reason"": ""Reference-only name; not approved for resolution""}]",False,https://beian.cfdi.org.cn/CTMDS/pub/PUB010100.do?method=handle06&curPage=4&pageSize=100,2026-09-05,"Snapshot identity only; not all aliases, trial participation or current eligibility"
cnha-cfdi-fef634edc0a803334c8bade67a1fb00f,湖北省中西医结合医院,药临床机构备字2024000246,filed,confirmed_against_filing_snapshot,,deferred_not_required_for_identity,0,[],False,https://beian.cfdi.org.cn/CTMDS/pub/PUB010100.do?method=handle06&curPage=17&pageSize=100,2026-09-05,"Snapshot identity only; not all aliases, trial participation or current eligibility"
cnha-cfdi-fef887cdc0a803330c1eb15f1b49a708,天津市海河医院,药临床机构备字2020000719,filed,confirmed_against_filing_snapshot,,deferred_not_required_for_identity,0,"[{""hospital_id"": ""cnha-cfdi-fef887cdc0a803330c1eb15f1b49a708"", ""official_name"": ""天津市海河医院"", ""candidate_alias"": ""Tianjin haihe hospital"", ""source_url"": ""https://ror.org/05m762q77"", ""status"": ""review_required"", ""reason"": ""Reference-only name; not approved for resolution""}]",False,https://beian.cfdi.org.cn/CTMDS/pub/PUB010100.do?method=handle06&curPage=8&pageSize=100,2026-09-05,"Snapshot identity only; not all aliases, trial participation or current eligibility"
cnha-cfdi-ff119c83c0a803334609b9e7be56b6d0,宜阳县中医院,药临床机构备字2020000500,filed,confirmed_against_filing_snapshot,,deferred_not_required_for_identity,0,[],False,https://beian.cfdi.org.cn/CTMDS/pub/PUB010100.do?method=handle06&curPage=6&pageSize=100,2026-09-05,"Snapshot identity only; not all aliases, trial participation or current eligibility"
cnha-cfdi-ff4170ddc0a803337a09dc8aa8a80f22,徐州医科大学第二附属医院,药临床机构备字2020000766,filed,confirmed_against_filing_snapshot,,deferred_not_required_for_identity,0,[],False,https://beian.cfdi.org.cn/CTMDS/pub/PUB010100.do?method=handle06&curPage=8&pageSize=100,2026-09-05,"Snapshot identity only; not all aliases, trial participation or current eligibility"
cnha-cfdi-ff582143c0a80333083b410e9b58dd98,首都医科大学附属北京妇产医院,药临床机构备字2020000121,filed,confirmed_against_filing_snapshot,,deferred_not_required_for_identity,0,[],False,https://beian.cfdi.org.cn/CTMDS/pub/PUB010100.do?method=handle06&curPage=2&pageSize=100,2026-09-05,"Snapshot identity only; not all aliases, trial participation or current eligibility"
cnha-cfdi-ff638fe8c0a803337d919525140d0712,武威市人民医院,药临床机构备字2023000205,filed,confirmed_against_filing_snapshot,,deferred_not_required_for_identity,0,[],False,https://beian.cfdi.org.cn/CTMDS/pub/PUB010100.do?method=handle06&curPage=15&pageSize=100,2026-09-05,"Snapshot identity only; not all aliases, trial participation or current eligibility"
cnha-cfdi-ff644b69c0a803335d1b2fe4be4320c4,天津市疾病预防控制中心（天津市预防医学科学院）,药临床机构备字2026000134,filed,confirmed_against_filing_snapshot,,deferred_not_required_for_identity,0,[],False,https://beian.cfdi.org.cn/CTMDS/pub/PUB010100.do?method=handle06&curPage=20&pageSize=100,2026-09-05,"Snapshot identity only; not all aliases, trial participation or current eligibility"
cnha-cfdi-ff9aa372c0a8033332ef66bed443e163,新疆医科大学第五附属医院,药临床机构备字2020000054,filed,confirmed_against_filing_snapshot,,deferred_not_required_for_identity,0,[],False,https://beian.cfdi.org.cn/CTMDS/pub/PUB010100.do?method=handle06&curPage=2&pageSize=100,2026-09-05,"Snapshot identity only; not all aliases, trial participation or current eligibility"
cnha-cfdi-ffb8ab44c0a8033373451474a5ea8118,甘肃省妇幼保健院（甘肃省中心医院）,药临床机构备字2020000667,filed,confirmed_against_filing_snapshot,,deferred_not_required_for_identity,2,"[{""hospital_id"": ""cnha-cfdi-ffb8ab44c0a8033373451474a5ea8118"", ""official_name"": ""甘肃省妇幼保健院（甘肃省中心医院）"", ""candidate_alias"": ""Gansu Provincial Maternal and Child Health Hospital"", ""source_url"": ""https://ror.org/02n9as466"", ""status"": ""review_required"", ""reason"": ""Reference-only name; not approved for resolution""}]",False,https://beian.cfdi.org.cn/CTMDS/pub/PUB010100.do?method=handle06&curPage=7&pageSize=100,2026-09-05,"Snapshot identity only; not all aliases, trial participation or current eligibility"
cnha-cfdi-ffe3c7f6c0a803334a38ff262df2da41,山东第一医科大学第三附属医院,药临床机构备字2025000122,filed,confirmed_against_filing_snapshot,,deferred_not_required_for_identity,0,[],False,https://beian.cfdi.org.cn/CTMDS/pub/PUB010100.do?method=handle06&curPage=18&pageSize=100,2026-09-05,"Snapshot identity only; not all aliases, trial participation or current eligibility"
cnha-cfdi-ffe6d10ec0a8033349e4be187a0b928e,江门市新会区中医院,药临床机构备字2024000077,filed,confirmed_against_filing_snapshot,,deferred_not_required_for_identity,0,[],False,https://beian.cfdi.org.cn/CTMDS/pub/PUB010100.do?method=handle06&curPage=16&pageSize=100,2026-09-05,"Snapshot identity only; not all aliases, trial participation or current eligibility"
cnha-cfdi-ffe7ad73c0a803337de1fc26766a857b,株洲市人民医院,药临床机构备字2025000174,filed,confirmed_against_filing_snapshot,,deferred_not_required_for_identity,0,[],False,https://beian.cfdi.org.cn/CTMDS/pub/PUB010100.do?method=handle06&curPage=18&pageSize=100,2026-09-05,"Snapshot identity only; not all aliases, trial participation or current eligibility"
cnha-cfdi-fff9474dc0a80333235f1a3d04d0fcc9,安徽省儿童医院（安徽省新华医院、安徽省儿科医学研究所、复旦大学附属儿科医院安徽医院）,药临床机构备字2022000101,filed,confirmed_against_filing_snapshot,,deferred_not_required_for_identity,3,"[{""hospital_id"": ""cnha-cfdi-fff9474dc0a80333235f1a3d04d0fcc9"", ""official_name"": ""安徽省儿童医院（安徽省新华医院、安徽省儿科医学研究所、复旦大学附属儿科医院安徽医院）"", ""candidate_alias"": ""安徽省儿科医学研究所"", ""source_url"": ""https://beian.cfdi.org.cn/CTMDS/pub/PUB010100.do?method=handle06&curPage=12&pageSize=100"", ""status"": ""review_required"", ""reason"": ""Reference-only name; not approved for resolution""}, {""hospital_id"": ""cnha-cfdi-fff9474dc0a80333235f1a3d04d0fcc9"", ""official_name"": ""安徽省儿童医院（安徽省新华医院、安徽省儿科医学研究所、复旦大学附属儿科医院安徽医院）"", ""candidate_alias"": ""Anhui Provincial Children's Hospital"", ""source_url"": ""https://ror.org/04je70584"", ""status"": ""review_required"", ""reason"": ""Reference-only name; not approved for resolution""}]",False,https://beian.cfdi.org.cn/CTMDS/pub/PUB010100.do?method=handle06&curPage=12&pageSize=100,2026-09-05,"Snapshot identity only; not all aliases, trial participation or current eligibility"
