canonical_reported_name,province_reported,city_reported,trial_count,active_trial_count,name_variants,resolution_status,candidate_count,first_trial_id,source_url,review_reason,candidates_json
Fudan University Shanghai Cancer Center,Shanghai Municipality,Shanghai,703,394,"Fudan University Shanghai Cancer Center | Fudan University Shanghai Cancer center | FuDan University Shanghai Cancer Center | Fudan University ShangHai Cancer Center | Fudan University shanghai cancer center | Fudan university shanghai cancer center | Fudan university Shanghai cancer center | Fudan University Shanghai cancer center | Fudan University shanghai Cancer Center | Fudan university Shanghai Cancer Center | Fudan University Shanghai Cancer Center, | Fudan University Shanghai Cancer Center- | Fudan University Shanghai Cancer Center. | Fudan University, Shanghai Cancer Center",matched_location_conflict,1,NCT00999843,https://clinicaltrials.gov/study/NCT00999843,"Approved name found, but reported location did not pass filters; review spelling, missing location aliases and actual conflicts","[{""hospital_id"": ""cnha-cfdi-baf67b59c0a8033336a1a7228617e8b5"", ""official_name"": ""复旦大学附属肿瘤医院"", ""filing_number"": ""药临床机构备字2020000084"", ""province"": ""上海市"", ""city"": ""上海市"", ""matched_alias"": ""Fudan University Shanghai Cancer Center""}]"
Peking Union Medical College Hospital,Beijing Municipality,Beijing,696,323,"Peking Union Medical College Hospital | Peking union medical college hospital | Peking Union medical college hospital | Peking Union Medical College Hospital, | PekingUnionMedicalCollegeHospital",matched_location_conflict,1,NCT00327717,https://clinicaltrials.gov/study/NCT00327717,"Approved name found, but reported location did not pass filters; review spelling, missing location aliases and actual conflicts","[{""hospital_id"": ""cnha-cfdi-f4272ec5c0a80333460485425a122d1d"", ""official_name"": ""中国医学科学院北京协和医院"", ""filing_number"": ""药临床机构备字2020000347"", ""province"": ""北京市"", ""city"": ""北京市"", ""matched_alias"": ""Peking Union Medical College Hospital""}]"
Henan Cancer Hospital,He'Nan,Zhengzhou,624,307,"Henan Cancer Hospital | Henan cancer hospital | He'nan Cancer Hospital | Henan Cancer Hospital. | Henan Cancer hospital | Henan cancer Hospital | Henan cancer hospital,",unmatched,0,NCT01074021,https://clinicaltrials.gov/study/NCT01074021,,[]
Beijing Cancer Hospital,Beijing Municipality,Beijing,622,302,Beijing Cancer Hospital | Beijing Cancer hospital | Beijing cancer hospital | Beijing cancer Hospital | BeijingCancer Hospital | BeiJing Cancer Hospital,unmatched,0,NCT00642239,https://clinicaltrials.gov/study/NCT00642239,,[]
Zhejiang Cancer Hospital,Zhejiang,Hangzhou,604,302,Zhejiang Cancer Hospital | Zhejiang cancer hospital | ZheJiang Cancer Hospital | Zhejiang Cancer hospital | Zhejiang cancer Hospital | Zhe Jiang Cancer Hospital,unmatched,0,NCT00492843,https://clinicaltrials.gov/study/NCT00492843,,[]
Hunan Cancer Hospital,Hu'Nan,Changsha,518,245,Hunan Cancer Hospital | Hunan Cancer hospital | Hunan cancer hospital | Hunan cancer Hospital | Hunan Cancer Hospital. | HuNan Cancer Hospital | HunanCancer Hospital | Hu'nan Cancer Hospital,unmatched,0,NCT00912444,https://clinicaltrials.gov/study/NCT00912444,,[]
Peking University First Hospital,Beijing Municipality,Beijing,433,162,Peking University First Hospital | Peking university first hospital | Peking University first hospital | Peking University First Hospital. | PeKing University First Hospital | Peking University First hospital,matched_location_conflict,1,NCT00327717,https://clinicaltrials.gov/study/NCT00327717,"Approved name found, but reported location did not pass filters; review spelling, missing location aliases and actual conflicts","[{""hospital_id"": ""cnha-cfdi-88d3b2b8c0a803331b12a6cc08d63a3f"", ""official_name"": ""北京大学第一医院"", ""filing_number"": ""药临床机构备字2020000910"", ""province"": ""北京市"", ""city"": ""北京市"", ""matched_alias"": ""Peking University First Hospital""}]"
Peking University Third Hospital,Beijing Municipality,Beijing,426,163,Peking University Third Hospital | Peking university third hospital | Peking University third Hospital | Peking University third hospital | Peking university Third Hospital | Peking University Third hospital | Peking university Third hospital,unmatched,0,NCT00664846,https://clinicaltrials.gov/study/NCT00664846,,[]
Peking University People's Hospital,Beijing Municipality,Beijing,423,170,Peking University People's Hospital | Peking University Peoples Hospital | Peking University People'S Hospital | Peking university people's hospital | Peking University People's hospital | Peking university People's Hospital | Peking University People 's Hospital | Peking University people's hospital | Peking university people's Hospital,unmatched,0,NCT00796692,https://clinicaltrials.gov/study/NCT00796692,,[]
Qilu Hospital of Shandong University,Shandong,Ji'nan,384,189,Qilu Hospital of Shandong University | Qilu hospital of Shandong University | QiLu Hospital of Shandong University | Qilu Hospital Of Shandong University | Qilu Hospital of Shandong university | Qilu hospital of shandong university | Qi Lu Hospital of Shandong University | Qilu hospital of Shandong university | QiLu Hospital of Shan Dong University | QILU Hospital Of Shandong University | QILU Hospital of Shandong University | QIlu hospital of shandong university | Qilu Hospitalof Shandong University,unmatched,0,NCT00413699,https://clinicaltrials.gov/study/NCT00413699,,[]
The First Affiliated Hospital of Soochow University,Jiangsu,Suzhou,383,180,The First Affiliated Hospital of Soochow University | the First Affiliated Hospital of Soochow University | The first affiliated hospital of soochow university | The First Affiliated Hospital Of Soochow University | The First affiliated hospital of Soochow University | The first affiliated hospital of Soochow University | The First Affiliated Hospital of Soochow university | The First affiliated Hospital of SooChow University | The first affiliated hospital of Soochow university | The First Affiliated Hospital of Soochow University. | The First Affiliated Hospital OF Soochow University | The First Affiliated Hospital of SOOCHOW UNIVERSITY | The First Affiliated Hospital of soochow University | The First affiliated hospital of SOOCHOW university | The first Affiliated Hospital of Soochow University | The first affiliated Hospital of Soochow University | the first affiliated hospital of Soochow University,unmatched,0,NCT01224353,https://clinicaltrials.gov/study/NCT01224353,,[]
Harbin Medical University Cancer Hospital,Heilongjiang,Harbin,358,178,"Harbin Medical University Cancer Hospital | Harbin Medical University cancer hospital | Harbin Medical university cancer hospital | Harbin medical university cancer hospital | Harbin Medical University - Cancer Hospital | Harbin Medical University cancer Hospital | Harbin Medical University Cancer Hospital, | HARBIN Medical University Cancer Hospital | Harbin medical University cancer hospital | Harbin medical university Cancer Hospital",unmatched,0,NCT01176916,https://clinicaltrials.gov/study/NCT01176916,,[]
"Zhongshan Hospital, Fudan University",Shanghai Municipality,Shanghai,336,149,"Zhongshan Hospital, Fudan University | Zhongshan Hospital Fudan University | Zhongshan Hospital,Fudan University | ZhongShan Hospital Fudan University | Zhongshan hospital, Fudan University | Zhongshan Hospital，Fudan University | Zhongshan hospital Fudan University | ZhongShan hospital FuDan university | ZhongShan Hospital FuDan University | Zhong Shan Hospital Fudan University | Zhongshan Hospital, Fudan university | Zhongshan hospital, Fudan university | Zhongshan hospital,Fudan University | Zhong Shan Hospital, Fu Dan University | Zhongshan Hospital, Fudan University, | ZhongShan Hospital ,FuDan University | Zhongshan Hospital ,Fudan University | Zhongshan Hospital Fudan University. | Zhongshan Hospital, FuDan University | ZhongShan hospital Fudan university | Zhongshan Hospital Fudan university | Zhongshan Hospital,Fudan university | Zhongshan hospital Fudan university",unmatched,0,NCT00561522,https://clinicaltrials.gov/study/NCT00561522,,[]
Beijing Cancer Hospital,,Beijing,333,125,Beijing Cancer Hospital | Beijing Cancer hospital | Beijing cancer hospital | Bei Jing Cancer Hospital | beijing Cancer Hospital,unmatched,0,NCT00312845,https://clinicaltrials.gov/study/NCT00312845,,[]
Cancer Hospital Chinese Academy of Medical Sciences,Beijing Municipality,Beijing,331,172,"Cancer Hospital Chinese Academy of Medical Sciences | Cancer Hospital, Chinese Academy of Medical Sciences | Cancer hospital Chinese academy of medical sciences | Cancer Hospital Chinese Academy Of Medical Sciences | Cancer hospital Chinese Academy of Medical Sciences | Cancer hospital, Chinese Academy of Medical Sciences | Cancer Hospital, Chinese academy of medical sciences | cancer hospital Chinese academy of medical sciences | Cancer Hospital, Chinese Academy of Medical sciences | Cancer hospital, Chinese academy of medical sciences | Cancer Hospital, Chinese Academyof Medical Sciences | Cancer Hospital.Chinese Academy of Medical Sciences | Cancer Hospital，Chinese Academy of Medical Sciences | Cancer hospital Chinese academy of Medical sciences",unmatched,0,NCT00706030,https://clinicaltrials.gov/study/NCT00706030,,[]
Jiangsu Province Hospital,Jiangsu,Nanjing,329,133,Jiangsu Province Hospital | Jiangsu province hospital | JiangSu Province Hospital | Jiang Su Province Hospital | Jiangsu Province hospital | Jiangsu province Hospital,unmatched,0,NCT00395460,https://clinicaltrials.gov/study/NCT00395460,,[]
Fujian Medical University Union Hospital,Fujian,Fuzhou,308,138,"Fujian Medical University Union Hospital | FuJian Medical University Union Hospital | Fujian Medical University Union Hospital, | Fujian Medical University Union hospital | Fujian Medical university union hospital | Fujian medical University Union Hospital | Fujian medical university union hospital",unmatched,0,NCT01074021,https://clinicaltrials.gov/study/NCT01074021,,[]
"The First Affiliated Hospital, Zhejiang University School of Medicine",Zhejiang,Hangzhou,306,156,"The First Affiliated Hospital, Zhejiang University School of Medicine | The First Affiliated Hospital Zhejiang University School of Medicine | The first Affiliated Hospital, Zhejiang University School of Medicine | The First Affiliated Hospital Zhejiang University School Of Medicine | The First Affiliated Hospital，Zhejiang University School of Medicine | the First Affiliated Hospital, Zhejiang University School of Medicine | The First Affiliated Hospital , Zhejiang University School of Medicine | The First Affiliated Hospital,Zhejiang University School of Medicine | The First Affiliated Hospital - Zhejiang University School of Medicine | the First Affiliated Hospital Zhejiang University School of Medicine | The First Affiliated Hospital, Zhejiang University School of Medicine. | The First Affiliated Hospital, Zhejiang University School of medicine | The First Affiliated Hospital, Zhejiang University school of Medicine | The First Affiliated Hospital , Zhejiang University, School of Medicine | The First Affiliated Hospital ， Zhejiang University School of Medicine | The First Affiliated Hospital, Zhejiang University School of Medicine, | The First Affiliated Hospital, Zhejiang University, School of Medicine | The First Affiliated Hospital ，Zhejiang University School of Medicine | The First Affiliated Hospital, Zhejiang University School Of Medicine | The First Affiliated Hospital. Zhejiang University School Of Medicine | The First Affiliated Hospital. Zhejiang University School of Medicine | The First Affiliated Hospital， Zhejiang University School of Medicine | The first affiliated hospital, Zhejiang University School of Medicine | The first affiliated hospital, Zhejiang University school of medicine | The first affiliated hospital, Zhejiang university school of medicine | THE First Affiliated Hospital ZheJiang University School of Medicine | The First Affiliated Hospital ZheJiang University School Of Medicine | The First Affiliated Hospital,Zhejiang University School Of Medicine | The First affiliated hospital Zhejiang university school of medicine | The first affiliated Hospital Zhejiang University School Of Medicine | The first affiliated hospital Zhejiang university school of medicine | the First Affiliated Hospital,Zhejiang University School of Medicine | the First Affiliated Hospital，Zhejiang University School of Medicine | The First Affiliated Hospitalzhejiang University School of Medicine",unmatched,0,NCT01413074,https://clinicaltrials.gov/study/NCT01413074,,[]
The Second Xiangya Hospital of Central South University,Hu'nan,Changsha,303,109,"The Second Xiangya Hospital of Central South University | The Second Xiangya Hospital Of Central South University | The Second XIANGYA Hospital Of Central South University | The second Xiangya Hospital of Central South University | The second xiangya hospital of central south university | the Second Xiangya Hospital of Central South University | The Second XiangYa Hospital of Central South University | The Second Xiang Ya Hospital of Central South University | The second Xiangya hospital of central south university | The Second Xiangya Hospital of Central South University, | The Second Xiangya Hospital of Central south University | The Second xiangya Hospital of Central South University",unmatched,0,NCT00728013,https://clinicaltrials.gov/study/NCT00728013,,[]
Fujian Cancer Hospital,Fujian,Fu'zhou,298,165,Fujian Cancer Hospital | Fujian cancer hospital | Fujian cancer Hospital | Fujian Cancer hospital | Fujian Cancer Hospital.,unmatched,0,NCT02332499,https://clinicaltrials.gov/study/NCT02332499,,[]
Peking University People's Hospital,,Beijing,297,96,"Peking University People's Hospital | Peking University People's hospital | Peking University People'S Hospital | Peking University Peoples Hospital | Peking University People s Hospital | Peking university people's hospital | Peking University, People's Hospital | Peking University people's hospital",unmatched,0,NCT00312845,https://clinicaltrials.gov/study/NCT00312845,,[]
Chinese PLA General Hospital,Beijing Municipality,Beijing,295,131,Chinese PLA General Hospital | Chinese Pla General Hospital | Chinese PLA general hospital | Chinese PLA GENERAL HOSPITAL | Chinese PLA General hospital | Chinese- PLA General Hospital | chinese PLA general hospital,unmatched,0,NCT00885872,https://clinicaltrials.gov/study/NCT00885872,,[]
Peking University Third Hospital,,Beijing,290,101,"Peking University Third Hospital | Peking University third hospital | Peking university third hospital | PEKING UNIVERSITY Third HOSPITAL | Peking University - Third Hospital | Peking University, Third Hospital",unmatched,0,NCT00722137,https://clinicaltrials.gov/study/NCT00722137,,[]
Xiangya Hospital Central South University,Hu'nan,Changsha,278,116,"Xiangya Hospital Central South University | Xiangya Hospital, Central South University | Xiangya Hospital Central-South University | XiangYa Hospital CentralSouth University | Xiangya hospital central south university | XiangYa Hospital Central South University | Xiang Ya Hospital Central South University | XiangYa Hospital, Central South University | Xiangya Hospital Central-south University | Xiangya Hospital, Central South University, | Xiangya Hospital, Central-South University | Xiangya Hospital Central South university | Xiangya Hospital,Central South University | Xiangya Hospital，Central South University | Xiangya hospital Central South University | Xiangya hospital central-south university | Xiangya hospital，Central South University",unmatched,0,NCT00548223,https://clinicaltrials.gov/study/NCT00548223,,[]
"Sun Yat-sen Memorial Hospital, Sun Yat-sen University",Guangdong,Gu'ang'zhou,268,115,"Sun Yat-sen Memorial Hospital, Sun Yat-sen University | Sun Yat-Sen Memorial Hospital, Sun Yat-Sen University | Sun Yat-sen Memorial Hospital Sun Yat-sen University | Sun Yat-sen Memorial Hospital,Sun Yat-sen University | Sun Yat-Sen Memorial Hospital Sun Yat-Sen University | Sun Yat-Sen Memorial Hospital,Sun Yat-Sen University | Sun Yat-Sen Memorial Hospital, Sun Yat-Sen University, | Sun Yat-Sen Memorial Hospital, Sun Yat-sen University | Sun Yat Sen Memorial Hospital，Sun Yat sen University | Sun Yat-sen Memorial Hospital，Sun Yat-sen University | Sun Yat-sen Memorial Hospital ], Sun Yat-sen University | SUN YAT-SEN Memorial Hospital , SUN YAT-SEN University | Sun Yat-Sen Memorial Hospital , Sun Yat-sen University | SUN YAT-SEN Memorial Hospital, SUN YAT-SEN University | Sun Yat Sen Memorial Hospital， Sun Yat Sen University | Sun Yat-Sen memorial hospital, Sun Yat-Sen University | Sun Yat-sen Memorial Hospital, Sun Yat-Sen University | Sun Yat-sen Memorial hospital, Sun Yat-sen University | Sun Yat-sen memorial hospital, Sun Yat-sen university | SUN YAT-SEN MEMORIAL HOSPITAL SUN YAT-SEN University | Sun Yat Sen memorial hospital Sun Yat Sen university | Sun Yat-Sen Memorial Hospital，Sun Yat-Sen University | Sun Yat-sen Memorial Hospital,SunYat-sen University",unmatched,0,NCT00829660,https://clinicaltrials.gov/study/NCT00829660,,[]
"Ruijin Hospital, Shanghai Jiaotong University School of Medicine",Shanghai Municipality,Shanghai,262,103,"Ruijin Hospital, Shanghai Jiaotong University School of Medicine | Ruijin Hospital, Shanghai Jiao Tong University School of Medicine | Ruijin Hospital Shanghai Jiaotong University School of Medicine | Rui Jin Hospital Shanghai Jiao Tong University School of Medicine | Ruijin Hospital Shanghai Jiao Tong University School of Medicine | Ruijin Hospital, Shanghai JiaoTong University School of Medicine | Ruijin hospital, Shanghai Jiao-Tong University School of Medicine | Ruijin Hospital, Shanghai Jiaotong University School Of Medicine | Ruijin hospital, Shanghai Jiaotong University School of Medicine | ruijin hospital, Shanghai Jiao Tong University, School of Medicine | Ruijin Hospital Shanghai JiaoTong University School of Medicine | Ruijin Hospital, Shanghai Jiao Tong University, School of Medicine | Ruijin hospital, Shanghai JiaoTong University School of Medicine | Ruijin hospital, Shanghai jiaotong university school of medicine | Ruijin hospital,Shanghai Jiao Tong University School of Medicine | Rui Jin Hospital, Shanghai Jiao Tong University School of Medicine | Rui Jin Hospital Shanghai Jiao Tong University School Of Medicine | Ruijin Hospital ,Shanghai Jiao Tong University School of Medicine | Ruijin Hospital ，Shanghai Jiao Tong University School of Medicine | Ruijin Hospital, Shanghai Jiao tong University School of Medicine | Ruijin Hospital, Shanghai jiaotong University, School of Medicine | Ruijin Hospital,Shanghai Jiaotong University , School of Medicine | Ruijin Hospital,Shanghai Jiao Tong University School of Medicine | Ruijin Hospital,Shanghai Jiaotong University school of medicine | Ruijin Hospital，Shanghai Jiaotong University，School of medicine",unmatched,0,NCT01328730,https://clinicaltrials.gov/study/NCT01328730,,[]
The First Hospital of China Medical University,Liaoning,Shenyang,255,107,The First Hospital of China Medical University | the First Hospital of China Medical University | The First Hospital Of China Medical University | The first Hospital of China Medical University | The first hospital of china medical university | The first hospital of China medical university | The First Hospital of China medical University | The First hospital of China Medical University | The first hospital of China Medical University,unmatched,0,NCT00796692,https://clinicaltrials.gov/study/NCT00796692,,[]
Tianjin Medical University Cancer Institute and Hospital,Tianjin Municipality,Tianjin,255,119,"Tianjin Medical University Cancer Institute and Hospital | Tianjin Medical University Cancer Institute And Hospital | Tianjin Medical University Cancer Institute and Hospital, | TianJin Medical University Cancer Institute and Hospital | Tianjin Medical University Cancer institute and Hospital | Tianjin Medical University Cancer institute and hospital",unmatched,0,NCT01219192,https://clinicaltrials.gov/study/NCT01219192,,[]
The Affiliated Hospital of Qingdao University,Shandong,Qingdao,247,94,The Affiliated Hospital of Qingdao University | The Affiliated Hospital Of Qingdao University | The affiliated hospital of Qingdao University | The affiliated hospital of qingdao university | the Affiliated Hospital of Qingdao University | the Affiliated Hospital of QIngdao University | The Affiliated Hospital of QingDao University | The affiliated hospital of Qingdao university | The Affiliated hospital of QingDao University | The Affiliated hospital of Qingdao University | The affiliated Hospital of QingDao University | The affiliated Hospital of Qingdao University | the affiliated hospital of Qingdao University,unmatched,0,NCT01176916,https://clinicaltrials.gov/study/NCT01176916,,[]
Shanghai Chest Hospital,Shanghai Municipality,Shanghai,244,130,Shanghai Chest Hospital | Shanghai Chest hospital | Shanghai chest hospital | SHANGHAI CHEST Hospital | ShangHai Chest Hospital,unmatched,0,NCT00708812,https://clinicaltrials.gov/study/NCT00708812,,[]
The First Affiliated Hospital of Xiamen University,Fujian,Xiamen,244,123,The First Affiliated Hospital of Xiamen University | The First Affiliated Hospital Of Xiamen University | The First Affiliated hospital of Xiamen University | the First Affiliated Hospital of Xiamen University | The First affiliated hospital of xiamen university | The first Affiliated Hospital of Xiamen University | The first affiliated hospital of Xiamen University | The first affiliated hospital of Xiamen university | The first affiliated hospital of xiamen university | The First Affi liated Hospital of Xiamen University | The First Affiliated Hospital Of XIAMEN University | The First Affiliated Hospital of XiaMen University | The First affiliated Hospital of Xiamen University | The First affiliated hospital of Xiamen University | the First affiliated hospital of xiamen university | The Firstaffiliated Hospital of Xiamen University,unmatched,0,NCT01714908,https://clinicaltrials.gov/study/NCT01714908,,[]
Henan Provincial People's Hospital,He'nan,Zhengzhou,234,96,Henan Provincial People's Hospital | Henan Provincial People'S Hospital | Henan provincial people's hospital | Henan Provincial Peoples Hospital | Henan Provincial people's Hospital | He'nan Provincial People's Hospital | HeNan Provincial People's Hospital | Henan provincial People's Hospital | Henan Provincial people's hospital | HeNan Provincial Peoples Hospital,unmatched,0,NCT00664846,https://clinicaltrials.gov/study/NCT00664846,,[]
The Third Xiangya Hospital of Central South University,Hu'Nan,Changsha,230,75,The Third Xiangya Hospital of Central South University | the Third Xiangya Hospital of Central South University | The Third Xiangya Hospital Of Central South University | The Third XIANGYA Hospital of Central South University | The third Xiangya Hospital of Central South University | The Third Xiang Ya Hospital of Central South University | The Third XiangYa Hospital of Central South University | The third Xiangya Hospital of central south University | The third xiangya hospital of central south university | The third Xiangya hospital of Central South University,unmatched,0,NCT00869778,https://clinicaltrials.gov/study/NCT00869778,,[]
The First Affiliated Hospital of Wenzhou Medical University,Zhejiang,Wenzhou,226,100,The First Affiliated Hospital of Wenzhou Medical University | the First Affiliated Hospital of Wenzhou Medical University | The first Affiliated hospital of Wenzhou medical University | The first affiliated hospital of Wenzhou medical university | The first affiliated hospital of wenzhou medical university | The first Affiliated Hospital of Wenzhou Medical University | The first Affiliated hospital of Wenzhou Medical University | The first affiliated Hospital of Wenzhou Medical University | The first affiliated hospital of Wenzhou Medical University | the First Affiliated Hospital of wenzhou medical University | The First Affiliated Hospital of WenzhouMedical University | the First Affiliated Hospitalof Wenzhou Medical University,unmatched,0,NCT00869778,https://clinicaltrials.gov/study/NCT00869778,,[]
The First Affiliated Hospital of Chongqing Medical University,Chongqing Municipality,Chongqing,225,95,"The First Affiliated Hospital of Chongqing Medical University | the First Affiliated Hospital of Chongqing Medical University | The First affiliated Hospital of Chongqing Medical University | The first affiliated hospital of chongqing medical university | the first affiliated hospital of Chongqing medical university | "" The First Affiliated Hospital of Chongqing Medical University"" | The First Affiliated Hospital of Chongqing Medical University 。 | The First Affi liated Hospital of Chongqing Medical University | The First Affiliated Hospital Of Chongqing Medical University | The first affiliated hospital of ChongQing medical university | The first affiliated hospital of Chongqing Medical University | The first affiliated hospital of Chongqing medical university",unmatched,0,NCT00327717,https://clinicaltrials.gov/study/NCT00327717,,[]
Anhui Provincial Hospital,Anhui,Hefei,222,96,Anhui Provincial Hospital | Anhui provincial hospital | AnHui Provincial Hospital | AnHui provincial hospital | An Hui Provincial Hospital,unmatched,0,NCT01481831,https://clinicaltrials.gov/study/NCT01481831,,[]
Hubei Cancer Hospital,Hubei,Wuhan,220,86,Hubei Cancer Hospital | Hubei Cancer hospital | Hubei cancer hospital | :Hubei Cancer Hospital | Hubei Cancer Hospital. | HuBei Cancer Hospital | hubei Cancer Hospital,unmatched,0,NCT02297438,https://clinicaltrials.gov/study/NCT02297438,,[]
Tianjin Medical University General Hospital,Tianjin Municipality,Tianjin,220,68,Tianjin Medical University General Hospital | Tianjin medical university general hospital | TianJin Medical University General Hospital | Tianjin Medical University general hospital | Tianjin medical University General Hospital,unmatched,0,NCT00796692,https://clinicaltrials.gov/study/NCT00796692,,[]
Shengjing Hospital of China Medical University,Liaoning,Shenyang,218,72,Shengjing Hospital of China Medical University | Shengjing Hospital Of China Medical University | ShengJing Hospital of China Medical University | Shengjing hospital of China medical university | shengjing hospital of China medical university | Shengjing hospital of China Medical University | Shengjing Hospital of China medical University | Shengjing Hospital of China medical university | Shengjing Hospital of china medical university | Shengjing hospital of China Medical university | Shengjing hospital of china medical university,unmatched,0,NCT00829660,https://clinicaltrials.gov/study/NCT00829660,,[]
Zhongnan Hospital of Wuhan University,Hubei,Wuhan,218,101,Zhongnan Hospital of Wuhan University | Zhongnan hospital of Wuhan University | Zhongnan hospital of wuhan university | Zhongnan Hospital of Wuhan university | Zhongnan hospital of Wuhan university | Zhong Nan Hospital of Wuhan University | ZhongNan Hospital Of Wuhan University | Zhongnan Hospital Of Wuhan University | Zhongnan Hospital of WuHan University,unmatched,0,NCT00829660,https://clinicaltrials.gov/study/NCT00829660,,[]
The First Affiliated Hospital of Xi'an Jiaotong University,Shaanxi,Xi'an,215,80,"The First Affiliated Hospital of Xi'an Jiaotong University | The First Affiliated Hospital of Xi'an Jiao Tong University | The First Affiliated Hospital of Xian Jiaotong University | The First Affiliated Hospital of Xi 'an Jiaotong University | The First Affiliated Hospital Of Xi'an Jiaotong University | the First Affiliated Hospital of Xi'an Jiaotong University | The First Affiliated Hospital of Xi 'An Jiaotong University | The first affiliated hospital of Xi 'an jiaotong university | The First Affiliated Hospital of Xi'An Jiaotong University | The first affiliated hospital of Xi'an Jiaotong University | The First Affiliated Hospital of Xi'an Jiao Tong University） | The First Affiliated Hospital Of Xi 'an Jiaotong University | The First Affiliated Hospital of Xi'an Jiaotong University, | The first affiliated Hospital of xi'an jiao tong university | The first affiliated hospital of Xi 'an JiaoTong university | the First Affiliated Hospital of Xi 'an Jiaotong University | the First Affiliated Hospital of Xi'an Jiao Tong University | The First Affiliated Hospital Of XI'AN Jiaotong University | The First Affiliated Hospital of Xi An Jiaotong University | The First Affiliated Hospital of Xi an Jiaotong University | The First Affiliated Hospital of Xi'an jiaotong university | The first Affiliated Hospital of Xi'an Jiaotong University | The first affiliated hospital of xi'an jiaotong university",unmatched,0,NCT00829660,https://clinicaltrials.gov/study/NCT00829660,,[]
The Affiliated Hospital of Xuzhou Medical University,Jiangsu,Xuzhou,213,101,The Affiliated Hospital of Xuzhou Medical University | The affiliated hospital of Xuzhou Medical University | The Affiliated Hospital Of Xuzhou Medical University | The Affiliated Hospital Of XuZhou Medical University | The affiliated Hospital of Xuzhou Medical University | The affiliated hospital of Xuzhou medical university | The affiliated hospital of xuzhou medical university | The Affiliated Hospital OF Xuzhou Medical University | The Affiliated Hospital of XUZHOU Medical University | The Affiliated Hospital of XuZhou Medical University | The Affiliated Hospital of Xuzhou medical University | The Affiliated hospital of Xuzhou medical University | the affiliated Hospital of Xuzhou Medical University,unmatched,0,NCT02761811,https://clinicaltrials.gov/study/NCT02761811,,[]
Shandong Cancer Hospital,Shandong,Ji'nan,212,113,Shandong Cancer Hospital | Shandong cancer hospital | SHANDONG Cancer Hospital,unmatched,0,NCT01481831,https://clinicaltrials.gov/study/NCT01481831,,[]
China-Japan Friendship Hospital,Beijing Municipality,Beijing,202,90,China-Japan Friendship Hospital | China Japan Friendship Hospital | China-Japan Friendship hospital | China-Japan friendship hospital | China-japan Friendship Hospital | China Japan friendship hospital | China-Japan friendship Hospital | China-japan friendship hospital,unmatched,0,NCT00356798,https://clinicaltrials.gov/study/NCT00356798,,[]
Zhejiang Provincial People's Hospital,Zhejiang,Hangzhou,202,81,Zhejiang Provincial People's Hospital | Zhejiang Provincial Peoples Hospital | ZheJiang Provincial People's Hospital | Zhejiang provincial people's hospital | Zhejiang Provincial People'S Hospital | Zhejiang Provincial People's hospital | Zhejiang Provincial people's Hospital | Zhejiang Provincial Peoples' Hospital | Zhejiang Provincial people's hospital,unmatched,0,NCT01677208,https://clinicaltrials.gov/study/NCT01677208,,[]
Nanjing Drum Tower Hospital,Jiangsu,Nanjing,199,98,Nanjing Drum Tower Hospital | Nanjing Drum Tower hospital | NanJing Drum Tower Hospital | Nanjing Drum tower hospital | Nanjing Drum-Tower Hospital,unmatched,0,NCT00786136,https://clinicaltrials.gov/study/NCT00786136,,[]
"Beijing Friendship Hospital, Capital Medical University",Beijing Municipality,Beijing,198,66,"Beijing Friendship Hospital, Capital Medical University | Beijing Friendship Hospital,Capital Medical University | Beijing Friendship Hospital Capital Medical University | Beijing Friendship hospital, Capital Medical University | beijing Friendship Hospital, Capital Medical University | Beijing Friendship Hospital，Capital Medical University | Beijing Friendship Hospital , Capital Medical University | Beijing Friendship Hospital ,Capital Medical University",unmatched,0,NCT00796692,https://clinicaltrials.gov/study/NCT00796692,,[]
"Nanfang Hospital, Southern Medical University",Guangdong,Guangzhou,198,93,"Nanfang Hospital, Southern Medical University | Nanfang Hospital Southern Medical University | Nanfang Hospital,Southern Medical University | NanFang Hospital, Southern Medical University | Nanfang Hospital，Southern Medical University | NanfangHospital,Southern Medical University | Nan Fang Hospital, Southern Medical University | Nan fang hospital, Southern medical university | Nanfang Hospital ,Southern Medical University | Nanfang Hospital, southern medical university | Nanfang Hospital; Southern Medical University | Nanfang Hospital， Southern Medical University | Nanfang hospital, Southern Medical University | Nanfang hospital, Southern Medical university | Nanfang hospital, Southern medical university",unmatched,0,NCT00548223,https://clinicaltrials.gov/study/NCT00548223,,[]
Shanghai East Hospital,Shanghai Municipality,Shanghai,198,86,Shanghai East Hospital | Shanghai East hospital | Shang hai East Hospital | Shang hai east hospital | ShangHai East hospital | Shanghai east Hospital | Shanghai east hospital,unmatched,0,NCT00829660,https://clinicaltrials.gov/study/NCT00829660,,[]
Shanghai Pulmonary Hospital,Shanghai Municipality,Shanghai,197,94,Shanghai Pulmonary Hospital | Shang Hai Pulmonary Hospital | Shanghai pulmonary hospital | Shanghai Pulmonary Hospital; | ShangHai Pulmonary Hospital,unmatched,0,NCT01040780,https://clinicaltrials.gov/study/NCT01040780,,[]
Tianjin Medical University Cancer Institute & Hospital,Tianjin Municipality,Tianjin,196,106,"Tianjin Medical University Cancer Institute & Hospital | Tianjin Medical University Cancer Institute&Hospital | Tianjin medical university cancer institute&hospital | TianJin Medical University Cancer Institute & Hospital | Tianjin Medical University Cancer Institute ＆ Hospital | Tianjin Medical University Cancer institute & Hospital | Tianjin medical university cancer institute & hospital | Tianjin Medical University Cancer Institute &Hospital | Tianjin Medical University Cancer Institute＆Hospital | Tianjin Medical University Cancer Institute & Hospital, | Tianjin Medical University, Cancer Institute & Hospital | TianJin Medical university Cancer Institute & Hospital | Tianjin Medical University cancer institute & Hospital | Tianjin Medical university cancer institute & Hospital | Tianjin Medical university cancer institute & hospital | Tianjin Medical University Cancer Institute& Hospital | TianJin Medical University Cancer Institute&Hospital",unmatched,0,NCT01836679,https://clinicaltrials.gov/study/NCT01836679,,[]
Jilin Cancer Hospital,Jilin,Changchun,195,76,Jilin Cancer Hospital | JILIN Cancer Hospital | JILIN cancer hospital | JiLin Cancer Hospital | Jilin cancer hospital,unmatched,0,NCT01040780,https://clinicaltrials.gov/study/NCT01040780,,[]
"Xuanwu Hospital, Capital Medical University",Beijing Municipality,Beijing,194,94,"Xuanwu Hospital, Capital Medical University | Xuanwu Hospital Capital Medical University | Xuanwu Hospital,Capital Medical University | Xuan Wu Hospital，Capital Medical University | Xuanwu Hospital，Capital Medical University | Xuanwu Hospital, Capital Medical University. | Xuanwu Hospital ,Capital Medical University | Xuanwu Hospital-Capital Medical University | Xuanwu hospital capital medical university | Xuan Wu Hospital,Capital Medical University | XuanWu Hospital, Capital Medical University | Xuanwu hospital, Capital Medical University | Xuan Wu Hospital, Capital Medical University | Xuanwu hospital Capital Medical University",unmatched,0,NCT00664846,https://clinicaltrials.gov/study/NCT00664846,,[]
The First Affiliated Hospital of Guangzhou Medical University,Guangdong,Guangzhou,193,89,"The First Affiliated Hospital of Guangzhou Medical University | The First Affiliated Hospital Of Guangzhou Medical University | the First Affiliated Hospital of Guangzhou Medical University | The First Affiliated Hospital of Guangzhou Medical University. | The first affiliated hospital of Guangzhou Medical University | The first affiliated hospital of Guangzhou medical university | The first Affiliated Hospital of Guangzhou Medical University | The first affiliated hospital of guangzhou medical university | the First Affiliated Hospital of Guangzhou Medical University, | The First affiliated Hospital of Guangzhou Medical University | The first Affiliated Hospital of Guangzhou medical University | The first affiliated hospital of guangzhou medical University | the First Affiliated Hospital of Guangzhou Medical university",unmatched,0,NCT01637675,https://clinicaltrials.gov/study/NCT01637675,,[]
The Second Affiliated Hospital Zhejiang University School of Medicine,Zhejiang,Hangzhou,185,93,"The Second Affiliated Hospital Zhejiang University School of Medicine | The Second Affiliated Hospital, Zhejiang University School of Medicine | The Second Affiliated Hospital Zhejiang University School Of Medicine | the Second Affiliated Hospital Zhejiang University School of Medicine | The Second Affiliated Hospital Zhejiang University School of Medicine. | The Second affiliated Hospital, Zhejiang University School of Medicine | the Second Affiliated Hospital, Zhejiang University School of Medicine | The second affiliated hospital Zhejiang university school of medicine | The Second Affiliated Hospital, Zhejiang University School of Medicine. | The Second Affiliated Hospital, Zhejiang University, School Of Medicine | The Second Affiliated Hospital, Zhejiang University, School of Medicine | The Second Affiliated Hospital Zhejiang University School of Medicine, | The second affiliated hospital, Zhejiang University School of Medicine | the second Affiliated Hospital, Zhejiang University School of Medicine | the second affiliated hospital, Zhejiang University School of Medicine | The Second Affiliated Hospital Zhejiang University school of Medicine | The Second Affiliated Hospital，Zhejiang University School of Medicine | The Second Affiliated hospital Zhejiang University School of Medicine | The second affiliated hospital Zhejiang university School of Medicine | The second affiliated hospital zhejiang university school of medicine | the second affiliated hospital Zhejiang University School of Medicine",unmatched,0,NCT01471522,https://clinicaltrials.gov/study/NCT01471522,,[]
"Huashan Hospital, Fudan University",Shanghai Municipality,Shanghai,184,63,"Huashan Hospital, Fudan University | Huashan Hospital Fudan University | Huashan Hospital,Fudan University | Huashan Hospital，Fudan University | Huashan Hospital ,Fudan University | Huashan hospital, Fudan University | Huashan Hospital FuDan University | Huashan hospital,Fudan university | Huashan Hospital, Fudan University. | HuaShan Hospital, Fudan University | Huashan Hospital, FuDan University | Huashan hospital, Fudan university | Huashan hospital Fudan university",unmatched,0,NCT00664846,https://clinicaltrials.gov/study/NCT00664846,,[]
Beijing Hospital,Beijing Municipality,Beijing,183,58,Beijing Hospital | Beijing hospital | BeiJing Hospital | Bei Jing Hospital,unmatched,0,NCT00474409,https://clinicaltrials.gov/study/NCT00474409,,[]
Nanjing First Hospital,Jiangsu,Nanjing,183,54,Nanjing First Hospital | Nanjing first hospital | Nan Jing First Hospital | NanJing First Hospital | Nanjing Firsthospital,unmatched,0,NCT00786136,https://clinicaltrials.gov/study/NCT00786136,,[]
"The First Affiliated Hospital, Sun Yat-sen University",Guangdong,Guangzhou,183,60,"The First Affiliated Hospital, Sun Yat-sen University | The First Affiliated Hospital,Sun Yat-sen University | The First Affiliated Hospital, Sun Yat-Sen University | The First Affiliated Hospital, Sun Yat Sen University | The First Affiliated Hospital，Sun Yat-sen University | The First Affiliated Hospital, Sun-Yat Sen University | The first affiliated hospital, Sun Yat-sen University | The First Affiliated Hospital ,Sun-Yat Sen University | The First Affiliated Hospital Sun Yat-sen University | The First Affiliated Hospital, Sun Yat- sen University | The First Affiliated Hospital Sun-Yat Sen University | The First affiliated hospital, Sun Yat-sen University | The first Affiliated Hospital, Sun Yat-sen University | The First Affiliated Hospital, SUN YAT-SEN UNIVERSITY | The First affiliated Hospital, Sun Yat-sen University | The first Affiliated Hospital, Sun Yat-Sen University | The first affiliated hospital ,Sun Yat-sen University | the first affiliated hospital, Sun Yat-sen University | the first affiliated hospital, Sun-Yat sen university | The First Affiliated Hospital Sun Yat-Sen University | The First Affiliated Hospital, Sun Yatsen University | The First Affiliated Hospital,Sun Yat-Sen University | The First Affiliated Hospital，SUN YAT-SEN University | The First Affiliated Hospital，Sun Yat sen University | The first affiliated hospital,Sun Yat-sen University | The first affiliated hospital,sun yat-sen university",unmatched,0,NCT00622986,https://clinicaltrials.gov/study/NCT00622986,,[]
The Second Affiliated Hospital of Zhejiang University School of Medicine,Zhejiang,Hangzhou,182,70,"The Second Affiliated Hospital of Zhejiang University School of Medicine | The Second Affiliated hospital of Zhejiang University School of Medicine | the Second Affiliated Hospital of Zhejiang University School of Medicine | The second affiliated hospital of zhejiang university school of medicine | The Second Affiliated Hospital of Zhejiang University school of Medicine | The second affiliated hospital of Zhejiang University School of Medicine | The Second Affiliated hospital of Zhejiang University school of medicine | The second affiliated hospital of Zhejiang university, school of medicine. | The Second Affiliated Hospital of Zhejiang University, School of Medicine | The second affiliated hospital of zhejiang university, school of medicine | the Second Affiliated Hospital of Zhejiang University School of Medicine. | The Second Affiliated Hospital of Zhejiang University school of medicine | The Second Affiliated Hospital of Zhejiang University,School of Medicine | The second Affiliated hospital of Zhejiang university school of medicine",unmatched,0,NCT01404169,https://clinicaltrials.gov/study/NCT01404169,,[]
Henan Cancer Hospital,,Zhengzhou,177,72,Henan Cancer Hospital | Henan cancer hospital | He Nan Cancer Hospital | He'nan Cancer Hospital,unmatched,0,NCT01774786,https://clinicaltrials.gov/study/NCT01774786,,[]
The First Affiliated Hospital of Guangxi Medical University,Guangxi,Nanning,174,64,The First Affiliated Hospital of Guangxi Medical University | The First Affiliated Hospital Of Guangxi Medical University | The first Affiliated Hospital of Guangxi Medical University | The first affiliated hospital of Guangxi Medical University | The first affiliated hospital of Guang Xi medical university | The First Affiliated Hospital Of GuangXi Medical University | The First Affiliated Hospital of GUANGXI Medical University | The First Affiliated hospital of Guangxi Medical University | The First affiliated hospital of Guangxi Medical University | the First Affiliated Hospital of Guangxi Medical University | The First Affiliated Hospital of guangxi Medical University | The First affiliated hospital of GuangXi medical university | The first Affiliated Hospital of GUANGXI medical university | The first Affiliated hospital of Guangxi medical university | The first affiliated hospital of Guangxi medical university | The first affiliated hospital of guangxi medical university,unmatched,0,NCT00781378,https://clinicaltrials.gov/study/NCT00781378,,[]
The Second Affiliated Hospital of Nanchang University,Jiangxi,Nanchang,174,59,The Second Affiliated Hospital of Nanchang University | The Second Affiliated Hospital Of Nanchang University | the Second Affiliated Hospital of Nanchang University | The Second Affiliated hospital of Nanchang University | The second Affiliated Hospital of Nanchang University | The Second Affiliated Hospital of NanChang University | The Second affiliated Hospital of Nanchang University | The Second affiliated hospital of Nanchang University | The second affiliated hospital of Nanchang University | the second affiliated hospital of Nanchang university | the Second Affiliated Hospitalof NanChang University,unmatched,0,NCT00829660,https://clinicaltrials.gov/study/NCT00829660,,[]
"Tongji Hospital, Tongji Medical College, Huazhong University of Science and Technology",Hubei,Wuhan,173,80,"Tongji Hospital, Tongji Medical College, Huazhong University of Science and Technology | Tongji Hospital Tongji Medical College Huazhong University of Science and Technology | Tongji hospital, Tongji Medical College, Huazhong University of Science and Technology | Tongji Hospital, Tongji Medical College,Huazhong University of Science and Technology | Tongji Hospital, Tongji Medical College, Huazhong University of Science and technology | Tongji Hospital,Tongji Medical College,Huazhong University of Science and Technology | Tongji hospital, Tongji medical college, Huazhong University of Science and Technology | Tongji Hospital, Tongji Medical College Huazhong University of Science and Technology | Tongji Hospital,Tongji Medical College, Huazhong University of Science and Technology | Tongji Hospital , Tongji Medical College, Huazhong University of Science and Technology | Tongji Hospital, Tongji Medical College , Huazhong University of Science and Technology | Tongji Hospital, Tongji Medical College, Huazhong University of Science and Technology, | Tongji hospital, Tongji medical college, Huazhong university of science and technology | Tongji hospital, tongji medical college, huazhong university of science and technology | Tongji Hospital Tongji Medical College, Huazhong University of Science and Technology | Tongji Hospital, Tongji Medical College，Huazhong University of Science and Technology | Tongji Hospital, TongjiMedical College, Huazhong University of Science and Technology | TongJi Hospital，TongJi Medical College Huazhong University of Science and Technology | Tongji Hospital Tongji Medical College Huazhong University Of Science And Technology | Tongji Hospital，Tongji Medical College，Huazhong University of Science and Technology",unmatched,0,NCT01455428,https://clinicaltrials.gov/study/NCT01455428,,[]
Renmin Hospital of Wuhan University,Hubei,Wuhan,172,61,Renmin Hospital of Wuhan University | Renmin Hospital Of Wuhan University | Renmin hospital of Wuhan University | Renmin Hospital of Wuhan university | RenMin Hospital Of Wuhan University | Renmin hospital of Wuhan university,unmatched,0,NCT00786136,https://clinicaltrials.gov/study/NCT00786136,,[]
The First Affiliated Hospital of Fujian Medical University,Fujian,Fuzhou,171,69,"The First Affiliated Hospital of Fujian Medical University | The First Affiliated Hospital Of Fujian Medical University | The first Affiliated Hospital of Fujian Medical University | The first affiliated hospital of Fujian medical university | The first affiliated hospital of fujian medical university | The First Affiliated Hospital of Fujian Medical University, | The First Affiliated Hospital of FuJian Medical University | The First Affiliated hospital of Fujian Medical University",unmatched,0,NCT01088009,https://clinicaltrials.gov/study/NCT01088009,,[]
The First Affiliated Hospital of Nanjing Medical University,Jiangsu,Nanjing,171,91,The First Affiliated Hospital of Nanjing Medical University | the First Affiliated Hospital of Nanjing Medical University | The first affiliated hospital of Nanjing Medical University | The first affiliated hospital of nanjing medical university | The first affiliated hospital of Nanjing medical university | the First affiliated hospital of Nanjing Medical University | The First Affiliated Hospital Of Nanjing Medical University | The First Affiliated Hospital of Nanjing medical University | The first Affiliated Hospital of Nanjing Medical University,unmatched,0,NCT01147627,https://clinicaltrials.gov/study/NCT01147627,,[]
"Beijing Tiantan Hospital, Capital Medical University",Beijing Municipality,Beijing,170,72,"Beijing Tiantan Hospital, Capital Medical University | Beijing Tian Tan Hospital, Capital Medical University | Beijing Tiantan Hospital Capital Medical University | Beijing Tiantan Hospital,Capital Medical University | Beijing TianTan Hospital,Capital Medical University | Beijing Tiantan Hospital , Capital Medical University | Beijing Tian Tan Hospital,Capital Medical University | Beijing Tiantan hospital, Capital Medical University | Beijing Tiantan Hospital，Capital Medical University | Beijing TiantanHospital, CapitalMedical University",unmatched,0,NCT01938781,https://clinicaltrials.gov/study/NCT01938781,,[]
Xiangya Hospital of Central South University,Hu'nan,Changsha,170,71,"Xiangya Hospital of Central South University | Xiangya Hospital Of Central South University | Xiang Ya Hospital of Central South University | Xiangya Hospital of Central South University, | XiangYa Hospital of Central South University | Xiangya Hospital of Central-South University | Xiangya hospital of Central South University",unmatched,0,NCT01481597,https://clinicaltrials.gov/study/NCT01481597,,[]
Jinan Central Hospital,Shandong,Ji'Nan,169,47,Jinan Central Hospital | Jinan central hospital | Ji'nan Central Hospital | Jinan central Hospital,unmatched,0,NCT00565708,https://clinicaltrials.gov/study/NCT00565708,,[]
West China Hospital,Sichuan,Chengdu,167,80,West China Hospital | West China hospital | WestChina Hospital | West china hospital | Westchina Hospital,unmatched,0,NCT00922051,https://clinicaltrials.gov/study/NCT00922051,,[]
Sichuan Provincial People's Hospital,Sichuan,Chengdu,164,76,"Sichuan Provincial People's Hospital | Sichuan provincial people's hospital | Sichuan Provincial People' s Hospital | Sichuan Provincial People's Hospital, | Sichuan Provincial People'S Hospital",unmatched,0,NCT00829660,https://clinicaltrials.gov/study/NCT00829660,,[]
Zhongshan Hospital Fudan University,,Shanghai,164,56,"Zhongshan Hospital Fudan University | Zhongshan Hospital, Fudan University | Zhongshan Hospital,Fudan University | Zhongshan hospital, Fudan university | ZhongShan Hospital Fudan University | Zhong Shan Hospital, Fudan University | Zhongshan hospital, Fudan University | Zhong Shan Hospital ""Fu Dan University"" | Zhong Shan Hospital, Fu Dan University | Zhong Shan hospital, Fu Dan University | Zhongshan Hospital，Fudan University | Zhongshan hospital Fudan University | Zhongshan hospital,Fudan University",unmatched,0,NCT00054951,https://clinicaltrials.gov/study/NCT00054951,,[]
Beijing Tiantan Hospital,Beijing Municipality,Beijing,160,81,Beijing Tiantan Hospital | Beijing tiantan hospital | Beijing TianTan Hospital | Beijing Tian tan Hospital | Beijing Tiantan hospital | BeiJing Tiantan Hospital | Beijing tiantan Hospital,unmatched,0,NCT00474409,https://clinicaltrials.gov/study/NCT00474409,,[]
The First Affiliated Hospital of Xi'an Jiaotong University,Shan'xi,Xi'an,160,75,The First Affiliated Hospital of Xi'an Jiaotong University | The First Affiliated Hospital of Xi'an Jiao Tong University | The First Affiliated Hospital of Xi 'an Jiaotong University | The First Affiliated Hospital of Xian Jiaotong University | The First Affiliated Hospital of Xi'An Jiaotong University | The First Affiliated Hospital Of Xi'an Jiaotong University | The First Affiliated Hospital of Xi An Jiao Tong University | The First Affiliated Hospital of XI'AN Jiaotong University | The first Affiliated Hospital of Xi'an Jiaotong University | The First Affiliated Hospital of Xi'An JiaoTong University | the First Affiliated Hospital of Xi'An Jiaotong University | The First Affiliated Hospital of XI 'AN Jiaotong University | The First Affiliated Hospital of Xi 'An Jiaotong University | The First Affiliated Hospital of Xi'an jiao tong University | The first affiliated hospital of Xi 'an jiaotong university | The first affiliated hospital of xi 'an jiaotong university | The First Affiliated Hospital Of Xi'an JiaoTong University | The First Affiliated Hospital of Xi An JiaoTong University | The First Affiliated Hospital of Xi An Jiaotong University | The First Affiliated Hospital of Xi' AnJiaotong University | The First Affiliated Hospital of Xi'an JiaoTong University | The First Affiliated Hospital of Xi'an Jiaotong university | The First Affiliated hospital of Xi'an Jiaotong University | The first Affiliated Hospital Of Xi'an Jiaotong University | The first affiliated hospital of Xi'an jiaotong university | The first affiliated hospital of xi'an jiaotong university | the First Affiliated Hospital of Xi'an Jiaotong University | the first affiliated hospital of Xi'an Jiaotong University | The First Affiliated Hospitalof Xi'an Jiaotong University,unmatched,0,NCT00869778,https://clinicaltrials.gov/study/NCT00869778,,[]
The Second Hospital of Hebei Medical University,Hebei,Shijiazhuang,160,60,The Second Hospital of Hebei Medical University | The Second Hospital of HeBei Medical University | The Second Hospital Of Hebei Medical University | The second hospital of Hebei Medical University | The second hospital of Hebei medical university | the Second Hospital of HeBei Medical University | the Second Hospital of Hebei Medical University | The second Hospital of Hebei Medical University | The Second Hospital of Hebeimedical University | The Second hospital of Hebei Medical University | the second Hospital of hebei medical University | The Second Hospitalof Hebei Medical University,unmatched,0,NCT00664846,https://clinicaltrials.gov/study/NCT00664846,,[]
Tianjin Medical University General Hospital,,Tianjin,160,41,Tianjin Medical University General Hospital | Tianjin Medical University General Hospital; | TianJin Medical University General Hospital,unmatched,0,NCT01355276,https://clinicaltrials.gov/study/NCT01355276,,[]
Peking University Shenzhen Hospital,Guangdong,Shenzhen,158,80,Peking University Shenzhen Hospital | Peking university Shenzhen Hospital | Peking University Shen Zhen hospital | PEKING University SHENZHEN Hospital | Peking University ShenZhen Hospital | Peking University shenzhen hospital | Peking university Shenzhen hospital,unmatched,0,NCT00829660,https://clinicaltrials.gov/study/NCT00829660,,[]
Shanghai General Hospital,Shanghai Municipality,Shanghai,158,59,Shanghai General Hospital | ShangHai General Hospital | Shanghai general hospital | Shanghai General hospital,unmatched,0,NCT02388984,https://clinicaltrials.gov/study/NCT02388984,,[]
The First Affiliated Hospital of Sun Yat-sen University,Guangdong,Guangzhou,158,64,"The First Affiliated Hospital of Sun Yat-sen University | The First Affiliated Hospital of Sun Yat-Sen University | the First Affiliated Hospital of Sun Yat-sen University | The First Affiliated Hospital of Sun Yat sen University | The First Affiliated Hospital of Sun Yat- sen University | The First Affiliated Hospital of Sun Yat-sen university | The First Affiliated Hospital of Sun-yat Sen University | The first affiliated hospital of Sun Yat-Sen university | the first Affiliated Hospital of Sun Yat-Sen university | the first affiliated hospital of Sun Yat-sen University | The First Affiliated Hospital of Sun Yatsen University | The First Affiliated Hospital of Sun, Yat-sen University | The First Affiliated Hospital of Sun yat-sen University | The First Affiliated Hospital of Sun yat-sen university | The First Affiliated Hospital of Sun-Yat Sen University | The first affiliated hospital of Sun Yat Sen University | The first affiliated hospital of Sun Yat-Sen University | The first affiliated hospital of sun yat-sen university | the first Affiliated Hospital of Sun Yat-sen University | the First Affiliated Hospital of SunYat-senUniversity",unmatched,0,NCT00147836,https://clinicaltrials.gov/study/NCT00147836,,[]
Tongji Hospital,Hubei,Wuhan,158,81,Tongji Hospital | Tongji hospital | TongJi Hospital | TongjiHospital,unmatched,0,NCT00617981,https://clinicaltrials.gov/study/NCT00617981,,[]
Zhongda Hospital Southeast University,Jiangsu,Nanjing,157,59,"Zhongda Hospital Southeast University | Zhongda Hospital, Southeast University | Zhongda Hospital,Southeast University | Zhongda hospital, Southeast University | Zhongda hospital, Southeast university | Zhong da hospital, Southeast university | Zhong-da Hospital, Southeast University | Zhong Da Hospital Southeast University | Zhongda Hospital ,Southeast University | ZhongDa Hospital SouthEast University | ZhongDa Hospital Southeast University | Zhongda Hospital southeast university | Zhongda Hospital-Southeast University | Zhongda Hospital，Southeast University",unmatched,0,NCT00477841,https://clinicaltrials.gov/study/NCT00477841,,[]
Cancer Hospital Chinese Academy of Medical Sciences,,Beijing,156,64,"Cancer Hospital Chinese Academy of Medical Sciences | Cancer Hospital, Chinese Academy of Medical Sciences | Cancer Hospital Chinese Academy of Medical Sciences. | Cancer hospital, Chinese Academy of Medical Sciences | cancer hospital Chinese academy of medical sciences | Cancer Hospital Chinese Academy of medical sciences | Cancer hospital Chinese academy of Medical sciences | Cancer hospital, Chinese academy of medical sciences | Cancer Hospital Chinese Academy Of Medical Sciences | Cancer Hospital,Chinese Academy of Medical Sciences | Cancer hospital Chinese Academy of Medical Sciences",unmatched,0,NCT00069121,https://clinicaltrials.gov/study/NCT00069121,,[]
General Hospital of Ningxia Medical University,Ningxia,Yinchuan,155,36,General Hospital of Ningxia Medical University | General hospital of Ningxia medical university | General Hospital Of Ningxia Medical University | General Hospital of NingXia Medical University | General Hospital of Ningxia Medical university | General hospital of ningxia medical university,unmatched,0,NCT01975376,https://clinicaltrials.gov/study/NCT01975376,,[]
Shanghai Chest Hospital,,Shanghai,153,47,Shanghai Chest Hospital | Shanghai chest hospital | Shanghai Chest hospital | ShangHai Chest Hospital,unmatched,0,NCT00492843,https://clinicaltrials.gov/study/NCT00492843,,[]
The First Affiliated Hospital of Bengbu Medical College,Anhui,Bengbu,153,50,The First Affiliated Hospital of Bengbu Medical College | The first affiliated hospital of bengbu medical college | The first affiliated hospital of Bengbu medical college | the First Affiliated Hospital of Bengbu Medical College | The First Affiliated Hospital Of Bengbu Medical College | The First Affiliated Hospital of Bengbu Medical college | The First Affiliated Hospital of Bengbu medical College | The First Affiliated Hospital of bengbu medical college | The First affiliated hospital of bengbu medical college | The first affiliated hospital of Bengbu Medical College,unmatched,0,NCT01774877,https://clinicaltrials.gov/study/NCT01774877,,[]
The Fourth Hospital of Hebei Medical University,Hebei,Shijiazhuang,153,80,The Fourth Hospital of Hebei Medical University | The fourth hospital of Hebei Medical University | The Fourth hospital of Hebei Medical University | The fourth hospital of Hebei medical university | The fourth hospital of hebei medical university | the Fourth Hospital of Hebei Medical University | The Fourth Hospital Of Hebei Medical University | The Fourth Hospital of Hebei medical University | The fourth Hospital of Hebei Medical University,unmatched,0,NCT01970059,https://clinicaltrials.gov/study/NCT01970059,,[]
Chinese PLA General Hospital,,Beijing,146,49,Chinese PLA General Hospital | Chinese Pla General Hospital | Chinese PLA General hospital | Chinese PLA General Hospital [ | Chinese PLA general hospital,unmatched,0,NCT00165698,https://clinicaltrials.gov/study/NCT00165698,,[]
"Xuanwu Hospital, Capital Medical University",,Beijing,146,64,"Xuanwu Hospital, Capital Medical University | Xuanwu Hospital Capital Medical University | Xuanwu Hospital, Capital Medical University. | Xuanwu Hospital ,Capital Medical University | XuanWu Hospital Capital Medical University | Xuanwu Hospital，Capital Medical University | Xuanwu hospital Capital Medical University | Xuan Wu Hospital, Capital Medical University | Xuan Wu Hospital，Capital Medical University | Xuanwu Hospital,Capital Medical University",unmatched,0,NCT02118532,https://clinicaltrials.gov/study/NCT02118532,,[]
Zhejiang Cancer Hospital,,Hangzhou,146,47,Zhejiang Cancer Hospital | Zhe jiangCancer Hospital | Zhejiang Cancer hospital | Zhejiang cancer Hospital,unmatched,0,NCT00567190,https://clinicaltrials.gov/study/NCT00567190,,[]
Chongqing University Cancer Hospital,Chongqing Municipality,Chongqing,142,80,Chongqing University Cancer Hospital | ChongQing University Cancer Hospital | Chongqing university cancer hospital | Chong Qing University Cancer Hospital | Chongqing University cancer Hospital | Chongqing University cancer hospital | Chongqing university Cancer Hospital,unmatched,0,NCT03084237,https://clinicaltrials.gov/study/NCT03084237,,[]
The Second Hospital of Anhui Medical University,Anhui,Hefei,142,46,"The Second Hospital of Anhui Medical University | The Second Hospital Of Anhui Medical University | The Second Hospital of Anhui medical university | The second hospital of Anhui Medical University, | The Second Hospital Of Anhui medical University | The Second Hospital of Anhui medical University | The Second Hospital of anhui Medical University | The Second hospital Of Anhui Medical University | The second Hospital of Anhui Medical University | The second hospital of ANHUI medical university | The second hospital of Anhui Medical University | The second hospital of Anhui Medical university | The second hospital of Anhui medical university | The second hospital of anhui medical university",unmatched,0,NCT02213380,https://clinicaltrials.gov/study/NCT02213380,,[]
Harbin Medical University Cancer Hospital,,Harbin,141,45,Harbin Medical University Cancer Hospital | Harbin medical university cancer hospital | Harbin medical University Cancer Hospital | harbin medical university Cancer Hospital,unmatched,0,NCT00781612,https://clinicaltrials.gov/study/NCT00781612,,[]
"Sir Run Run Shaw Hospital, Zhejiang University School of Medicine",Zhejiang,Hangzhou,141,48,"Sir Run Run Shaw Hospital, Zhejiang University School of Medicine | Sir Run Run Shaw Hospital Zhejiang University School of Medicine | Sir Run Run Shaw Hospital, Zhejiang University, School of Medicine | Sir Run Run Shaw Hospital - Zhejiang University School of Medicine | SIR RUN RUN Shaw Hospital Zhejiang University School of Medicine | Sir Run Run Shaw Hospital ZheJiang University School Of Medicine | Sir Run Run Shaw Hospital Zhejiang University School Of Medicine | Sir Run Run Shaw Hospital, Zhejiang University School of Medicine, | Sir Run Run Shaw Hospital, Zhejiang University School Of Medicine | Sir Run Run Shaw hospital, Zhejiang University school of Medicine | SIR RUN RUN SHAW HOSPITAL Zhejiang University School of Medicine | SIR RUN RUN SHAW Hospital Zhejiang University School Of Medicine | Sir Run Run Shaw Hospital Zhejiang University School of medicine | Sir Run Run Shaw Hospital,Zhejiang University School of Medicine | Sir Run Run Shaw Hospital，Zhejiang University School of Medicine",unmatched,0,NCT02121405,https://clinicaltrials.gov/study/NCT02121405,,[]
Zhujiang Hospital of Southern Medical University,Guangdong,Guangzhou,141,76,"Zhujiang Hospital of Southern Medical University | ZhuJiang Hospital of Southern Medical University | zhujiang Hospital of Southern Medical University | Zhujiang Hospital, of Southern Medical University | Zhujiang Hospital Of Southern Medical University",unmatched,0,NCT01379391,https://clinicaltrials.gov/study/NCT01379391,,[]
Shenzhen People's Hospital,Guangdong,Shenzhen,140,48,Shenzhen People's Hospital | Shenzhen People' S Hospital | ShenZhen People's Hospital | Shenzhen Peoples Hospital | Shenzhen People's hospital | Shenzhen people's hospital,unmatched,0,NCT00781378,https://clinicaltrials.gov/study/NCT00781378,,[]
The First Affiliated Hospital of Xi'an Jiaotong University,,Xi'an,140,45,The First Affiliated Hospital of Xi'an Jiaotong University | The First Affiliated Hospital of Xian Jiaotong University | The First Affiliated Hospital of Xian Jiao Tong University | The First Affiliated Hospital of Xi 'an Jiaotong University | The First Affiliated Hospital of Xi'An Jiaotong University | The first affiliated Hospital of Xi ' an Jiaotong University | The First Affiliated Hospital of Xi'an Jiao Tong University | The First Affiliated Hospital of XiAn Jiaotong University | The First Affiliated Hospital Of Xi'an Jiaotong University | The First Affiliated Hospital of XI'AN JiaoTong University | The First Affiliated Hospital of XI'an JiaoTong University | The first Affiliated Hospital of Xi'an Jiaotong University | the First Affiliated Hospital of Xi'an Jiaotong University | the first affiliated hospital of Xi'an Jiaotong university,unmatched,0,NCT02099721,https://clinicaltrials.gov/study/NCT02099721,,[]
Xijing Hospital,Shaan'xi,Xi'an,140,67,Xijing Hospital | Xijing hospital | Xi jing Hospital | Xi-jing Hospital | XIJING Hospital | XiJing hospital | XijingHospital,unmatched,0,NCT00663988,https://clinicaltrials.gov/study/NCT00663988,,[]
Shandong Provincial Hospital,Shandong,Ji'nan,138,52,Shandong Provincial Hospital | Shandong provincial hospital,unmatched,0,NCT00622986,https://clinicaltrials.gov/study/NCT00622986,,[]
Guangdong General Hospital,Guangdong,Guangzhou,135,48,Guangdong General Hospital | Guangdong general hospital | Guang Dong General Hospital,unmatched,0,NCT00426348,https://clinicaltrials.gov/study/NCT00426348,,[]
"Ruijin Hospital, Shanghai Jiao Tong University School of Medicine",,Shanghai,135,56,"Ruijin Hospital, Shanghai Jiao Tong University School of Medicine | Ruijin Hospital, Shanghai Jiaotong University School of Medicine | Ruijin Hospital Shanghai Jiaotong University School of Medicine | Ruijin Hospital Shanghai Jiao Tong University School of Medicine | Ruijin Hospital, Shanghai JiaoTong University School of Medicine | Ruijin Hospital, Shanghai Jiao Tong University, School of Medicine | Rui Jin Hospital, Shanghai JiaoTong University School of Medicine | Ruijin Hospital, Shanghai Jiaotong University School Of Medicine | Rui Jin Hospital Shanghai Jiao Tong University School of Medicine | Ruijin Hospital- Shanghai Jiaotong University School of Medicine | Rui Jin Hospital - Shanghai Jiao Tong University School of Medicine | Rui Jin Hospital, Shanghai Jiao Tong University School of Medicine | Rui Jin hospital, Shanghai Jiao Tong university school of medicine | Ruijin Hospital - Shanghai Jiaotong University School of Medicine | Ruijin Hospital, Shanghai Jiaotong University, School of Medicine | Ruijin hospital, Shanghai Jiao Tong University School of Medicine | Ruijin Hospital，Shanghai Jiao Tong University School of Medicine | Ruijin hospital Shanghai Jiao Tong University School of Medicine | Ruijin Hospital Shanghai Jiaotong University School Of Medicine",unmatched,0,NCT00565396,https://clinicaltrials.gov/study/NCT00565396,,[]
Sichuan Cancer Hospital,Sichuan,Chengdu,134,75,Sichuan Cancer Hospital | Sichuan Cancer hospital | Sichuan cancer hospital | SiChuan Cancer Hospital | Si Chuan Cancer Hospital | SiChuan cancer hospital,unmatched,0,NCT01623102,https://clinicaltrials.gov/study/NCT01623102,,[]
The First Affiliated Hospital of Henan University of Science and Technology,He'nan,Luoyang,132,62,The First Affiliated Hospital of Henan University of Science and Technology | The First Affiliated Hospital of Henan University of science and Technology | The first Affiliated Hospital of Henan University of Science and Technology | The First Affiliated Hospital of Henan University of Science And Technology | The First Affiliated Hospital of Henan University of science and technology | the First Affiliated Hospital of Henan University of Science and Technology | •The First Affiliated Hospital of Henan University of Science and Technology | The First Affiliated Hospital Of Henan University of Science and Technology | The First Affiliated Hospital of Henan University Of Science and Technology,unmatched,0,NCT02025036,https://clinicaltrials.gov/study/NCT02025036,,[]
Nanfang Hospital of Southern Medical University,Guangdong,Guangzhou,129,39,Nanfang Hospital of Southern Medical University | NanFang Hospital of Southern Medical University | Nanfang hospital of southern medical university | Nanfang Hospital Of Southern Medical University | Nanfang Hospital of Southern Medical university,unmatched,0,NCT01768091,https://clinicaltrials.gov/study/NCT01768091,,[]
Jiangsu Cancer Hospital,Jiangsu,Nanjing,128,51,Jiangsu Cancer Hospital | JiangSu Cancer Hospital | Jiangsu Cancer hospital | Jiangsu cancer hospital | Jiang Su Cancer Hospital,unmatched,0,NCT00741260,https://clinicaltrials.gov/study/NCT00741260,,[]
The First Hospital of Hebei Medical University,Hebei,Shijiazhuang,127,51,The First Hospital of Hebei Medical University | the First Hospital of Hebei Medical University | The First Hospital Of Hebei Medical University | The first hospital of Hebei Medical University | The first hospital of hebei medical university | The First hospital of Hebei Medical University,unmatched,0,NCT00125437,https://clinicaltrials.gov/study/NCT00125437,,[]
Hunan Cancer Hospital,,Changsha,126,51,Hunan Cancer Hospital | Hunan Cancer hospital | Hunan cancer hospital,unmatched,0,NCT01744366,https://clinicaltrials.gov/study/NCT01744366,,[]
The First Hospital of Lanzhou University,Gansu,Lanzhou,126,50,The First Hospital of Lanzhou University | The first hospital of Lanzhou University | The first hospital of Lanzhou university | The First Hospital of LanZhou University | The First Hospital Of Lanzhou University | The First hospital of LanZhou university | The first Hospital of Lanzhou University | The first Hospital of lanzhou University | The first hospital of lanzhou university | the first hospital of Lanzhou University,unmatched,0,NCT01176916,https://clinicaltrials.gov/study/NCT01176916,,[]
"Huashan Hospital, Fudan University",,Shanghai,125,47,"Huashan Hospital, Fudan University | Huashan Hospital Fudan University | Huashan Hospital ,Fudan University | Huashan hospital, Fudan university | Hua Shan Hospital, Fu Dan University | Hua shan Hospital,Fudan University | Huashan hospital, Fudan University | HuaShan Hospital FuDan University | HuaShan Hospital Fudan University | HuaShan hospital Fudan University",unmatched,0,NCT00240409,https://clinicaltrials.gov/study/NCT00240409,,[]
"Renji Hospital, Shanghai Jiao Tong University School of Medicine",Shanghai Municipality,Shanghai,123,51,"Renji Hospital, Shanghai Jiao Tong University School of Medicine | Renji Hospital, Shanghai Jiaotong University School of Medicine | Renji Hospital Shanghai Jiaotong University School of Medicine | Renji Hospital, Shanghai Jiao Tong University, School of Medicine | Ren Ji Hospital, Shanghai Jiao Tong University School of Medicine | Renji Hospital Shanghai Jiao Tong University School of Medicine | Renji Hospital , Shanghai Jiaotong University , School of Medicine | RenJi Hospital, Shanghai JiaoTong University, School of Medicine | Renji Hospital ，Shanghai Jiao Tong University School of Medicine | Renji hospital, Shanghai Jiaotong University School of Medicine | Renji Hospital ShangHai Jiaotong University School Of Medicine | Renji Hospital, Shanghai Jiao Tong University School of Medicine, | Ren Ji Hospital, Shanghai Jiaotong University School of Medicine | Renji Hospital, Shanghai Jiao Tong University school of medicine | Renji Hospital, Shanghai Jiao-Tong University School of Medicine | Renji Hospital, Shanghai Jiaotong University, School of Medicine | RenJi Hospital, Shanghai JiaoTong University School Of Medicine | Renji Hospital, Shanghai Jiaotong University School Of Medicine | Renji Hospital,Shanghai Jiao Tong University School of Medicine | Renji Hospital,Shanghai Jiao Tong University,School of Medicine | Renji Hospital-Shanghai Jiao Tong University School of Medicine | Renji Hospital，Shanghai Jiao Tong University School of Medicine | Renji hospital shanghai jiao tong university school of medicine | RENJI Hospital Shanghai Jiaotong University School of Medicine | RenJi Hospital Shanghai Jiaotong University School of Medicine | Renji Hospital Shanghai Jiaotong University School Of Medicine | Renji Hospital Shanghai Jiaotong University school of medicine | Renji Hospital,Shanghai Jiaotong University School of Medicine | Renji Hospital，Shanghai Jiaotong University School of Medicine | RenjiHospital,Shanghai Jiao Tong University,School of Medicine",unmatched,0,NCT01349335,https://clinicaltrials.gov/study/NCT01349335,,[]
Yunnan Cancer Hospital,Yunnan,Kunming,123,62,Yunnan Cancer Hospital | Yunnan cancer hospital,unmatched,0,NCT01176916,https://clinicaltrials.gov/study/NCT01176916,,[]
Xuzhou Central Hospital,Jiangsu,Xuzhou,122,44,Xuzhou Central Hospital | XuZhou Central Hospital | Xuzhou central Hospital | Xuzhou central hospital | Xuzhou Central hospital | xuzhou Central Hospital,unmatched,0,NCT02135835,https://clinicaltrials.gov/study/NCT02135835,,[]
Children's Hospital of Fudan University,Shanghai Municipality,Shanghai,120,40,Children's Hospital of Fudan University | Children's hospital of Fudan university | Children's hospital of Fudan University | Children's Hospital Of Fudan University | Children' s Hospital of Fudan University | Children'S Hospital of Fudan University | Children's Hospital of Fudan university,unmatched,0,NCT01463306,https://clinicaltrials.gov/study/NCT01463306,,[]
The First Affiliated Hospital with Nanjing Medical University,Jiangsu,Nanjing,120,64,"The First Affiliated Hospital with Nanjing Medical University | The First Affiliated Hospital With Nanjing Medical University | The first Affiliated hospital with Nanjing medical university | the First Affiliated Hospital with Nanjing Medical University | The First Affiliated Hospital with Nanjing Medical University, | The First Affiliated Hospital with NanJing Medical University | The first affiliated Hospital with Nanjing Medical University | The first affiliated hospital with Nanjing Medical University | The first affiliated hospital with Nanjing medical university | the first affiliated hospital with Nanjing Medical University",unmatched,0,NCT01474499,https://clinicaltrials.gov/study/NCT01474499,,[]
Ruijin Hospital,Shanghai Municipality,Shanghai,118,64,"Ruijin Hospital | Ruijin hospital | Rui Jin Hospital | Rui jin hospital | Ruijin Hospital, | RuiJin Hospital",unmatched,0,NCT00166244,https://clinicaltrials.gov/study/NCT00166244,,[]
Shanghai Pulmonary Hospital,,Shanghai,118,41,Shanghai Pulmonary Hospital | Shanghai pulmonary hospital | ShangHai Pulmonary Hospital | Shanghai Pulmonary hospital,unmatched,0,NCT00325403,https://clinicaltrials.gov/study/NCT00325403,,[]
Shanxi Bethune Hospital,Shanxi,Taiyuan,118,61,Shanxi Bethune Hospital | Shanxi Bethune hospital,unmatched,0,NCT03093116,https://clinicaltrials.gov/study/NCT03093116,,[]
Xiangya Hospital Central South University,,Changsha,117,36,"Xiangya Hospital Central South University | Xiangya Hospital, Central South University | Xiangya Hospital, Central-south University | XiangYa Hospital CentralSouth University | Xiangya hospital central south university | Xiangya Hospital - Central South University | XiangYa Hospital Central South University | XiangYa hospital central south university | Xiangya Hospital central south university",unmatched,0,NCT01121393,https://clinicaltrials.gov/study/NCT01121393,,[]
China-Japan Friendship Hospital,,Beijing,116,43,China-Japan Friendship Hospital | China Japan Friendship Hospital | China-Japan Friendship hospital | China - Japan Friendship Hospital | China Japan Friendship hospital | China-Japan friendship Hospital | China-japan friendship Hospital,unmatched,0,NCT00146341,https://clinicaltrials.gov/study/NCT00146341,,[]
Yantai Yuhuangding Hospital,Shandong,Yantai,114,39,Yantai Yuhuangding Hospital | Yantai YuHuangDing Hospital | Yantai Yu Huang Ding Hospital | Yantai Yuhuangding hospital,unmatched,0,NCT00565708,https://clinicaltrials.gov/study/NCT00565708,,[]
Jiangsu Province Hospital,,Nanjing,112,33,Jiangsu Province Hospital | Jiangsu province hospital,unmatched,0,NCT00413699,https://clinicaltrials.gov/study/NCT00413699,,[]
Changhai Hospital,Shanghai Municipality,Shanghai,110,51,Changhai Hospital | Changhai hospital | ChangHai Hospital,unmatched,0,NCT00829660,https://clinicaltrials.gov/study/NCT00829660,,[]
Affiliated Hospital of Nantong University,Jiangsu,Nantong,109,56,Affiliated Hospital of Nantong University | Affiliated hospital of Nantong University | Affiliated hospital of nantong university | Affiliated Hospital Of Nantong University | Affiliated Hospital of nantong University | Affiliated hospital of Nantong university,unmatched,0,NCT00565708,https://clinicaltrials.gov/study/NCT00565708,,[]
Peking University Cancer Hospital,Beijing Municipality,Beijing,107,62,Peking University Cancer Hospital | Peking university cancer hospital | Peking University cancer Hospital | Peking University cancer hospital | Peking university Cancer Hospital,unmatched,0,NCT01471132,https://clinicaltrials.gov/study/NCT01471132,,[]
Hangzhou First People's Hospital,Zhejiang,Hangzhou,106,40,Hangzhou First People's Hospital | Hangzhou first people's Hospital | Hangzhou First Peoples Hospital | Hangzhou First People's hospital | Hangzhou First people's Hospital | Hangzhou First People's Hospital; | Hangzhou First People'S Hospital | Hangzhou first People's hospital,unmatched,0,NCT01039467,https://clinicaltrials.gov/study/NCT01039467,,[]
Shanghai East Hospital,,Shanghai,106,54,"Shanghai East Hospital | Shanghai East hospital | Shanghai east hospital | Shanghai East Hospital,",unmatched,0,NCT00565396,https://clinicaltrials.gov/study/NCT00565396,,[]
Linyi Cancer Hospital,Shandong,Linyi,105,49,Linyi Cancer Hospital | LinYi Cancer Hospital | Lin Yi Cancer Hospital | LINYI Cancer Hospital | Linyi cancer Hospital | Linyi cancer hospital | :Linyi Cancer Hospital | Linyi Cancer hospital,unmatched,0,NCT02348450,https://clinicaltrials.gov/study/NCT02348450,,[]
Beijing Hospital,,Beijing,104,26,Beijing Hospital | BeiJing Hospital | Beijing hospital,unmatched,0,NCT00165698,https://clinicaltrials.gov/study/NCT00165698,,[]
Shengjing Hospital of China Medical University,,Shenyang,103,30,Shengjing Hospital of China Medical University | Shengjing Hospital Of China Medical University | ShengJing Hospital of China Medical University | ShengJing Hospital Of China Medical University | Sheng Jing Hospital of China Medical University,unmatched,0,NCT01459081,https://clinicaltrials.gov/study/NCT01459081,,[]
The Second Affiliated Hospital of Guangzhou Medical University,Guangdong,Guangzhou,102,46,The Second Affiliated Hospital of Guangzhou Medical University | the Second Affiliated Hospital of Guangzhou Medical University | The Second Affiliated Hospital Of Guangzhou Medical University | The Second affiliated Hospital of Guangzhou Medical University | The second Affiliated Hospital of Guangzhou Medical University | The second Affiliated Hospital of Guangzhou medical University | The second affiliated hospital of Guangzhou medical university,unmatched,0,NCT00413699,https://clinicaltrials.gov/study/NCT00413699,,[]
The First Affiliated Hospital of Soochow University,,Suzhou,101,35,The First Affiliated Hospital of Soochow University | The First Affiliated Hospital Of Soochow University | The First Affiliated Hospital of SOOCHOW University | The first affiliated hospital of Soochow University | the First Affiliated Hospital of Soochow University,unmatched,0,NCT00413413,https://clinicaltrials.gov/study/NCT00413413,,[]
The Second Affiliated Hospital of Chongqing Medical University,Chongqing Municipality,Chongqing,101,36,The Second Affiliated Hospital of Chongqing Medical University | The Second Affiliated Hospital Of Chongqing Medical University | The second affiliated hospital of ChongQing medical university | The second affiliated hospital of Chongqing medical university | The Second Affiliated Hospital of ChongQing Medical University | The second affiliated Hospital of Chongqing Medical University | The second affiliated hospital of chongqing medical university,unmatched,0,NCT01404169,https://clinicaltrials.gov/study/NCT01404169,,[]
The Second Affiliated Hospital of Soochow University,Jiangsu,Suzhou,100,39,The Second Affiliated Hospital of Soochow University,unmatched,0,NCT00724724,https://clinicaltrials.gov/study/NCT00724724,,[]
The Third Affiliated Hospital of Sun Yat-sen University,Guangdong,Guangzhou,100,47,The Third Affiliated Hospital of Sun Yat-sen University | The Third Affiliated Hospital of Sun Yat-Sen University | The third affiliated hospital of Sun Yat-sen University | the Third Affiliated Hospital of Sun Yat-Sen University | The Third Affiliated Hospital Of Sun Yat-sen University | The Third Affiliated Hospital of Sun Yat sen University | The Third Affiliated Hospital Of Sun Yat-Sen University | The third affiliated hospital of Sun Yat sen University | The third affiliated hospital of sun yat-sen university,unmatched,0,NCT00413699,https://clinicaltrials.gov/study/NCT00413699,,[]
Tianjin Medical University Cancer Institute & Hospital,,Tianjin,100,52,Tianjin Medical University Cancer Institute & Hospital | TianJin Medical University Cancer Institute & Hospital | Tianjin medical university cancer institute & hospital | Tianjin Medical University Cancer Institute& Hospital | Tianjin Medical University Cancer Institute&Hospital | Tianjin Medical University Cancer institute & Hospital | Tianjin Medical University Cancer Institute &Hospital | Tianjin medical university cancer institute&hospital,unmatched,0,NCT02626455,https://clinicaltrials.gov/study/NCT02626455,,[]
Nanjing Drum Tower Hospital,,Nanjing,99,32,Nanjing Drum Tower Hospital | NanJing drum tower hospital | Nanjing Drum Tower hospital | Nanjing Drum-Tower Hospital,unmatched,0,NCT01170065,https://clinicaltrials.gov/study/NCT01170065,,[]
The Affiliated Hospital of Guizhou Medical University,Guizhou,Guiyang,99,44,The Affiliated Hospital of Guizhou Medical University | The affiliated hospital of Guizhou medical university | The Affiliated Hospital Of Guizhou Medical University | The Affiliated hospital of Guizhou Medical University | The affiliated Hospital of Guizhou Medical University | the Affiliated Hospital of Guizhou Medical University,unmatched,0,NCT02336178,https://clinicaltrials.gov/study/NCT02336178,,[]
The First Affiliated Hospital of Wenzhou Medical University,,Wenzhou,98,47,The First Affiliated Hospital of Wenzhou Medical University | The First Affiliated Hospital Of Wenzhou Medical University | The First Affiliated Hospital of Wenzhou medical university | The First Affiliated hospital of Wenzhou Medical University | The first affiliated hospital of Wenzhou Medical University | The first affiliated hospital of Wenzhou Medical university | The first affiliated hospital of Wenzhou medical university,unmatched,0,NCT02544789,https://clinicaltrials.gov/study/NCT02544789,,[]
The Second Xiangya Hospital of Central South University,,Changsha,98,34,The Second Xiangya Hospital of Central South University | The Second Xiangya Hospital Of Central South University | The second Xiangya Hospital of Central South University | The second xiangya hospital of central south university | The Second XIANGYA Hospital of Central South University | The second Xiangya hospital of central south university,unmatched,0,NCT01192880,https://clinicaltrials.gov/study/NCT01192880,,[]
Wuxi People's Hospital,Jiangsu,Wuxi,98,36,"Wuxi People's Hospital | Wuxi Peoples Hospital | WuXi People's Hospital | Wuxi people's hospital | Wuxi People's Hospital, | Wuxi People's Hospital. | Wuxi People's hospital | Wuxi people's Hospital",unmatched,0,NCT00829660,https://clinicaltrials.gov/study/NCT00829660,,[]
Shanghai Changzheng Hospital,Shanghai Municipality,Shanghai,97,49,Shanghai Changzheng Hospital | Shanghai changzheng Hospital | Shanghai ChangZheng Hospital | Shanghai Changzheng hospital | Shanghai Chang Zheng Hospital | ShangHai Changzheng Hospital | Shanghai ChangZheng hospital | Shanghai changzheng hospital,unmatched,0,NCT00327717,https://clinicaltrials.gov/study/NCT00327717,,[]
Shanghai General Hospital,,Shanghai,97,48,Shanghai General Hospital | Shanghai general hospital,unmatched,0,NCT01975376,https://clinicaltrials.gov/study/NCT01975376,,[]
Sichuan Provincial People's Hospital,,Chengdu,97,43,Sichuan Provincial People's Hospital | Sichuan Provincial Peoples Hospital,unmatched,0,NCT01358877,https://clinicaltrials.gov/study/NCT01358877,,[]
Hainan General Hospital,Hainan,Haikou,96,29,Hainan General Hospital | Hainan general hospital | Hai Nan General Hospital | Hainan general Hospital,unmatched,0,NCT01176916,https://clinicaltrials.gov/study/NCT01176916,,[]
Jiangxi Cancer Hospital,Jiangxi,Nanchang,96,63,Jiangxi Cancer Hospital | Jiangxi Cancer hospital | JIANGXI cancer hospital,unmatched,0,NCT02332499,https://clinicaltrials.gov/study/NCT02332499,,[]
Nanfang Hospital,Guangdong,Guangzhou,96,41,"Nanfang Hospital | NanFang Hospital | Nanfang hospital | Nan Fang Hospital | Nanfang Hospital, | NANFANG Hospital | NanFang hospital",unmatched,0,NCT00920816,https://clinicaltrials.gov/study/NCT00920816,,[]
Shanxi Cancer Hospital,Shanxi,Taiyuan,95,67,Shanxi Cancer Hospital | Shanxi Cancer hospital | Shanxi cancer hospital | ShanXi Cancer Hospital,unmatched,0,NCT01642771,https://clinicaltrials.gov/study/NCT01642771,,[]
Tianjin Medical University Cancer Institute and Hospital,,Tianjin,95,42,Tianjin Medical University Cancer Institute and Hospital | TianJin Medical University Cancer Institute and Hospital | Tianjin medical university cancer institute and hospital | Tianjin Medical University Cancer institute and hospital | Tianjin Medical University cancer Instituteand Hospital,unmatched,0,NCT01125566,https://clinicaltrials.gov/study/NCT01125566,,[]
"Beijing Chaoyang Hospital, Capital Medical University",Beijing Municipality,Beijing,94,40,"Beijing Chaoyang Hospital, Capital Medical University | Beijing Chao-Yang Hospital, Capital Medical University | Beijing Chao-yang Hospital, Capital Medical University | Beijing Chao-Yang Hospital,Capital Medical University | Beijing Chao-Yang Hospital Capital Medical University | Beijing Chao-Yang Hospital，Capital Medical University | Beijing Chao-yang Hospital,Capital Medical University | Beijing Chaoyang Hospital ,Capital Medical University | Beijing Chaoyang Hospital Capital Medical University | Beijing Chaoyang Hospital，Capital Medical University | Beijing Chao-Yang Hospital , Capital Medical University | Beijing Chao-yang Hospital , Capital Medical University | Beijing Chao Yang Hospital, Capital Medical University | Beijing Chao-yang hospital, capital medical university | Beijing chao-yang Hospital, Capital Medical University | BeiJing Chao-Yang Hospital,Capital medical university | Beijing Chao Yang Hospital,Capital Medical University | Beijing Chao-Yang Hospital,Capital medical university | Beijing ChaoYang Hospital, Capital Medical University | Beijing Chaoyang Hospital,Capital Medical University",unmatched,0,NCT01387607,https://clinicaltrials.gov/study/NCT01387607,,[]
"Beijing Friendship Hospital, Capital Medical University",,Beijing,94,27,"Beijing Friendship Hospital, Capital Medical University | Beijing Friendship Hospital Capital Medical University | Beijing Friendship Hospital,Capital Medical University | Beijing Friendship hospital, Capital Medical University | Beijing Friendship Hospital ， Capital Medical University | Beijing Friendship Hospital, Capital medical University | Beijing friendship hospital, Capital Medical University | Beijing Friendship Hospital，Capital Medical University",unmatched,0,NCT01496521,https://clinicaltrials.gov/study/NCT01496521,,[]
The Second Affiliated Hospital of Nanjing Medical University,Jiangsu,Nanjing,94,25,The Second Affiliated Hospital of Nanjing Medical University | The Second Affiliated Hospital of Nanjing Medical university | The Second Affiliated Hospital Of NanJing Medical University | The second affiliated hospital of Nanjing Medical University | the Second Affiliated Hospital of Nanjing Medical University,unmatched,0,NCT01677208,https://clinicaltrials.gov/study/NCT01677208,,[]
The Second Hospital of Jilin University,Jilin,Changchun,94,24,The Second Hospital of Jilin University | The Second Hospital Of Jilin University | the Second Hospital of Jilin University | The second Hospital of Jilin University | The second hospital of Jilin university | The second hospital of jilin university | the Second hospital of Jilin University | the second Hospital of Jilin University,unmatched,0,NCT00786136,https://clinicaltrials.gov/study/NCT00786136,,[]
Liaoning Cancer Hospital & Institute,Liaoning,Shenyang,93,45,Liaoning Cancer Hospital & Institute | Liaoning Cancer Hospital&Institute | LiaoNing Cancer Hospital & Institute | Liaoning Cancer Hospital ＆ Institute | Liaoning cancer hospital & institute | Liaoning Cancer Hospital & institute | Liaoning Cancer hospital & Institute | Liaoning cancer hospital & Institute | Liaoning cancer hospital &institute | Liaoning Cancer Hospital＆Institute,unmatched,0,NCT01763450,https://clinicaltrials.gov/study/NCT01763450,,[]
The Second Affiliated Hospital of Anhui Medical University,Anhui,Hefei,93,35,The Second Affiliated Hospital of Anhui Medical University | The Second Affiliated Hospital Of Anhui Medical University | the Second Affiliated Hospital of Anhui Medical University | The Second (Affiliated) Hospital of Anhui Medical University | The second Affiliated Hospital of Anhui Medical University | The second affiliated hospital of Anhui Medical University | The second affiliated hospital of Anhui medical university,unmatched,0,NCT01657812,https://clinicaltrials.gov/study/NCT01657812,,[]
Wuhan Union Hospital,Hubei,Wuhan,93,36,Wuhan Union Hospital | Wuhan Union hospital,unmatched,0,NCT00796692,https://clinicaltrials.gov/study/NCT00796692,,[]
First Affiliated Hospital of Xi'an Jiaotong University,Shaanxi,Xi'an,92,44,First Affiliated Hospital of Xi'an Jiaotong University | First Affiliated Hospital of Xian Jiaotong University | First Affiliated Hospital of Xian JiaotongUniversity | First Affiliated Hospital of Xi 'an Jiaotong University | First Affiliated Hospital of Xi'an Jiao Tong University | First Affiliated Hospital of Xi an Jiaotong University | First affiliated Hospital of Xi'an Jiaotong University | First affiliated hospital of Xi'an Jiaotong University,unmatched,0,NCT02082756,https://clinicaltrials.gov/study/NCT02082756,,[]
Huashan Hospital Affiliated to Fudan University,Shanghai Municipality,Shanghai,92,26,Huashan Hospital Affiliated to Fudan University | Huashan Hospital affiliated to Fudan University | HuaShan Hospital Affiliated To Fudan University | HuaShan Hospital Affiliated to FuDan University | Huashan hospital affiliated to FuDan university,unmatched,0,NCT01470859,https://clinicaltrials.gov/study/NCT01470859,,[]
Tianjin Cancer Hospital,Tianjin Municipality,Tianjin,92,55,Tianjin Cancer Hospital | Tianjin cancer hospital,unmatched,0,NCT00445458,https://clinicaltrials.gov/study/NCT00445458,,[]
First Hospital of Jilin University,Jilin,Changchun,91,34,First Hospital of Jilin University | First hospital of Jilin University | First hospital of jilin university,unmatched,0,NCT01548378,https://clinicaltrials.gov/study/NCT01548378,,[]
Guangzhou First People's Hospital,Guangdong,Guangzhou,91,35,Guangzhou First People's Hospital | Guangzhou First Peoples Hospital | GUANGZHOU FIRST PEOPLE's HOSPITAL | Guangzhou First people's Hospital,unmatched,0,NCT01404169,https://clinicaltrials.gov/study/NCT01404169,,[]
The First Affiliated Hospital of Harbin Medical University,Heilongjiang,Harbin,91,39,The First Affiliated Hospital of Harbin Medical University | The first affiliated hospital of Harbin Medical University | the First Affiliated Hospital of Harbin Medical University | The First Affiliated Hospital Of Harbin Medical University | the first affiliated hospital of Harbin medical university | The First Affiliated Hospital of Harbin Medical university | The First affiliated hospital of Harbin Medical University | The First affiliated hospital of harbin medical university,unmatched,0,NCT01396122,https://clinicaltrials.gov/study/NCT01396122,,[]
Xinhua Hospital Affiliated to Shanghai Jiao Tong University School of Medicine,Shanghai Municipality,Shanghai,90,28,"Xinhua Hospital Affiliated to Shanghai Jiao Tong University School of Medicine | Xin Hua Hospital Affiliated to Shanghai Jiao Tong University School of Medicine | Xinhua Hospital Affiliated to Shanghai Jiaotong University School of Medicine | Xinhua Hospital affiliated to Shanghai Jiaotong University School of Medicine | Xin Hua Hospital affiliated to Shanghai Jiao Tong University School of Medicine | Xinhua Hospital affiliated to Shanghai Jiao Tong University School of Medicine | Xinhua Hospital, Affiliated to Shanghai Jiao Tong University School of Medicine | Xin Hua Hospital Affiliated to Shanghai Jiaotong University School of Medicine | Xinhua Hospital Affiliated To Shanghai Jiao Tong University School Of Medicine | Xin Hua Hospital Affiliated To Shanghai Jiao Tong University School of Medicine | Xin Hua Hospital Affiliated to ShangHai Jiao Tong University School of Medicine | Xin Hua Hospital affiliated to Shanghai Jiaotong University School of Medicine | XinHua Hospital Affiliated To Shanghai Jiao Tong University School of Medicine | Xinhua Hospital Affiliated To Shanghai Jiao Tong University School of Medicine | Xinhua Hospital Affiliated To Shanghai Jiao tong University School of Medicine | Xinhua Hospital Affiliated To Shanghai Jiaotong University School of Medicine | Xinhua Hospital Affiliated to Shanghai JiaoTong University School of Medicine | Xinhua Hospital Affiliated to Shanghai Jiaotong University School of medicine | Xinhua Hospital affiliated to Shanghai Jiaotong University school of medicine",unmatched,0,NCT00829660,https://clinicaltrials.gov/study/NCT00829660,,[]
Liaoning Cancer Hospital,Liaoning,Shenyang,89,47,Liaoning Cancer Hospital | Liaoning cancer hospital | Liaoning Cancer hospital | LiaoNing Cancer Hospital | Liaoning cancer Hospital,unmatched,0,NCT02121405,https://clinicaltrials.gov/study/NCT02121405,,[]
The First Bethune Hospital of Jilin University,Jilin,Changchun,89,30,The First Bethune Hospital of Jilin University | The first Bethune hospital of Jilin University | The First Bethune Hospital Of Jilin University | The first bethune hospital of Jilin university | The first Bethune Hospital of Jilin University | The first Bethune hospital of Jilin university | The first Bethune hospital of jilin university | the First Bethune Hospital of Jilin University,unmatched,0,NCT01232374,https://clinicaltrials.gov/study/NCT01232374,,[]
Northern Jiangsu People's Hospital,Jiangsu,Yangzhou,88,33,Northern Jiangsu People's Hospital | Northern Jiangsu Peoples Hospital | Northern JiangSu People's Hospital | Northern Jiangsu People'S Hospital | Northern Jiangsu people's Hospital | Northern Jiangsu people's hospital | Northern Jiangsu Peoples hospital,unmatched,0,NCT01232374,https://clinicaltrials.gov/study/NCT01232374,,[]
Shanghai Sixth People's Hospital,Shanghai Municipality,Shanghai,88,31,Shanghai Sixth People's Hospital | Shanghai sixth people's hospital | Shanghai sixth People's Hospital | ShangHai Sixth People's Hospital | Shanghai Sixth people's Hospital,unmatched,0,NCT01439789,https://clinicaltrials.gov/study/NCT01439789,,[]
Taizhou Hospital of Zhejiang Province,Zhejiang,Taizhou,88,41,Taizhou Hospital of Zhejiang Province | Taizhou Hospital Of Zhejiang Province | Taizhou Hospital of zhejiang Province | Taizhou hospital of Zhejiang Province | Tai Zhou Hospital of Zhe Jiang Province | TaiZhou Hospital Of Zhejiang Province | TaiZhou Hospital of Zhejiang Province | Taizhou hospital of Zhejiang province | Taizhou hospital of zhejiang province,unmatched,0,NCT00677755,https://clinicaltrials.gov/study/NCT00677755,,[]
Zhongshan Hospital,Shanghai Municipality,Shanghai,88,38,Zhongshan Hospital | Zhongshan hospital | ZhongShan Hospital | ZHONGSHAN Hospital | ZHONGSHAN hospital,unmatched,0,NCT00868829,https://clinicaltrials.gov/study/NCT00868829,,[]
The Sixth Affiliated Hospital of Sun Yat-sen University,Guangdong,Guangzhou,87,45,The Sixth Affiliated Hospital of Sun Yat-sen University | The Sixth Affiliated Hospital of Sun Yat-Sen University | the Sixth Affiliated Hospital of Sun Yat-Sen University | The sixth affiliated hospital of Sun Yat-sen University | the Sixth Affiliated Hospital of Sun Yat-sen University | The Sixth Affiliated Hospital of Sun Yat - sen University | The Sixth Affiliated Hospital of Sun Yat- Sen University | The Sixth Affiliated Hospital Of Sun Yat-sen University | The Sixth Affiliated Hospital of Sun Yat-sen university | The Sixth Affiliated Hospital of Sun yat-sen University | The Sixth Affiliated Hospital of Sun-Yat sen University | The sixth Affiliated Hospital of Sun Yat-Sen University | The sixth Affiliated hospital of Sun Yat-sen University | The sixth affiliated hospital of Sun Yat-Sen University | The sixth affiliated hospital of Sun Yat-Sen university | the Sixth affiliated Hospital of Sun Yat-Sen University | the sixth affiliated hospital of Sun Yat-sen University,unmatched,0,NCT01552967,https://clinicaltrials.gov/study/NCT01552967,,[]
Guangxi Medical University Cancer Hospital,Guangxi,Nanning,85,59,Guangxi Medical University Cancer Hospital | Guangxi Medical University Cancer hospital,unmatched,0,NCT04229355,https://clinicaltrials.gov/study/NCT04229355,,[]
Jiangxi Provincial People's Hospital,Jiangxi,Nanchang,85,23,Jiangxi Provincial People's Hospital | Jiangxi Provincial Peoples Hospital | Jiangxi Provincial people's Hospital,unmatched,0,NCT00829660,https://clinicaltrials.gov/study/NCT00829660,,[]
Sun Yat-sen Memorial Hospital,Guangdong,Guangzhou,85,54,Sun Yat-sen Memorial Hospital | Sun Yat-Sen Memorial Hospital | Sun yat-sen memorial hospital | Sun Yat-Sen memorial hospital | Sun Yat Sen Memorial Hospital | Sun-Yatsen Memorial Hospital,unmatched,0,NCT01204008,https://clinicaltrials.gov/study/NCT01204008,,[]
The First Affiliated Hospital of Xiamen University,,Xiamen,85,34,The First Affiliated Hospital of Xiamen University | The First Affiliated Hospital Of Xiamen University | The first affiliated hospital of xiamen university | The First Affiliated hospital of Xiamen University | The first affiliated hospital of Xiamen University,unmatched,0,NCT01581398,https://clinicaltrials.gov/study/NCT01581398,,[]
The First Affiliated Hospital of Xinjiang Medical University,Xinjiang,Ürümqi,85,28,The First Affiliated Hospital of Xinjiang Medical University | The First Affiliated Hospital Of Xinjiang Medical University | the First Affiliated Hospital of Xinjiang Medical University | The first affiliated Hospital of Xinjiang Medical University | The first affiliated hospital of Xinjiang Medical University,unmatched,0,NCT01232504,https://clinicaltrials.gov/study/NCT01232504,,[]
Anhui Provincial Cancer Hospital,Anhui,Hefei,84,46,Anhui Provincial Cancer Hospital | Anhui provincial cancer hospital | AnHui Provincial Cancer Hospital | Anhui provincial Cancer Hospital,unmatched,0,NCT02725125,https://clinicaltrials.gov/study/NCT02725125,,[]
"Beijing Anzhen Hospital, Capital Medical University",Beijing Municipality,Beijing,84,26,"Beijing Anzhen Hospital, Capital Medical University | Beijing Anzhen Hospital Capital Medical University | Beijing Anzhen Hospital,Capital Medical University | Beijing An Zhen Hospital, Capital Medical University | Beijing Anzhen Hospital, Capital Medical university | Beijing An Zhen Hospital , Capital Medical University | Beijing Anzhen Hospital , Capital Medical University | Beijing Anzhen hospital , Capital Medical University | Beijing Anzhen Hospital ,Capital Medical University | Beijing Anzhen Hospital, Capital medical university | Beijing Anzhen hospital, Capital Medical University | Beijing Anzhen Hospital，Capital Medical University",unmatched,0,NCT02192320,https://clinicaltrials.gov/study/NCT02192320,,[]
Hunan Provincial People's Hospital,Hunan,Changsha,84,33,Hunan Provincial People's Hospital | Hunan provincial people's hospital | Hunan Provincial People'S Hospital,unmatched,0,NCT00829660,https://clinicaltrials.gov/study/NCT00829660,,[]
Nanjing Drum Tower Hospital The Affiliated Hospital of Nanjing University Medical School,Jiangsu,Nanjing,84,28,"Nanjing Drum Tower Hospital The Affiliated Hospital of Nanjing University Medical School | Nanjing Drum Tower Hospital,the Affiliated Hospital of Nanjing University Medical School | Nanjing Drum Tower Hospital, The Affiliated Hospital of Nanjing University Medical School | Nanjing Drum Tower Hospital, the Affiliated Hospital of Nanjing University Medical School | Nanjing Drum Tower Hospital,The Affiliated Hospital of Nanjing University Medical School | Nanjing Drum Tower Hospital , The Affiliated Hospital of Nanjing University Medical School | Nanjing Drum Tower Hospital - The Affiliated Hospital of Nanjing University Medical School | Nanjing Drum Tower Hospital ， The Affiliated Hospital of Nanjing University Medical School | Nanjing Drum Tower Hospital, the affiliated Hospital of Nanjing University Medical School | Nanjing Drum Tower Hospital, the affiliated hospital of Nanjing University medical school | Nanjing Drum Tower Hospital（The Affiliated Hospital of Nanjing University Medical School） | NanJing Drum Tower Hospital The Affiliated Hospital of NanJing University Medical School | Nanjing Drum Tower Hospital The Affiliated Hospital of Nanjing university Medical School | Nanjing Drum Tower Hospital,The Affiliated hospital of Nanjing University Medical school | Nanjing Drum Tower hospital The Affiliated Hospital of Nanjing University Medical School",unmatched,0,NCT01574833,https://clinicaltrials.gov/study/NCT01574833,,[]
The First Affiliated Hospital of China Medical University,Liaoning,Shenyang,84,44,The First Affiliated Hospital of China Medical University | The first Affiliated Hospital of China medical University | The first affiliated hospital of China medical university | the First Affiliated Hospital of China Medical University | The First affiliated hospital of China medical university | The First AffiliatedHospital of China Medical University,unmatched,0,NCT00145756,https://clinicaltrials.gov/study/NCT00145756,,[]
The First Affiliated Hospital of Dalian Medical University,Liaoning,Dalian,84,35,The First Affiliated Hospital of Dalian Medical University | The First Affiliated Hospital Of Dalian Medical University | the First Affiliated Hospital of Dalian Medical University | The first affiliated hospital of Dalian Medical University | The First Affiliated Hospital of Dalian medical university | The First affiliated Hospital of Dalian Medical University | The first affiliated hospital of dalian medical university | the first affiliated hospital of Dalian medical university,unmatched,0,NCT02173457,https://clinicaltrials.gov/study/NCT02173457,,[]
The First Affiliated Hospital of Ningbo University,Zhejiang,Ningbo,84,42,The First Affiliated Hospital of Ningbo University | The first affiliated hospital of Ningbo university | the First Affiliated Hospital of Ningbo University | The First Affiliated Hospital Of Ningbo University | The First Affiliated Hospital of NingBo University | The first affiliated hospital of Ningbo University | The first affiliated hospital of ningbo university,unmatched,0,NCT03395197,https://clinicaltrials.gov/study/NCT03395197,,[]
The First People's Hospital of Changzhou,Jiangsu,Changzhou,84,29,The First People's Hospital of Changzhou | The First Peoples Hospital of Changzhou | The First People's Hospital Of Changzhou | The First People's Hospital of Changzhou. | The First people's Hospital of Changzhou | The first People's Hospital of Changzhou | The first people's hospital of Changzhou | The first people's hospital of changzhou,unmatched,0,NCT01481831,https://clinicaltrials.gov/study/NCT01481831,,[]
Fujian Cancer Hospital,,Fuzhou,83,37,Fujian Cancer Hospital | Fujian cancer hospital,unmatched,0,NCT00486759,https://clinicaltrials.gov/study/NCT00486759,,[]
Changhai Hospital,,Shanghai,82,39,Changhai Hospital | Changhai hospital | Chang Hai Hospital | ChangHai Hospital,unmatched,0,NCT00400478,https://clinicaltrials.gov/study/NCT00400478,,[]
Affiliated Hospital of Jiangsu University,Jiangsu,Zhenjiang,81,17,Affiliated Hospital of Jiangsu University,unmatched,0,NCT01898923,https://clinicaltrials.gov/study/NCT01898923,,[]
Beijing Chao-Yang Hospital,Beijing Municipality,Beijing,81,36,Beijing Chao-Yang Hospital | Beijing Chaoyang Hospital | Beijing Chao Yang Hospital | Beijing Chao-yang Hospital | Beijing ChaoYang Hospital | Beijing Chaoyang hospital | BeijingChao-YangHospital | Bei Jing Chao-Yang Hospital | Beijing CHAO-YANG Hospital | Beijing chaoyang hospital,unmatched,0,NCT00300521,https://clinicaltrials.gov/study/NCT00300521,,[]
Fudan University Cancer Hospital,Shanghai Municipality,Shanghai,81,32,"Fudan University Cancer Hospital | Fudan University, Cancer Hospital | Fudan University cancer hospital | Fudan University Cancer hospital | Fudan university cancer hospital",unmatched,0,NCT00524849,https://clinicaltrials.gov/study/NCT00524849,,[]
Beijing Tsinghua Changgung Hospital,Beijing Municipality,Beijing,80,39,Beijing Tsinghua Changgung Hospital | Beijing Tsinghua Chang Gung Hospital | Beijing Tsinghua Chang Gung Hospital. | BeiJing Tsinghua Changgung Hospital | Beijing TsingHua ChangGung hospital | Beijing Tsinghua ChangGung Hospital | Beijing Tsinghua changgung Hospital,unmatched,0,NCT02959801,https://clinicaltrials.gov/study/NCT02959801,,[]
Lanzhou University Second Hospital,Gansu,Lanzhou,80,22,Lanzhou University Second Hospital | Lanzhou university second hospital | Lan Zhou University Second Hospital,unmatched,0,NCT01847807,https://clinicaltrials.gov/study/NCT01847807,,[]
"Second Affiliated Hospital, School of Medicine, Zhejiang University",Zhejiang,Hangzhou,80,53,"Second Affiliated Hospital, School of Medicine, Zhejiang University | Second affiliated Hospital School of Medicine,Zhejiang University | Second Affiliated Hospital School of Medicine Zhejiang University | Second affiliated hospital, school of medicine, Zhejiang University | Second Affiliated Hospital,School of Medicine,Zhejiang University. | Second Affiliated Hospital，School of Medicine，Zhejiang University",unmatched,0,NCT01443338,https://clinicaltrials.gov/study/NCT01443338,,[]
The First Affiliated Hospital of Zhejiang University School of Medicine,Zhejiang,Hangzhou,80,46,"The First Affiliated Hospital of Zhejiang University School of Medicine | The First Affiliated Hospital of Zhejiang University school of Medicine | The First Affiliated Hospital of Zhejiang University school of medicine | the First Affiliated Hospital of Zhejiang University School of Medicine | the first affiliated hospital of Zhejiang University，school of medicine | the first affiliated hospital of Zhejiang university school of medicine | The first affiliated hospital of zhejiang university, school of medicine. | the First Affiliated Hospital of Zhejiang University, School of Medicine | The First Affiliated Hospital of Zhejiang university school of medicine | The First Affiliated Hospital of zhejiang University School of Medicine | The First Affiliated hospital of Zhejiang University School of Medicine | The first affiliated hospital of Zhejiang University School of Medicine | The first affiliated hospital of zhejiang university school of medicine",unmatched,0,NCT02188082,https://clinicaltrials.gov/study/NCT02188082,,[]
"The First Affiliated Hospital, College of Medicine, Zhejiang University",Zhejiang,Hangzhou,80,38,"The First Affiliated Hospital, College of Medicine, Zhejiang University | The First Affiliated Hospital，College of Medicine, Zhejiang University | the First Affiliated Hospital, College of Medicine, Zhejiang University | The FIrst Affiliated Hospital, College of Medicine, Zhejiang University | The First Affiliated Hospital,College of Medicine, Zhejiang University | The First Affiliated Hospital , College of Medicine, Zhejiang University | The First Affiliated Hospital, College of medicine, Zhejiang University | The first affiliated hospital, College of Medicine, Zhejiang University | The First Affiliated Hospital College of Medicine, Zhejiang University | The First Affiliated Hospital, College of Medicine,Zhejiang University | The First Affiliated Hospital College of Medicine Zhejiang University | The First Affiliated Hospital,College of Medicine,Zhejiang University",unmatched,0,NCT01755325,https://clinicaltrials.gov/study/NCT01755325,,[]
Cancer Center Sun Yat-sen University,Guangdong,Guangzhou,79,31,"Cancer Center Sun Yat-sen University | Cancer Center, Sun Yat-sen University | Cancer center, Sun Yat-sen University | cancer center, Sun Yat-sen University | Cancer Center; Sun Yat sen University; | Cancer Center,Sun Yat-sen University",unmatched,0,NCT00262327,https://clinicaltrials.gov/study/NCT00262327,,[]
Institute of Hematology & Blood Diseases Hospital,Tianjin Municipality,Tianjin,79,46,"Institute of Hematology & Blood Diseases Hospital | Institute of Hematology & Blood Diseases Hospital,",unmatched,0,NCT01191541,https://clinicaltrials.gov/study/NCT01191541,,[]
Renji Hospital,Shanghai Municipality,Shanghai,79,39,Renji Hospital | RenJi Hospital | Renji hospital | Ren Ji Hospital,unmatched,0,NCT01172002,https://clinicaltrials.gov/study/NCT01172002,,[]
"Renji Hospital, Shanghai Jiaotong University School of Medicine",,Shanghai,79,27,"Renji Hospital, Shanghai Jiaotong University School of Medicine | Renji Hospital Shanghai Jiaotong University School of Medicine | Renji Hospital, Shanghai Jiao Tong University School of Medicine | Renji Hospital Shanghai Jiao Tong University School of Medicine | Renji Hospital, Shanghai Jiao Tong University, School of Medicine | Ren Ji Hospital, Shanghai Jiao Tong University School of Medicine | Renji Hospital, Shanghai Jiao Tong University school of medicine | Renji Hospital,Shanghai Jiao Tong University School of Medicine | Renji Hospital ，Shanghai Jiao Tong University School Of Medicine | Renji Hospital ，Shanghai Jiao Tong University School of Medicine | Ren Ji Hospital Shanghai Jiaotong University School of Medicine | RenJi Hospital, Shanghai Jiaotong University School of Medicine | Renji Hospital,Shanghai Jiao Tong University School Of Medicine | Renji Hospital，Shanghai Jiao Tong University School of Medicine | Renji Hospital,Shanghai Jiaotong University School of Medicine",unmatched,0,NCT00906555,https://clinicaltrials.gov/study/NCT00906555,,[]
Shanghai Tenth People's Hospital,Shanghai Municipality,Shanghai,79,33,Shanghai Tenth People's Hospital | Shanghai Tenth People'S Hospital | Shanghai Tenth People's hospital | Shanghai Tenth people's Hospital | Shanghai Tenth Peoples Hospital | Shanghai tenth People's Hospital | Shanghai tenth people's hospital,unmatched,0,NCT00816881,https://clinicaltrials.gov/study/NCT00816881,,[]
Anhui Provincial Hospital,,Hefei,78,34,Anhui Provincial Hospital | Anhui provincial hospital,unmatched,0,NCT02024373,https://clinicaltrials.gov/study/NCT02024373,,[]
Sir Run Run Shaw Hospital,Zhejiang,Hangzhou,77,30,Sir Run Run Shaw Hospital | Sir Run Run Shaw hospital | Sir RUN RUN SHAW HOSPITAL | Sir run run shaw hospital | Sir Runrun Shaw Hospital,unmatched,0,NCT01364376,https://clinicaltrials.gov/study/NCT01364376,,[]
Shandong Cancer Hospital,,Jinan,76,33,Shandong Cancer Hospital | Shandong cancer hospital,unmatched,0,NCT01772472,https://clinicaltrials.gov/study/NCT01772472,,[]
Shenzhen Second People's Hospital,Guangdong,Shenzhen,76,32,Shenzhen Second People's Hospital | Shenzhen Second People'S Hospital | Shenzhen second people's hospital | Shenzhen second people's Hospital,unmatched,0,NCT01147627,https://clinicaltrials.gov/study/NCT01147627,,[]
Sir Run Run Shaw Hospital Zhejiang University School of Medicine,,Hangzhou,76,26,"Sir Run Run Shaw Hospital Zhejiang University School of Medicine | Sir Run Run Shaw Hospital, Zhejiang University, School of Medicine | Sir Run Run Shaw Hospital, Zhejiang University School of Medicine | Sir Run Run Shaw Hospital, Zhejiang University School of medicine | Sir Run Run Shaw Hospital - Zhejiang University School of Medicine | SIR RUN RUN SHAW Hospital, Zhejiang University school of medicine | Sir Run Run Shaw Hospital -Zhejiang University School of Medicine | Sir Run Run Shaw Hospital,Zhejiang University School of Medicine | Sir Run run Shaw hospital Zhejiang University School of Medicine | Sir RunRun Shaw Hospital Zhejiang University School of Medicine",unmatched,0,NCT02205112,https://clinicaltrials.gov/study/NCT02205112,,[]
Tianjin Cancer Hospital,,Tianjin,76,21,Tianjin Cancer Hospital | Tianjin cancer hospital,unmatched,0,NCT00069121,https://clinicaltrials.gov/study/NCT00069121,,[]
Jinan Central Hospital,,Ji'nan,75,29,Jinan Central Hospital | Jinan central hospital | Ji'nan Central Hospital,unmatched,0,NCT01529476,https://clinicaltrials.gov/study/NCT01529476,,[]
Renmin Hospital of Wuhan University,,Wuhan,75,30,Renmin Hospital of Wuhan University | Renmin Hospital Of Wuhan University,unmatched,0,NCT01176565,https://clinicaltrials.gov/study/NCT01176565,,[]
The First Affiliated Hospital of Chongqing Medical University,,Chongqing,75,31,The First Affiliated Hospital of Chongqing Medical University | the First Affiliated Hospital of Chongqing Medical University | The First Affiliated Hospital Of Chongqing Medical University | The first affiliated Hospital of Chongqing Medical University | The first affiliated hospital of chongqing medical university,unmatched,0,NCT01147627,https://clinicaltrials.gov/study/NCT01147627,,[]
The Second Affiliated Hospital of Kunming Medical University,Yun'Nan,Kunming,75,25,The Second Affiliated Hospital of Kunming Medical University | The Second Affiliated Hospital of Kunming Medical University. | The second Affiliated Hospital of Kunming Medical University | The Second Affiliated hospital of Kunming Medical University | The Second Affiliated Hospital Of Kunming Medical University,unmatched,0,NCT02231125,https://clinicaltrials.gov/study/NCT02231125,,[]
Affiliated Hospital of Hebei University,Hebei,Baoding,74,27,Affiliated Hospital of Hebei University | Affiliated hospital of Hebei university | Affiliated Hospital Of Hebei University | Affiliated Hospital of HeBei University | Affiliated Hospital of Hebei university,unmatched,0,NCT03012971,https://clinicaltrials.gov/study/NCT03012971,,[]
Jilin Cancer Hospital,,Changchun,74,17,Jilin Cancer Hospital | Jilin cancer hospital | Ji Lin Cancer Hospital | JiLin Cancer Hospital,unmatched,0,NCT00567190,https://clinicaltrials.gov/study/NCT00567190,,[]
Liaocheng People's Hospital,Shandong,Liaocheng,74,25,Liaocheng People's Hospital | LiaoCheng People's Hospital | Liaocheng people's Hospital | Liaocheng people's hospital | Liaocheng Peoples Hospital | Liaocheng People 's Hospital | Liaocheng People'S Hospital | Liaocheng People's hospital | Liaocheng Peoples hospital,unmatched,0,NCT02430350,https://clinicaltrials.gov/study/NCT02430350,,[]
"Beijing YouAn Hospital, Capital Medical University",Beijing Municipality,Beijing,73,17,"Beijing YouAn Hospital, Capital Medical University | Beijing Youan Hospital, Capital Medical University | Beijing Youan Hospital,Capital Medical University | Beijing You'an Hospital, Capital Medical University | BeiJing YouAn Hospital ,Capital Medical University | Beijing YouAn Hospital,Capital Medical University | Beijing You 'an Hospital, Capital Medical University | Beijing You An Hospital, Capital Medical University | BeiJing YouAn Hospital, Capital Medical University | Beijing Youan Hospital Capital Medical University | Beijing You'An Hospital, Capital Medical University | Beijing YouAn Hospital, Capital Medical University. | Beijing You An Hospital,Capital Medical University | Beijing YouAn Hospital ,Capital Medical University | Beijing Youan Hospital, Capital medical university | Beijing YouAn Hospital.Capital Medical University | Beijing Youan Hospital，Capital Medical University | Beijing youan Hospital,Capital medical university | Beijing youan hospital，capital medical university",unmatched,0,NCT00962533,https://clinicaltrials.gov/study/NCT00962533,,[]
First Hospital of Shanxi Medical University,Shanxi,Taiyuan,73,27,First Hospital of Shanxi Medical University | First Hospital Of Shanxi Medical University | First Hospital Of Shan Xi Medical University | First Hospital of ShanXi Medical University | First hospital of Shanxi Medical University | First hospital of Shanxi medical university,unmatched,0,NCT02023567,https://clinicaltrials.gov/study/NCT02023567,,[]
Hubei Cancer Hospital,,Wuhan,73,35,Hubei Cancer Hospital,unmatched,0,NCT01358877,https://clinicaltrials.gov/study/NCT01358877,,[]
Fujian Provincial Hospital,Fujian,Fuzhou,72,29,Fujian Provincial Hospital | Fujian provincial hospital | FuJian Provincial Hospital,unmatched,0,NCT00829660,https://clinicaltrials.gov/study/NCT00829660,,[]
Guizhou Provincial People's Hospital,Guizhou,Guiyang,72,31,Guizhou Provincial People's Hospital | Guizhou Provincial Peoples Hospital | Gui Zhou Provincial People's Hospital | Guizhou Provincial People'S Hospital | Guizhou Provincial people's Hospital | Guizhou provincial people's hospital,unmatched,0,NCT02623569,https://clinicaltrials.gov/study/NCT02623569,,[]
"The First Affiliated Hospital, Zhejiang University",Zhejiang,Hangzhou,72,19,"The First Affiliated Hospital, Zhejiang University | The first affiliated hospital, Zhejiang University | The First Affiliated Hospital Zhejiang University | The First Affiliated Hospital,Zhejiang University | The first affiliated hospital, Zhejiang university | The First Affiliated Hospital，ZheJiang University | The First Affiliated Hospital , Zhejiang University | The First Affiliated Hospital Zhe Jiang University | The First Affiliated Hospital, ZheJiang University | The first affiliated Hospital, Zhejiang University | The First Affiliated Hospital ZheJiang University | The First Affiliated Hospital，Zhejiang University | The first affiliated hospital,zhejiang university",unmatched,0,NCT01897805,https://clinicaltrials.gov/study/NCT01897805,,[]
Weifang People's Hospital,Shandong,Weifang,72,34,Weifang People's Hospital | Weifang Peoples Hospital | Weifang People'S Hospital | Weifang people's Hospital | WeiFang People's Hospital,unmatched,0,NCT02455843,https://clinicaltrials.gov/study/NCT02455843,,[]
Xiangyang Central Hospital,Hubei,Xiangyang,72,44,Xiangyang Central Hospital | Xiang yang Central Hospital,unmatched,0,NCT01612260,https://clinicaltrials.gov/study/NCT01612260,,[]
Zhongshan Hospital Affiliated to Fudan University,Shanghai Municipality,Shanghai,72,31,Zhongshan Hospital Affiliated to Fudan University | Zhongshan Hospital affiliated to Fudan University | Zhong Shan Hospital affiliated to Fudan University | Zhongshan Hospital affiliated to Fu Dan University,unmatched,0,NCT00749463,https://clinicaltrials.gov/study/NCT00749463,,[]
Chongqing Cancer Hospital,Chongqing Municipality,Chongqing,71,26,Chongqing Cancer Hospital,unmatched,0,NCT01977235,https://clinicaltrials.gov/study/NCT01977235,,[]
First Affiliated Hospital of Kunming Medical University,Yun'nan,Kunming,71,21,First Affiliated Hospital of Kunming Medical University | First Affiliated Hospital of Kunming medical University,unmatched,0,NCT01326546,https://clinicaltrials.gov/study/NCT01326546,,[]
Linyi People's Hospital,Shandong,Linyi,71,31,Linyi People's Hospital | Linyi Peoples Hospital | Linyi people's Hospital | Linyi people's hospital,unmatched,0,NCT00829660,https://clinicaltrials.gov/study/NCT00829660,,[]
Ruijin Hospital Affiliated to Shanghai Jiao Tong University School of Medicine,Shanghai Municipality,Shanghai,71,35,"Ruijin Hospital Affiliated to Shanghai Jiao Tong University School of Medicine | Ruijin Hospital Affiliated to Shanghai Jiaotong University School of Medicine | Ruijin Hospital affiliated to Shanghai Jiao Tong University School of Medicine | Ruijin Hospital affiliated to Shanghai Jiaotong University School of Medicine | Ruijin Hospital, affiliated to Shanghai Jiaotong University, school of medicine | Ruijin Hospital affiliated to Shanghai Jiaotong University school of medicine | Rui Jin Hospital Affiliated to Shanghai Jiao Tong University School of Medicine | Ruijin Hospital Affiliated to Shanghai Jiao Tong University School of Medicine, | Ruijin Hospital, Affiliated to Shanghai Jiao Tong University School of Medicine | Ruijin Hospital affiliated to Shanghai Jiao Tong University school of Medicine",unmatched,0,NCT01403532,https://clinicaltrials.gov/study/NCT01403532,,[]
Tongji Hospital of Tongji Medical College Huazhong University of Science and Technology,Hubei,Wuhan,71,26,"Tongji Hospital of Tongji Medical College Huazhong University of Science and Technology | Tongji Hospital of Tongji Medical College, Huazhong University of Science and Technology | Tongji hospital of Tongji Medical College, Huazhong University of Science and Technology | Tongji Hospital of Tongji Medical College,Huazhong University of Science and Technology | Tongji Hospital of Tongji Medical College, Huazhong University of Science and Technology,",unmatched,0,NCT00413699,https://clinicaltrials.gov/study/NCT00413699,,[]
Beijing Tiantan Hospital,,Beijing,70,25,Beijing Tiantan Hospital | Beijing Tian Tan Hospital | Beijing TianTan Hospital | Beijing Tiantan hospital | Beijing tiantan hospital,unmatched,0,NCT00146341,https://clinicaltrials.gov/study/NCT00146341,,[]
"Beijing Tongren Hospital, Capital Medical University",Beijing Municipality,Beijing,70,15,"Beijing Tongren Hospital, Capital Medical University | Beijing tongren Hospital, Capital Medical University | Beijing Tong Ren Hospital, Capital Medical University | Beijing TongRen Hospital, Capital Medical University | Beijing Tongren Hospital,Capital Medical University | : Beijing Tongren Hospital, Capital Medical University, | Beijing Tongren Hospital， Capital Medical University | Beijing Tongren Hospital Capital Medical University | Beijing Tongren Hospital，Capital Medical University | Beijing Tongren hospital Capital Medical University",unmatched,0,NCT01897805,https://clinicaltrials.gov/study/NCT01897805,,[]
"Cancer Institute and Hospital, Chinese Academy of Medical Sciences",Beijing Municipality,Beijing,70,33,"Cancer Institute and Hospital, Chinese Academy of Medical Sciences | Cancer Institute and Hospital ,Chinese Academy of Medical Sciences | Cancer institute and hospital, Chinese Academy of Medical Sciences | Cancer Institute and Hospital Chinese Academy of Medical Sciences | Cancer Institute and Hospital,Chinese Academy of Medical Sciences | Cancer institute and hospital Chinese academy of medical sciences",unmatched,0,NCT00920816,https://clinicaltrials.gov/study/NCT00920816,,[]
Beijing Anzhen Hospital,Beijing Municipality,Beijing,69,30,Beijing Anzhen Hospital | Beijing AnZhen Hospital | Beijing Anzhen hospital,unmatched,0,NCT01633359,https://clinicaltrials.gov/study/NCT01633359,,[]
Cangzhou Central Hospital,Hebei,Cangzhou,69,19,Cangzhou Central Hospital | Cangzhou Central hospital | Cangzhou central hospital | CANGZHOU Central Hospital,unmatched,0,NCT00829660,https://clinicaltrials.gov/study/NCT00829660,,[]
Fujian Medical University Union Hospital,,Fuzhou,69,24,Fujian Medical University Union Hospital | Fujian medical university union hospital,unmatched,0,NCT01332968,https://clinicaltrials.gov/study/NCT01332968,,[]
The Second Hospital of Dalian Medical University,Liaoning,Dalian,69,26,The Second Hospital of Dalian Medical University | The Second Hospital Of Dalian Medical University | The second hospital of dalian medical university | The second Hospital of Dalian Medical University | The second hospital of Dalian Medical University | The second hospital of Dalian medical university | The Second Hospital of DALIAN Medical University | the Second Hospital of Dalian Medical University,unmatched,0,NCT01548378,https://clinicaltrials.gov/study/NCT01548378,,[]
Beijing Tongren Hospital,Beijing Municipality,Beijing,68,24,Beijing Tongren Hospital | Beijing TongRen Hospital | Beijing Tong Ren Hospital | Beijing Tongren hospital | Beijing tongren hospital,unmatched,0,NCT00649298,https://clinicaltrials.gov/study/NCT00649298,,[]
Chongqing University Cancer Hospital,,Chongqing,68,25,Chongqing University Cancer Hospital | Chongqing university cancer hospital | ChongQing University Cancer Hospital,unmatched,0,NCT02584478,https://clinicaltrials.gov/study/NCT02584478,,[]
The First Affiliated Hospital of Guangzhou Medical University,,Guangzhou,68,18,The First Affiliated Hospital of Guangzhou Medical University | The First Affiliated Hospital Of Guangzhou Medical University | the First Affiliated Hospital of Guangzhou Medical University | The first affiliated hospital of Guangzhou Medical University,unmatched,0,NCT01364012,https://clinicaltrials.gov/study/NCT01364012,,[]
"The First Affiliated Hospital, Sun Yat-sen University",,Guangzhou,68,26,"The First Affiliated Hospital, Sun Yat-sen University | The First Affiliated Hospital Sun Yat sen University | The First Affiliated Hospital Sun Yat-Sen University | The First Affiliated Hospital,Sun Yat-sen University | The First Affiliated Hospital ,Sun Yat-sen University | The First Affiliated Hospital, Sun Yat-Sen University | The first Affiliated Hospital, Sun Yat-sen University | The first Affiliated hospital, Sun Yat-Sen University | The First Affiliated Hospital Sun-Yat-Sen University | The First Affiliated Hospital,Sun Yat-Sen University | The First Affiliated Hospital，Sun Yat-sen University",unmatched,0,NCT01356407,https://clinicaltrials.gov/study/NCT01356407,,[]
Yichang Central People's Hospital,Hubei,Yichang,68,30,Yichang Central People's Hospital | Yichang Central Peoples Hospital | Yichang central People's hospital,unmatched,0,NCT03438877,https://clinicaltrials.gov/study/NCT03438877,,[]
The People's Hospital of Guangxi Zhuang Autonomous Region,Guangxi,Nanning,66,25,The People's Hospital of Guangxi Zhuang Autonomous Region | The Peoples Hospital of Guangxi Zhuang Autonomous Region | The People'S Hospital of Guangxi Zhuang Autonomous Region | The People's Hospital Of Guangxi Zhuang Autonomous Region | the People's Hospital of Guangxi Zhuang Autonomous Region,unmatched,0,NCT01404169,https://clinicaltrials.gov/study/NCT01404169,,[]
Jiangsu Cancer Hospital,,Nanjing,65,9,Jiangsu Cancer Hospital | JiangSu Cancer Hospital,unmatched,0,NCT00069121,https://clinicaltrials.gov/study/NCT00069121,,[]
Sun Yat-Sen Memorial Hospital of Sun Yat-Sen University,Guangdong,Guangzhou,65,33,Sun Yat-Sen Memorial Hospital of Sun Yat-Sen University | Sun Yat-sen Memorial Hospital of Sun Yat-sen University | Sun-Yat-Sen Memorial Hospital of Sun-Yat-Sen University | Sun Yat Sen Memorial Hospital of Sun Yat sen University | Sun Yat sen Memorial Hospital of Sun Yat sen University | Sun Yat-Sen Memorial Hospital of Sun Yat-sen University,unmatched,0,NCT01503905,https://clinicaltrials.gov/study/NCT01503905,,[]
The First Affiliated Hospital of Xinxiang Medical University,Henan,Xinxiang,65,28,The First Affiliated Hospital of Xinxiang Medical University | The first Affiliated Hospital of Xinxiang Medical University | The First Affiliated Hospital of xinxiang Medical University | The first affiliated hospital of Xinxiang Medical University | The first affiliated hospital of Xinxiang medical university | the first affiliated hospital of Xinxiang medical University,unmatched,0,NCT01885182,https://clinicaltrials.gov/study/NCT01885182,,[]
Affiliated Hospital of Zunyi Medical University,Guizhou,Zunyi,64,26,Affiliated Hospital of Zunyi Medical University | Affiliated Hospital Of Zunyi Medical University | Affiliated hospital of zunyi medical university | Affiliated Hospital of ZunYi Medical University | Affiliated hospital of Zunyi Medical University | Affiliated Hospital Ofzunyi Medical University,unmatched,0,NCT02966483,https://clinicaltrials.gov/study/NCT02966483,,[]
"Beijing Tiantan Hospital, Capital Medical University",,Beijing,64,29,"Beijing Tiantan Hospital, Capital Medical University | Beijing Tiantan Hospital,Capital Medical University | Beijing Tian Tan Hospital, Capital Medical University | Beijing Tian Tan Hospital,Capital Medical University | Beijing Tiantan Hospital，Capital Medical University | Beijing Tiantan Hospital , Capital Medical University | Beijing TianTan Hospital Capital Medical University | Beijing TianTan Hospital,Capital Medical University",unmatched,0,NCT00979589,https://clinicaltrials.gov/study/NCT00979589,,[]
China-Japan Union Hospital of Jilin University,Jilin,Changchun,64,18,China-Japan Union Hospital of Jilin University | China Japan Union Hospital of Jilin University | China-Japan Union Hospital Of Jilin University | China-japan union hospital of jilin university,unmatched,0,NCT00829660,https://clinicaltrials.gov/study/NCT00829660,,[]
Dongguan People's Hospital,Guangdong,Dongguan,64,24,Dongguan People's Hospital | Dongguan people's Hospital | Dongguan people's hospital,unmatched,0,NCT01623908,https://clinicaltrials.gov/study/NCT01623908,,[]
Shanxi Provincial Cancer Hospital,Shanxi,Taiyuan,64,30,Shanxi Provincial Cancer Hospital | Shanxi provincial cancer hospital,unmatched,0,NCT03012984,https://clinicaltrials.gov/study/NCT03012984,,[]
"Sun Yat-sen Memorial Hospital, Sun Yat-sen University",,Guangzhou,64,25,"Sun Yat-sen Memorial Hospital, Sun Yat-sen University | Sun Yat-Sen Memorial Hospital, Sun Yat-Sen University | Sun Yat-Sen Memorial Hospital Sun Yat-sen University | Sun Yat-Sen Memorial Hospital Sun Yat-Sen University | Sun. Yat- Sen Memorial Hospital, Sun. Yat- Sen University | Sun Yat-Sen Memorial Hospital, Sun Yat-Sen University, | Sun Yat-sen Memorial Hospital, Sun Yat-Sen University | Sun Yat-sen Memorial hospital, Sun Yat-sen University | Sun Yat-sen Memorial Hospital Sun Yat-sen University",unmatched,0,NCT00781612,https://clinicaltrials.gov/study/NCT00781612,,[]
The Second Affiliated Hospital of Xi'an Jiaotong University,Shaanxi,Xi'an,64,24,The Second Affiliated Hospital of Xi'an Jiaotong University | The Second Affiliated Hospital of Xian Jiaotong University | The second affiliated hospital of xi'an jiaotong university | The Second Affiliated Hospital of Xi 'an Jiaotong University | The Second Affiliated Hospital Of Xi'an Jiaotong University | The second Affiliated Hospital of Xi'an Jiaotong University | The second affiliated hospital of Xi'an Jiaotong university | The Second Affiliated Hospital Of Xi An Jiaotong University | The Second Affiliated Hospital of Xi an Jiaotong University | The Second Affiliated Hospital of Xi'An Jiaotong University | The second affiliated Hospital of Xi'an Jiaotong University | The second affiliated hospital of Xi'an Jiaotong University,unmatched,0,NCT02093195,https://clinicaltrials.gov/study/NCT02093195,,[]
Sichuan Cancer Hospital,,Chengdu,63,27,Sichuan Cancer Hospital | Sichuan Cancer hospital | Sichuan cancer hospital,unmatched,0,NCT01856478,https://clinicaltrials.gov/study/NCT01856478,,[]
"The Sixth Affiliated Hospital, Sun Yat-sen University",Guangdong,Guangzhou,63,32,"The Sixth Affiliated Hospital, Sun Yat-sen University | the Sixth Affiliated Hospital, Sun Yat-sen University | The Sixth Affiliated Hospital, Sun Yat-Sen University | The Sixth Affiliated Hospital, Sun Yat Sen University | The Sixth Affiliated Hospital, Sun Yatsen University | The Sixth Affiliated Hospital Sun Yat-sen University | The Sixth Affiliated Hospital, Sun-Yat-Sen University | The Sixth Affiliated hospital, Sun Yat-sen University | The sixth affiliated hospital, Sun Yat-sen University | The Sixth Affiliated Hospital Sun Yat-Sen University | The Sixth Affiliated Hospital,Sun Yat-Sen University | The Sixth Affiliated Hospital,Sun Yat-sen University | The sixth affiliated hospital sun yat-sen university | The sixth affiliated hospital,Sun Yat-sen University",unmatched,0,NCT01832337,https://clinicaltrials.gov/study/NCT01832337,,[]
Affiliated Hospital of Jiangnan University,Jiangsu,Wuxi,62,31,Affiliated Hospital of Jiangnan University | Affiliated Hospital Of Jiangnan University | Affiliated hospital of Jiangnan University | Affiliated Hospital of JiangNan University | affiliated Hospital of Jiangnan University,unmatched,0,NCT02375620,https://clinicaltrials.gov/study/NCT02375620,,[]
Zhejiang Provincial People's Hospital,,Hangzhou,62,21,Zhejiang Provincial People's Hospital | Zhejiang Provincial People'S Hospital | ZheJiang Provincial People's Hospital | Zhejiang provincial Peoples Hospital,unmatched,0,NCT00781612,https://clinicaltrials.gov/study/NCT00781612,,[]
"Beijing Anzhen Hospital, Capital Medical University",,Beijing,61,22,"Beijing Anzhen Hospital, Capital Medical University | Beijing Anzhen Hospital Capital Medical University | Beijing AnZhen Hospital, Capital Medical University | Beijing Anzhen Hospital,Capital Medical University | Beijing Anzhen Hospital，Capital Medical University | Beijing Anzhen Hospital. Capital Medical University | Beijing Anzhen Hospital; Capital Medical University",unmatched,0,NCT01560052,https://clinicaltrials.gov/study/NCT01560052,,[]
Children's Hospital of Fudan University,,Shanghai,61,20,Children's Hospital of Fudan University | Children's hospital of Fudan University | Children's hospital of Fudan university | Childrens Hospital of Fudan University,unmatched,0,NCT00970398,https://clinicaltrials.gov/study/NCT00970398,,[]
Ningbo First Hospital,Zhejiang,Ningbo,61,23,Ningbo First Hospital | Ningbo first hospital | Ning Bo First Hospital | Ningbo First hospital,unmatched,0,NCT01885078,https://clinicaltrials.gov/study/NCT01885078,,[]
Qingdao Municipal Hospital,Shandong,Qingdao,61,21,Qingdao Municipal Hospital | Qingdao municipal hospital | Qingdao municipal Hospital,unmatched,0,NCT00413699,https://clinicaltrials.gov/study/NCT00413699,,[]
Ruijin Hospital,,Shanghai,61,37,Ruijin Hospital | Ruijin hospital | RuiJin Hospital | Rui Jin Hospital,unmatched,0,NCT00005062,https://clinicaltrials.gov/study/NCT00005062,,[]
The First Affiliated Hospital of Jinan University,Guangdong,Guangzhou,60,21,The First Affiliated Hospital of Jinan University | The First Affiliated Hospital of JiNan University | The first affiliated hospital of Jinan University | The First Affiliated Hospital Of Jinan University | The first affiliated hospital of Jinan university | the First Affiliated Hospital of Jinan University | the first affiliated hospital of Jinan University,unmatched,0,NCT00829660,https://clinicaltrials.gov/study/NCT00829660,,[]
The First Affiliated Hospital of Kunming Medical University,Yunnan,Kunming,60,27,The First Affiliated Hospital of Kunming Medical University | The First Affiliated Hospital Of Kunming Medical University | The first Affiliated Hospital of Kunming Medical University,unmatched,0,NCT02586337,https://clinicaltrials.gov/study/NCT02586337,,[]
The Second Affiliated Hospital of Xi'an Jiaotong University,,Xi'an,60,25,The Second Affiliated Hospital of Xi'an Jiaotong University | The Second Affiliated Hospital of Xi'an Jiao Tong University | The Second Affiliated Hospital Of Xi'an Jiaotong University | The Second Affiliated Hospital of Xi an Jiaotong University | The Second Affiliated Hospital of XiAn Jiaotong University | The Second Affiliated Hospital of Xian Jiaotong University,unmatched,0,NCT03125902,https://clinicaltrials.gov/study/NCT03125902,,[]
Zhongda Hospital Southeast University,,Nanjing,60,21,"Zhongda Hospital Southeast University | Zhongda Hospital, Southeast University | Zhong Da Hospital, Southeast University | ZhongDa hospital southeast university | Zhongda Hospital,Southeast University",unmatched,0,NCT01976208,https://clinicaltrials.gov/study/NCT01976208,,[]
Beijing Friendship Hospital,Beijing Municipality,Beijing,59,22,Beijing Friendship Hospital | Beijing Friendship hospital | Beijing friendship Hospital,unmatched,0,NCT01640184,https://clinicaltrials.gov/study/NCT01640184,,[]
"Cancer Institute and Hospital, Chinese Academy of Medical Sciences",,Beijing,59,33,"Cancer Institute and Hospital, Chinese Academy of Medical Sciences | Cancer Institute and Hospital Chinese Academy of Medical Sciences | Cancer Institute and Hospital , Chinese Academy of Medical Sciences | Cancer Institute and Hospital, Chinese Academy Of Medical Sciences | Cancer Institute and Hospital,Chinese Academy of Medical Sciences",unmatched,0,NCT00617981,https://clinicaltrials.gov/study/NCT00617981,,[]
Fuwai Hospital,Beijing Municipality,Beijing,59,25,Fuwai Hospital | Fuwai hospital | Fu Wai Hospital | FuWaiHospital,unmatched,0,NCT01039467,https://clinicaltrials.gov/study/NCT01039467,,[]
Liuzhou People's Hospital,Guangxi,Liuzhou,59,29,Liuzhou People's Hospital | Liuzhou people's Hospital | LiuZhou People's Hospital | Liuzhou People'S Hospital | Liuzhou people's hospital | Liuzhou Peoples Hospital,unmatched,0,NCT00829660,https://clinicaltrials.gov/study/NCT00829660,,[]
Pingxiang People's Hospital,Jiangxi,Pingxiang,59,15,Pingxiang People's Hospital | Pingxiang Peoples Hospital | Pingxiang Peoples' Hospital | Pingxiang people's Hospital | Pingxiang people's hospital,unmatched,0,NCT01885078,https://clinicaltrials.gov/study/NCT01885078,,[]
"Qilu Hospital, Shandong University",Shandong,Jinan,59,16,"Qilu Hospital, Shandong University | Qilu hospital, Shandong University | Qilu Hospital，Shandong University | Qilu Hospital , Shandong University | Qilu Hospital,Shandong University",unmatched,0,NCT01356511,https://clinicaltrials.gov/study/NCT01356511,,[]
Queen Mary Hospital,,Hong Kong,59,13,Queen Mary Hospital,unmatched,0,NCT00026338,https://clinicaltrials.gov/study/NCT00026338,,[]
The First Hospital of China Medical University,,Shenyang,59,15,The First Hospital of China Medical University | The First Hospital Of China Medical University | The first hospital of China medical university | The First hospital of China Medical University | The first Hospital of china Medical University | The first hospital of china medical university | the First Hospital of China Medical University,unmatched,0,NCT00891579,https://clinicaltrials.gov/study/NCT00891579,,[]
The Second Affiliated Hospital of Harbin Medical University,Heilong Jiang,Harbin,59,19,The Second Affiliated Hospital of Harbin Medical University | The second Affiliated Hospital of Harbin Medical University | The second affiliated hospital of Harbin Medical University | The second affiliated hospital of Harbin medical university | The second affiliated hospital of harbin medical university,unmatched,0,NCT00786136,https://clinicaltrials.gov/study/NCT00786136,,[]
Tianjin People's Hospital,Tianjin Municipality,Tianjin,59,28,Tianjin People's Hospital | Tianjin Peoples Hospital | Tianjin People' s Hospital | Tianjin People's hospital | Tianjin people's hospital,unmatched,0,NCT01929096,https://clinicaltrials.gov/study/NCT01929096,,[]
Wuxi People's Hospital,,Wuxi,59,15,Wuxi People's Hospital | Wuxi People s Hospital | WuXi People's Hospital | Wuxi People'S Hospital,unmatched,0,NCT02205112,https://clinicaltrials.gov/study/NCT02205112,,[]
Huashan Hospital,Shanghai Municipality,Shanghai,58,25,Huashan Hospital | Hua Shan Hospital | HuaShan Hospital | Huashan hospital,unmatched,0,NCT01200719,https://clinicaltrials.gov/study/NCT01200719,,[]
The Affiliated Hospital of Southwest Medical University,Sichuan,Luzhou,58,28,The Affiliated Hospital of Southwest Medical University | The Affiliated Hospital Of Southwest Medical University | The Affiliated hospital of southwest medical university | The affiliated hospital of southwest medical university | the Affiliated Hospital of southwest medicalUniversity,unmatched,0,NCT02790190,https://clinicaltrials.gov/study/NCT02790190,,[]
The First Affiliated Hospital of Zhejiang University,Zhejiang,Hangzhou,58,33,The First Affiliated Hospital of Zhejiang University | The first affiliated hospital of Zhejiang University | The first Affiliated Hospital of Zhejiang University | the First Affiliated Hospital of Zhejiang University | The First Affiliated Hospital Of Zhejiang University,unmatched,0,NCT00617981,https://clinicaltrials.gov/study/NCT00617981,,[]
Henan Provincial People's Hospital,,Zheng'zhou,57,15,Henan Provincial People's Hospital | Henan Provincial Peoples Hospital | Henan provincial people's hospital,unmatched,0,NCT01140997,https://clinicaltrials.gov/study/NCT01140997,,[]
Jiangsu Provincial People's Hospital,Jiangsu,Nanjing,57,32,Jiangsu Provincial People's Hospital,unmatched,0,NCT00548223,https://clinicaltrials.gov/study/NCT00548223,,[]
Mianyang Central Hospital,Sichuan,Mianyang,57,27,Mianyang Central Hospital | Mianyang central hospital,unmatched,0,NCT01396122,https://clinicaltrials.gov/study/NCT01396122,,[]
Qilu Hospital of Shandong University,,Jinan,57,20,Qilu Hospital of Shandong University | Qilu hospital of shandong university,unmatched,0,NCT00773461,https://clinicaltrials.gov/study/NCT00773461,,[]
The Second Affiliated Hospital of Nanchang University,,Nanchang,57,26,The Second Affiliated Hospital of Nanchang University | The Second Affiliated Hospital Of Nanchang University | The Second Affiliated Hospital Of NanChang University | The second Affiliated Hospital of Nanchang University,unmatched,0,NCT03974022,https://clinicaltrials.gov/study/NCT03974022,,[]
Affiliated Hospital of Jining Medical University,Shandong,Jining,56,19,Affiliated Hospital of Jining Medical University | Affiliated Hospital Of Jining Medical University | Affiliated hospital of Jining Medical University | Affiliated Hospital Of Ji Ning Medical University | Affiliated hospital of Jining medical university | Affiliated Hospital ofJining Medical University,unmatched,0,NCT01471522,https://clinicaltrials.gov/study/NCT01471522,,[]
The First Affiliated Hospital of Fujian Medical University,,Fuzhou,56,22,The First Affiliated Hospital of Fujian Medical University | The First Affiliated Hospital Of Fujian Medical University | The first affiliated hospital of Fujian medical university | The First Affiliated Hospital of Fujian Medicaluniversity,unmatched,0,NCT01143064,https://clinicaltrials.gov/study/NCT01143064,,[]
The First People's Hospital of Foshan,Guangdong,Foshan,56,18,The First People's Hospital of Foshan | The First Peoples Hospital of Foshan | The First People's Hospital Of Foshan | The First people's hospital of Foshan | The first People's Hospital of Foshan | The first people's Hospital of Foshan | The first people's hospital of Foshan | the First People's Hospital of Foshan,unmatched,0,NCT00912444,https://clinicaltrials.gov/study/NCT00912444,,[]
The Second Affiliated Hospital of Xi'an Jiaotong University,Shanxi,Xian,56,20,"The Second Affiliated Hospital of Xi'an Jiaotong University | The Second Affiliated Hospital Of Xi'an Jiaotong University | The Second Affiliated Hospital of Xi 'an Jiaotong University | The Second Affiliated Hospital of Xi'an Jiao Tong University | The second affiliated hospital of Xi'an Jiaotong University | the Second Affiliated Hospital of Xi'an Jiaotong University | The Second Affiliated Hospital of Xi'an Jiaotong University, | The Second affiliated Hospital of Xi'an Jiaotong University | The second Affiliated Hospital of Xi'an Jiaotong University | The second affiliated Hospital of Xi'an Jiaotong University | The second affiliated hospital of xi'an jiaotong university | The Second Affiliated Hospital Of Xian Jiaotong University | The Second Affiliated Hospital of Xian Jiaotong University",unmatched,0,NCT02366208,https://clinicaltrials.gov/study/NCT02366208,,[]
Second Hospital of Shanxi Medical University,Shanxi,Taiyuan,55,18,Second Hospital of Shanxi Medical University | Second hospital of Shanxi Medical University | Second Hospital Of Shanxi Medical University | Second hospital of Shanxi Medical university | Second hospital of shanxi medical university | second hospital of Shanxi medical university,unmatched,0,NCT02063100,https://clinicaltrials.gov/study/NCT02063100,,[]
Shaanxi Provincial People's Hospital,Shaan XI,Xi'an,55,23,Shaanxi Provincial People's Hospital | Shaanxi Provincial Peoples Hospital | Shaanxi Provincial People'S Hospital | Shaanxi provincial people's hospital | Shaanxi Provincial People's Hospital.,unmatched,0,NCT02082756,https://clinicaltrials.gov/study/NCT02082756,,[]
The Affiliated Nanjing Drum Tower Hospital of Nanjing University Medical School,Jiangsu,Nanjing,55,25,The Affiliated Nanjing Drum Tower Hospital of Nanjing University Medical School | The affiliated Nanjing Drum Tower Hospital of Nanjing University Medical School,unmatched,0,NCT02635464,https://clinicaltrials.gov/study/NCT02635464,,[]
"The First Affiliated Hospital, Zhejiang University School of Medicine",,Hangzhou,55,29,"The First Affiliated Hospital, Zhejiang University School of Medicine | The First Affiliated Hospital Zhejiang University School of Medicine | The First Affiliated Hospital Zhejiang University School Of Medicine | The First Affiliated Hospital - Zhejiang University School of Medicine | The First Affiliated Hospital, Zhejiang University School Of Medicine | The first Affiliated Hospital, Zhejiang University School of Medicine | The first affiliated hospital, Zhejiang university school of medicine | The First Affiliated Hospital，ZheJiang University School of Medicine | The First Affiliated Hospital，Zhejiang University School of Medicine | The first affiliated hospital zhejiang university school of medicine",unmatched,0,NCT03093116,https://clinicaltrials.gov/study/NCT03093116,,[]
Nanyang Central Hospital,Henan,Nanyang,54,14,Nanyang Central Hospital | NanYang central hospital | Nanyang central hospital | Nan Yang Central Hospital,unmatched,0,NCT01488526,https://clinicaltrials.gov/study/NCT01488526,,[]
Peking University Cancer Hospital,,Beijing,54,22,Peking University Cancer Hospital | peking university Cancer Hospital,unmatched,0,NCT01955837,https://clinicaltrials.gov/study/NCT01955837,,[]
Shandong Cancer Hospital and Institute,Shandong,Jinan,54,26,Shandong Cancer Hospital and Institute | Shan Dong cancer hospital and institute | SHANDONG Cancer Hospital and Institute | Shandong cancer hospital and institute,unmatched,0,NCT01556815,https://clinicaltrials.gov/study/NCT01556815,,[]
The Affiliated Hospital of Inner Mongolia Medical University,Inner Mongolia,Hohhot,54,21,The Affiliated Hospital of Inner Mongolia Medical University | the Affiliated Hospital of Inner Mongolia Medical University | The Affiliated hospital of Inner Mongolia Medical University | The Affiliated Hospital of inner Mongolia medical university | The Affiliated Hospitalof Inner Mongolia Medical University,unmatched,0,NCT01176916,https://clinicaltrials.gov/study/NCT01176916,,[]
The Affiliated Hospital of Qingdao University,,Qingdao,54,21,The Affiliated Hospital of Qingdao University | The Affiliated Hospital Of Qingdao University | The affiliated hospital of Qingdao university | The Affiliated Hospital of Qingdao University. | The Affiliated hospital of Qingdao University | the Affiliated Hospital of Qingdao University,unmatched,0,NCT01560624,https://clinicaltrials.gov/study/NCT01560624,,[]
"Union Hospital of Tongji Medical College, Huazhong University of Science and Technology",Hubei,Wuhan,54,16,"Union Hospital of Tongji Medical College, Huazhong University of Science and Technology | Union Hospital of Tongji Medical College; Huazhong University of Science and Technology | Union Hospital Of Tongji Medical College, Huazhong University Of Science And Technology | Union Hospital of Tongji Medical College Huazhong University of Science and Technology",unmatched,0,NCT01455428,https://clinicaltrials.gov/study/NCT01455428,,[]
Cancer Hospital of Shantou University Medical College,Guangdong,Shantou,53,21,Cancer Hospital of Shantou University Medical College | Cancer Hospital Of Shantou University Medical College,unmatched,0,NCT01176916,https://clinicaltrials.gov/study/NCT01176916,,[]
Huai'an First People's Hospital,Jiangsu,Huai'an,53,18,Huai'an First People's Hospital | HuaiAn First People's Hospital | Huaian First People's Hospital | Huai 'an First People's Hospital | Huai'An First People'S Hospital | Huaian First Peoples Hospital | Huai an First People's Hospital | Huai'an first people's Hospital | Huai An First Peoples Hospital,unmatched,0,NCT01670812,https://clinicaltrials.gov/study/NCT01670812,,[]
Jiangmen Central Hospital,Guangdong,Jiangmen,53,26,Jiangmen Central Hospital | Jiangmen central hospital | Jiangmen central Hospital,unmatched,0,NCT02103257,https://clinicaltrials.gov/study/NCT02103257,,[]
"Nanfang Hospital, Southern Medical University",,Guangzhou,53,22,"Nanfang Hospital, Southern Medical University | Nanfang Hospital Southern Medical University | Nanfang Hospital_Southern Medical University",unmatched,0,NCT00069121,https://clinicaltrials.gov/study/NCT00069121,,[]
"Tongji Hospital, Tongji Medical College of HUST",Hubei,Wuhan,53,24,"Tongji Hospital, Tongji Medical College of HUST | Tongji Hospital Tongji Medical College of HUST | Tongji Hospital, Tongji Medical College of Hust | Tongji Hospital Tongji Medical College of Hust | Tongji Hospital,Tongji Medical College of HUST | Tongji Hospital Tongji Medical College Of Hust | Tongji Hospital Tongji Medical college of HUST | Tongji Hospital,Tongji Medical college of Hust | TongJi Hospital, TongJi Medical College of HUST | Tongji hospital,Tongji Medical college of HUST",unmatched,0,NCT01404169,https://clinicaltrials.gov/study/NCT01404169,,[]
Beijing Chao-Yang Hospital,,Beijing,52,9,Beijing Chao-Yang Hospital | Beijing Chaoyang Hospital | Beijing Chao Yang Hospital | Beijing Chao-yang Hospital | Beijing ChaoYang Hospital | BeijingChao-YangHospital,unmatched,0,NCT00883675,https://clinicaltrials.gov/study/NCT00883675,,[]
Beijing GoBroad Hospital,Beijing Municipality,Beijing,52,33,Beijing GoBroad Hospital | Beijing Gobroad Hospital | Beijing Go Broad Hospital | Beijing GoBroad hospital,unmatched,0,NCT06157827,https://clinicaltrials.gov/study/NCT06157827,,[]
Beijing Tsinghua Changgung Hospital,,Beijing,52,22,Beijing Tsinghua Changgung Hospital | Beijing Tsinghua Chang Gung Hospital,unmatched,0,NCT03446443,https://clinicaltrials.gov/study/NCT03446443,,[]
Fujian Provincial Cancer Hospital,Fujian,Fuzhou,52,24,Fujian Provincial Cancer Hospital | Fujian Provincial cancer Hospital | Fujian Provincial Cancer hospital | Fujian provincial Cancer Hospital | Fujian provincial cancer hospital,unmatched,0,NCT01074021,https://clinicaltrials.gov/study/NCT01074021,,[]
"Renji Hospital, School of Medicine, Shanghai Jiao Tong University",Shanghai Municipality,Shanghai,52,25,"Renji Hospital, School of Medicine, Shanghai Jiao Tong University | Renji Hospital, School of Medicine, Shanghai Jiaotong University | Renji hospital, School of Medicine, Shanghai Jiaotong University | Ren Ji Hospital, School of Medicine, Shanghai Jiao Tong University | Ren Ji Hospital, School of Medicine, Shanghai Jiao TongUniversity, | Ren Ji Hospital, School of Medicine, Shanghai Jiao TongUniversity",unmatched,0,NCT02061475,https://clinicaltrials.gov/study/NCT02061475,,[]
Shanghai Zhongshan Hospital,Shanghai Municipality,Shanghai,52,22,Shanghai Zhongshan Hospital | Shanghai Zhongshan hospital,unmatched,0,NCT00829660,https://clinicaltrials.gov/study/NCT00829660,,[]
"Beijing Children's Hospital, Capital Medical University",Beijing Municipality,Beijing,51,15,"Beijing Children's Hospital, Capital Medical University | Beijing Children's hospital, Capital Medical University | Beijing Children's Hospital,Capital Medical University | Beijing Childrens Hospital, Capital Medical University | Beijing Children's Hospital，Capital Medical University | Beijing children's hospital .Capital medical university | Beijing children's hospital, capital medical university | Beijing Children's Hospital Capital Medical University | Beijing Children's Hospital.Capital Medical University",unmatched,0,NCT02303587,https://clinicaltrials.gov/study/NCT02303587,,[]
Ningbo Medical Center Lihuili Hospital,Zhejiang,Ningbo,51,32,Ningbo Medical Center Lihuili Hospital | Ningbo Medical Center Li Huili Hospital | Ningbo Medical Center LiHuiLi Hospital | Ningbo Medical Center (Lihuili Hospital) | Ningbo Medical Center Li HuiLi Hospital | Ningbo Medical Center Li Huili hospital | NingBo Medical Center LiHuiLi Hospital | NingBo Medical Center Lihuili Hospital,unmatched,0,NCT04191473,https://clinicaltrials.gov/study/NCT04191473,,[]
Suzhou Municipal Hospital,Jiangsu,Suzhou,51,22,Suzhou Municipal Hospital | Suzhou Municipal hospital | SuZhou Municipal Hospital,unmatched,0,NCT00829660,https://clinicaltrials.gov/study/NCT00829660,,[]
The Third Xiangya Hospital of Central South University,,Changsha,51,10,The Third Xiangya Hospital of Central South University | The Third Xiangya Hospital Of Central South University | The third xiangya hospital of Central South University | The Third XiangYa Hospital of Central South University | The Third Xiangya hospital of central south university | The third Xiangya hospital of central south University | The third Xiangya hospital of central south university | The Third XiangyaHospital of Central South University,unmatched,0,NCT00412893,https://clinicaltrials.gov/study/NCT00412893,,[]
"Beijing Chest Hospital, Capital Medical University",Beijing Municipality,Beijing,50,29,"Beijing Chest Hospital, Capital Medical University | Beijing Chest Hospital,Capital Medical University | Beijing Chest Hospital，Capital Medical University | Beijing chest hospital，capital medical university | Beijing Chest Hospital ,Capital Medical University | Beijing chest hospital, Capital Medical University | Beijing Chest Hospital Capital Medical University | beijing chest hospital,Capital medical university",unmatched,0,NCT01639001,https://clinicaltrials.gov/study/NCT01639001,,[]
"Beijing Ditan Hospital, Capital Medical University",Beijing Municipality,Beijing,50,15,"Beijing Ditan Hospital, Capital Medical University | Beijing Ditan Hospital Capital Medical University | Beijing Ditan hospital,Capital Medical University | Beijing Ditan Hospital,Capital Medical University | Beijing DiTan Hospital, Capital Medical University | Beijing Ditan Hospital.Capital Medical University",unmatched,0,NCT01938781,https://clinicaltrials.gov/study/NCT01938781,,[]
Guangdong General Hospital,,Guangzhou,50,6,Guangdong General Hospital | GuangDong General Hospital,unmatched,0,NCT00805194,https://clinicaltrials.gov/study/NCT00805194,,[]
Guangxi Medical University Affiliated Tumor Hospital,Guangxi,Nanning,50,21,Guangxi Medical University Affiliated Tumor Hospital | Guangxi medical university affiliated tumor hospital,unmatched,0,NCT01878448,https://clinicaltrials.gov/study/NCT01878448,,[]
Liuzhou Worker's Hospital,Guangxi,Liuzhou,50,14,Liuzhou Worker's Hospital | Liuzhou Workers' Hospital | Liuzhou Workers Hospital | Liuzhou worker's hospital | LiuZhou Worker's Hospital | Liuzhou worker's Hospital | Liuzhou workers' Hospital | Liuzhou workers hospital,unmatched,0,NCT00829660,https://clinicaltrials.gov/study/NCT00829660,,[]
Nantong Tumor Hospital,Jiangsu,Nantong,50,19,Nantong Tumor Hospital | Nantong tumor hospital,unmatched,0,NCT02215356,https://clinicaltrials.gov/study/NCT02215356,,[]
"Peking Union Medical College Hospital, Chinese Academy of Medical Sciences",Beijing Municipality,Beijing,50,19,"Peking Union Medical College Hospital, Chinese Academy of Medical Sciences",unmatched,0,NCT00796692,https://clinicaltrials.gov/study/NCT00796692,,[]
Tangdu Hospital,Shaanxi,Xi'an,50,24,Tangdu Hospital | Tang-Du Hospital | Tang Du Hospital | Tangdu hospital,unmatched,0,NCT02054078,https://clinicaltrials.gov/study/NCT02054078,,[]
The First Affiliated Hospital of Bengbu Medical College,,Bengbu,50,17,The First Affiliated Hospital of Bengbu Medical College | The First Affiliated Hospital Of Bengbu Medical College | the First Affiliated Hospital of Bengbu Medical College | The first affiliated hospital of bengbu medical college | The First affiliated hospital of bengbu medical college | The first affiliated Hospital of Bengbu Medical College,unmatched,0,NCT01856478,https://clinicaltrials.gov/study/NCT01856478,,[]
The First Affiliated Hospital of University of South China,Hu'nan,Hengyang,50,24,The First Affiliated Hospital of University of South China | The First Affiliated Hospital Of University Of South China | The First Affiliated Hospital of University Of South China,unmatched,0,NCT01897805,https://clinicaltrials.gov/study/NCT01897805,,[]
The Second Affiliated Hospital Zhejiang University School of Medicine,,Hangzhou,50,21,"The Second Affiliated Hospital Zhejiang University School of Medicine | The Second Affiliated Hospital, Zhejiang University School of Medicine | the Second Affiliated Hospital, Zhejiang University School of Medicine | The Second Affiliated Hospital ZheJiang University School of Medicine | The Second Affiliated Hospital,Zhejiang University School of Medicine | The Second affiliated Hospital zhejiang University School of Medicine | The second affiliated hospital zhejiang university school of medicine | the Second Affiliated Hospital Zhejiang University Schoolof Medicine",unmatched,0,NCT01989182,https://clinicaltrials.gov/study/NCT01989182,,[]
"Beijing Chaoyang Hospital, Capital Medical University",,Beijing,49,16,"Beijing Chaoyang Hospital, Capital Medical University | Beijing Chao-Yang Hospital, Capital Medical University | Beijing Chaoyang Hospital Capital Medical University | Beijing Chao-yang Hospital, Capital Medical University | Beijing Chao-Yang Hospital,Capital Medical University | Beijing Chao Yang Hospital, Capital Medical University | BeiJing Chao-Yang Hospital,Capital Medical University",unmatched,0,NCT01214096,https://clinicaltrials.gov/study/NCT01214096,,[]
"Beijing Tongren Hospital, Capital Medical University",,Beijing,49,14,"Beijing Tongren Hospital, Capital Medical University | Beijing TongRen Hospital, Capital Medical University | Beijing Tong Ren Hospital, Capital Medical University | Beijing Tong Ren Hospital Capital Medical University | Beijing tongren Hospital, Capital Medical University, | BEIJING TONGREN HOSPITAL, Capital Medical University | Beijing tongren Hospital, Capital Medical University | Beijing Tongren Hospital Capital Medical University",unmatched,0,NCT02341560,https://clinicaltrials.gov/study/NCT02341560,,[]
Dermatology Hospital of Southern Medical University,Guangdong,Guangzhou,49,11,Dermatology Hospital of Southern Medical University,unmatched,0,NCT04040192,https://clinicaltrials.gov/study/NCT04040192,,[]
Guangdong Provincial Hospital of Chinese Medicine,Guangdong,Guangzhou,49,19,Guangdong Provincial Hospital of Chinese Medicine | Guangdong Provincial Hospital of Chinese medicine | Guangdong Provincial Hospital Of Chinese Medicine | Guangdong ProvincialHospital of Chinese Medicine,unmatched,0,NCT00966316,https://clinicaltrials.gov/study/NCT00966316,,[]
Huzhou Central Hospital,Zhejiang,Huzhou,49,19,Huzhou Central Hospital | Huzhou central hospital | HuZhou Central Hospital,unmatched,0,NCT01677208,https://clinicaltrials.gov/study/NCT01677208,,[]
Shanghai Changzheng Hospital,,Shanghai,49,14,Shanghai Changzheng Hospital | Shanghai Chang Zheng Hospital | Shanghai ChangZheng hospital | Shanghai ChangZheng Hospital,unmatched,0,NCT00057382,https://clinicaltrials.gov/study/NCT00057382,,[]
Shanxi Provincial People's Hospital,Shanxi,Taiyuan,49,14,Shanxi Provincial People's Hospital | Shanxi Provincial Peoples Hospital | ShanXi Provincial People's Hospital | Shanxi Provincial People'S Hospital | Shanxi Provincial people's Hospital | Shanxi provincial people's Hospital,unmatched,0,NCT02063100,https://clinicaltrials.gov/study/NCT02063100,,[]
The First Affiliated Hospital of Bengbu Medical University,Anhui,Bengbu,49,18,The First Affiliated Hospital of Bengbu Medical University | The first affiliated hospital of bengbu medical University | The first Affiliated Hospital of Bengbu Medical University | The first Affiliated hospital of Bengbu Medical University,unmatched,0,NCT04078386,https://clinicaltrials.gov/study/NCT04078386,,[]
Tongji Hospital Affiliated to Tongji Medical College of Huazhong University of Science and Technology,Hubei,Wuhan,49,29,"Tongji Hospital Affiliated to Tongji Medical College of Huazhong University of Science and Technology | Tongji Hospital affiliated to Tongji Medical College of Huazhong University of Science and Technology | Tongji Hospital, Affiliated to Tongji Medical College of Huazhong University of Science and Technology | Tongji Hospital Affiliated to Tongji Medical College of Huazhong University of science and technology | Tongji hospital affiliated to tongji medical college of huazhong university of science and technology | Tongji Hospital affiliated to Tongji Medical College of Huazhong University ofScience and Technology",unmatched,0,NCT04370145,https://clinicaltrials.gov/study/NCT04370145,,[]
Zhongshan Hospital Xiamen University,Fujian,Xiamen,49,22,"Zhongshan Hospital Xiamen University | Zhongshan Hospital, Xiamen University | Zhongshan Hospital Xiamen university",unmatched,0,NCT00829660,https://clinicaltrials.gov/study/NCT00829660,,[]
Huashan Hospital,,Shanghai,48,21,Huashan Hospital | Huashan hospital,unmatched,0,NCT01140997,https://clinicaltrials.gov/study/NCT01140997,,[]
Liaoning Cancer Hospital and Institute,Liaoning,Shenyang,48,12,Liaoning Cancer Hospital and Institute,unmatched,0,NCT01939054,https://clinicaltrials.gov/study/NCT01939054,,[]
Shanghai First People's Hospital,Shanghai Municipality,Shanghai,48,18,Shanghai First People's Hospital | Shanghai First People's HOSPITAL | Shanghai first people's hospital | Shanghai First Peoples Hospital,unmatched,0,NCT00926562,https://clinicaltrials.gov/study/NCT00926562,,[]
The Affiliated Hospital of Xuzhou Medical University,,Xuzhou,48,17,The Affiliated Hospital of Xuzhou Medical University | THE Affiliated Hospital of Xuzhou Medical University | The affiliated hospital of Xuzhou medical university | The Affiliated Hospital Of XuZhou Medical University | The Affiliated Hospital of XUZHOU Medical University | The Affiliated Hospital of xuzhou Medical University | The affiliated hospital of xuzhou medical university,unmatched,0,NCT01918098,https://clinicaltrials.gov/study/NCT01918098,,[]
The First Affiliated Hospital of Henan University of Science & Technology,Henan,Luoyang,48,20,The First Affiliated Hospital of Henan University of Science & Technology | The First Affiliated Hospital of Henan University of Science &Technology | The First Affiliated Hospital Of Henan University Of Science & Technology,unmatched,0,NCT01560052,https://clinicaltrials.gov/study/NCT01560052,,[]
The First Hospital of Shanxi Medical University,Shanxi,Taiyuan,48,19,The First Hospital of Shanxi Medical University | The first hospital of Shanxi Medical University | The First hospital of Shanxi Medical University,unmatched,0,NCT01531829,https://clinicaltrials.gov/study/NCT01531829,,[]
Zhongshan Hospital,,Shanghai,48,17,Zhongshan Hospital | Zhongshan hospital | Zhong Shan Hospital,unmatched,0,NCT00402272,https://clinicaltrials.gov/study/NCT00402272,,[]
Beijing Jishuitan Hospital,Beijing Municipality,Beijing,47,18,Beijing Jishuitan Hospital | Beijing Jishuitan hospital | Beijing Ji Shui Tan Hospital | Beijing ji shui tan Hospital | Beijing jishuitan hospital,unmatched,0,NCT00829660,https://clinicaltrials.gov/study/NCT00829660,,[]
Beijing Tongren Hospital,,Beijing,47,16,Beijing Tongren Hospital | Beijing Tong-Ren hospital | Beijing TongRen Hospital,unmatched,0,NCT01276912,https://clinicaltrials.gov/study/NCT01276912,,[]
Cancer Hospital Chinese Academy of Medical Science,Beijing Municipality,Beijing,47,24,"Cancer Hospital Chinese Academy of Medical Science | Cancer Hospital, Chinese Academy of Medical Science | Cancer hospital, Chinese academy of medical science | Cancer Hospital,Chinese Academy of Medical Science",unmatched,0,NCT00639522,https://clinicaltrials.gov/study/NCT00639522,,[]
Linfen Central Hospital,Shanxi,Linfen,47,19,Linfen Central Hospital | Linfen central hospital | LinFen Central Hospital | Linfen Central hospital,unmatched,0,NCT03431142,https://clinicaltrials.gov/study/NCT03431142,,[]
Linyi Cancer Hospital,,Linyi,47,25,Linyi Cancer Hospital | Lin Yi Cancer Hospital | LinYi Cancer Hospital,unmatched,0,NCT03088813,https://clinicaltrials.gov/study/NCT03088813,,[]
Shanghai Changhai Hospital,Shanghai Municipality,Shanghai,47,14,Shanghai Changhai Hospital,unmatched,0,NCT00796692,https://clinicaltrials.gov/study/NCT00796692,,[]
The Second Affiliated Hospital of Zhengzhou University,Henan,Zhengzhou,47,13,The Second Affiliated Hospital of Zhengzhou University | the Second Affiliated Hospital of Zhengzhou University,unmatched,0,NCT00829660,https://clinicaltrials.gov/study/NCT00829660,,[]
The first affiliated hospital of medical college of zhejiang university,Zhejiang,Hangzhou,47,37,The first affiliated hospital of medical college of zhejiang university | The First Affiliated Hospital of Medical College of Zhejiang University,unmatched,0,NCT04626908,https://clinicaltrials.gov/study/NCT04626908,,[]
Tianjin Chest Hospital,Tianjin Municipality,Tianjin,47,14,Tianjin Chest Hospital | Tian Jin Chest Hospital | TianJin Chest Hospital,unmatched,0,NCT00829660,https://clinicaltrials.gov/study/NCT00829660,,[]
"Tongji Hospital, Tongji Medical College, Huazhong University of Science & Technology",Hubei,Wuhan,47,11,"Tongji Hospital, Tongji Medical College, Huazhong University of Science & Technology | Tongji Hospital, Tongji Medical College, Huazhong University of Science & Technology. | Tongji Hospital, Tongji Medical College Huazhong University of Science ＆ Technology | Tongji Hospital, Tongji Medical College, Huazhong University of Science ＆Technology | Tongji Hospital, Tongji Medical College ,Huazhong University of Science ＆Technology | Tongji Hospital, Tongji Medical College Huazhong University of Science & Technology | Tongji Hospital,Tongji Medical College Huazhong University of Science & Technology | Tongji Hospital, Tongji Medical college HuaZhong University of Science&Technology | Tongji hospital,Tongji Medical College,Huazhong University of Science&Technology",unmatched,0,NCT01332149,https://clinicaltrials.gov/study/NCT01332149,,[]
Zibo Central Hospital,Shandong,Zibo,47,19,Zibo Central Hospital | Zibo central hospital | Zibo Central hospital,unmatched,0,NCT01703637,https://clinicaltrials.gov/study/NCT01703637,,[]
"2nd Affiliated Hospital, School of Medicine, Zhejiang University",Zhejiang,Hangzhou,46,33,"2nd Affiliated Hospital, School of Medicine, Zhejiang University | 2ndAffiliated Hospital, School of Medicine, Zhejiang University | 2nd Affiliated Hospital,School of Medicine,Zhejiang University",unmatched,0,NCT00846261,https://clinicaltrials.gov/study/NCT00846261,,[]
"Children's Hospital, Zhejiang University School of Medicine",Zhejiang,Hangzhou,46,22,"Children's Hospital, Zhejiang University School of Medicine | Children's Hospital Zhejiang University School of Medicine | Children's hospital, Zhejiang University School of Medicine | Children's Hospital ZheJiang University School of Medicine",unmatched,0,NCT00642863,https://clinicaltrials.gov/study/NCT00642863,,[]
"Department of Gastroenterology, Qilu Hospital, Shandong University",Shandong,Ji'nan,46,22,"Department of Gastroenterology, Qilu Hospital, Shandong University | Department of Gastroenterology,Qilu Hospital,Shandong University | Department of Gastroenterology,QiLu Hospital,Shandong University",unmatched,0,NCT00851305,https://clinicaltrials.gov/study/NCT00851305,,[]
"Department of Hematology,Nanfang Hospital, Southern Medical University",Guangdong,Guangzhou,46,34,"Department of Hematology,Nanfang Hospital, Southern Medical University | Department of Hematology, Nanfang Hospital, Southern Medical University",unmatched,0,NCT01763086,https://clinicaltrials.gov/study/NCT01763086,,[]
Eye & ENT Hospital of Fudan University,Shanghai Municipality,Shanghai,46,25,Eye & ENT Hospital of Fudan University | Eye & Ent Hospital of Fudan University | Eye & ENT hospital of Fudan university | Eye & ENT hospital of Fudan University | Eye ＆ Ent Hospital of Fudan University | Eye& Ent Hospital of Fudan University | Eye&ENT Hospital of Fudan University | Eye&Ent Hospital of fudan University | Eye＆Ent Hospital of Fudan University,unmatched,0,NCT01436864,https://clinicaltrials.gov/study/NCT01436864,,[]
Huashan Hospital Affiliated to Fudan University,,Shanghai,46,7,Huashan Hospital Affiliated to Fudan University | Huashan Hospital affiliated to Fudan University | Huashan Hospital Affiliated To Fudan University | Huashan Hospital Affiliated to Fu Dan University,unmatched,0,NCT01131637,https://clinicaltrials.gov/study/NCT01131637,,[]
Shenzhen People's Hospital,,Shenzhen,46,14,Shenzhen People's Hospital | ShenZhen People's Hospital | Shenzhen People s Hospital | Shenzhen people's hospital | Shenzhen People' S Hospital | Shenzhen Peoples Hospital,unmatched,0,NCT01529476,https://clinicaltrials.gov/study/NCT01529476,,[]
Southwest Hospital,Chongqing Municipality,Chongqing,46,29,Southwest Hospital | South West Hospital,unmatched,0,NCT00664846,https://clinicaltrials.gov/study/NCT00664846,,[]
Suining Central Hospital,Sichuan,Suining,46,12,Suining Central Hospital | SuiNing Central Hospital,unmatched,0,NCT04187352,https://clinicaltrials.gov/study/NCT04187352,,[]
The Second Affiliated Hospital of Zhejiang University,Zhejiang,Hangzhou,46,20,The Second Affiliated Hospital of Zhejiang University | The second affiliated hospital of Zhejiang University | the second affiliated hospital of Zhejiang University | the Second Affiliated Hospital of Zhejiang University,unmatched,0,NCT00565708,https://clinicaltrials.gov/study/NCT00565708,,[]
Tianjin Cancer Hospital Airport Hospital,Tianjin Municipality,Tianjin,46,31,"Tianjin Cancer Hospital Airport Hospital | Tianjin Cancer Hospital, Airport Hospital | TianJin Cancer Hospital Airport Hospital",unmatched,0,NCT05640791,https://clinicaltrials.gov/study/NCT05640791,,[]
Tongji Hospital Tongji Medical College Huazhong University of Science and Technology,,Wuhan,46,10,"Tongji Hospital Tongji Medical College Huazhong University of Science and Technology | Tongji Hospital, Tongji Medical College, Huazhong University of Science and Technology | Tongji Hospital, Tongji Medical College, Huazhong University of Science and Technology, | Tongji Hospital, Tongji Medical College, Huazhong University of Science and technology | Tongji Hospital,Tongji Medical College Huazhong University of Science and Technology",unmatched,0,NCT01581398,https://clinicaltrials.gov/study/NCT01581398,,[]
Xijing Hospital,Shanxi,XiAn,46,21,Xijing Hospital | XiJing Hospital | XIJING Hospital | Xijing hospital,unmatched,0,NCT01002092,https://clinicaltrials.gov/study/NCT01002092,,[]
Beijing Friendship Hospital,,Beijing,45,13,Beijing Friendship Hospital | Beijing friendship hospital | Beijing Friendship hospital,unmatched,0,NCT00148460,https://clinicaltrials.gov/study/NCT00148460,,[]
Children's Hospital of Chongqing Medical University,Chongqing Municipality,Chongqing,45,18,Children's Hospital of Chongqing Medical University | Childrens Hospital of Chongqing Medical University | Children's hospital of Chongqing Medical University,unmatched,0,NCT02544542,https://clinicaltrials.gov/study/NCT02544542,,[]
Shanghai Sixth People's Hospital,,Shanghai,45,17,Shanghai Sixth People's Hospital | Shanghai Sixth Peoples Hospital | Shanghai Sixth people's hospital | Shanghai sixth People's Hospital,unmatched,0,NCT00478790,https://clinicaltrials.gov/study/NCT00478790,,[]
The First Affiliated Hospital of Henan University of Science and Technology,,Luoyang,45,22,The First Affiliated Hospital of Henan University of Science and Technology | The first affiliated hospital of Henan University of science and technology | The First Affiliated Hospital of He'nan University of Science and Technology | The First Affiliated Hospital of Henan University of science and Technology | The First Affiliated Hospital of Henan University of science and technology | The first Affiliated Hospital of Henan University of Science and Technology,unmatched,0,NCT04094662,https://clinicaltrials.gov/study/NCT04094662,,[]
The Third Hospital of Hebei Medical University,Hebei,Shijiazhuang,45,6,The Third Hospital of Hebei Medical University | the Third Hospital of Hebei Medical University | The Third Hospital of hebei Medical University | The Third hospital of Hebei Medical University,unmatched,0,NCT00664846,https://clinicaltrials.gov/study/NCT00664846,,[]
Yantai Yuhuangding Hospital,,Yantai,45,14,Yantai Yuhuangding Hospital | Yantai YuHuangDing Hospital | Yantai Yu Huang Ding hospital | Yantai Yu Huangding Hospital | Yantai yuhuangding Hospital,unmatched,0,NCT03500380,https://clinicaltrials.gov/study/NCT03500380,,[]
Affiliated Hospital of Guangdong Medical University,Guangdong,Zhanjiang,44,16,Affiliated Hospital of Guangdong Medical University | Affiliated Hospital Of Guangdong Medical University | Affiliated hospital of Guangdong medical university,unmatched,0,NCT03084237,https://clinicaltrials.gov/study/NCT03084237,,[]
Binzhou Medical University Hospital,Shandong,Binzhou,44,15,Binzhou Medical University Hospital | Binzhou Medical university hospital | Binzhou medical university hospital,unmatched,0,NCT01721408,https://clinicaltrials.gov/study/NCT01721408,,[]
Fudan University Cancer Hospital,,Shanghai,44,15,Fudan University Cancer Hospital | Fudan university cancer hospital,unmatched,0,NCT00430378,https://clinicaltrials.gov/study/NCT00430378,,[]
Meizhou People's Hospital,Guangdong,Meizhou,44,23,Meizhou People's Hospital | Meizhou peoples Hospital | MeiZhou People's Hospital | Meizhou People's hospital | Meizhou people'shospital,unmatched,0,NCT02845986,https://clinicaltrials.gov/study/NCT02845986,,[]
The Second Affiliated Hospital of Zhejiang University School of Medicine,,Hangzhou,44,16,The Second Affiliated Hospital of Zhejiang University School of Medicine | The Second Affiliated hospital of Zhejiang University school of medicine | The Second Affiliated Hospital of Zhejiang University School Of Medicine | The Second Affiliated hospital of Zhejiang University School of Medicine | The Second affiliated Hospital of Zhejiang University School of Medicine | The second Affiliated Hospital of Zhejiang University School of Medicine | The second Affiliated hospital of zhejiang university school of medicine | The second affiliated hospital of zhejiang University school of medicine,unmatched,0,NCT00413699,https://clinicaltrials.gov/study/NCT00413699,,[]
The Second Hospital of Tianjin Medical University,,Tianjin,44,15,The Second Hospital of Tianjin Medical University | The Second Hospital Of Tianjin Medical University | The Second Hospital Of TianJin medical University | The second hospital of Tianjin Medical University,unmatched,0,NCT00375674,https://clinicaltrials.gov/study/NCT00375674,,[]
Xingtai People's Hospital,Hebei,Xingtai,44,19,Xingtai People's Hospital,unmatched,0,NCT02534545,https://clinicaltrials.gov/study/NCT02534545,,[]
Daqing Oilfield General Hospital,Heilongjiang,Daqing,43,16,Daqing Oilfield General Hospital | Daqing Oilfield general Hospital | Da Qing Oilfield General Hospital,unmatched,0,NCT00829660,https://clinicaltrials.gov/study/NCT00829660,,[]
General Hospital of Ningxia Medical University,,Yinchuan,43,14,General Hospital of Ningxia Medical University | General hospital of Ningxia medical university | General hospital of ningxia medical university,unmatched,0,NCT01619085,https://clinicaltrials.gov/study/NCT01619085,,[]
General Hospital of Northern Theater Command,Liaoning,Shenyang,43,18,General Hospital of Northern Theater Command,unmatched,0,NCT03431142,https://clinicaltrials.gov/study/NCT03431142,,[]
Guangzhou Women and Children's Medical Center,Guangdong,Guangzhou,43,18,Guangzhou Women and Children's Medical Center | Guangzhou Women And Children's Medical Center | Guangzhou women and children's medical center | Guangzhou women and Children's Medical Center,unmatched,0,NCT02205580,https://clinicaltrials.gov/study/NCT02205580,,[]
Mengchao Hepatobiliary Hospital of Fujian Medical University,Fujian,Fuzhou,43,12,Mengchao Hepatobiliary Hospital of Fujian Medical University | Mengchao Hepatobiliary Hospital Of Fujian Medical University | Meng Chao Hepatobiliary Hospital of Fujian Medical University | MengChao Hepatobiliary Hospital of Fujian Medical University | Mengchao Hepatobiliary Hospital OF Fujian Medical University | Mengchao hepatobiliary Hospital of FuJian Medical university,unmatched,0,NCT03403569,https://clinicaltrials.gov/study/NCT03403569,,[]
The Central Hospital of Wuhan,Hubei,Wuhan,43,16,The Central Hospital of Wuhan | The Central Hospital Of WUHAN | The Central Hospital Of WuHan | The Central Hospital Of Wuhan | The central Hospital of Wuhan | The central Hospital of wuhan | The central hospital of Wuhan | the Central Hospital of Wuhan,unmatched,0,NCT01677208,https://clinicaltrials.gov/study/NCT01677208,,[]
The First Affiliated Hospital of Guangxi Medical University,,Nanning,43,22,The First Affiliated Hospital of Guangxi Medical University | The First Affiliated Hospital Of Guangxi Medical University | The first Affiliated Hospital of Guangxi Medical University | The first affiliated hospital of Guangxi Medical University,unmatched,0,NCT01976208,https://clinicaltrials.gov/study/NCT01976208,,[]
The Second Affiliated Hospital of Soochow University,,Suzhou,43,18,The Second Affiliated Hospital of Soochow University,unmatched,0,NCT00413413,https://clinicaltrials.gov/study/NCT00413413,,[]
The Second Hospital of Tianjin Medical University,Tianjin Municipality,Tianjin,43,19,The Second Hospital of Tianjin Medical University | The Second Hospital Of Tianjin Medical University,unmatched,0,NCT00829660,https://clinicaltrials.gov/study/NCT00829660,,[]
Xinhua Hospital Affiliated to Shanghai Jiao Tong University School of Medicine,,Shanghai,43,12,Xinhua Hospital Affiliated to Shanghai Jiao Tong University School of Medicine | Xinhua Hospital Affiliated to Shanghai Jiaotong University School of Medicine | Xin Hua Hospital Affiliated to Shanghai Jiao Tong University School of Medicine | Xinhua Hospital Affiliated to Shanghai JiaoTong University School of Medicine | Xinhua Hospital Affiliated To Shanghai Jiao Tong University School Of Medicine | Xinhua Hospital Affiliated To Shanghai Jiaotong University School of Medicine | XinHua Hospital Affiliated to Shanghai Jiao Tong University School of Medicine | Xinhua Hospital Affiliated to Shanghai Jiao Tong University School Of Medicine | Xinhua Hospital affiliated to Shanghai Jiao Tong University School of Medicine | Xinhua Hospital Affiliated to Shanghai Jiaotong University School Of Medicine,unmatched,0,NCT00069121,https://clinicaltrials.gov/study/NCT00069121,,[]
Affiliated Hospital of North Sichuan Medical College,Sichuan,Nanchong,42,19,Affiliated Hospital of North Sichuan Medical College | Affiliated Hospital Of North Sichuan Medical College | Affiliated Hospital of North SIchuan Medical College | Affiliated Hospital of North sichuan Medical college | Afﬁliated Hospital of North Sichuan Medical College,unmatched,0,NCT00548223,https://clinicaltrials.gov/study/NCT00548223,,[]
Anyang Tumor Hospital,Henan,An'yang,42,26,Anyang Tumor Hospital | AnYang Tumor Hospital | An Yang Tumor Hospital | Anyang tumor hospital,unmatched,0,NCT02972372,https://clinicaltrials.gov/study/NCT02972372,,[]
Chengdu Second People's Hospital,Sichuan,Chengdu,42,8,Chengdu Second People's Hospital | Chengdu Second Peoples Hospital | Chengdu second people's hospital | Chengdu Second People 's Hospital | ChengDu Second People's Hospital | Chengdu Second People'S Hospital,unmatched,0,NCT00829660,https://clinicaltrials.gov/study/NCT00829660,,[]
Jingzhou Central Hospital,Hubei,Jingzhou,42,17,Jingzhou Central Hospital,unmatched,0,NCT01612260,https://clinicaltrials.gov/study/NCT01612260,,[]
Liaoning Cancer Hospital & Institute,,Shenyang,42,10,Liaoning Cancer Hospital & Institute | Liaoning cancer Hospital & Institute | Liaoning Cancer Hospital & institute | Liaoning Cancer Hospital& Institute | Liaoning cancer hospital& Institute | LiaoNing Cancer Hospital&Institute | Liaoning Cancer Hospital&Institute,unmatched,0,NCT01683175,https://clinicaltrials.gov/study/NCT01683175,,[]
Renji Hospital Affiliated to Shanghai Jiaotong University School of Medicine,Shanghai Municipality,Shanghai,42,16,Renji Hospital Affiliated to Shanghai Jiaotong University School of Medicine | Renji Hospital Affiliated to Shanghai Jiao Tong University School of Medicine | Renji Hospital affiliated to Shanghai Jiaotong University School of Medicine | Ren Ji Hospital Affiliated to Shanghai JiaoTong University School of Medicine | Renji Hospital Affiliated to Shanghai JIAO TONG University school of medicine | Renji Hospital affiliated to Shanghai Jiao Tong University School of Medicine,unmatched,0,NCT01560624,https://clinicaltrials.gov/study/NCT01560624,,[]
Shanghai Tenth People's Hospital,,Shanghai,42,19,Shanghai Tenth People's Hospital | Shanghai Tenth People 's Hospital | Shanghai Tenth People's hospital | Shanghai Tenth people's Hospital | Shanghai tenth people's hospital,unmatched,0,NCT01190657,https://clinicaltrials.gov/study/NCT01190657,,[]
The First People's Hospital of Yunnan Province,Yun'nan,Kunming,42,14,The First People's Hospital of Yunnan Province | The First People's Hospital Of Yunnan Province | The first people's hospital of yunnan province | the First People's Hospital of Yunnan Province | The First Peoples Hospital of Yunnan Province,unmatched,0,NCT00829660,https://clinicaltrials.gov/study/NCT00829660,,[]
The Second Affiliated Hospital of Wenzhou Medical University,Zhejiang,Wenzhou,42,19,"The Second Affiliated Hospital of Wenzhou Medical University | the Second Affiliated Hospital of Wenzhou Medical University | The Second Affiliated Hospital of Wenzhou Medical University, | The Second AffIliated Hospital of Wenzhou Medical University | The second affiliated hospital of wenzhou medical university",unmatched,0,NCT02099721,https://clinicaltrials.gov/study/NCT02099721,,[]
The Third Affiliated Hospital of Zhejiang Chinese Medical University,Zhejiang,Hangzhou,42,22,The Third Affiliated Hospital of Zhejiang Chinese Medical University | the Third Affiliated Hospital of Zhejiang Chinese Medical University | the Third affiliated hospital of Zhejiang Chinese Medical university | The Third Affiliated hospital of Zhejiang Chinese Medical University | The Third Affiliated Hospital of Zhejiang Chinese Medical university | The Third Aﬃliated Hospital of Zhejiang Chinese Medical University,unmatched,0,NCT03580317,https://clinicaltrials.gov/study/NCT03580317,,[]
Beijing Anzhen Hospital,,Beijing,41,16,Beijing Anzhen Hospital | Beijing AnZhen Hospital | Beijing ANZHEN Hospital | Beijing An Zhen Hospital,unmatched,0,NCT00148460,https://clinicaltrials.gov/study/NCT00148460,,[]
"Beijing Children's Hospital, Capital Medical University",,Beijing,41,16,"Beijing Children's Hospital, Capital Medical University | Beijing Children's Hospital Capital Medical University | Beijing Children's Hospital,Capital Medical University | Beijing Children's hospital, Capital Medical University | Beijing Children's Hospital. Capital Medical University | Beijing Childrens Hospital Capital Medical University",unmatched,0,NCT02650401,https://clinicaltrials.gov/study/NCT02650401,,[]
Nanjing First Hospital,,Nanjing,41,18,Nanjing First Hospital | Nan Jing First Hospital,unmatched,0,NCT00463294,https://clinicaltrials.gov/study/NCT00463294,,[]
Shanghai First People's Hospital,,Shanghai,41,11,Shanghai First People's Hospital | Shanghai First People's HOSPITAL | Shanghai First People's hospital,unmatched,0,NCT00567190,https://clinicaltrials.gov/study/NCT00567190,,[]
The First Affiliated Hospital of Ningbo University,,Ningbo,41,25,The First Affiliated Hospital of Ningbo University | The first affiliated hospital of Ningbo university | The First Affiliated Hospital Of Ningbo University | The first affiliated Hospital of Ningbo University,unmatched,0,NCT04108208,https://clinicaltrials.gov/study/NCT04108208,,[]
The First Affiliated Hospital of University of Science and Technology of China,Anhui,Hefei,41,16,The First Affiliated Hospital of University of Science and Technology of China | the First Affiliated Hospital of University of Science and Technology of China,unmatched,0,NCT03809273,https://clinicaltrials.gov/study/NCT03809273,,[]
Yunnan Cancer Hospital,,Kunming,41,18,Yunnan Cancer Hospital,unmatched,0,NCT02914158,https://clinicaltrials.gov/study/NCT02914158,,[]
Institute of Hematology & Blood Diseases Hospital,,Tianjin,40,19,Institute of Hematology & Blood Diseases Hospital,unmatched,0,NCT02937662,https://clinicaltrials.gov/study/NCT02937662,,[]
Qinghai University Affiliated Hospital,Qinghai,Xining,40,21,Qinghai University Affiliated Hospital | Qinghai university affiliated hospital | Qinghai University affiliated hospital,unmatched,0,NCT02845986,https://clinicaltrials.gov/study/NCT02845986,,[]
The First Affiliated Hospital of Wannan Medical College,Anhui,Wuhu,40,13,The First Affiliated Hospital of Wannan Medical College | The First Affiliated Hospital Of Wannan Medical College | The first affiliated Hospital of Wannan Medical College | The first affiliated hospital of Wannan Medical College | The first affiliated hospital of wannan medical college,unmatched,0,NCT02275182,https://clinicaltrials.gov/study/NCT02275182,,[]
The Second Hospital of Hebei Medical University,,Shijia Zhuang,40,17,The Second Hospital of Hebei Medical University | The second hospital of Hebei medical university | the Second Hospital of Hebei Medical University,unmatched,0,NCT01976208,https://clinicaltrials.gov/study/NCT01976208,,[]
The Second Hospital of Shanxi Medical University,Shanxi,Taiyuan,40,9,The Second Hospital of Shanxi Medical University | The second hospital of Shanxi Medical University | The second hospital of shanxi medical university | the Second Hospital of Shanxi Medical University,unmatched,0,NCT01176565,https://clinicaltrials.gov/study/NCT01176565,,[]
Tianjin First Central Hospital,Tianjin Municipality,Tianjin,40,20,Tianjin First Central Hospital | TianJin First Central Hospital,unmatched,0,NCT03753061,https://clinicaltrials.gov/study/NCT03753061,,[]
Chongqing Cancer Hospital,,Chongqing,39,14,Chongqing Cancer Hospital | ChongQing Cancer Hospital,unmatched,0,NCT01844986,https://clinicaltrials.gov/study/NCT01844986,,[]
Hebei General Hospital,Hebei,Shijiazhuang,39,17,Hebei General Hospital | Hebei general hospital,unmatched,0,NCT01918098,https://clinicaltrials.gov/study/NCT01918098,,[]
Hunan Children's Hospital,Hunan,Changsha,39,22,Hunan Children's Hospital | Hunan Children's hospital | Hunan Childrens Hospital,unmatched,0,NCT01652404,https://clinicaltrials.gov/study/NCT01652404,,[]
People's Hospital of Xinjiang Uygur Autonomous Region,Xinjiang,Ürümqi,39,12,People's Hospital of Xinjiang Uygur Autonomous Region | Peoples Hospital of Xinjiang Uygur Autonomous Region | People's Hospital of XinJiang Uygur Autonomous Region,unmatched,0,NCT02779569,https://clinicaltrials.gov/study/NCT02779569,,[]
Prince of Wales Hospital,,Hong Kong,39,4,Prince of Wales Hospital,unmatched,0,NCT00307424,https://clinicaltrials.gov/study/NCT00307424,,[]
Shanghai Xuhui Central Hospital,Shanghai Municipality,Shanghai,39,3,Shanghai Xuhui Central Hospital | Shanghai xuhui central hospital | Shanghai Xu hui Central Hospital,unmatched,0,NCT01955304,https://clinicaltrials.gov/study/NCT01955304,,[]
Shengjing Hospital Affiliated to China Medical University,Liaoning,Shenyang,39,18,Shengjing Hospital Affiliated to China Medical University | Shengjing Hospital affiliated to China Medical University,unmatched,0,NCT02356419,https://clinicaltrials.gov/study/NCT02356419,,[]
The Fifth Affiliated Hospital of Sun Yat-sen University,Guangdong,Zhuhai,39,26,The Fifth Affiliated Hospital of Sun Yat-sen University | The Fifth Affiliated Hospital of Sun Yat-Sen University | The Fifth Affiliated Hospital of Sun Yat sen University | The fifth affiliated hospital of Sun Yat-sen university | The fifth affiliated hospital of sun yat-sen university | the fifth affiliated hospital of Sun yat-sen university,unmatched,0,NCT00829660,https://clinicaltrials.gov/study/NCT00829660,,[]
The People's Hospital of Liaoning Province,Liaoning,Shenyang,39,12,The People's Hospital of Liaoning Province | The Peoples Hospital of Liaoning Province | The People's Hospital Of Liaoning Province | The People's Hospital of Liao Ning Province | The people's hospital of LiaoNing Province,unmatched,0,NCT00829660,https://clinicaltrials.gov/study/NCT00829660,,[]
Zhejiang Hospital,Zhejiang,Hangzhou,39,12,Zhejiang Hospital | Zhe Jiang Hospital | ZheJiang Hospital,unmatched,0,NCT00829660,https://clinicaltrials.gov/study/NCT00829660,,[]
Baotou Central Hospital,Inner Mongolia,Baotou,38,10,Baotou Central Hospital | Bao Tou Central Hospital | Baotou CentralHospital,unmatched,0,NCT00829660,https://clinicaltrials.gov/study/NCT00829660,,[]
Luoyang Central Hospital,Henan,Luoyang,38,14,Luoyang Central Hospital | Luo Yang Central Hospital | Luoyang central Hospital,unmatched,0,NCT02894918,https://clinicaltrials.gov/study/NCT02894918,,[]
"Shanghai Ninth People's Hospital, Shanghai Jiaotong University School of Medicine",Shanghai Municipality,Shanghai,38,19,"Shanghai Ninth People's Hospital, Shanghai Jiaotong University School of Medicine | Shanghai Ninth People's Hospital, Shanghai Jiao Tong University School of Medicine | Shanghai Ninth People's Hospital, Shanghai JiaoTong University School of Medicine | Shanghai Ninth People's Hospital,Shanghai Jiaotong University School of Medicine | Shanghai Ninth People's Hospital ，Shanghai JiaoTong University School of Medicine | Shanghai Ninth People's Hospital, Shanghai Jiaotong University School Of Medicine | Shanghai Ninth People's Hospital,Shanghai Jiao Tong University School of Medicine | Shanghai Ninth People's Hospital,Shanghai JiaoTong University school of Medicine",unmatched,0,NCT03007160,https://clinicaltrials.gov/study/NCT03007160,,[]
Shanghai Ruijin Hospital,Shanghai Municipality,Shanghai,38,14,Shanghai Ruijin Hospital | Shanghai Rui Jin Hospital,unmatched,0,NCT00649298,https://clinicaltrials.gov/study/NCT00649298,,[]
Women's Hospital School of Medicine Zhejiang University,Zhejiang,Hangzhou,38,17,"Women's Hospital School of Medicine Zhejiang University | Women's Hospital School Of Medicine Zhejiang University | Women's Hospital, School of Medicine, Zhejiang University | Women's hospital, school of medicine, Zhejiang university | Women's hospital, school of medicine, zhejiang university | Women's hospital School of Medicine Zhejiang University | Women's hospital school of medicine Zhejiang University | Women's hospital school of medicine zhejiang university",unmatched,0,NCT00654524,https://clinicaltrials.gov/study/NCT00654524,,[]
Wuhan Union Hospital,,Wuhan,38,8,Wuhan Union Hospital | WuhanUnionHospital,unmatched,0,NCT00412893,https://clinicaltrials.gov/study/NCT00412893,,[]
Affiliated Zhongshan Hospital of Dalian University,Liaoning,Dalian,37,14,Affiliated Zhongshan Hospital of Dalian University | Affiliated Zhongshan Hospital Of Dalian University | Affiliated Zhongshan Hospital Of Dalian university | Affiliated Zhongshan Hospital Of dalian University | Affiliated Zhongshan hospital of Dalian university,unmatched,0,NCT00786136,https://clinicaltrials.gov/study/NCT00786136,,[]
Anyang Cancer Hospital,He'nan,Anyang,37,20,Anyang Cancer Hospital | Anyang cancer hospital | ANYANG Cancer Hospital | AnYang Cancer Hospital,unmatched,0,NCT02395705,https://clinicaltrials.gov/study/NCT02395705,,[]
Fourth Hospital of Hebei Medical University,Hebei,Shijiazhuang,37,19,"Fourth Hospital of Hebei Medical University | Fourth hospital of hebei medical university | Fourth Hospital of Hebei Medical University, | Fourth Hospital Of Hebei Medical University",unmatched,0,NCT01176916,https://clinicaltrials.gov/study/NCT01176916,,[]
Guangdong Provincial Hospital of Traditional Chinese Medicine,Guangdong,Guangzhou,37,16,Guangdong Provincial Hospital of Traditional Chinese Medicine | Guangdong Provincial Hospital of traditional Chinese Medicine,unmatched,0,NCT01642771,https://clinicaltrials.gov/study/NCT01642771,,[]
"Institute of Hematology and Blood Diseases Hospital, Chinese Academy of Medical Sciences",Tianjin Municipality,Tianjin,37,18,"Institute of Hematology and Blood Diseases Hospital, Chinese Academy of Medical Sciences | Institute of Hematology and Blood Diseases Hospital Chinese Academy of Medical Sciences | Institute of Hematology and Blood Diseases Hospital ,Chinese Academy of Medical Sciences",unmatched,0,NCT02649790,https://clinicaltrials.gov/study/NCT02649790,,[]
Lishui Central Hospital,Zhejiang,Lishui,37,20,Lishui Central Hospital | Lishui central hospital,unmatched,0,NCT02441556,https://clinicaltrials.gov/study/NCT02441556,,[]
Renji Hospital,,Shanghai,37,15,Renji Hospital | RenJi Hospital | Ren Ji Hospital | RenJi hospital | Renji hospital,unmatched,0,NCT00565396,https://clinicaltrials.gov/study/NCT00565396,,[]
The Second Affiliated Hospital of Dalian Medical University,Liaoning,Dalian,37,18,The Second Affiliated Hospital of Dalian Medical University | The second affiliated hospital of dalian medical university | the Second Affiliated Hospital of Dalian Medical University | The second Affiliated hospital of dalian medical university | The second affiliated hospital of Dalian Medical university | the second affiliated hospital of Dalian medical university,unmatched,0,NCT01755325,https://clinicaltrials.gov/study/NCT01755325,,[]
Tongji Hospital of Tongji University,Shanghai Municipality,Shanghai,37,19,Tongji Hospital of Tongji University | TongJi Hospital of Tongji University | Tongji Hospital of Tongji university | Tongji Hospital Of Tongji University | Tongji hospital of Tongji University | Tongji hospital of Tongji university,unmatched,0,NCT00629161,https://clinicaltrials.gov/study/NCT00629161,,[]
Yuncheng Central Hospital,Shanxi,Yuncheng,37,11,Yuncheng Central Hospital | Yuncheng Central hospital,unmatched,0,NCT03261375,https://clinicaltrials.gov/study/NCT03261375,,[]
"2nd Affiliated Hospital, School of Medicine, Zhejiang University, China",Zhejiang,Hangzhou,36,19,"2nd Affiliated Hospital, School of Medicine, Zhejiang University, China | 2 nd Affiliated Hospital, School of Medicine, Zhejiang University, China | 2ndAffiliated Hospital, School of Medicine, Zhejiang University, China",unmatched,0,NCT03949114,https://clinicaltrials.gov/study/NCT03949114,,[]
"Beijing Chest Hospital, Capital Medical University",,Beijing,36,10,"Beijing Chest Hospital, Capital Medical University | Beijing Chest hospital, Capital medical university | Beijing Chest Hospital，Capital Medical University | Beijing Chest Hospital. Capital Medical University | Beijing Chest Hospital,Capital Medical University | Beijing Chest Hospital, Capital medical university | Beijing chest hospital,Capital medical university",unmatched,0,NCT01639001,https://clinicaltrials.gov/study/NCT01639001,,[]
"Beijing Luhe Hospital, Capital Medical University",Beijing Municipality,Beijing,36,7,"Beijing Luhe Hospital, Capital Medical University | Beijing Luhe Hospital Capital Medical University | Beijing Luhe Hospital,Capital Medical University | Beijing LuHe Hospital, Capital Medical University | Beijing Luhe Hospital.Capital Medical University | Beijing Lu He Hospital ,Capital Medical University | Beijing Luhe hospital, Capital Medical University | Beijing LuHe Hospital Capital Medical University | Beijing luhe hospital capital medical university",unmatched,0,NCT02913118,https://clinicaltrials.gov/study/NCT02913118,,[]
Cancer Hospital of Shandong First Medical University,Shandong,Jinan,36,30,Cancer Hospital of Shandong First Medical University | Cancer Hospital of Shan dong First Medical University | Cancer Hospital of Shandong First Medical university | Cancer hospital of Shandong First Medical University,unmatched,0,NCT05112965,https://clinicaltrials.gov/study/NCT05112965,,[]
Chongqing University Three Gorges Hospital,Chongqing Municipality,Chongqing,36,10,Chongqing University Three Gorges Hospital | Chongqing University Three gorges Hospital,unmatched,0,NCT04109547,https://clinicaltrials.gov/study/NCT04109547,,[]
"Fuwai Hospital, Chinese Academy of Medical Sciences",Beijing Municipality,Beijing,36,17,"Fuwai Hospital, Chinese Academy of Medical Sciences | Fuwai Hospital Chinese Academy of Medical Sciences | Fuwai Hospital,Chinese Academy of Medical Sciences | Fu Wai Hospital, Chinese Academy of Medical Sciences | FuWai Hospital , Chinese Academy of Medical Sciences | Fuwai hospital, Chinese Academy of Medical Sciences",unmatched,0,NCT01573143,https://clinicaltrials.gov/study/NCT01573143,,[]
"Nanjing Drum Tower Hospital, the Affiliated Hospital of Nanjing University Medical School",,Nanjing,36,11,"Nanjing Drum Tower Hospital, the Affiliated Hospital of Nanjing University Medical School | Nanjing Drum Tower Hospital The Affiliated Hospital of Nanjing University Medical School | Nanjing Drum Tower Hospital, The Affiliated Hospital of Nanjing University Medical School | Nanjing Drum Tower Hospital (The Affiliated Hospital of Nanjing University Medical School) | Nanjing Drum Tower Hospital - The Affiliated Hospital of Nanjing University Medical School | Nanjing Drum Tower Hospital ,The Affiliated Hospital of Nanjing University Medical School",unmatched,0,NCT02928406,https://clinicaltrials.gov/study/NCT02928406,,[]
Peking University Shenzhen Hospital,,Shenzhen,36,16,Peking University Shenzhen Hospital | Peking university shenzhen hospital,unmatched,0,NCT01153958,https://clinicaltrials.gov/study/NCT01153958,,[]
Qingdao Central Hospital,Shandong,Qingdao,36,21,Qingdao Central Hospital | Qingdao central Hospital,unmatched,0,NCT01917877,https://clinicaltrials.gov/study/NCT01917877,,[]
Second Affiliated Hospital of Zhejiang University School of Medicine,Zhejiang,Hangzhou,36,22,"Second Affiliated Hospital of Zhejiang University School of Medicine | Second Affiliated Hospital of Zhejiang University, School of Medicine | Second Affiliated Hospital Of Zhejiang University School of Medicine | Second Affiliated Hospitalof Zhejiang University School of Medicine | Second Affiliated hospital of Zhejiang university School of medicine",unmatched,0,NCT02179489,https://clinicaltrials.gov/study/NCT02179489,,[]
Shanghai Ninth People's Hospital,,Shanghai,36,11,Shanghai Ninth People's Hospital | Shanghai ninth people's hospital | Shanghai Ninth Peoples Hospital | Shanghai NinthPeoples' Hospital | Shanghai Ninth People'S Hospital | Shanghai Ninth Peoples' Hospital,unmatched,0,NCT01856478,https://clinicaltrials.gov/study/NCT01856478,,[]
The First Affiliated Hospital of Shandong First Medical University,Shandong,Jinan,36,17,The First Affiliated Hospital of Shandong First Medical University | The First affiliated hospital of Shandong First Medical University | The first affiliated hospital of Shandong First Medical University | the first affiliated hospital of Shandong First Medical University,unmatched,0,NCT04497376,https://clinicaltrials.gov/study/NCT04497376,,[]
The First Hospital of Jiaxing,Zhejiang,Jiaxing,36,13,The First Hospital of Jiaxing | The first hospital of Jiaxing | The First Hospital Of Jiaxing | the First Hospital of Jiaxing,unmatched,0,NCT03721744,https://clinicaltrials.gov/study/NCT03721744,,[]
The Fourth Affiliated Hospital of Harbin Medical University,Heilongjiang,Harbin,36,2,The Fourth Affiliated Hospital of Harbin Medical University | The fourth affiliated hospital of Harbin medical university | the Fourth Affiliated Hospital of Harbin Medical University,unmatched,0,NCT00786136,https://clinicaltrials.gov/study/NCT00786136,,[]
The Second Affiliated Hospital of Chongqing Medical University,,Chongqing,36,8,The Second Affiliated Hospital of Chongqing Medical University | The second affiliated hospital of Chongqing medical university | The second affiliated hospital of chongqing medical university,unmatched,0,NCT01190657,https://clinicaltrials.gov/study/NCT01190657,,[]
Xiangya Hospital of Central South University,,Changsha,36,15,Xiangya Hospital of Central South University | Xiangya Hospital of Central- South University | Xiangya Hospital Of Central South University,unmatched,0,NCT01593410,https://clinicaltrials.gov/study/NCT01593410,,[]
Yuebei People's Hospital,Guangdong,Shaoguan,36,15,Yuebei People's Hospital | Yue Bei People's Hospital | YUE-BEI people's hospital | Yue Bei People'S Hospital | Yue bei people's hospital | Yuebei Peoples Hospital,unmatched,0,NCT01795027,https://clinicaltrials.gov/study/NCT01795027,,[]
Changzhou No.2 People's Hospital,Jiangsu,Changzhou,35,9,Changzhou No.2 People's Hospital | Changzhou NO.2 People's Hospital | ChangZhou No.2 People's Hospital,unmatched,0,NCT01176916,https://clinicaltrials.gov/study/NCT01176916,,[]
Gansu Provincial Cancer Hospital,Gansu,Lanzhou,35,18,Gansu Provincial Cancer Hospital | Gansu provincial cancer hospital,unmatched,0,NCT04234607,https://clinicaltrials.gov/study/NCT04234607,,[]
Gansu Provincial Hospital,Gansu,Lanzhou,35,16,Gansu Provincial Hospital,unmatched,0,NCT01970059,https://clinicaltrials.gov/study/NCT01970059,,[]
"Institute of Hematology & Blood Diseases Hospital, Chinese Academy of Medical Sciences",Tianjin Municipality,Tianjin,35,20,"Institute of Hematology & Blood Diseases Hospital, Chinese Academy of Medical Sciences | Institute of Hematology & Blood Diseases Hospital Chinese Academy of Medical Sciences | Institute of Hematology & Blood Diseases Hospital, Chinese Academy of Medical Sciences , | Institute of Hematology & Blood Diseases Hospital,Chinese Academy of Medical Sciences | Institute of Hematology&Blood Diseases Hospital,Chinese Academy of Medical Sciences",unmatched,0,NCT02203396,https://clinicaltrials.gov/study/NCT02203396,,[]
Nanjing Brain Hospital,Jiangsu,Nanjing,35,11,Nanjing Brain Hospital,unmatched,0,NCT00386711,https://clinicaltrials.gov/study/NCT00386711,,[]
Peking University Shougang Hospital,Beijing Municipality,Beijing,35,7,Peking University Shougang Hospital | Peking University Shougang hospital,unmatched,0,NCT02121717,https://clinicaltrials.gov/study/NCT02121717,,[]
Shanghai Children's Medical Center,,Shanghai,35,11,Shanghai Children's Medical Center | Shanghai Childrens Medical Center | Shanghai Children'S Medical Center | Shanghai Children's medical center | Shanghai Childrens' Medical Center,unmatched,0,NCT02398981,https://clinicaltrials.gov/study/NCT02398981,,[]
Shanghai Skin Disease Hospital,Shanghai Municipality,Shanghai,35,8,Shanghai Skin Disease Hospital,unmatched,0,NCT03264677,https://clinicaltrials.gov/study/NCT03264677,,[]
Sun Yet-sen University Cancer Center,,Guangzhou,35,2,Sun Yet-sen University Cancer Center | Sun Yet-Sen University Cancer Center,unmatched,0,NCT00678392,https://clinicaltrials.gov/study/NCT00678392,,[]
The Affiliated Hospital of Guizhou Medical University,,Guiyang,35,10,The Affiliated Hospital of Guizhou Medical University | The Affiliated Hospital Of GuiZhou Medical University | The Affiliated Hospital Of Guizhou Medical University | The affiliated hospital of Guizhou medical university,unmatched,0,NCT02239120,https://clinicaltrials.gov/study/NCT02239120,,[]
"The First Affiliated Hospital of College of Medicine, Zhejiang University",Zhejiang,Hangzhou,35,5,"The First Affiliated Hospital of College of Medicine, Zhejiang University | The First Affiliated Hospital of College of Medicine Zhejiang University | The First Affiliated Hospital of College of Medicine ，Zhejiang University | The First Affiliated Hospital Of College of Medicine, Zhejiang University | The First affiliated Hospital of College of Medicine, Zhejiang University | The First Affiliated Hospital of College of Medicine,Zhejiang University",unmatched,0,NCT00664846,https://clinicaltrials.gov/study/NCT00664846,,[]
The First Hospital of Hebei Medical University,,Shijia Zhuang,35,10,The First Hospital of Hebei Medical University | The first Hospital of Hebei Medical University | the First Hospital of Hebei Medical University,unmatched,0,NCT01559727,https://clinicaltrials.gov/study/NCT01559727,,[]
The Second Hospital of Jilin University,,Changchun,35,7,The Second Hospital of Jilin University,unmatched,0,NCT01976208,https://clinicaltrials.gov/study/NCT01976208,,[]
West China Hospital,,Chengdu,35,8,West China Hospital | West China hospital | West china Hospital | West china hospital | West-China Hospital,unmatched,0,NCT00805194,https://clinicaltrials.gov/study/NCT00805194,,[]
Wuhan Asia Heart Hospital,Hubei,Wuhan,35,14,Wuhan Asia Heart Hospital | Wuhan asia heart hospital | Wuhanasia Heart Hospital,unmatched,0,NCT00829660,https://clinicaltrials.gov/study/NCT00829660,,[]
Xuanwu Hospital,Beijing Municipality,Beijing,35,16,Xuanwu Hospital | Xuanwu hospital | Xuan Wu Hospital | XuanWu Hospital,unmatched,0,NCT01446055,https://clinicaltrials.gov/study/NCT01446055,,[]
Zhuzhou Central Hospital,Hu'nan,Zhuzhou,35,12,Zhuzhou Central Hospital | ZhuZhou Central Hospital,unmatched,0,NCT01885078,https://clinicaltrials.gov/study/NCT01885078,,[]
Huizhou Central People's Hospital,Guangdong,Huizhou,34,10,Huizhou Central People's Hospital | Huizhou Central Peoples Hospital,unmatched,0,NCT04017832,https://clinicaltrials.gov/study/NCT04017832,,[]
Jinhua Municipal Central Hospital,Zhejiang,Jinhua,34,13,Jinhua Municipal Central Hospital | Jinhua municipal central hospital,unmatched,0,NCT02442440,https://clinicaltrials.gov/study/NCT02442440,,[]
Peking University International Hospital,Beijing Municipality,Beijing,34,11,Peking University International Hospital | Peking University international Hospital,unmatched,0,NCT02880761,https://clinicaltrials.gov/study/NCT02880761,,[]
The Second Affiliated Hospital of Hainan Medical University,Hainan,Haikou,34,18,The Second Affiliated Hospital of Hainan Medical University,unmatched,0,NCT03613272,https://clinicaltrials.gov/study/NCT03613272,,[]
Union Hospital affiliated to Tongji Medical College of Huazhong University of Science and Technology,Hubei,Wuhan,34,10,Union Hospital affiliated to Tongji Medical College of Huazhong University of Science and Technology | Union Hospital Affiliated to Tongji Medical College of Huazhong University of Science and Technology,unmatched,0,NCT02867267,https://clinicaltrials.gov/study/NCT02867267,,[]
Xuzhou Central Hospital,,Xuzhou,34,14,Xuzhou Central Hospital | XuZhou Central Hospital | Xuzhou Central hospital | Xuzhou central hospital,unmatched,0,NCT02930837,https://clinicaltrials.gov/study/NCT02930837,,[]
Zhengzhou Central Hospital,Henan,Zhengzhou,34,12,"Zhengzhou Central Hospital | Zhengzhou Central Hospital, , | Zhengzhou central hospital",unmatched,0,NCT03406819,https://clinicaltrials.gov/study/NCT03406819,,[]
"the First Affiliated Hospital, School of Medicine, Zhejiang University",Zhejiang,Hangzhou,34,18,"the First Affiliated Hospital, School of Medicine, Zhejiang University | The First Affiliated Hospital, School of Medicine, Zhejiang University | the First Affiliated Hospital,School of Medicine, Zhejiang University | The First Affiliated Hospital, School of Medicine, ZheJiang University | The First affiliated Hospital, School of Medicine, Zhejiang University",unmatched,0,NCT01598142,https://clinicaltrials.gov/study/NCT01598142,,[]
Affiliated Zhongshan Hospital of Fudan University,Shanghai Municipality,Shanghai,33,4,Affiliated Zhongshan Hospital of Fudan University | Affiliated Zhongshan Hospital Of Fudan University,unmatched,0,NCT03412773,https://clinicaltrials.gov/study/NCT03412773,,[]
Changsha Central Hospital,Hunan,Changsha,33,6,Changsha Central Hospital,unmatched,0,NCT01677208,https://clinicaltrials.gov/study/NCT01677208,,[]
Ningbo No.2 Hospital,Zhejiang,Ningbo,33,11,Ningbo No.2 Hospital | Ningbo No. 2 Hospital | Ningbo NO 2 Hospital | Ning Bo No.2 Hospital | NINGBO No.2 Hospital | NingBo No.2 Hospital | Ningbo NO.2 Hospital,unmatched,0,NCT02213380,https://clinicaltrials.gov/study/NCT02213380,,[]
Pingxiang People's Hospital,,Pingxiang,33,14,Pingxiang People's Hospital,unmatched,0,NCT03675477,https://clinicaltrials.gov/study/NCT03675477,,[]
Puyang Oilfield General Hospital,Henan,Puyang,33,13,Puyang Oilfield General Hospital,unmatched,0,NCT03388593,https://clinicaltrials.gov/study/NCT03388593,,[]
The Fifth Medical Center of PLA General Hospital,Beijing Municipality,Beijing,33,17,The Fifth Medical Center of PLA General Hospital | The fifth medical center of PLA general hospital | The fifth medical center of PLA General Hospital,unmatched,0,NCT02609828,https://clinicaltrials.gov/study/NCT02609828,,[]
The First Affiliated Hospital of Nanchang University Branch Donghu,Jiangxi,Nanchang,33,5,The First Affiliated Hospital of Nanchang University Branch Donghu,unmatched,0,NCT03336333,https://clinicaltrials.gov/study/NCT03336333,,[]
The First People's Hospital of Lianyungang,Jiangsu,Lianyungang,33,11,The First People's Hospital of Lianyungang | The first people's hospital of Lianyungang | The First People's Hospital Of Lianyungang | The First People's Hospital of Lian Yun Gang | The First People'S Hospital of Lianyungang | The First Peoples Hospital of Lianyungang,unmatched,0,NCT01368419,https://clinicaltrials.gov/study/NCT01368419,,[]
Xinxiang Central Hospital,Henan,Xinxiang,33,13,Xinxiang Central Hospital | Xinxiang central hospital | Xinxiang Central hospital,unmatched,0,NCT03431142,https://clinicaltrials.gov/study/NCT03431142,,[]
Anhui Chest Hospital,Anhui,Hefei,32,19,Anhui Chest Hospital | Anhui chest hospital | An Hui Chest Hospital | AnHui Chest Hospital,unmatched,0,NCT02901288,https://clinicaltrials.gov/study/NCT02901288,,[]
Biological treatment center in Fuda cancer hospital,Guangdong,Guangzhou,32,0,Biological treatment center in Fuda cancer hospital,unmatched,0,NCT02074046,https://clinicaltrials.gov/study/NCT02074046,,[]
Cancer center of Sun Yat-sen University,Guangdong,Guangzhou,32,19,Cancer center of Sun Yat-sen University | Cancer center of SunYat-sen University | Cancer Center of Sun Yat-sen University | Cancer Center of Sun-Yat Sen University | Cancer Center of Sun Yat-Sen University | Cancer center of Sun Yat sen University | cancer center of Sun yat-sen University,unmatched,0,NCT00642239,https://clinicaltrials.gov/study/NCT00642239,,[]
Children's Hospital of Soochow University,Jiangsu,Suzhou,32,16,Children's Hospital of Soochow University | Children's Hospital Of Soochow University | Children's hospital of Soochow University | Childrens' Hospital of Soochow University | Childrens Hospital of Soochow University,unmatched,0,NCT01500551,https://clinicaltrials.gov/study/NCT01500551,,[]
Dongguan People's Hospital,,Dongguan,32,15,Dongguan People's Hospital | Dongguan People s Hospital | Dongguan people's hospital,unmatched,0,NCT02062489,https://clinicaltrials.gov/study/NCT02062489,,[]
Eye & ENT Hospital of Fudan University,,Shanghai,32,14,Eye & ENT Hospital of Fudan University | Eye & Ent Hospital of Fudan University | Eye&Ent Hospital of Fudan University,unmatched,0,NCT01157715,https://clinicaltrials.gov/study/NCT01157715,,[]
First Affiliated Hospital of Gannan Medical University,Jiangxi,Ganzhou,32,14,First Affiliated Hospital of Gannan Medical University | First Affiliated Hospital Of Gannan Medical University,unmatched,0,NCT02398110,https://clinicaltrials.gov/study/NCT02398110,,[]
Jilin Province People's Hospital,Jilin,Changchun,32,6,Jilin Province People's Hospital | Jilin Province Peoples Hospital | Jilin Province People's hospital,unmatched,0,NCT01677208,https://clinicaltrials.gov/study/NCT01677208,,[]
Jinling Hospital,Jiangsu,Nanjing,32,19,Jinling Hospital | Jinling hospital | JinLing hospital,unmatched,0,NCT01176916,https://clinicaltrials.gov/study/NCT01176916,,[]
Nanyang First People's Hospital,Henan,Nanyang,32,8,Nanyang First People's Hospital | Nanyang First Peoples Hospital | NanYang First people's hospital | Nanyang First People'S Hospital | Nanyang first people's Hospital,unmatched,0,NCT03544905,https://clinicaltrials.gov/study/NCT03544905,,[]
Shanghai Ninth People's Hospital,Shanghai Municipality,Shanghai,32,6,Shanghai Ninth People's Hospital | Shanghai ninth people's hospital,unmatched,0,NCT00829660,https://clinicaltrials.gov/study/NCT00829660,,[]
Shanghai Skin Disease Hospital,,Shanghai,32,7,Shanghai Skin Disease Hospital | Shanghai skin disease hospital,unmatched,0,NCT03782792,https://clinicaltrials.gov/study/NCT03782792,,[]
"Sixth Affiliated Hospital, Sun Yat-sen University",Guangdong,Guangzhou,32,21,"Sixth Affiliated Hospital, Sun Yat-sen University | Sixth affiliated Hospital, Sun Yat-Sen University | Sixth Affiliated Hospital ,Sun Yat-sen University | Sixth affiliated Hospital, Sun Yat-sen University",unmatched,0,NCT02649647,https://clinicaltrials.gov/study/NCT02649647,,[]
The First Affiliated Hospital of Jinzhou Medical University,Liaoning,Jinzhou,32,9,The First Affiliated Hospital of Jinzhou Medical University | The First Affiliated Hospital of JINZHOU Medical University,unmatched,0,NCT02984917,https://clinicaltrials.gov/study/NCT02984917,,[]
The First Affiliated Hospital of USTC Anhui Provincial Hospital,Anhui,Hefei,32,18,"The First Affiliated Hospital of USTC Anhui Provincial Hospital | The First Affiliated Hospital of USTC (Anhui Provincial Hospital) | The First Affiliated Hospital of USTC(Anhui Provincial Hospital) | The First Affiliated Hospital of USTC, Anhui Provincial Hospital | The first affiliated hospital of ustc anhui provincial hospital | The First Affiliated Hospital of USTC (AnHui Provincial Hospital) | The First Affiliated Hospital of USTC / Anhui Provincial Hospital | The first affiliated hospital of USTC (Anhui Provincial Hospital) | The First Affiliated Hospital of USTC /Anhui Provincial Hospital | The First Affiliated Hospital of Ustc（Anhui Provincial Hospital） | The First Affiliated Hospital Of USTC Anhui Provincial Hospital | The First Affiliated Hospital of USTC;Anhui Provincial Hospital | The First Affiliated Hospital of USTC，Anhui Provincial Hospital | The First Affiliated Hospital of Ustc Anhui Provincial Hospital",unmatched,0,NCT03416179,https://clinicaltrials.gov/study/NCT03416179,,[]
"The First Affiliated Hospital, Zhejiang University",,Hangzhou,32,12,"The First Affiliated Hospital, Zhejiang University | The First Affiliated Hospital Zhejiang University | The first affiliated hospital Zhejiang university",unmatched,0,NCT01125566,https://clinicaltrials.gov/study/NCT01125566,,[]
The Second Affiliated Hospital of Nanjing Medical University,,Nanjing,32,11,The Second Affiliated Hospital of Nanjing Medical University,unmatched,0,NCT03984760,https://clinicaltrials.gov/study/NCT03984760,,[]
"The Third Affiliated Hospital, Sun Yat-Sen University",Guangdong,Guangzhou,32,12,"The Third Affiliated Hospital, Sun Yat-Sen University | The Third Affiliated Hospital, Sun Yat-sen University | The Third Affiliated Hospital, Sun Yat Sen University | The Third Affiliated Hospital,Sun Yat Sen University | The Third Affiliated Hospital,Sun Yat-sen University | The third affiliated hospital sun yat-sen university | the Third Affiliated Hospital,Sun Yat-Sen University",unmatched,0,NCT00796692,https://clinicaltrials.gov/study/NCT00796692,,[]
The University of Hong Kong-Shenzhen Hospital,Guangdong,Shenzhen,32,12,"The University of Hong Kong-Shenzhen Hospital | The University of Hong Kong - Shenzhen Hospital | The university of Hong Kong-Shenzhen Hospital | The University of Hong Kong - Shenzhen Hospital, | The University of Hong Kong Shenzhen hospital",unmatched,0,NCT02103257,https://clinicaltrials.gov/study/NCT02103257,,[]
Zhongda Hospital,Jiangsu,Nanjing,32,16,Zhongda Hospital | Zhongda hospital | Zhong Da Hospital,unmatched,0,NCT02206815,https://clinicaltrials.gov/study/NCT02206815,,[]
Cancer hospital Fudan University,Shanghai Municipality,Shanghai,31,22,"Cancer hospital Fudan University | Cancer Hospital, Fudan University | Cancer Hospital,Fudan University | Cancer Hospital，Fudan University",unmatched,0,NCT00839111,https://clinicaltrials.gov/study/NCT00839111,,[]
Fuwai Central China Cardiovascular Hospital,Henan,Zhengzhou,31,16,Fuwai Central China Cardiovascular Hospital | Fuwai central China cardiovascular Hospital | Fuwai Central-China Cardiovascular Hospital | Fuwai central China Cardiovascular hospital,unmatched,0,NCT03431142,https://clinicaltrials.gov/study/NCT03431142,,[]
Fuwai Hospital,,Beijing,31,9,Fuwai Hospital | Fu Wai Hospital | Fuwai hospital | FuWai Hospital,unmatched,0,NCT00402272,https://clinicaltrials.gov/study/NCT00402272,,[]
Ganzhou People's Hospital,Jiangxi,Ganzhou,31,14,Ganzhou People's Hospital,unmatched,0,NCT04381143,https://clinicaltrials.gov/study/NCT04381143,,[]
Institute of Hematology and Blood Diseases Hospital Chinese Academy of Medical Sciences,,Tianjin,31,15,"Institute of Hematology and Blood Diseases Hospital Chinese Academy of Medical Sciences | Institute of Hematology and Blood Diseases Hospital, Chinese Academy of Medical Sciences | Institute of Hematology and Blood Diseases Hospital, Chinese Academy of Medical Sciences, | Institute of Hematology and Blood Diseases Hospital ,Chinese Academy of Medical Sciences",unmatched,0,NCT01564784,https://clinicaltrials.gov/study/NCT01564784,,[]
Ningbo Medical Center Lihuili Hospital,,Ningbo,31,14,Ningbo Medical Center Lihuili Hospital | Ningbo medical center lihuili hospital | Ningbo Medical Center Li Huili Hospital | NingBo Medical Center LiHuiLi Hospital | Ningbo Medical Center LIHUILI Hospital | Ningbo Medical Center LiHuili Hospital,unmatched,0,NCT04536558,https://clinicaltrials.gov/study/NCT04536558,,[]
Peking University Sixth Hospital,Beijing Municipality,Beijing,31,8,Peking University Sixth Hospital | Peking university sixth hospital,unmatched,0,NCT01065259,https://clinicaltrials.gov/study/NCT01065259,,[]
Qilu Hospital,Shandong,Jinan,31,18,Qilu Hospital | Qilu hospital,unmatched,0,NCT02166554,https://clinicaltrials.gov/study/NCT02166554,,[]
"Ren Ji Hospital, School of Medicine, Shanghai Jiao Tong University",,Shanghai,31,23,"Ren Ji Hospital, School of Medicine, Shanghai Jiao Tong University | Renji Hospital, School of Medicine, Shanghai Jiaotong University | Renji Hospital, School of Medicine, Shanghai Jiao Tong University | Ren Ji Hospital, School of Medicine, Shanghai Jiaotong University | RenJi hospital, school of Medicine, Shanghai Jiao Tong University | Renji Hospital,School of Medicine,Shanghai Jiaotong University",unmatched,0,NCT02033980,https://clinicaltrials.gov/study/NCT02033980,,[]
"Second Affiliated Hospital, Zhejiang University School of Medicine",Zhejiang,Hangzhou,31,15,"Second Affiliated Hospital, Zhejiang University School of Medicine | Second Affiliated Hospital Zhejiang University School of Medicine | Second Affiliated Hospital,Zhejiang University School of Medicine | Second affiliated hospital, Zhejiang university school of medicine | Second affiliated Hospital Zhejiang University School of Medicine | Second Affiliated Hospital, Zhejiang University School of Medicine, | Second Affiliated Hospital, Zhejiang University, School of Medicine",unmatched,0,NCT01642771,https://clinicaltrials.gov/study/NCT01642771,,[]
Shanghai Zhongshan Hospital,,Shanghai,31,15,Shanghai Zhongshan Hospital | Shanghai zhongshan hospital,unmatched,0,NCT00239382,https://clinicaltrials.gov/study/NCT00239382,,[]
Southern Medical University Nanfang Hospital,Guangdong,Guangzhou,31,13,"Southern Medical University Nanfang Hospital | Southern Medical University - Nanfang Hospital | Southern Medical University, Nanfang Hospital | Southern Medical University NanFang Hospital | Southern medical university Nanfang hospital",unmatched,0,NCT00915018,https://clinicaltrials.gov/study/NCT00915018,,[]
The Second Hospital of Shandong University,Shandong,Jinan,31,14,"The Second Hospital of Shandong University | The Second Hospital of Shandong University, | The second hospital of shandong university | the Second Hospital of Shandong University",unmatched,0,NCT01131637,https://clinicaltrials.gov/study/NCT01131637,,[]
The Third Hospital of Changsha,Hunan,Changsha,31,8,The Third Hospital of Changsha | The Third hospital of Changsha,unmatched,0,NCT00829660,https://clinicaltrials.gov/study/NCT00829660,,[]
Tianjin Huanhu Hospital,Tianjin Municipality,Tianjin,31,9,Tianjin Huanhu Hospital | Tianjin HuanHu Hospital,unmatched,0,NCT01929096,https://clinicaltrials.gov/study/NCT01929096,,[]
Tianjin People's Hospital,,Tianjin,31,10,Tianjin People's Hospital | Tianjin People' s Hospital | Tianjin people's Hospital | Tianjin Peoples Hospital,unmatched,0,NCT01228734,https://clinicaltrials.gov/study/NCT01228734,,[]
Zhongnan Hospital of Wuhan University,,Wuhan,31,14,Zhongnan Hospital of Wuhan University | Zhongnan Hospital Of Wuhan University,unmatched,0,NCT01744366,https://clinicaltrials.gov/study/NCT01744366,,[]
Affiliated Hospital of Guilin Medical University,Guangxi,Gui'lin,30,9,Affiliated Hospital of Guilin Medical University | Affiliated Hospital Of Guilin Medical University | Affiliated hospital of Guilin Medical university,unmatched,0,NCT01569516,https://clinicaltrials.gov/study/NCT01569516,,[]
"Department of Nuclear Medicine, First Affiliated Hospital of Fujian Medical University",Fujian,Fuzhou,30,22,"Department of Nuclear Medicine, First Affiliated Hospital of Fujian Medical University",unmatched,0,NCT02723760,https://clinicaltrials.gov/study/NCT02723760,,[]
Hainan General Hospital,,Haikou,30,12,Hainan General Hospital | Hainan general hospital,unmatched,0,NCT02024373,https://clinicaltrials.gov/study/NCT02024373,,[]
Heping Hospital Affiliated to Changzhi Medical College,Shanxi,Changzhi,30,11,Heping Hospital Affiliated to Changzhi Medical College | Heping Hospital affiliated to Changzhi Medical College | Heping Hospital Affiliated To Changzhi Medical College | Heping hospital affiliated to Changzhi medical college | Heping hospital affiliated to changzhi medical college,unmatched,0,NCT03668496,https://clinicaltrials.gov/study/NCT03668496,,[]
Heze Municipal Hospital,Shandong,Heze,30,13,Heze Municipal Hospital,unmatched,0,NCT03261375,https://clinicaltrials.gov/study/NCT03261375,,[]
Huadong Hospital Affiliated to Fudan University,,Shanghai,30,9,"Huadong Hospital Affiliated to Fudan University | Huadong Hospital affiliated to Fudan University | Hua Dong Hospital Affiliated to Fu Dan University | Huadong Hospital, Affiliated to Fudan University | Huadong Hospital Affiliated To Fudan University | Huadong hospital affiliated to Fudan university",unmatched,0,NCT02205112,https://clinicaltrials.gov/study/NCT02205112,,[]
Shandong Provincial Hospital,,Jinan,30,9,Shandong Provincial Hospital,unmatched,0,NCT01918098,https://clinicaltrials.gov/study/NCT01918098,,[]
Shanghai Changhai Hospital,,Shanghai,30,14,Shanghai Changhai Hospital | Shanghai Changhai hospital,unmatched,0,NCT00146341,https://clinicaltrials.gov/study/NCT00146341,,[]
The First Affiliated Hospital of Guangzhou University of Chinese Medicine,Guangdong,Guangzhou,30,15,The First Affiliated Hospital of Guangzhou University of Chinese Medicine | the first affiliated hospital of Guangzhou University of Chinese Medicine | The First Affiliated Hospital of Guangzhou University of Chinese Medicine.,unmatched,0,NCT01897805,https://clinicaltrials.gov/study/NCT01897805,,[]
The First Affiliated Hospital of Nanyang Medical College,Henan,Nanyang,30,9,The First Affiliated Hospital of Nanyang Medical College | The First affiliated Hospital of Nanyang Medical College | The First Affiliated Hospital Of Nanyang Medical College | The First affiliated Hospital of Nanyang Medical college | The first Affiliated Hospital of Nanyang Medical College,unmatched,0,NCT03544905,https://clinicaltrials.gov/study/NCT03544905,,[]
The First Affiliated Hospital of Suzhou University,Jiangsu,Suzhou,30,5,The First Affiliated Hospital of Suzhou University | The first affiliated hospital of Suzhou university | The First Affiliated Hospital of SuZhou University | The First affiliated hospital of SuZhou University | The first affiliated hospital of Suzhou University | The first affiliated hospital of suzhou university | the First Affiliated Hospital of Suzhou University,unmatched,0,NCT00617981,https://clinicaltrials.gov/study/NCT00617981,,[]
The Fourth Hospital of Hebei Medical University,,Shijia Zhuang,30,11,The Fourth Hospital of Hebei Medical University | The Fourth Hospital Of Hebei Medical University | The fourth hospital of Hebei Medical University | the Fourth Hospital of Hebei Medical University,unmatched,0,NCT03059823,https://clinicaltrials.gov/study/NCT03059823,,[]
The Second Hospital of Anhui Medical University,,Hefei,30,7,The Second Hospital of Anhui Medical University | The Second Hospital Of Anhui Medical University | The Second Hospital Of AnHui Medical University | The second Hospital of Anhui Medical University | The second hospital of Anhui medical university,unmatched,0,NCT03974022,https://clinicaltrials.gov/study/NCT03974022,,[]
Xuanwu Hospital,,Beijing,30,11,Xuanwu Hospital | Xuan Wu Hospital | Xuanwu hospital | XuanWu Hospital | XuanWu hospital,unmatched,0,NCT00197392,https://clinicaltrials.gov/study/NCT00197392,,[]
Zhejiang Cancer Hospital,,Zhejiang,30,7,Zhejiang Cancer Hospital | Zhejiang cancer hospital,unmatched,0,NCT01702571,https://clinicaltrials.gov/study/NCT01702571,,[]
Affiliated Hospital of Hebei University,,Baoding,29,12,Affiliated Hospital of Hebei University | Affiliated hospital of hebei university,unmatched,0,NCT03520478,https://clinicaltrials.gov/study/NCT03520478,,[]
"Beijing Youan Hospital, Capital Medical University",,Beijing,29,8,"Beijing Youan Hospital, Capital Medical University | Beijing You'an Hospital,Capital Medical University | Beijing YouAn Hospital, Capital Medical University | Beijing Youan Hospital Capital Medical University | Beijing You 'an Hospital, Capital Medical University | Beijing You An Hospital, Capital Medical University | Beijing You'An Hospital, Capital Medical University | Beijing You'an Hospital, Capital Medical University | Beijing You An Hospital，Capital Medical University | Beijing YouAn Hospital，Capital Medical University",unmatched,0,NCT00617981,https://clinicaltrials.gov/study/NCT00617981,,[]
Chengdu Women's and Children's Central Hospital,Sichuan,Chengdu,29,6,Chengdu Women's and Children's Central Hospital | Chengdu women's and children's Central Hospital | Chengdu women's and children's central hospital,unmatched,0,NCT02336178,https://clinicaltrials.gov/study/NCT02336178,,[]
Jiangxi Provincial People's Hospital,,Nanchang,29,12,Jiangxi Provincial People's Hospital | JiangXi Provincial People's Hospital | Jiangxi Provincial Peoples Hospital | Jiangxi Provincial People 's Hospital,unmatched,0,NCT02205112,https://clinicaltrials.gov/study/NCT02205112,,[]
Nanfang Hospital,,Guangzhou,29,2,Nanfang Hospital | NanFang Hospital | Nan Fang Hospital | Nanfang hospital,unmatched,0,NCT01143662,https://clinicaltrials.gov/study/NCT01143662,,[]
Peking University Cancer Hospital & Institute,Beijing Municipality,Beijing,29,20,Peking University Cancer Hospital & Institute | Peking University Cancer Hospital &institute,unmatched,0,NCT01589159,https://clinicaltrials.gov/study/NCT01589159,,[]
Tangdu Hospital,Shan'xi,Xi'an,29,10,Tangdu Hospital | TangDu Hospital | Tangdu hospital | Tang Du Hospital | Tang-Du Hospital,unmatched,0,NCT00869778,https://clinicaltrials.gov/study/NCT00869778,,[]
The Fifth Affiliated Hospital Sun Yat-Sen University,Guangdong,Zhuhai,29,15,"The Fifth Affiliated Hospital Sun Yat-Sen University | The Fifth Affiliated Hospital, Sun Yat-sen University | The Fifth Affiliated Hospital Sun Yat-sen University | The Fifth Affiliated Hospital,Sun Yat-sen University | The Fifth Affiliated Hospital Sun Yat Sen University | The Fifth Affiliated Hospital, Sun Yat-Sen University | the Fifth Affiliated Hospital, Sun Yat-Sen University | The Fifth Affiliated Hospital Sun Yat sen University",unmatched,0,NCT02832635,https://clinicaltrials.gov/study/NCT02832635,,[]
The First Affiliated Hospital of Nanjing Medical University,,Nanjing,29,10,The First Affiliated Hospital of Nanjing Medical University | the First Affiliated Hospital of Nanjing Medical University,unmatched,0,NCT00412893,https://clinicaltrials.gov/study/NCT00412893,,[]
The Fourth Affiliated Hospital of Zhejiang University School of Medicine,Zhejiang,Yiwu,29,21,"The Fourth Affiliated Hospital of Zhejiang University School of Medicine | The Fourth Affiliated Hospital of Zhejiang University School of Medicine. | The Fourth Affiliated Hospital of Zhejiang University, School of Medicine | The Fourth Affiliated Hospital of Zhejiang University School of medicine | The Fourth Affiliated hospital of Zhejiang University School of Medicine",unmatched,0,NCT02562183,https://clinicaltrials.gov/study/NCT02562183,,[]
The Second Affiliated Hospital of Anhui Medical University,,Hefei,29,13,The Second Affiliated Hospital of Anhui Medical University | The Second Affiliated Hospital Of Anhui Medical University | The second affiliated hospital of Anhui medical university,unmatched,0,NCT02993731,https://clinicaltrials.gov/study/NCT02993731,,[]
Tongji Hospital affiliated to Tongji Medical College of Huazhong University of Science & Technology,Hubei,Wuhan,29,13,Tongji Hospital affiliated to Tongji Medical College of Huazhong University of Science & Technology | Tongji Hospital Affiliated to Tongji Medical College of Huazhong University of Science & Technology,unmatched,0,NCT04483115,https://clinicaltrials.gov/study/NCT04483115,,[]
Zhongshan Hospital Affiliated to Fudan University,,Shanghai,29,11,Zhongshan Hospital Affiliated to Fudan University | Zhongshan Hospital affiliated to Fudan University | Zhongshan hospital affiliated to Fudan University,unmatched,0,NCT00506246,https://clinicaltrials.gov/study/NCT00506246,,[]
Affiliated Hospital of Chengde Medical University,Hebei,Chengde,28,11,Affiliated Hospital of Chengde Medical University | Affiliated Hospital of ChengDe Medical University | Affiliated hospital of chengde medical university,unmatched,0,NCT01677208,https://clinicaltrials.gov/study/NCT01677208,,[]
Affiliated Hospital of Guizhou Medical University,Guizhou,Guiyang,28,10,Affiliated Hospital of Guizhou Medical University | Affiliated hospital of Guizhou Medical University | Affiliated hospital of Guizhou medical university,unmatched,0,NCT03550638,https://clinicaltrials.gov/study/NCT03550638,,[]
Affiliated Hospital of Jiangsu University,,Zhenjiang,28,9,Affiliated Hospital of Jiangsu University,unmatched,0,NCT02897349,https://clinicaltrials.gov/study/NCT02897349,,[]
Affiliated Hospital of Xuzhou Medical University,Jiangsu,Xuzhou,28,13,Affiliated Hospital of Xuzhou Medical University | Affiliated hospital of Xuzhou Medical University,unmatched,0,NCT03189901,https://clinicaltrials.gov/study/NCT03189901,,[]
Beijing Ditan Hospital Capital Medical University,,Beijing,28,7,"Beijing Ditan Hospital Capital Medical University | Beijing Ditan Hospital, Capital Medical University",unmatched,0,NCT01436539,https://clinicaltrials.gov/study/NCT01436539,,[]
Beijing Shijitan Hospital,Beijing Municipality,Beijing,28,7,Beijing Shijitan Hospital | Beijing SHIJITAN Hospital | Beijing shijitan hospital,unmatched,0,NCT00664846,https://clinicaltrials.gov/study/NCT00664846,,[]
Changzhi People's Hospital,Shanxi,Changzhi,28,9,Changzhi People's Hospital | Changzhi People'S Hospital | Changzhi Peoples Hospital | Chang zhi People's Hospital | Changzhi people's hospital,unmatched,0,NCT03789760,https://clinicaltrials.gov/study/NCT03789760,,[]
Hangzhou First People's Hospital,,Hangzhou,28,11,Hangzhou First People's Hospital,unmatched,0,NCT01529957,https://clinicaltrials.gov/study/NCT01529957,,[]
Huzhou Central Hospital,,Huzhou,28,9,Huzhou Central Hospital | Huzhou central hospital,unmatched,0,NCT03675477,https://clinicaltrials.gov/study/NCT03675477,,[]
Jinhua Municipal Central Hospital,,Jinhua,28,12,Jinhua Municipal Central Hospital | Jinhua municipal central hospital,unmatched,0,NCT02099721,https://clinicaltrials.gov/study/NCT02099721,,[]
Lanzhou University Second Hospital,,Lanzhou,28,10,Lanzhou University Second Hospital | Lanzhou university second hospital,unmatched,0,NCT01529476,https://clinicaltrials.gov/study/NCT01529476,,[]
Ruijin Hospital Affiliated to Shanghai Jiao Tong University School of Medicine,,Shanghai,28,9,"Ruijin Hospital Affiliated to Shanghai Jiao Tong University School of Medicine | Ruijin Hospital Affiliated to Shanghai Jiaotong University School of Medicine | Ruijin Hospital affiliated to Shanghai Jiao Tong University School of Medicine | Ruijin Hospital Affiliated to Shanghai Jiaotong University School of Medicine, | Ruijin Hospital Affiliated to Shanghai JiaoTong University School of Medicine | Ruijin Hospital affiliated to Shanghai JiaoTong University School of Medicine | Ruijin Hospital affiliated to Shanghai Jiaotong University School of Medicine",unmatched,0,NCT01012258,https://clinicaltrials.gov/study/NCT01012258,,[]
Shanghai Tongji Hospital,Shanghai Municipality,Shanghai,28,13,Shanghai Tongji Hospital,unmatched,0,NCT01681316,https://clinicaltrials.gov/study/NCT01681316,,[]
Shanghai Xuhui Central Hospital,,Shanghai,28,3,Shanghai Xuhui Central Hospital | Shanghai Xuhui Central hospital,unmatched,0,NCT03322800,https://clinicaltrials.gov/study/NCT03322800,,[]
"Sir Run Run Shaw Hospital, School of Medicine, Zhejiang University",Zhejiang,Hangzhou,28,2,"Sir Run Run Shaw Hospital, School of Medicine, Zhejiang University | Sir Run Run Shaw Hospital School of Medicine, Zhejiang University | Sir Run Run Shaw Hospital,School of Medicine, Zhejiang University | Sir RUN RUN Shaw Hospital, School of Medicine, Zhejiang University | Sir Run Run Shaw Hospital, School of medicine, Zhejiang University | Sir Run Run Shaw Hospital School of medicine, Zhejiang University | Sir Run Run Shaw Hospital,School of Medicine,Zhejiang University",unmatched,0,NCT01228734,https://clinicaltrials.gov/study/NCT01228734,,[]
Southwest Hospital,,Chongqing,28,6,Southwest Hospital | South West hospital | Southwest hospital,unmatched,0,NCT00622986,https://clinicaltrials.gov/study/NCT00622986,,[]
The First Affiliated Hospital of Guangdong Pharmaceutical University,Guangdong,Guangzhou,28,18,The First Affiliated Hospital of Guangdong Pharmaceutical University | The First affiliated Hospital of Guangdong Pharmaceutical University | The first affiliated hospital of guangdong pharmaceutical university,unmatched,0,NCT00829660,https://clinicaltrials.gov/study/NCT00829660,,[]
Tianjin Medical University Eye Hospital,Tianjin Municipality,Tianjin,28,11,Tianjin Medical University Eye Hospital | TianJin Medical University Eye Hospital,unmatched,0,NCT02121262,https://clinicaltrials.gov/study/NCT02121262,,[]
"West China Second University Hospital, Sichuan University",Sichuan,Chengdu,28,10,"West China Second University Hospital, Sichuan University | West China Second University Hospital,Sichuan University | West China Second University Hospital Sichuan University",unmatched,0,NCT04164199,https://clinicaltrials.gov/study/NCT04164199,,[]
Affiliated Cancer Hospital of Harbin Medical University,Heilongjiang,Harbin,27,12,Affiliated Cancer Hospital of Harbin Medical University | Affiliated cancer hospital of harbin medical university | Affiliated Cancer Hospital Of Harbin Medical University,unmatched,0,NCT02929290,https://clinicaltrials.gov/study/NCT02929290,,[]
Affiliated Hospital of Nantong University,,Nantong,27,11,Affiliated Hospital of Nantong University | Affiliated hospital of nantong university,unmatched,0,NCT01641939,https://clinicaltrials.gov/study/NCT01641939,,[]
Biotherapeutic Department of Chinese PLA General Hospital,Beijing Municipality,Beijing,27,24,Biotherapeutic Department of Chinese PLA General Hospital,unmatched,0,NCT01735604,https://clinicaltrials.gov/study/NCT01735604,,[]
"Cancer Hospital Chinese Academy of Medical Sciences, Shenzhen Center",Guangdong,Shenzhen,27,15,"Cancer Hospital Chinese Academy of Medical Sciences, Shenzhen Center | Cancer Hospital, Chinese Academy of Medical Sciences, Shenzhen Center | Cancer Hospital Chinese Academy Of Medical Sciences, Shenzhen Center | Cancer Hospital Chinese Academy Of medical Sciences Shenzhen Center | Cancer Hospital Chinese Academy of Medical Sciences, shenzhen center | Cancer Hospital Chinese Academy of Medical Sciences. Shenzhen Center | Cancer Hospital Chinese Academy Of Medical Sciences,Shenzhen Center | Cancer Hospital Chinese Academy of Medical Sciences,Shenzhen Center | Cancer Hospital Chinese Academy of Medical Sciences，Shenzhen center",unmatched,0,NCT03753685,https://clinicaltrials.gov/study/NCT03753685,,[]
First Affiliated Hospital of Guangxi Medical University,Guangxi,Nanning,27,11,First Affiliated Hospital of Guangxi Medical University,unmatched,0,NCT01088009,https://clinicaltrials.gov/study/NCT01088009,,[]
First Affiliated Hospital of Medical College of Xi'an Jiaotong University,,Xi'an,27,2,First Affiliated Hospital of Medical College of Xi'an Jiaotong University,unmatched,0,NCT01192880,https://clinicaltrials.gov/study/NCT01192880,,[]
Hangzhou Cancer Hospital,Zhejiang,Hangzhou,27,17,Hangzhou Cancer Hospital | Hangzhou Cancer hospital | Hangzhou cancer hospital,unmatched,0,NCT01494415,https://clinicaltrials.gov/study/NCT01494415,,[]
Hangzhou Third People's Hospital,Zhejiang,Hangzhou,27,10,Hangzhou Third People's Hospital | Hangzhou Third people's Hospital,unmatched,0,NCT04717310,https://clinicaltrials.gov/study/NCT04717310,,[]
Huaihe Hospital of Henan University,Henan,Kaifeng,27,10,Huaihe Hospital of Henan University | Huai He Hospital of Henan University,unmatched,0,NCT03210324,https://clinicaltrials.gov/study/NCT03210324,,[]
Inner Mongolia Baogang Hospital,Inner Mongolia,Baotou,27,3,Inner Mongolia Baogang Hospital | Inner Mongolia Bao Gang Hospital | Inner Mongolia BaoGang Hospital | Inner Mongolia Baogang hospital,unmatched,0,NCT01975376,https://clinicaltrials.gov/study/NCT01975376,,[]
Jining First People's Hospital,Shandong,Jining,27,18,Jining First People's Hospital | JiNing First People's Hospital | Jining first people's Hospital,unmatched,0,NCT02632149,https://clinicaltrials.gov/study/NCT02632149,,[]
Northern Jiangsu People's Hospital,,Yangzhou,27,11,Northern Jiangsu People's Hospital | Northern Jiangsu Peoples Hospital | Northern Jiangsu People'S Hospital,unmatched,0,NCT01121393,https://clinicaltrials.gov/study/NCT01121393,,[]
Sanmenxia Central Hospital,Henan,Sanmenxia,27,5,Sanmenxia Central Hospital | San Menxia Central Hospital,unmatched,0,NCT04078737,https://clinicaltrials.gov/study/NCT04078737,,[]
Taian City Central Hospital,Shandong,Taian,27,9,Taian City Central Hospital | Tai'an City Central Hospital | Tai 'an City Central Hospital,unmatched,0,NCT00829660,https://clinicaltrials.gov/study/NCT00829660,,[]
The 2nd Affiliated Hospital of Harbin Medical University,Heilongjiang,Harbin,27,9,The 2nd Affiliated Hospital of Harbin Medical University | The 2nd Affiliated Hospital Of Harbin Medical University | The 2nd Affiliated Hospital of Harbin Medical university | The 2nd affiliated Hospital of Harbin Medical University | The 2nd affiliated hospital of harbin medical university,unmatched,0,NCT00736515,https://clinicaltrials.gov/study/NCT00736515,,[]
The First Affiliated Hospital of Sun Yat-sen University,,Guangzhou,27,5,The First Affiliated Hospital of Sun Yat-sen University | The First Affiliated Hospital of Sun Yat-Sen University | The first affiliated hospital of sun yat-sen university,unmatched,0,NCT03465722,https://clinicaltrials.gov/study/NCT03465722,,[]
The First Hospital of Jilin University,,Jilin City,27,8,The First Hospital of Jilin University | the First Hospital of Jilin University,matched_location_conflict,1,NCT02112656,https://clinicaltrials.gov/study/NCT02112656,"Approved name found, but reported location did not pass filters; review spelling, missing location aliases and actual conflicts","[{""hospital_id"": ""cnha-cfdi-28c180c3c0a803337c9a4eaf72b893ea"", ""official_name"": ""吉林大学第一医院"", ""filing_number"": ""药临床机构备字2020000193"", ""province"": ""吉林省"", ""city"": ""长春市"", ""matched_alias"": ""The First Hospital of Jilin University""}]"
The First People's Hospital of Foshan,,Foshan,27,18,The First People's Hospital of Foshan | The first people's hospital of Foshan,unmatched,0,NCT04085276,https://clinicaltrials.gov/study/NCT04085276,,[]
The Second Affiliated Hospital of Shandong First Medical University,Shandong,Taian,27,15,The Second Affiliated Hospital of Shandong First Medical University,unmatched,0,NCT05068921,https://clinicaltrials.gov/study/NCT05068921,,[]
The Second Hospital of Nanjing,Jiangsu,Nanjing,27,6,The Second Hospital of Nanjing | the second hospital of Nanjing,unmatched,0,NCT01326546,https://clinicaltrials.gov/study/NCT01326546,,[]
Wuhan Central Hospital,Hubei,Wuhan,27,9,Wuhan Central Hospital,unmatched,0,NCT03338010,https://clinicaltrials.gov/study/NCT03338010,,[]
Wuhan No.1 Hospital,Hubei,Wuhan,27,7,Wuhan No.1 Hospital | Wuhan NO.1 Hospital | Wuhan No. 1 Hospital | Wuhan No.1 hospital,unmatched,0,NCT02441556,https://clinicaltrials.gov/study/NCT02441556,,[]
Central Hospital Affiliated to Shandong First Medical University,Shandong,Jinan,26,10,Central Hospital Affiliated to Shandong First Medical University | Central Hospital Affiliated To Shandong First Medical University | Central Hospital Affiliated to ShanDong First Medical University | Central Hospital Affiliated to Shandong First medical University | Central Hospital affiliated to Shandong First Medical University | Central hospital affiliated to Shandong first medical university,unmatched,0,NCT03431142,https://clinicaltrials.gov/study/NCT03431142,,[]
Eastern hepatobilliary surgery hospital,Shanghai Municipality,Shanghai,26,7,Eastern hepatobilliary surgery hospital,unmatched,0,NCT00819650,https://clinicaltrials.gov/study/NCT00819650,,[]
First Affiliated Hospital of Nanjing Medical University,Jiangsu,Nanjing,26,13,First Affiliated Hospital of Nanjing Medical University,unmatched,0,NCT00911508,https://clinicaltrials.gov/study/NCT00911508,,[]
First Affiliated Hospital of Xi'an Jiaotong University,Shanxi,XiAn,26,12,First Affiliated Hospital of Xi'an Jiaotong University | First Affiliated Hospital of Xian Jiaotong University | First Affiliated Hospital of Xi 'an Jiaotong University | First Affiliated Hospital of Xi'an Jiao tong University | First Affiliated Hospital Of Xi'an Jiaotong University,unmatched,0,NCT02103257,https://clinicaltrials.gov/study/NCT02103257,,[]
Fudan University Zhongshan Hospital,Shanghai Municipality,Shanghai,26,12,"Fudan University Zhongshan Hospital | Fudan University,ZhongShan Hospital | Fudan University-Zhongshan Hospital | Fudan University, Zhongshan Hospital | Fudan University ZhongShan Hospital",unmatched,0,NCT01489566,https://clinicaltrials.gov/study/NCT01489566,,[]
"Fuwai Hospital, Chinese Academy of Medical Sciences",,Beijing,26,9,"Fuwai Hospital, Chinese Academy of Medical Sciences | Fuwai Hospital Chinese Academy of Medical Sciences | Fu Wai Hospital, Chinese Academy of Medical Sciences | Fuwai hospital chinese Academy of Medical Sciences",unmatched,0,NCT02617446,https://clinicaltrials.gov/study/NCT02617446,,[]
General Hospital of Eastern Theater Command,Jiangsu,Nanjing,26,14,General Hospital of Eastern Theater Command | General hospital of eastern theater command | General Hospital Of Eastern Theater Command | General Hospital of eastern theater command | General hospital of Eastern Theater Command,unmatched,0,NCT01560052,https://clinicaltrials.gov/study/NCT01560052,,[]
Guangxi Medical University Cancer Hospital,,Nanning,26,13,Guangxi Medical University Cancer Hospital,unmatched,0,NCT03704246,https://clinicaltrials.gov/study/NCT03704246,,[]
Henan Tumor Hospital,Henan,Zhengzhou,26,8,Henan Tumor Hospital | HeNan Tumor Hospital,unmatched,0,NCT02117726,https://clinicaltrials.gov/study/NCT02117726,,[]
Jiangxi Pingxiang People's Hospital,Jiangxi,Pingxiang,26,1,Jiangxi Pingxiang People's Hospital | Jiangxi PingXiang people's Hospital | JiangXi PingXiang People's Hospital | Jiangxi PingXiang People's Hospital | Jiangxi Pingxiang people's Hospital,unmatched,0,NCT02231125,https://clinicaltrials.gov/study/NCT02231125,,[]
"National Cancer Center/Cancer Hospital, Chinese Academy of Medical Sciences and Peking Union Medical College",,Beijing,26,15,"National Cancer Center/Cancer Hospital, Chinese Academy of Medical Sciences and Peking Union Medical College | National Cancer Center/Cancer Hospital, Chinese ACademy of Medical Sciences and Peking Union Medical College | National Cancer Center / Cancer Hospital, Chinese Academy of Medical Sciences and Peking Union Medical College | National Cancer Center/Cancer hospital, Chinese Academy of Medical Sciences and Peking Union Medical College | National Cancer Center/Cancer Hospital,Chinese Academy of Medical Sciences and Peking Union Medical College",unmatched,0,NCT03398941,https://clinicaltrials.gov/study/NCT03398941,,[]
"National Cancer Center/Cancer Hospital, Chinese Academy of Medical Sciences and Peking Union Medical College",Beijing Municipality,Beijing,26,20,"National Cancer Center/Cancer Hospital, Chinese Academy of Medical Sciences and Peking Union Medical College | National Cancer Center/Cancer Hospital,Chinese Academy of Medical Sciences and Peking Union Medical College | National Cancer Center / Cancer Hospital, Chinese Academy of Medical Sciences and Peking Union Medical College | National Cancer Center/ Cancer Hospital, Chinese Academy of Medical Sciences and Peking Union Medical College | National Cancer Center, Cancer Hospital/Chinese Academy of Medical Sciences and Peking Union Medical College",unmatched,0,NCT02734680,https://clinicaltrials.gov/study/NCT02734680,,[]
"Shanghai Jiaotong University School of Medicine, Renji Hospital",Shanghai Municipality,Shanghai,26,13,"Shanghai Jiaotong University School of Medicine, Renji Hospital | Shanghai Jiao Tong University School of Medicine, Renji Hospital | Shanghai Jiaotong University School of Medicine,Renji Hospital | Shanghai Jiao Tong University School of Medicine，Renji Hospital | Shanghai Jiao-Tong University School of Medicine Renji Hospital | Shanghai Jiao Tong University School of Medicine Renji Hospital | shanghai Jiaotong University School of Medicine, Renji Hospital | Shanghai JiaoTong University School of Medicine，Renji Hospital | Shanghai Jiaotong University school of medicine,Renji Hospital | Shanghai jiaotong University School of Medicine,Renji Hospital",unmatched,0,NCT01513811,https://clinicaltrials.gov/study/NCT01513811,,[]
Shanxi Cardiovascular Hospital,Shanxi,Taiyuan,26,9,Shanxi Cardiovascular Hospital | ShanXi Cardiovascular Hospital,unmatched,0,NCT00829660,https://clinicaltrials.gov/study/NCT00829660,,[]
Tangshan People's Hospital,Hebei,Tangshan,26,12,Tangshan People's Hospital | Tangshan people's Hospital | Tangshan people's hospital,unmatched,0,NCT02625948,https://clinicaltrials.gov/study/NCT02625948,,[]
The Affiliated Hospital of Xuzhou Medical College,,Xuzhou,26,14,The Affiliated Hospital of Xuzhou Medical College,unmatched,0,NCT01143064,https://clinicaltrials.gov/study/NCT01143064,,[]
The First Affiliated Hospital of Hainan Medical University,Hainan,Haikou,26,8,The First Affiliated Hospital of Hainan Medical University | The first Affiliated Hospital of Hainan Medical University | The first affiliated hospital of Hainan Medical university | The first affiliated hospital of hainan medical university,unmatched,0,NCT04078737,https://clinicaltrials.gov/study/NCT04078737,,[]
The First Affiliated Hospital of USTC,Anhui,Hefei,26,7,The First Affiliated Hospital of USTC | The First Affiliated hospital of USTC | The First Affiliated Hospital OF USTC | The First Affiliated Hospital Of USTC | The First Affiliated Hospital of Ustc | The first affiliated hospital of ustc | the First Affiliated Hospital of USTC | the first affiliated hospital of USTC,unmatched,0,NCT04797013,https://clinicaltrials.gov/study/NCT04797013,,[]
The Third Affiliated Hospital of Guangzhou Medical University,Guangdong,Guangzhou,26,11,The Third Affiliated Hospital of Guangzhou Medical University | The Third Affiliated Hospital Of Guangzhou Medical University | The third Affiliated Hospital of Guangzhou Medical University | the Third Affiliated Hospital of Guangzhou Medical University,unmatched,0,NCT01922193,https://clinicaltrials.gov/study/NCT01922193,,[]
Tianjin Medical University Cancer Hospital,Tianjin Municipality,Tianjin,26,11,Tianjin Medical University Cancer Hospital | Tianjin medical university cancer hospital,unmatched,0,NCT01393093,https://clinicaltrials.gov/study/NCT01393093,,[]
Xijing Hospital of Digestive Diseases,Shaanxi,Xi'an,26,7,Xijing Hospital of Digestive Diseases | Xijing hospital of Digestive Diseases | Xijing hospital of digestive diseases,unmatched,0,NCT01496781,https://clinicaltrials.gov/study/NCT01496781,,[]
Zhuzhou Central Hospital,,Zhuzhou,26,14,Zhuzhou Central Hospital | ZhuZhou Central Hospital,unmatched,0,NCT02597933,https://clinicaltrials.gov/study/NCT02597933,,[]
Affiliated Hospital of Qingdao University,Shandong,Qingdao,25,12,Affiliated Hospital of Qingdao University,unmatched,0,NCT01983644,https://clinicaltrials.gov/study/NCT01983644,,[]
Anhui Cancer Hospital,Anhui,Hefei,25,13,Anhui Cancer Hospital,unmatched,0,NCT02748772,https://clinicaltrials.gov/study/NCT02748772,,[]
Cancer Center of Guangzhou Medical University,Guangdong,Guangzhou,25,9,Cancer Center of Guangzhou Medical University | Cancer Center Of Guangzhou Medical University | Cancer center of Guangzhou medical university,unmatched,0,NCT02309437,https://clinicaltrials.gov/study/NCT02309437,,[]
Cangzhou People's Hospital,Hebei,Cangzhou,25,9,Cangzhou People's Hospital | CANGZHOU People's Hospital | Cangzhou People'S Hospital | Cangzhou people's Hospital | Cangzhou Peoples Hospital,unmatched,0,NCT03089957,https://clinicaltrials.gov/study/NCT03089957,,[]
Changhai Hospital of Shanghai,Shanghai Municipality,Shanghai,25,8,Changhai Hospital of Shanghai,unmatched,0,NCT01642771,https://clinicaltrials.gov/study/NCT01642771,,[]
"Guang'anmen Hospital, China Academy of Chinese Medical Sciences",Beijing Municipality,Beijing,25,15,"Guang'anmen Hospital, China Academy of Chinese Medical Sciences | Guang'an Men Hospital, China Academy of Chinese Medical Sciences | Guang anmen Hospital, China Academy of Chinese Medical Sciences | Guang'anmen Hospital China Academy of Chinese Medical Sciences | Guang An Men Hospital China Academy of Chinese Medical Sciences | Guang anmen Hospital,China Academy of Chinese Medical Sciences | Guang'anmen Hospital,China Academy of Chinese Medical Sciences | Guanganmen Hospital,China Academy of Chinese Medical Sciences",unmatched,0,NCT01681316,https://clinicaltrials.gov/study/NCT01681316,,[]
Guangzhou First People's Hospital,,Guangzhou,25,10,Guangzhou First People's Hospital,unmatched,0,NCT02927067,https://clinicaltrials.gov/study/NCT02927067,,[]
Jiangxi Cancer Hospital,,Nanchang,25,10,Jiangxi Cancer Hospital | JiangXi Cancer Hospital | Jiangxi cancer hospital,unmatched,0,NCT03907826,https://clinicaltrials.gov/study/NCT03907826,,[]
Longhua Hospital Shanghai University of Traditional Chinese Medicine,Shanghai Municipality,Shanghai,25,9,"Longhua Hospital Shanghai University of Traditional Chinese Medicine | Longhua Hospital, Shanghai University of Traditional Chinese Medicine | LongHua Hospital Shanghai University of Traditional Chinese Medicine",unmatched,0,NCT02871453,https://clinicaltrials.gov/study/NCT02871453,,[]
Ningbo First Hospital,,Ningbo,25,8,Ningbo First Hospital,unmatched,0,NCT04552899,https://clinicaltrials.gov/study/NCT04552899,,[]
Qingdao Municipal Hospital,,Qingdao,25,8,Qingdao Municipal Hospital | QingDao Municipal Hospital | Qingdao municipal hospital,unmatched,0,NCT01459081,https://clinicaltrials.gov/study/NCT01459081,,[]
Shanghai Ruijin Hospital,,Shanghai,25,6,Shanghai Ruijin Hospital | Shanghai Rui Jin Hospital | Shanghai Rui-Jin Hospital,unmatched,0,NCT00240409,https://clinicaltrials.gov/study/NCT00240409,,[]
Shenzhen Children's Hospital,Guangdong,Shenzhen,25,7,Shenzhen Children's Hospital | Shenzhen Children 's Hospital | Shenzhen Childrens Hospital,unmatched,0,NCT03635073,https://clinicaltrials.gov/study/NCT03635073,,[]
The Affiliated Hospital of Xuzhou Medical College,Jiangsu,Xuzhou,25,11,The Affiliated Hospital of Xuzhou Medical College | The Affiliated Hospital Of Xuzhou Medical College | The Affiliated Hospital of XuZhou Medical College | The affiliated Hospital of Xuzhou Medical College,unmatched,0,NCT01848873,https://clinicaltrials.gov/study/NCT01848873,,[]
The Second Affiliated Hospital and Yuying Children's Hospital of Wenzhou Medical University,Zhejiang,Wenzhou,25,14,The Second Affiliated Hospital and Yuying Children's Hospital of Wenzhou Medical University | The second Affiliated Hospital and Yuying Children's Hospital of Wenzhou Medical University | The Second Affiliated Hospital and Yuying Childrens Hospital of Wenzhou Medical University,unmatched,0,NCT03105167,https://clinicaltrials.gov/study/NCT03105167,,[]
The Sixth Affiliated Hospital of Sun Yat-sen University,,Guangzhou,25,8,The Sixth Affiliated Hospital of Sun Yat-sen University | The Sixth Affiliated Hospital of Sun Yat-Sen University | The sixth Affiliated Hospital of Sun Yat-sen University | The sixth affiliated hospital of Sun Yat-Sen University | The Sixth Affiliated Hospital of Sun Yat- Sen University,unmatched,0,NCT02062489,https://clinicaltrials.gov/study/NCT02062489,,[]
Xiangtan Central Hospital,Hu'nan,Xiangtan,25,9,Xiangtan Central Hospital,unmatched,0,NCT02388737,https://clinicaltrials.gov/study/NCT02388737,,[]
Xijing Hospital,,Xi'an,25,8,Xijing Hospital | Xijing hospital,unmatched,0,NCT01554397,https://clinicaltrials.gov/study/NCT01554397,,[]
Zhongshan City People's Hospital,Guangdong,Zhongshan,25,13,Zhongshan City People's Hospital | Zhong Shan City People's Hospital | Zhongshan city People's Hospital,unmatched,0,NCT00565708,https://clinicaltrials.gov/study/NCT00565708,,[]
Zhongshan People's Hospital,Guangdong,Zhongshan,25,15,Zhongshan People's Hospital | Zhongshan Peoples Hospital | Zhong shan people's hospital | Zhongshan people's hospital,unmatched,0,NCT02173457,https://clinicaltrials.gov/study/NCT02173457,,[]
307 Hospital of PLA,Beijing Municipality,Beijing,24,6,307 Hospital of PLA | 307 Hospital of Pla | 307 hospital of PLA,unmatched,0,NCT01040780,https://clinicaltrials.gov/study/NCT01040780,,[]
"Beijing Tongren Hospital, CMU",Beijing Municipality,Beijing,24,7,"Beijing Tongren Hospital, CMU | Beijing Tongren Hospital, Cmu | Beijing Tongren Hospital,CMU | Beijing Tongren Hospital,Cmu | Beijing Tongren Hospital.CMU",unmatched,0,NCT04047862,https://clinicaltrials.gov/study/NCT04047862,,[]
Changzhou No 2 Peoples Hospital,,Changzhou,24,9,Changzhou No 2 Peoples Hospital | Changzhou No.2 People's Hospital | Changzhou NO.2 People's Hospital,unmatched,0,NCT03466411,https://clinicaltrials.gov/study/NCT03466411,,[]
Chengdu Fifth People's Hospital,Sichuan,Chengdu,24,13,Chengdu Fifth People's Hospital | Chengdu Fifth Peoples Hospital,unmatched,0,NCT04024137,https://clinicaltrials.gov/study/NCT04024137,,[]
"Daping Hospital, Third Military Medical University",Chongqing Municipality,Chongqing,24,11,"Daping Hospital, Third Military Medical University | Daping Hospital， Third Military Medical University",unmatched,0,NCT01977209,https://clinicaltrials.gov/study/NCT01977209,,[]
Hebei Petro China Central Hospital,Hebei,Langfang,24,5,Hebei Petro China Central Hospital | Hebei PetroChina Central Hospital | Hebei petro China central hospital,unmatched,0,NCT04970914,https://clinicaltrials.gov/study/NCT04970914,,[]
Shandong Provincial Qianfoshan Hospital,Shandong,Ji'nan,24,11,Shandong Provincial Qianfoshan Hospital | Shandong provincial qianfoshan hospital,unmatched,0,NCT02972541,https://clinicaltrials.gov/study/NCT02972541,,[]
Taizhou Central Hospital,Zhejiang,Taizhou,24,9,Taizhou Central Hospital | Taizhou central hospital,unmatched,0,NCT02455141,https://clinicaltrials.gov/study/NCT02455141,,[]
The First Affiliated Hospital of Shantou University Medical College,Guangdong,Shantou,24,11,"The First Affiliated Hospital of Shantou University Medical College | The first Affiliated Hospital of Shantou University Medical College | ""The First Affiliated Hospital of Shantou University Medical College | The first affiliated hospital of shantou university medical college | the First Affiliated Hospital of Shantou University Medical College",unmatched,0,NCT01147627,https://clinicaltrials.gov/study/NCT01147627,,[]
The First Hospital of Lanzhou University,,Lanzhou,24,9,The First Hospital of Lanzhou University | The First Hospital Of Lanzhou University,unmatched,0,NCT02448524,https://clinicaltrials.gov/study/NCT02448524,,[]
The Sixth People's Hospital of Shenyang,Liaoning,Shenyang,24,5,The Sixth People's Hospital of Shenyang | The Sixth People's Hospital Of Shenyang | The Sixth People's Hospital of ShenYang | The Sixth People' s Hospital Of ShenYang | The Sixth People's Hospital of Shen Yang | The sixth People's Hospital of Shenyang | The sixth people's Hospital Of Shenyang | The sixth people's hospital of Shenyang,unmatched,0,NCT01903278,https://clinicaltrials.gov/study/NCT01903278,,[]
Third Affiliated Hospital of Sun Yat-sen University,Guangdong,Guangzhou,24,19,Third Affiliated Hospital of Sun Yat-sen University | Third Affiliated Hospital of Sun Yat-Sen University | Third Affiliated Hospital of Sun Yat - sen University | Third Affiliated Hospital Of Sun Yat-sen University | Third affiliated hospital of sun yat sen university,unmatched,0,NCT00936143,https://clinicaltrials.gov/study/NCT00936143,,[]
Tongji Hospital of Tongji Medical College of Huazhong University of Science and Technology,Hubei,Wuhan,24,6,Tongji Hospital of Tongji Medical College of Huazhong University of Science and Technology,unmatched,0,NCT00962533,https://clinicaltrials.gov/study/NCT00962533,,[]
"Xijing Hospital, Fourth Military Medical University",Shaanxi,Xi'an,24,7,"Xijing Hospital, Fourth Military Medical University | Xijing Hospital, Fourth Military Medical university | Xijing hospital, Fourth military medical university | Xijing Hospital,Fourth Military Medical University | Xijing Hospital ， Fourth Military Medical University | Xijing Hospital，Fourth Military Medical University",unmatched,0,NCT00604435,https://clinicaltrials.gov/study/NCT00604435,,[]
Beijing HuiLongGuan Hospital,,Beijing,23,7,Beijing HuiLongGuan Hospital | Beijing Huilongguan Hospital | Beijing HuiLongGuan hospital | Beijing Hui-Long Guan Hospital | Beijing Hui-Long-Guan Hospital | Beijing HuiLong Guan Hospital,unmatched,0,NCT00435370,https://clinicaltrials.gov/study/NCT00435370,,[]
Breast cancer institute of Fudan University Cancer Hospital,Shanghai Municipality,Shanghai,23,13,Breast cancer institute of Fudan University Cancer Hospital | breast cancer institute of Fudan University Cancer Hospital,unmatched,0,NCT01428414,https://clinicaltrials.gov/study/NCT01428414,,[]
Chinese Academy of Medical Science and Blood Disease Hospital,Tianjin Municipality,Tianjin,23,19,Chinese Academy of Medical Science and Blood Disease Hospital,unmatched,0,NCT04600960,https://clinicaltrials.gov/study/NCT04600960,,[]
Dermatology Hospital of Jiangxi Province,Jiangxi,Nanchang,23,5,Dermatology Hospital of Jiangxi Province | Dermatology hospital of Jiangxi province | Dermatology hospital of jiangxi province,unmatched,0,NCT03422822,https://clinicaltrials.gov/study/NCT03422822,,[]
Eastern Hepatobiliary Surgery Hospital,Shanghai Municipality,Shanghai,23,7,Eastern Hepatobiliary Surgery Hospital,unmatched,0,NCT00814242,https://clinicaltrials.gov/study/NCT00814242,,[]
First Affiliated Hospital of Xi'an JiaoTong University,,Xi'an,23,8,First Affiliated Hospital of Xi'an JiaoTong University | First Affiliated Hospital of Xi'an Jiaotong University | First Affiliated Hospital of Xi 'an Jiaotong University,unmatched,0,NCT01897532,https://clinicaltrials.gov/study/NCT01897532,,[]
First Affiliated Hospital of Xinjiang Medical University,Xinjiang,Ürümqi,23,8,First Affiliated Hospital of Xinjiang Medical University | First Affiliated Hospital Of Xinjiang Medical University,unmatched,0,NCT01039467,https://clinicaltrials.gov/study/NCT01039467,,[]
Foshan First People's Hospital,Guangdong,Foshan,23,6,Foshan First People's Hospital | Foshan First Peoples Hospital,unmatched,0,NCT00548223,https://clinicaltrials.gov/study/NCT00548223,,[]
Fuda cancer institute of Fuda cancer hospital,Guangdong,Guangzhou,23,0,Fuda cancer institute of Fuda cancer hospital,unmatched,0,NCT02849314,https://clinicaltrials.gov/study/NCT02849314,,[]
Inner Mongolia People's Hospital,Inner Mongolia,Hohhot,23,6,Inner Mongolia People's Hospital | Inner Mongolia People'S Hospital | Inner Mongolia Peoples Hospital,unmatched,0,NCT01560052,https://clinicaltrials.gov/study/NCT01560052,,[]
Institute of Hematology & Blood Diseases Hospital Chinese Academy of Medical Sciences & Peking Union Medical College,Tianjin Municipality,Tianjin,23,10,"Institute of Hematology & Blood Diseases Hospital Chinese Academy of Medical Sciences & Peking Union Medical College | Institute of Hematology & Blood Diseases Hospital, Chinese Academy of Medical Sciences & Peking Union Medical College | Institute of Hematology & Blood Diseases Hospital Chinese Academy of Medical Sciences & Peking Union Medical College. | Institute of hematology & blood diseases hospital, chinese academy of medical sciences & peking union medical college | Institute of Hematology & Blood Diseases Hospital,Chinese Academy of Medical Sciences &Peking Union Medical College | Institute of Hematology ＆Blood Diseases Hospital,Chinese Academy of Medical Sciences ＆Peking Union Medical College",unmatched,0,NCT01503502,https://clinicaltrials.gov/study/NCT01503502,,[]
Luoyang Third People's Hospital,He'nan,Luoyang,23,7,Luoyang Third People's Hospital | Luoyang Third People'S Hospital | Luoyang Third Peoples Hospital,unmatched,0,NCT04983043,https://clinicaltrials.gov/study/NCT04983043,,[]
"Medical Center for Digestive Diseases, The Second Affiliated Hospital of Nanjing Medical University",Jiangsu,Nanjing,23,13,"Medical Center for Digestive Diseases, The Second Affiliated Hospital of Nanjing Medical University",unmatched,0,NCT01790061,https://clinicaltrials.gov/study/NCT01790061,,[]
PLA General Hospital,Beijing Municipality,Beijing,23,15,PLA General Hospital | PLA general hospital,unmatched,0,NCT00829660,https://clinicaltrials.gov/study/NCT00829660,,[]
Renji Hospital Affiliated to Shanghai Jiao Tong University School of Medicine,,Shanghai,23,8,Renji Hospital Affiliated to Shanghai Jiao Tong University School of Medicine | Renji Hospital Affiliated to Shanghai Jiaotong University School of Medicine | Renji Hospital affiliated to Shanghai Jiaotong University School of Medicine,unmatched,0,NCT00486759,https://clinicaltrials.gov/study/NCT00486759,,[]
Shanghai Children's Medical Center,Shanghai Municipality,Shanghai,23,11,Shanghai Children's Medical Center | Shanghai children's medical center | Shanghai Children's Medical center,unmatched,0,NCT02314273,https://clinicaltrials.gov/study/NCT02314273,,[]
Shanghai Jiaotong University School of Medicine Ruijin Hospital,Shanghai Municipality,Shanghai,23,6,"Shanghai Jiaotong University School of Medicine Ruijin Hospital | Shanghai Jiao Tong University School of Medicine Ruijin Hospital | Shanghai Jiao Tong University School of Medicine, Ruijin Hospital | Shanghai Jiaotong University School of Medicine, Ruijin Hospital | Shanghai Jiao Tong University School of Medicine - Ruijin Hospital | Shanghai Jiaotong University, School of Medicine, Ruijin Hospital | Shanghai Jiao Tong University School of Medicine-Ruijin Hospital | Shanghai JiaoTong University School of Medicine, Ruijin Hospital | Shanghai JiaoTong University School of Medicine，Ruijin Hospital | Shanghai jiaotong university school of medicine Ruijin Hospital",unmatched,0,NCT02455141,https://clinicaltrials.gov/study/NCT02455141,,[]
Shanghai Tongren Hospital,Shanghai Municipality,Shanghai,23,10,Shanghai Tongren Hospital | Shanghai Tong Ren Hospital | Shanghai tongren hospital | shanghai Tongren hospital | ShangHai Tongren Hospital | ShanghaiTongren Hospital,unmatched,0,NCT02764281,https://clinicaltrials.gov/study/NCT02764281,,[]
Shaoxing People's Hospital,Zhejiang,Shaoxing,23,13,Shaoxing People's Hospital | Shaoxing people's Hospital | Shaoxing people's hospital,unmatched,0,NCT04093752,https://clinicaltrials.gov/study/NCT04093752,,[]
Shulan (Hangzhou) Hospital,Zhejiang,Hangzhou,23,7,Shulan (Hangzhou) Hospital | Shu Lan (Hangzhou) Hospital | Shulan (Hangzhou) hospital | Shulan(hangzhou) Hospital | Shulan (hangzhou) Hospital | Shulan(Hang Zhou) Hospital | ShuLan（HangZhou) Hospital | Shulan(Hangzhou) Hospital | Shulan（Hangzhou） Hospital | Shulan(hangzhou)Hospital,unmatched,0,NCT03388593,https://clinicaltrials.gov/study/NCT03388593,,[]
Sir Run Run Shaw Hospital,,Hangzhou,23,5,Sir Run Run Shaw Hospital | Sir Run Run Shaw hospital,unmatched,0,NCT00805194,https://clinicaltrials.gov/study/NCT00805194,,[]
Taihe Hospital,Hubei,Shiyan,23,8,Taihe Hospital | TaiHe Hospital | Taihe hospital,unmatched,0,NCT01897805,https://clinicaltrials.gov/study/NCT01897805,,[]
The First Bethune Hospital of Jilin University,,Changchun,23,7,The First Bethune Hospital of Jilin University | The First Bethune Hospital Of Jilin University,unmatched,0,NCT03390504,https://clinicaltrials.gov/study/NCT03390504,,[]
The First People's Hospital of Changde City,Hunan,Changde,23,6,The First People's Hospital of Changde City | The First Peoples Hospital of Changde City | The First People's Hospital Of Changde City | The First PEOPLE'S HOSPITAL OF CHANGDE CITY | The First People'S Hospital of Changde City,unmatched,0,NCT03363035,https://clinicaltrials.gov/study/NCT03363035,,[]
The Fourth Affiliated Hospital of Harbin Medical University,,Harbin,23,5,The Fourth Affiliated Hospital of Harbin Medical University,unmatched,0,NCT04382937,https://clinicaltrials.gov/study/NCT04382937,,[]
The Second People's Hospital of Hefei,Anhui,Hefei,23,4,The Second People's Hospital of Hefei | The Second People's hospital of Hefei | The Second People's Hospital Of Hefei,unmatched,0,NCT03667690,https://clinicaltrials.gov/study/NCT03667690,,[]
The Second People's Hospital of Yibin,Sichuan,Yibin,23,9,The Second People's Hospital of Yibin | The second people's hospital of Yibin | The Second People's Hospital of YiBin | The Second Peoples Hospital of Yibin,unmatched,0,NCT02135835,https://clinicaltrials.gov/study/NCT02135835,,[]
The Third Hospital of Nanchang,Jiangxi,Nanchang,23,2,The Third Hospital of Nanchang | The Third Hospital Of Nanchang | The third Hospital of Nanchang | The third hospital of Nanchang,unmatched,0,NCT00912444,https://clinicaltrials.gov/study/NCT00912444,,[]
Tianjin Eye Hospital,,Tianjin,23,5,Tianjin Eye Hospital,unmatched,0,NCT02341560,https://clinicaltrials.gov/study/NCT02341560,,[]
Tianjin Eye Hospital,Tianjin Municipality,Tianjin,23,10,Tianjin Eye Hospital | TianJin Eye Hospital | Tianjin Eye hospital,unmatched,0,NCT00485199,https://clinicaltrials.gov/study/NCT00485199,,[]
Tongji Hospital of Tongji University,,Shanghai,23,9,Tongji Hospital of Tongji University | Tongji Hospital Of Tongji University,unmatched,0,NCT01192880,https://clinicaltrials.gov/study/NCT01192880,,[]
Yibin Second People's Hospital,Sichuan,Yibin,23,9,Yibin Second People's Hospital,unmatched,0,NCT04152499,https://clinicaltrials.gov/study/NCT04152499,,[]
Zhoukou Central Hospital,Henan,Zhoukou,23,12,Zhoukou Central Hospital | Zhou Kou Central Hospital | Zhoukou Central hospital,unmatched,0,NCT03406819,https://clinicaltrials.gov/study/NCT03406819,,[]
Anhui Provincial Cancer Hospital,,Hefei,22,8,Anhui Provincial Cancer Hospital | Anhui Provincial cancer hospital | Anhui provincial cancer hospital,unmatched,0,NCT03704246,https://clinicaltrials.gov/study/NCT03704246,,[]
Beijing Chest Hospital,Beijing Municipality,Beijing,22,13,Beijing Chest Hospital | Beijing Chest hospital | Beijing chest hospital,unmatched,0,NCT01040780,https://clinicaltrials.gov/study/NCT01040780,,[]
Beijing Jishuitan Hospital,,Beijing,22,6,Beijing Jishuitan Hospital | Beijing Ji Shui Tan Hospital | Beijing jishuitan hospital | BeiJing JiShuiTan Hospital,unmatched,0,NCT01075503,https://clinicaltrials.gov/study/NCT01075503,,[]
Beijing Shijitan Hospital,,Beijing,22,4,Beijing Shijitan Hospital,unmatched,0,NCT00325403,https://clinicaltrials.gov/study/NCT00325403,,[]
Hebei Medical University Third Hospital,Hebei,Shijiazhuang,22,7,Hebei Medical University Third Hospital | Hebei medical university third hospital,unmatched,0,NCT02327949,https://clinicaltrials.gov/study/NCT02327949,,[]
Henan Cancer Hospital/The affiliated Cancer Hospital of ZhengZhou university,Henan,Zhengzhou,22,7,Henan Cancer Hospital/The affiliated Cancer Hospital of ZhengZhou university | Henan Cancer Hospital (The Affiliated Cancer Hospital of Zhengzhou University),unmatched,0,NCT01998230,https://clinicaltrials.gov/study/NCT01998230,,[]
Huizhou Central People's Hospital,,Huizhou,22,17,Huizhou Central People's Hospital,unmatched,0,NCT05595642,https://clinicaltrials.gov/study/NCT05595642,,[]
Jiangxi Maternal and Child Health Hospital,Jiangxi,Nanchang,22,7,Jiangxi Maternal and Child Health Hospital | Jiangxi maternal and child health hospital,unmatched,0,NCT01841528,https://clinicaltrials.gov/study/NCT01841528,,[]
People's Hospital of Zhengzhou,Henan,Zhengzhou,22,6,People's Hospital of Zhengzhou | People'S Hospital of Zhengzhou | People's Hospital of zhengzhou,unmatched,0,NCT01677208,https://clinicaltrials.gov/study/NCT01677208,,[]
Qingyuan People's Hospital,Guangdong,Qingyuan,22,4,Qingyuan People's Hospital | Qingyuan People's hospital,unmatched,0,NCT01147627,https://clinicaltrials.gov/study/NCT01147627,,[]
Shanxi Cancer Hospital,,Taiyuan,22,15,Shanxi Cancer Hospital | Shanxi Cancer hospital | ShanXi Cancer Hospital,unmatched,0,NCT03500380,https://clinicaltrials.gov/study/NCT03500380,,[]
Sun Yat-sen Memorial Hospital,,Guangzhou,22,8,Sun Yat-sen Memorial Hospital | Sun Yat-Sen Memorial Hospital | Sun Yat sen Memorial Hospital,unmatched,0,NCT01702571,https://clinicaltrials.gov/study/NCT01702571,,[]
Taizhou Hospital of Zhejiang Province,,Taizhou,22,9,Taizhou Hospital of Zhejiang Province | Taizhou Hospital Of Zhejiang Province | Taizhou Hospital of Zhejiang province | Taizhou Hospital ofzhejiang Province,unmatched,0,NCT03974022,https://clinicaltrials.gov/study/NCT03974022,,[]
The First Affiliated Hospital of University of Science and Technology of China (Anhui Provincial Hospital),Anhui,Hefei,22,14,The First Affiliated Hospital of University of Science and Technology of China (Anhui Provincial Hospital) | The First Affiliated Hospital of University of Science and Technology of China (Anhui Provincial Hospital,unmatched,0,NCT03792932,https://clinicaltrials.gov/study/NCT03792932,,[]
The First Affiliated Hospital of Xinxiang Medical College,Henan,Xinxiang,22,11,The First Affiliated Hospital of Xinxiang Medical College | The first affiliated hospital of xinxiang medical college,unmatched,0,NCT02319187,https://clinicaltrials.gov/study/NCT02319187,,[]
"Union Hospital Affiliated to Tongji Medical College, Huazhong University of Science and Technology",Hubei,Wuhan,22,10,"Union Hospital Affiliated to Tongji Medical College, Huazhong University of Science and Technology | Union Hospital Affiliated to Tongji Medical College, Huazhong University of science and technology | Union Hospital affiliated to Tongji Medical College, Huazhong University of Science and Technology | Union Hospital Affiliated to Tongji Medical College Huazhong University of Science and Technology | Union Hospital Affiliated to Tongji Medical College,Huazhong University of science and Technology",unmatched,0,NCT01560052,https://clinicaltrials.gov/study/NCT01560052,,[]
Xi'an International Medical Center Hospital,Shaanxi,Xi'an,22,9,Xi'an International Medical Center Hospital | Xi 'an International Medical Center Hospital | Xi'An International Medical Center Hospital,unmatched,0,NCT02485184,https://clinicaltrials.gov/study/NCT02485184,,[]
Xiangyang Central Hospital,,Xiangyang,22,12,Xiangyang Central Hospital,unmatched,0,NCT04085276,https://clinicaltrials.gov/study/NCT04085276,,[]
"Xinhua Hospital, Shanghai Jiao Tong University School of Medicine",Shanghai Municipality,Shanghai,22,3,"Xinhua Hospital, Shanghai Jiao Tong University School of Medicine | Xinhua Hospital, Shanghai Jiaotong University School of Medicine | Xin Hua Hospital, Shanghai Jiaotong University School of Medicine | Xinhua hospital ,Shanghai Jiaotong University, School of medicine | Xinhua Hospital,Shanghai Jiao Tong University School of Medicine",unmatched,0,NCT00912444,https://clinicaltrials.gov/study/NCT00912444,,[]
Zhujiang Hospital,Guangdong,Guangzhou,22,15,Zhujiang Hospital | Zhujiang hospital | Zhu Jiang Hospital,unmatched,0,NCT00549159,https://clinicaltrials.gov/study/NCT00549159,,[]
Beijing Anding Hospital Capital Medical University,Beijing Municipality,Beijing,21,7,"Beijing Anding Hospital Capital Medical University | Beijing Anding Hospital, Capital Medical University | Beijing Anding Hospital，Capital Medical University | Beijing Anding Hospital capital medical university | Beijing anding hospital capital medical university",unmatched,0,NCT01263080,https://clinicaltrials.gov/study/NCT01263080,,[]
Beijing Huilongguan Hospital,Beijing Municipality,Beijing,21,7,Beijing Huilongguan Hospital | Beijing HuiLongGuan Hospital,unmatched,0,NCT01057849,https://clinicaltrials.gov/study/NCT01057849,,[]
Beijing Pinggu Hospital,,Beijing,21,3,Beijing Pinggu Hospital | BeiJing PINGGU Hospital | Beijing PingGu Hospital,unmatched,0,NCT02985918,https://clinicaltrials.gov/study/NCT02985918,,[]
Beijing Tiantan Hospital Affiliated to Capital Medical University,Beijing Municipality,Beijing,21,10,"Beijing Tiantan Hospital Affiliated to Capital Medical University | Beijing Tiantan Hospital, Affiliated to Capital Medical University | Beijing Tiantan Hospital affiliated to Capital Medical University",unmatched,0,NCT01656980,https://clinicaltrials.gov/study/NCT01656980,,[]
"Department of Nasopharyngeal Carcinoma, Sun Yat-sen University Cancer Center",Guangdong,Guangzhou,21,12,"Department of Nasopharyngeal Carcinoma, Sun Yat-sen University Cancer Center",unmatched,0,NCT00705627,https://clinicaltrials.gov/study/NCT00705627,,[]
First Affiliated Hospital of Zhejiang University,Zhejiang,Hangzhou,21,11,First Affiliated Hospital of Zhejiang University | First affiliated hospital of Zhejiang University,unmatched,0,NCT02401373,https://clinicaltrials.gov/study/NCT02401373,,[]
"First Affiliated Hospital, Sun Yat-Sen University",Guangdong,Guangzhou,21,13,"First Affiliated Hospital, Sun Yat-Sen University | First Affiliated Hospital, Sun Yat-sen University | First Affiliated Hospital,Sun Yat-sen University | First Affiliated hospital，Sun Yat-Sen University. | First Affiliated Hospital,SunYat-Sen University",unmatched,0,NCT01048463,https://clinicaltrials.gov/study/NCT01048463,,[]
Guang'anmen Hospital of China Academy of Chinese Medical Sciences,Beijing Municipality,Beijing,21,8,Guang'anmen Hospital of China Academy of Chinese Medical Sciences | Guang'anmen hospital of China Academy of Chinese Medical Sciences | Guang'anmen Hospital of China Academy ofChinese Medical Sciences,unmatched,0,NCT00974454,https://clinicaltrials.gov/study/NCT00974454,,[]
Guangzhou First Municipal People's Hospital,,Guangzhou,21,3,Guangzhou First Municipal People's Hospital | GuangZhou First Municipal People's Hospital,unmatched,0,NCT01332149,https://clinicaltrials.gov/study/NCT01332149,,[]
Institute of Hematology and Hospital of Blood Disease,Tianjin Municipality,Tianjin,21,3,Institute of Hematology and Hospital of Blood Disease,unmatched,0,NCT03145064,https://clinicaltrials.gov/study/NCT03145064,,[]
Jining No.1 People's Hospital,Shandong,Jining,21,5,Jining No.1 People's Hospital | Jining NO.1 People's Hospital | Jining No.1 People'S Hospital | Jining NO.1 people's hospital | Jining No 1 People's Hospital | Jining No.1 people's Hospital,unmatched,0,NCT02231125,https://clinicaltrials.gov/study/NCT02231125,,[]
Nanfang Hospital of Southern Medical University,,Guangzhou,21,10,Nanfang Hospital of Southern Medical University | NanFang Hospital of Southern Medical University,unmatched,0,NCT01593410,https://clinicaltrials.gov/study/NCT01593410,,[]
Nanjing Jiangning Hospital,Jiangsu,Nanjing,21,3,Nanjing Jiangning Hospital,unmatched,0,NCT00829660,https://clinicaltrials.gov/study/NCT00829660,,[]
Nanyang Second General Hospital,Henan,Nanyang,21,11,Nanyang Second General Hospital | Nanyang second general hospital,unmatched,0,NCT04491695,https://clinicaltrials.gov/study/NCT04491695,,[]
Navy General Hospital,Beijing Municipality,Beijing,21,11,Navy General Hospital,unmatched,0,NCT01690507,https://clinicaltrials.gov/study/NCT01690507,,[]
"Peking University Insititute of Hematology, Peking University People's Hospital",Beijing Municipality,Beijing,21,11,"Peking University Insititute of Hematology, Peking University People's Hospital",unmatched,0,NCT03304288,https://clinicaltrials.gov/study/NCT03304288,,[]
Shanghai 6th People's Hospital,Shanghai Municipality,Shanghai,21,6,Shanghai 6th People's Hospital | Shanghai 6th people's hospital | Shanghai 6Th People'S Hospital | Shanghai 6th People's hospital,unmatched,0,NCT01417767,https://clinicaltrials.gov/study/NCT01417767,,[]
Shengjing Hospital,Liaoning,Shenyang,21,8,Shengjing Hospital | ShengJing Hospital,unmatched,0,NCT01269437,https://clinicaltrials.gov/study/NCT01269437,,[]
Shengjing Hospital of China Medical University,Liaoning,Shengyang,21,6,Shengjing Hospital of China Medical University | ShengJing Hospital of China Medical University | Shengjing Hospital Of China Medical University | Sheng Jing Hospital of China Medical University | Shengjing Hospital of China medical University | Shengjing Hospital of China medical university,unmatched,0,NCT01529255,https://clinicaltrials.gov/study/NCT01529255,,[]
Sichuan Academy of Medical Sciences & Sichuan Provincial People's Hospital,Sichuan,Chengdu,21,9,Sichuan Academy of Medical Sciences & Sichuan Provincial People's Hospital | Sichuan Academy of Medical Sciences &Sichuan Provincial People's Hospital | Sichuan Academy of Medical Sciences&Sichuan Provincial People's Hospital | Sichuan Academy of Medical Sciences＆Sichuan Provincial People's Hospital,unmatched,0,NCT05589454,https://clinicaltrials.gov/study/NCT05589454,,[]
Sun Yat-sen University Cancer Center,Guangdong,Guanzhou,21,9,"Sun Yat-sen University Cancer Center | Sun Yat-Sen University Cancer Center | Sun Yat-sen University, Cancer Center | Sun yat-sen University Cancer Center",matched_location_conflict,1,NCT03084237,https://clinicaltrials.gov/study/NCT03084237,"Approved name found, but reported location did not pass filters; review spelling, missing location aliases and actual conflicts","[{""hospital_id"": ""cnha-cfdi-5aade771c0a803334595b5c3428d53c9"", ""official_name"": ""中山大学肿瘤防治中心、中山大学附属肿瘤医院"", ""filing_number"": ""药临床机构备字2020000213"", ""province"": ""广东省"", ""city"": ""广州市"", ""matched_alias"": ""Sun Yat-sen University Cancer Center""}]"
The First Affiliated Hospital of Baotou Medical College,Inner Mongolia,Baotou,21,4,The First Affiliated Hospital of Baotou Medical College | The first Affiliated Hospital of Baotou Medical College,unmatched,0,NCT00829660,https://clinicaltrials.gov/study/NCT00829660,,[]
The First Affiliated Hospital of Xinjiang Medical University,,Ürümqi,21,7,The First Affiliated Hospital of Xinjiang Medical University | The first affiliated hospital of Xinjiang medical university,unmatched,0,NCT02485184,https://clinicaltrials.gov/study/NCT02485184,,[]
The First People's Hospital of Changzhou,,Changzhou,21,11,The First People's Hospital of Changzhou | The First People's Hospital Of Changzhou | The First Peoples Hospital of Changzhou,unmatched,0,NCT02737189,https://clinicaltrials.gov/study/NCT02737189,,[]
The Second People's Hospital of Hefei,,Hefei,21,11,The Second People's Hospital of Hefei | The SecondPeople's Hospital of Hefei,unmatched,0,NCT06292013,https://clinicaltrials.gov/study/NCT06292013,,[]
Tianjin Anding Hospital,,Tianjin,21,8,Tianjin Anding Hospital,unmatched,0,NCT01404169,https://clinicaltrials.gov/study/NCT01404169,,[]
"Tongji Hospital, Tongji Medical College of Huazhong University of Science and Technology",Hubei,Wuhan,21,10,"Tongji Hospital, Tongji Medical College of Huazhong University of Science and Technology | Tongji hospital, Tongji Medical College of Huazhong University of Science and Technology | Tongji Hospital Tongji Medical College of Huazhong University of Science and Technology",unmatched,0,NCT03377491,https://clinicaltrials.gov/study/NCT03377491,,[]
Wuhan Children's Hospital,Hubei,Wuhan,21,7,Wuhan Children's Hospital | Wuhan Childrens hospital | Wuhan Childrens Hospital,unmatched,0,NCT03201848,https://clinicaltrials.gov/study/NCT03201848,,[]
Yueyang Central Hospital,Hunan,Yueyang,21,7,Yueyang Central Hospital | Yue Yang Central Hospital,unmatched,0,NCT03822975,https://clinicaltrials.gov/study/NCT03822975,,[]
Zhangzhou Municipal Hospital of Fujian Province,Fujian,Zhangzhou,21,8,Zhangzhou Municipal Hospital of Fujian Province | ZhangZhou Municipal Hospital of Fujian Province | Zhangzhou municipal hospital of fujian province,unmatched,0,NCT01721408,https://clinicaltrials.gov/study/NCT01721408,,[]
Zibo Municipal Hospital,Shandong,Zibo,21,7,Zibo Municipal Hospital | Zibo municipal hospital,unmatched,0,NCT03872791,https://clinicaltrials.gov/study/NCT03872791,,[]
Affiliated Cancer Hospital of Xinjiang Medical University,Xinjiang,Ürümqi,20,4,Affiliated Cancer Hospital of Xinjiang Medical University,unmatched,0,NCT01176916,https://clinicaltrials.gov/study/NCT01176916,,[]
"Affiliated Hangzhou First People's Hospital, School of Medicine, Westlake University",Zhejiang,Hangzhou,20,8,"Affiliated Hangzhou First People's Hospital, School of Medicine, Westlake University | Affiliated Hangzhou First Peoples Hospital School of Medicine Westlake University | Affiliated Hangzhou First People's Hospital,School of Medicine, Westlake University | Affiliated Hangzhou First People's Hospital,School of Medicine,Westlake University | Affiliated Hangzhou First People'S Hospital,School of Medicine, Westlake University | Affiliated Hangzhou First People's Hospital,School of Medicine ,Westlake University",unmatched,0,NCT05704738,https://clinicaltrials.gov/study/NCT05704738,,[]
Affiliated Hospital of Jiangnan University,,Wuxi,20,11,Affiliated Hospital of Jiangnan University | Affiliated Hospital Of Jiangnan University,unmatched,0,NCT04807166,https://clinicaltrials.gov/study/NCT04807166,,[]
Affiliated Hospital of Jining Medical University,,Jining,20,11,Affiliated Hospital of Jining Medical University,unmatched,0,NCT04543617,https://clinicaltrials.gov/study/NCT04543617,,[]
"Beijing Luhe Hospital, Capital Medical University",,Beijing,20,7,"Beijing Luhe Hospital, Capital Medical University | Beijing Luhe Hospital Capital Medical University | Beijing Luhe Hospital. Capital Medical University | Beijing Luhe Hospital,Capital Medical University",unmatched,0,NCT02534545,https://clinicaltrials.gov/study/NCT02534545,,[]
Beijing Tongren Hospital Affiliated to Capital Medical University,Beijing Municipality,Beijing,20,5,Beijing Tongren Hospital Affiliated to Capital Medical University | Beijing Tongren Hospital affiliated to Capital Medical University | Beijing Tongren hospital affiliated to Capital Medical University,unmatched,0,NCT01809223,https://clinicaltrials.gov/study/NCT01809223,,[]
Cancer Hospital of Shantou University Medical College,,Shantou,20,7,Cancer Hospital of Shantou University Medical College | Cancer hospital of Shantou university medical college,unmatched,0,NCT01015443,https://clinicaltrials.gov/study/NCT01015443,,[]
"Chinese Academy of Medical Sciences, Fuwai Hospital",Beijing Municipality,Beijing,20,7,"Chinese Academy of Medical Sciences, Fuwai Hospital | Chinese Academy of Medical Sciences Fuwai Hospital | Chinese Academy of Medical Sciences, FuWai Hospital | Chinese Academy of Medical Sciences Fu Wai Hospital | Chinese Academy of Medical Sciences，Fuwai Hospital",unmatched,0,NCT01471522,https://clinicaltrials.gov/study/NCT01471522,,[]
Chongqing University Three Gorges Hospital,,Chongqing,20,7,Chongqing University Three Gorges Hospital | ChongQing University Three Gorges Hospital | ChongQing University three gorges Hospital | Chongqing University Three gorges Hospital | Chongqing University three Gorges Hospital | chongqing University Three Gorges Hospital,unmatched,0,NCT03500380,https://clinicaltrials.gov/study/NCT03500380,,[]
Daping Hospital,Chongqing Municipality,Chongqing,20,5,Daping Hospital | Daping hospital | Da Ping Hospital | Daping Hospital.,unmatched,0,NCT00664846,https://clinicaltrials.gov/study/NCT00664846,,[]
First Affiliated Hospital of Guangzhou Medical University,Guangdong,Guangzhou,20,7,First Affiliated Hospital of Guangzhou Medical University | First affiliated hospital of guangzhou medical university,unmatched,0,NCT02388919,https://clinicaltrials.gov/study/NCT02388919,,[]
First Affiliated Hospital of Nanchang University,Jiangxi,Nanchang,20,11,First Affiliated Hospital of Nanchang University,unmatched,0,NCT01903278,https://clinicaltrials.gov/study/NCT01903278,,[]
First Affiliated Hospital of Wenzhou Medical University,Zhejiang,Wenzhou,20,13,First Affiliated Hospital of Wenzhou Medical University | First affiliated hospital of Wenzhou medical university | first affiliated hospital of Wenzhou medical university,unmatched,0,NCT03302403,https://clinicaltrials.gov/study/NCT03302403,,[]
General Hospital of Tianjin Medical University,,Tianjin,20,6,General Hospital of Tianjin Medical University | General hospital of Tianjin medical university,unmatched,0,NCT00492843,https://clinicaltrials.gov/study/NCT00492843,,[]
General Hospital of Tianjin Medical University,Tianjin Municipality,Tianjin,20,6,General Hospital of Tianjin Medical University,unmatched,0,NCT01039467,https://clinicaltrials.gov/study/NCT01039467,,[]
Guangdong Second Provincial General Hospital,Guangdong,Guangzhou,20,5,Guangdong Second Provincial General Hospital,unmatched,0,NCT03416179,https://clinicaltrials.gov/study/NCT03416179,,[]
Guangxi Cancer Hospital of Guangxi Medical University,,Nanning,20,6,Guangxi Cancer Hospital of Guangxi Medical University,unmatched,0,NCT01364012,https://clinicaltrials.gov/study/NCT01364012,,[]
Huadong Hospital Affiliated to Fudan University,Shanghai Municipality,Shanghai,20,6,"Huadong Hospital Affiliated to Fudan University | Huadong Hospital affiliated to Fudan University | Huadong hospital affiliated to Fudan university | Huadong Hospital, Affiliated to Fudan University | Huadong Hospital Affiliated To Fudan University | Huadong hospital affiliated to Fudan University",unmatched,0,NCT01665651,https://clinicaltrials.gov/study/NCT01665651,,[]
Liaocheng People's Hospital,,Liaocheng,20,7,Liaocheng People's Hospital | Liaocheng people's Hospital | LiaoCheng People's Hospital | Liaocheng People s Hospital,unmatched,0,NCT03519945,https://clinicaltrials.gov/study/NCT03519945,,[]
Liaoning Cancer Hospital,,Shenyang,20,10,Liaoning Cancer Hospital | Liaoning cancer hospital,unmatched,0,NCT03399110,https://clinicaltrials.gov/study/NCT03399110,,[]
Loudi Central Hospital,Hunan,Loudi,20,4,Loudi Central Hospital | Loudi central hospital | Lou Di Central Hospital,unmatched,0,NCT03342456,https://clinicaltrials.gov/study/NCT03342456,,[]
"Nanjing First Hospital, Nanjing Medical University",Jiangsu,Nanjing,20,10,"Nanjing First Hospital, Nanjing Medical University | Nanjing First Hospital Nanjing Medical University | Nanjing First Hospital,Nanjing Medical University | Nanjing First Hospital，Nanjing Medical University",unmatched,0,NCT01171911,https://clinicaltrials.gov/study/NCT01171911,,[]
Obstetrics & Gynecology Hospital of Fudan University,Shanghai Municipality,Shanghai,20,5,Obstetrics & Gynecology Hospital of Fudan University | Obstetrics&Gynecology Hospital of Fudan University,unmatched,0,NCT02455141,https://clinicaltrials.gov/study/NCT02455141,,[]
PKUCare Luzhong Hospital,Shandong,Zibo,20,3,PKUCare Luzhong Hospital | PKU Care Luzhong Hospital | PKUcare Luzhong Hospital | PKUCare luzhong Hospital,unmatched,0,NCT02973789,https://clinicaltrials.gov/study/NCT02973789,,[]
"Peking Union Medical College Hospital, Chinese Academy of Medical Sciences",,Beijing,20,6,"Peking Union Medical College Hospital, Chinese Academy of Medical Sciences | Peking Union Medical College Hospital , Chinese Academy of Medical Sciences | Peking Union Medical College Hospital Chinese Academy of Medical Sciences",unmatched,0,NCT02754284,https://clinicaltrials.gov/study/NCT02754284,,[]
Second Xiangya Hospital of Central South University,Hunan,Changsha,20,8,Second Xiangya Hospital of Central South University | Second Xiangya Hospital of Central-south University,unmatched,0,NCT01147627,https://clinicaltrials.gov/study/NCT01147627,,[]
Shandong Provincial Hospital Affiliated to Shandong First Medical University,Shandong,Jinan,20,9,"Shandong Provincial Hospital Affiliated to Shandong First Medical University | Shandong Provincial Hospital, Affiliated to Shandong First Medical University",unmatched,0,NCT04835870,https://clinicaltrials.gov/study/NCT04835870,,[]
Shanghai Children's Hospital,,Shanghai,20,9,Shanghai Children's Hospital,unmatched,0,NCT02523144,https://clinicaltrials.gov/study/NCT02523144,,[]
"Shanghai General Hospital, Shanghai Jiao Tong University School of Medicine",Shanghai Municipality,Shanghai,20,11,"Shanghai General Hospital, Shanghai Jiao Tong University School of Medicine | Shanghai General hospital,Shanghai Jiao Tong University School of Medicine | Shanghai general hospital, Shanghai Jiaotong university school of medicine | Shanghai General Hospital,Shanghai Jiao Tong University School of Medicine | Shanghai General Hospital, Shanghai Jiaotong University School of Medicine",unmatched,0,NCT02707484,https://clinicaltrials.gov/study/NCT02707484,,[]
Shenzhen University General Hospital,Guangdong,Shenzhen,20,13,Shenzhen University General Hospital | Shenzhen University General hospital | ShenZhen University General Hospital | Shenzhen University general hospital,unmatched,0,NCT03485404,https://clinicaltrials.gov/study/NCT03485404,,[]
"Sir Run Run Shaw Hospital, School of Medicine, Zhejiang University",,Hangzhou,20,12,"Sir Run Run Shaw Hospital, School of Medicine, Zhejiang University | Sir Run Run Shaw Hospital school of medicine, Zhejiang University | Sir Run Run Shaw Hospital School of Medicine Zhejiang University | Sir Run Run Shaw Hospital School of Medicine,Zhejiang University",unmatched,0,NCT01364012,https://clinicaltrials.gov/study/NCT01364012,,[]
Subei People's Hospital of Jiangsu province,Jiangsu,Yangzhou,20,7,Subei People's Hospital of Jiangsu province | Subei People's Hospital of Jiangsu Province | Subei people's Hospital of Jiangsu Province,unmatched,0,NCT02071407,https://clinicaltrials.gov/study/NCT02071407,,[]
The Affiliated People's Hospital of Ningbo University,Zhejiang,Ningbo,20,17,The Affiliated People's Hospital of Ningbo University | The Affiliated People's Hospital of Ningbo University. | The affiliated people's hospital of ningbo university | The Affiliated People'sHospital of Ningbo University | The Affiliated Peoples Hospital of Ningbo University,unmatched,0,NCT04682795,https://clinicaltrials.gov/study/NCT04682795,,[]
The Central Hospital of Wuhan,,Wuhan,20,9,The Central Hospital of Wuhan | The central hospital of Wuhan,unmatched,0,NCT01918098,https://clinicaltrials.gov/study/NCT01918098,,[]
The First Affiliated Hospital of Dalian Medical University,,Dalian,20,9,The First Affiliated Hospital of Dalian Medical University | The first affiliated Hospital of Dalian Medical University | The first affiliated hospital of Dalian Medical University,unmatched,0,NCT02137577,https://clinicaltrials.gov/study/NCT02137577,,[]
The Second Affiliated Hospital of Guangzhou Medical University,,Guangzhou,20,11,The Second Affiliated Hospital of Guangzhou Medical University | The second Affiliated Hospital of Guangzhou Medical University | The Second Affiliated Hospital of Guangzhou Medical university | the Second Affiliated Hospital of Guangzhou Medical University,unmatched,0,NCT02914158,https://clinicaltrials.gov/study/NCT02914158,,[]
The Second Hospital of Lanzhou University,Gansu,Lanzhou,20,11,The Second Hospital of Lanzhou University | The second hospital of Lanzhou University | The second hospital of Lanzhou university,unmatched,0,NCT01238705,https://clinicaltrials.gov/study/NCT01238705,,[]
The Second People's Hospital of Neijiang,Sichuan,Neijiang,20,8,The Second People's Hospital of Neijiang | The second people's hospital of neijiang | The Second People's Hospital Of Neijiang | The Second People's hospital of Neijiang | The Second people's Hospital of Neijiang | The second peoples hospital of Neijiang,unmatched,0,NCT03388593,https://clinicaltrials.gov/study/NCT03388593,,[]
The Second People's Hospital of Shenzhen,Guangdong,Shenzhen,20,5,The Second People's Hospital of Shenzhen | The Second Peoples Hospital of Shenzhen | The Second People's Hospital Of Shenzhen | The second people's Hospital of Shenzhen,unmatched,0,NCT01677208,https://clinicaltrials.gov/study/NCT01677208,,[]
The Sixth People's Hospital of Zhengzhou,Henan,Zhengzhou,20,1,The Sixth People's Hospital of Zhengzhou | The Sixth People's Hospital Of Zhengzhou | The Sixth Peoples Hospital Of Zhengzhou | The Sixth Peoples Hospital of Zhengzhou | Thesixth peoples Hospital Of ZhengZhou,unmatched,0,NCT02120638,https://clinicaltrials.gov/study/NCT02120638,,[]
The Third Affiliated Hospital of Southern Medical University,Guangdong,Guangzhou,20,12,The Third Affiliated Hospital of Southern Medical University | the Third Affiliated Hospital of Southern Medical University | The Third Affiliated Hospital Of Southern Medical University | The third affiliated hospital of Southern Medical University,unmatched,0,NCT02796079,https://clinicaltrials.gov/study/NCT02796079,,[]
The University of Hong Kong-Shenzhen Hospital,,Shenzhen,20,7,The University of Hong Kong-Shenzhen Hospital | The University of Hong Kong - Shenzhen Hospital | The university of Hongkong - Shenzhen hospital,unmatched,0,NCT02831959,https://clinicaltrials.gov/study/NCT02831959,,[]
Tianjin Academy of Traditional Chinese Medicine Affiliated Hospital,Tianjin Municipality,Tianjin,20,4,Tianjin Academy of Traditional Chinese Medicine Affiliated Hospital | Tianjin Academy Of Traditional Chinese Medicine Affiliated Hospital | Tianjin academy of traditional Chinese medicine affiliated hospital,unmatched,0,NCT04162899,https://clinicaltrials.gov/study/NCT04162899,,[]
Tianjin Anding Hospital,Tianjin Municipality,Tianjin,20,7,Tianjin Anding Hospital,unmatched,0,NCT01516424,https://clinicaltrials.gov/study/NCT01516424,,[]
Tianjin Medical University Eye Hospital,,Tianjin,20,4,Tianjin Medical University Eye Hospital | Tianjin medical university eye hospital,unmatched,0,NCT03159884,https://clinicaltrials.gov/study/NCT03159884,,[]
Tianjin Third Central Hospital,Tianjin Municipality,Tianjin,20,8,Tianjin Third Central Hospital,unmatched,0,NCT00664846,https://clinicaltrials.gov/study/NCT00664846,,[]
Tongji Hospital,,Wuhan,20,8,Tongji Hospital | Tongji hospital | TongjiHospital,unmatched,0,NCT01431781,https://clinicaltrials.gov/study/NCT01431781,,[]
Weihai Municipal Hospital,Shandong,Weihai,20,10,Weihai Municipal Hospital,unmatched,0,NCT03189901,https://clinicaltrials.gov/study/NCT03189901,,[]
Xiangya Hospital,Hunan,Changsha,20,4,Xiangya Hospital | Xiangya hospital | XiangYa Hospital,unmatched,0,NCT01192854,https://clinicaltrials.gov/study/NCT01192854,,[]
Xinhua Hospital,Shanghai Municipality,Shanghai,20,9,Xinhua Hospital | Xin Hua Hospital | Xinhua hospital,unmatched,0,NCT01786759,https://clinicaltrials.gov/study/NCT01786759,,[]
Zhejiang Hospital,,Hangzhou,20,7,Zhejiang Hospital,unmatched,0,NCT02239120,https://clinicaltrials.gov/study/NCT02239120,,[]
Zhujiang Hospital of Southern Medical University,,Guangzhou,20,9,Zhujiang Hospital of Southern Medical University | ZhuJiang Hospital of Southern Medical University | Zhu Jiang Hospital of Southern Medical University,unmatched,0,NCT03466411,https://clinicaltrials.gov/study/NCT03466411,,[]
"Affiliated Hangzhou First People's Hospital, Zhejiang University School of Medicine",Zhejiang,Hangzhou,19,3,"Affiliated Hangzhou First People's Hospital, Zhejiang University School of Medicine | Affiliated Hangzhou First People's Hospital ,Zhejiang University School of Medicine | Affiliated Hangzhou First People's Hospital Zhejiang University School of Medicine | Affiliated Hangzhou First Peoples Hospital，Zhejiang University School of Medicine | Affiliated HangZhou First People's Hospital, Zhejiang University School of medicine | Affiliated Hangzhou First People's Hospital,Zhejiang University School Of Medicine | Affiliated Hangzhou First People's Hospital.Zhejiang University School of Medicine",unmatched,0,NCT03589924,https://clinicaltrials.gov/study/NCT03589924,,[]
Affiliated Hospital of Inner Mongolia Medical University,Inner Mongolia,Hohhot,19,6,Affiliated Hospital of Inner Mongolia Medical University | Affiliated hospital of Inner Mongolia medical university,unmatched,0,NCT02430350,https://clinicaltrials.gov/study/NCT02430350,,[]
Affiliated Hospital of Shandong University of Traditional Chinese Medicine,Shandong,Ji'nan,19,10,Affiliated Hospital of Shandong University of Traditional Chinese Medicine | Affiliated Hospital of Shandong University of traditional Chinese medicine | Affiliated hospital of Shandong University of traditional Chinese medicine | Affiliated hospital of shandong university of traditional chinese medicine,unmatched,0,NCT02701231,https://clinicaltrials.gov/study/NCT02701231,,[]
Affiliated Hospital of Southwest Medical University,Sichuan,Luzhou,19,10,Affiliated Hospital of Southwest Medical University | Affiliated hospital of southwest medical university,unmatched,0,NCT03599284,https://clinicaltrials.gov/study/NCT03599284,,[]
"Beijing Shijitan Hospital, Capital Medical University",Beijing Municipality,Beijing,19,4,"Beijing Shijitan Hospital, Capital Medical University | Beijing Shijitan Hospital , Capital Medical University | Beijing Shijitan hospital, capital medical university | Beijing Shijitan Hospital Capital Medical University",unmatched,0,NCT03177499,https://clinicaltrials.gov/study/NCT03177499,,[]
Chengdu Xinhua Hospital,Sichuan,Chengdu,19,3,Chengdu Xinhua Hospital | Chengdu Xinhua hospital,unmatched,0,NCT04683406,https://clinicaltrials.gov/study/NCT04683406,,[]
Chenzhou First People's Hospital,Hunan,Chenzhou,19,7,Chenzhou First People's Hospital | Chenzhou first people's Hospital | Chenzhou first people's hospital,unmatched,0,NCT02121717,https://clinicaltrials.gov/study/NCT02121717,,[]
Children's Hospital of Nanjing Medical University,Jiangsu,Nanjing,19,7,Children's Hospital of Nanjing Medical University | Children's hospital of Nanjing medical university | Children's hospital of nanjing medical university | Childrens Hospital of Nanjing Medical University,unmatched,0,NCT03201848,https://clinicaltrials.gov/study/NCT03201848,,[]
"Department of Neurology, General Hospital of Northern Theater Command",,Shenyang,19,10,"Department of Neurology, General Hospital of Northern Theater Command",unmatched,0,NCT04664933,https://clinicaltrials.gov/study/NCT04664933,,[]
Deyang People's Hospital,Sichuan,Deyang,19,10,Deyang People's Hospital | Deyang people's hospital,unmatched,0,NCT03541668,https://clinicaltrials.gov/study/NCT03541668,,[]
First Hospital of Shanxi Medical University,,Taiyuan,19,5,First Hospital of Shanxi Medical University | First Hospital Of ShanXi Medical University | First Hospital Of Shanxi Medical University,unmatched,0,NCT02205112,https://clinicaltrials.gov/study/NCT02205112,,[]
"Guangzhou Military Region General Hospital, Department of Anesthesiology",Guangdong,Guangzhou,19,8,"Guangzhou Military Region General Hospital, Department of Anesthesiology",unmatched,0,NCT01864187,https://clinicaltrials.gov/study/NCT01864187,,[]
Handan Central Hospital,Hebei,Handan,19,5,Handan Central Hospital | HanDan Central Hospital,unmatched,0,NCT01677208,https://clinicaltrials.gov/study/NCT01677208,,[]
Jiangxi Provincial Children's Hospital,Jiangxi,Nanchang,19,9,Jiangxi Provincial Children's Hospital,unmatched,0,NCT01182025,https://clinicaltrials.gov/study/NCT01182025,,[]
Meihekou Central Hospital,Jilin,Meihekou,19,5,Meihekou Central Hospital | MeiHekou Central Hospital | Mei He Kou Central Hospital | Mei he kou central hospital,unmatched,0,NCT03388593,https://clinicaltrials.gov/study/NCT03388593,,[]
Nanjing Maternity and Child Health Care Hospital,Jiangsu,Nanjing,19,5,Nanjing Maternity and Child Health Care Hospital | :Nanjing Maternity and Child Health Care Hospital,unmatched,0,NCT01013090,https://clinicaltrials.gov/study/NCT01013090,,[]
Ruijin Hospital Shanghai Jiao Tong University,,Shanghai,19,4,"Ruijin Hospital Shanghai Jiao Tong University | Ruijin Hospital, Shanghai Jiao Tong University | Ruijin Hospital Shanghai Jiaotong University",unmatched,0,NCT00689936,https://clinicaltrials.gov/study/NCT00689936,,[]
"Shanghai Ninth People's Hospital, Shanghai Jiao Tong University School of Medicine",,Shanghai,19,10,"Shanghai Ninth People's Hospital, Shanghai Jiao Tong University School of Medicine | Shanghai Ninth People's Hospital, Shanghai JiaoTong University School of Medicine | Shanghai Ninth People's Hospital, Shanghai Jiaotong University School of Medicine | Shanghai Ninth people's Hospital, Shanghai Jiaotong University School of Medicine | Shanghai Ninth People's Hospital, Shanghai Jiao Tong University, School of Medicine | Shanghai Ninth People's Hospital Shanghai Jiao Tong University School of Medicine | Shanghai Ninth People's hospital, Shanghai Jiaotong University School of Medicine",unmatched,0,NCT02944071,https://clinicaltrials.gov/study/NCT02944071,,[]
Shanxi Bethune Hospital,,Taiyuan,19,10,Shanxi Bethune Hospital,unmatched,0,NCT03500380,https://clinicaltrials.gov/study/NCT03500380,,[]
Shengli Oilfield Central Hospital,Shandong,Dongying,19,12,Shengli Oilfield Central Hospital | Shengli Oil Field Central Hospital | Shengli oilfield central hospital,unmatched,0,NCT02534545,https://clinicaltrials.gov/study/NCT02534545,,[]
Sichuan Academy of Medical Sciences and Sichuan Provincial Peoples Hospital,Sichuan,Chengdu,19,7,Sichuan Academy of Medical Sciences and Sichuan Provincial Peoples Hospital | Sichuan Academy of Medical Sciences and Sichuan Provincial People's Hospital,unmatched,0,NCT03358875,https://clinicaltrials.gov/study/NCT03358875,,[]
Taizhou Hospital of Zhejiang Province,Zhejiang,Linhai,19,9,Taizhou Hospital of Zhejiang Province | Taizhou Hospital Of Zhejiang Province,unmatched,0,NCT01537276,https://clinicaltrials.gov/study/NCT01537276,,[]
Taizhou People's Hospital,Jiangsu,Taizhou,19,3,Taizhou People's Hospital,unmatched,0,NCT00565396,https://clinicaltrials.gov/study/NCT00565396,,[]
The Affiliated Hospital of Hangzhou Normal University,Zhejiang,Hangzhou,19,7,The Affiliated Hospital of Hangzhou Normal University | The affiliated Hospital of Hangzhou Normal University | The affiliated hospital of Hangzhou Normal University,unmatched,0,NCT01897805,https://clinicaltrials.gov/study/NCT01897805,,[]
The Children's Hospital Zhejiang University School of Medicine,Zhejiang,Hangzhou,19,6,"The Children's Hospital Zhejiang University School of Medicine | The Children's Hospital, Zhejiang University School of Medicine | The Children's Hospital ,Zhejiang University School of Medicine | The Children's Hospital, Zhejiang University school of medicine | The Children's Hospital,Zhejiang University School of Medicine | The Childrens Hospital, Zhejiang University School of Medicine | The Children's Hospital Zhejiang UniversitySchool of Medicine",unmatched,0,NCT01500551,https://clinicaltrials.gov/study/NCT01500551,,[]
The First Affiliated Hospital of Jilin University,Jilin,Changchun,19,9,The First Affiliated Hospital of Jilin University | The first Affiliated Hospital of Jilin University | the First Affiliated Hospital of Jilin University | the first affiliated hospital of Jilin university,unmatched,0,NCT01569516,https://clinicaltrials.gov/study/NCT01569516,,[]
The First Hospital of Changsha,Hunan,Changsha,19,1,The First Hospital of Changsha,unmatched,0,NCT01677208,https://clinicaltrials.gov/study/NCT01677208,,[]
The Second Affiliated Hospital of Fujian Medical University,Fujian,Quanzhou,19,8,The Second Affiliated Hospital of Fujian Medical University,unmatched,0,NCT02959333,https://clinicaltrials.gov/study/NCT02959333,,[]
The Southwest Hospital of Amu,Chongqing Municipality,Chongqing,19,8,The Southwest Hospital of Amu | The Southwest Hospital of AMU | The Southwest hospital of AMU | The Southwest Hospital Of AMU | The Southwest Hospital Of Amu,unmatched,0,NCT04723004,https://clinicaltrials.gov/study/NCT04723004,,[]
The Third Affiliated Hospital of Sun Yat-sen University,,Guangzhou,19,7,The Third Affiliated Hospital of Sun Yat-sen University | The third affiliated hospital of Sun Yat-Sen University | The Third Affiliated Hospital of Sun Yat-Sen University,unmatched,0,NCT00773461,https://clinicaltrials.gov/study/NCT00773461,,[]
Tonghua Central Hospital,Jilin,Tonghua,19,2,Tonghua Central Hospital | Tonghua central hospital,unmatched,0,NCT02832544,https://clinicaltrials.gov/study/NCT02832544,,[]
Weihai Central Hospital,Shandong,Weihai,19,7,Weihai Central Hospital | weihai Central Hospital,unmatched,0,NCT03753061,https://clinicaltrials.gov/study/NCT03753061,,[]
West China Second University Hospital,Sichuan,Chengdu,19,5,West China Second University Hospital | West China second university hospital,unmatched,0,NCT02316730,https://clinicaltrials.gov/study/NCT02316730,,[]
Wuzhou Red Cross Hospital,Guangxi,Wuzhou,19,13,Wuzhou Red Cross Hospital,unmatched,0,NCT02434614,https://clinicaltrials.gov/study/NCT02434614,,[]
Zhongda Hospital Affiliated to Southeast University,Jiangsu,Nanjing,19,10,"Zhongda Hospital Affiliated to Southeast University | Zhongda Hospital,Affiliated to Southeast University | Zhongda Hospital, Affiliated to Southeast University | Zhongda Hospital affiliated to Southeast University | Zhongda Hospital，Affiliated to Southeast University",unmatched,0,NCT04099927,https://clinicaltrials.gov/study/NCT04099927,,[]
Zhongshan Hospital of Fudan University,Shanghai Municipality,Shanghai,19,10,Zhongshan Hospital of Fudan University | Zhongshan hospital of Fudan University | Zhongshan hospital of Fudan university | Zhongshan hospital of fudan university,unmatched,0,NCT00642239,https://clinicaltrials.gov/study/NCT00642239,,[]
Affiliated Cancer Hospital and Institute of Guangzhou Medical University,Guangdong,Guangzhou,18,7,Affiliated Cancer Hospital and Institute of Guangzhou Medical University | Affiliated Cancer Hospital and institute of Guangzhou Medical University | Affiliated cancer hospital and institute of guangzhou medical university,unmatched,0,NCT03084237,https://clinicaltrials.gov/study/NCT03084237,,[]
Beijing Boren Hospital,Beijing Municipality,Beijing,18,4,Beijing Boren Hospital,unmatched,0,NCT03952078,https://clinicaltrials.gov/study/NCT03952078,,[]
"Changhai Hospital, Second Military Medical University",,Shanghai,18,8,"Changhai Hospital, Second Military Medical University",unmatched,0,NCT00653978,https://clinicaltrials.gov/study/NCT00653978,,[]
Chinese Academy of Medical Sciences Cancer Hospital,Beijing Municipality,Beijing,18,5,"Chinese Academy of Medical Sciences Cancer Hospital | Chinese Academy of Medical Sciences, Cancer Hospital",unmatched,0,NCT01232374,https://clinicaltrials.gov/study/NCT01232374,,[]
Chongqing General Hospital,,Chongqing,18,9,Chongqing General Hospital,unmatched,0,NCT03338010,https://clinicaltrials.gov/study/NCT03338010,,[]
First Affiliated Hospital of Xiamen University,Fujian,Xiamen,18,11,First Affiliated Hospital of Xiamen University | First affiliated Hospital of Xiamen University | First affiliated hospital of xiamen university,unmatched,0,NCT01924624,https://clinicaltrials.gov/study/NCT01924624,,[]
Gansu Wuwei Tumour Hospital,Gansu,Wuwei,18,8,Gansu Wuwei Tumour Hospital,unmatched,0,NCT04033354,https://clinicaltrials.gov/study/NCT04033354,,[]
Guizhou Cancer Hospital,Guizhou,Guiyang,18,5,Guizhou Cancer Hospital | GuiZhou Cancer Hospital | Guizhou Cancer hospital,unmatched,0,NCT01516996,https://clinicaltrials.gov/study/NCT01516996,,[]
Haikou People's Hospital,Hainan,Haikou,18,3,Haikou People's Hospital | Haikou people's Hospital,unmatched,0,NCT01975376,https://clinicaltrials.gov/study/NCT01975376,,[]
Hainan Cancer Hospital,Hainan,Haikou,18,9,Hainan Cancer Hospital | Hainan cancer Hospital | Hainan cancer hospital,unmatched,0,NCT03649529,https://clinicaltrials.gov/study/NCT03649529,,[]
Hainan Provincial People's Hospital,Hainan,Haikou,18,8,Hainan Provincial People's Hospital | HaiNan Provincial People's Hospital | Hainan Provincial People'S Hospital,unmatched,0,NCT01721408,https://clinicaltrials.gov/study/NCT01721408,,[]
Hebei Yanda Ludaopei Hospital,Hebei,Sanhe,18,3,Hebei Yanda Ludaopei Hospital | Hebei Yanda Lu Daopei Hospital,unmatched,0,NCT02546739,https://clinicaltrials.gov/study/NCT02546739,,[]
Huai'an First People's Hospital,,Huai'an,18,5,Huai'an First People's Hospital | Huaian First People's Hospital | Huai 'an First People's Hospital | Huai'an first people's hospital | Huai'an First Peoples Hospital,unmatched,0,NCT03020303,https://clinicaltrials.gov/study/NCT03020303,,[]
Huai'an Second People's Hospital,Jiangsu,Huai'an,18,8,Huai'an Second People's Hospital | Huai 'an Second People's Hospital | Huai an second people's hospital | Huaian Second Peoples Hospital,unmatched,0,NCT03430843,https://clinicaltrials.gov/study/NCT03430843,,[]
Jieyang People's Hospital,Guangdong,Jieyang,18,2,Jieyang People's Hospital | Jieyang people's hospital,unmatched,0,NCT03668496,https://clinicaltrials.gov/study/NCT03668496,,[]
Kaifeng Central Hospital,Henan,Kaifeng,18,8,Kaifeng Central Hospital | KaiFeng Central Hospital,unmatched,0,NCT01897805,https://clinicaltrials.gov/study/NCT01897805,,[]
Nantong First People's Hospital,Jiangsu,Nantong,18,7,Nantong First People's Hospital | Nantong First Peoples Hospital,unmatched,0,NCT03547232,https://clinicaltrials.gov/study/NCT03547232,,[]
North China University of Science and Technology Affiliated Hospital,Hebei,Tangshan,18,9,North China University of Science and Technology Affiliated Hospital | North China University Of Science And Technology Affiliated Hospital | North China University of Science And Technology Affiliated Hospital,unmatched,0,NCT02506140,https://clinicaltrials.gov/study/NCT02506140,,[]
People's Hospital of Ningxia Hui Autonomous Region,Ningxia,Yinchuan,18,6,People's Hospital of Ningxia Hui Autonomous Region | People's Hospital of Ningxia Hui autonomous region,unmatched,0,NCT04078737,https://clinicaltrials.gov/study/NCT04078737,,[]
Reproductive & Genetic Hospital of CITIC-XIANGYA,Hunan,Changsha,18,4,Reproductive & Genetic Hospital of CITIC-XIANGYA | Reproductive & Genetic Hospital of CITIC-Xiangya | Reproductive & Genetic Hospital of Citic-Xiangya,unmatched,0,NCT02868528,https://clinicaltrials.gov/study/NCT02868528,,[]
Shaanxi provincial people's hospital,,Xi'an,18,8,Shaanxi provincial people's hospital | Shaanxi Provincial People's Hospital | Shaanxi Provincial Peoples Hospital,unmatched,0,NCT03990272,https://clinicaltrials.gov/study/NCT03990272,,[]
Shandong University Qilu Hospital,Shandong,Jinan,18,10,Shandong University Qilu Hospital | Shandong University Qilu hospital | Shandong University - Qilu Hospital | Shandong university qilu hospital,unmatched,0,NCT01568333,https://clinicaltrials.gov/study/NCT01568333,,[]
Shanghai Oriental Hospital,Shanghai Municipality,Shanghai,18,11,Shanghai Oriental Hospital | Shanghai Oriental hospital,unmatched,0,NCT03166553,https://clinicaltrials.gov/study/NCT03166553,,[]
Shanxi Provincial Cancer Hospital,,Taiyuan,18,10,Shanxi Provincial Cancer Hospital | Shanxi Provincial Cancer hospital | Shanxi provincial cancer hospital,unmatched,0,NCT04208347,https://clinicaltrials.gov/study/NCT04208347,,[]
Sir Run Run Shaw Hospital of Zhejiang University School of Medicine,Zhejiang,Hangzhou,18,9,Sir Run Run Shaw Hospital of Zhejiang University School of Medicine,unmatched,0,NCT04960930,https://clinicaltrials.gov/study/NCT04960930,,[]
The Central Hospital of Yongzhou,Hunan,Yongzhou,18,9,The Central Hospital of Yongzhou | The Central Hospital Of Yong Zhou | The Central Hospital of YongZhou,unmatched,0,NCT04237805,https://clinicaltrials.gov/study/NCT04237805,,[]
The First Affiliated Hospital of Guangzhou Medical College,Guangdong,Guangzhou,18,11,The First Affiliated Hospital of Guangzhou Medical College | the First Affiliated Hospital of Guangzhou Medical College | The first affiliated hospital of Guangzhou medical college | The first affiliated hospital of guangzhou medical college,unmatched,0,NCT00548223,https://clinicaltrials.gov/study/NCT00548223,,[]
The First Affiliated Hospital of Hebei North University,Hebei,Zhangjiakou,18,5,The First Affiliated Hospital of Hebei North University | The First affiliated Hospital of Hebei North University | The first affiliated hospital of hebei north university,unmatched,0,NCT03015311,https://clinicaltrials.gov/study/NCT03015311,,[]
The First Affiliated Hospital of Henan University of Science &Technology,,Luoyang,18,10,"The First Affiliated Hospital of Henan University of Science &Technology | The First Affiliated Hospital of Henan University of Science & Technology | The First Affiliated Hospital of Henan University of Science & Technology,",unmatched,0,NCT03500380,https://clinicaltrials.gov/study/NCT03500380,,[]
The First Affiliated Hospital of Henan University of Science &Technology,,Luoyang Shi,18,8,The First Affiliated Hospital of Henan University of Science &Technology,unmatched,0,NCT05556512,https://clinicaltrials.gov/study/NCT05556512,,[]
The People's Hospital of Guangxi Zhuang Autonomous Region,,Nanning,18,9,The People's Hospital of Guangxi Zhuang Autonomous Region | The People's Hospital Of Guangxi Zhuang Autonomous Region | The People'S Hospital of Guangxi Zhuang Autonomous Region | The people's hospital of Guangxi Zhuang Autonomous Region,unmatched,0,NCT02132143,https://clinicaltrials.gov/study/NCT02132143,,[]
The Second Affiliated Hospital of Dalian Medical University,,Dalian,18,7,The Second Affiliated Hospital of Dalian Medical University | The second Affiliated Hospital of Dalian Medical University,unmatched,0,NCT00805194,https://clinicaltrials.gov/study/NCT00805194,,[]
The Second Affiliated Hospital of Guangxi Medical University,Guangxi,Nanning,18,13,The Second Affiliated Hospital of Guangxi Medical University | The second affiliated hospital of guangxi medical university | the Second Affiliated Hospital of Guangxi Medical University,unmatched,0,NCT04830644,https://clinicaltrials.gov/study/NCT04830644,,[]
The Second Affiliated Hospital of Guilin Medical University,Guangxi,Guilin,18,5,The Second Affiliated Hospital of Guilin Medical University,unmatched,0,NCT04152499,https://clinicaltrials.gov/study/NCT04152499,,[]
The Second Affiliated Hospital to Nanchang University,,Nanchang,18,8,The Second Affiliated Hospital to Nanchang University,unmatched,0,NCT01287741,https://clinicaltrials.gov/study/NCT01287741,,[]
"The Second Xiangya Hospital, Central South University",Hunan,Changsha,18,6,"The Second Xiangya Hospital, Central South University | The second Xiangya Hospital,Central South University | the Second Xiangya Hospital，Central South University",unmatched,0,NCT01040780,https://clinicaltrials.gov/study/NCT01040780,,[]
Tianjin Chest Hospital,,Tianjin,18,9,"Tianjin Chest Hospital | Tianjin Chest Hospital, | Tianjin Chest hospital",unmatched,0,NCT03169335,https://clinicaltrials.gov/study/NCT03169335,,[]
"Tongji Hospital, Tongji Medical College of HUST",,Wuhan,18,6,"Tongji Hospital, Tongji Medical College of HUST | Tongji Hospital Tongji Medical College of HUST | Tongji Hospital - Tongji Medical College of HUST | Tongji Hospital, Tongji Medical College of Hust | Tongji Hospital, Tongji medical college of HUST | Tongji Hospital Tongji Medical College of Hust | Tongji Hospital,Tongji Medical College of HUST",unmatched,0,NCT03217812,https://clinicaltrials.gov/study/NCT03217812,,[]
Wuhan Union Hospital of China,Hubei,Wuhan,18,7,Wuhan Union Hospital of China | WuHan Union Hospital Of China,unmatched,0,NCT00786136,https://clinicaltrials.gov/study/NCT00786136,,[]
Xuanwu Hospital of Capital Medical University,Beijing Municipality,Beijing,18,4,Xuanwu Hospital of Capital Medical University | Xuan Wu Hospital of Capital Medical University | Xuanwu hospital of capital medical university,unmatched,0,NCT01978730,https://clinicaltrials.gov/study/NCT01978730,,[]
Zaozhuang Municipal Hospital,Shandong,Zaozhuang,18,6,Zaozhuang Municipal Hospital,unmatched,0,NCT02231125,https://clinicaltrials.gov/study/NCT02231125,,[]
Zhuhai People's Hospital,Guangdong,Zhuhai,18,9,Zhuhai People's Hospital | Zhuhai People'S Hospital | Zhuhai people's Hospital | Zhuhai people's hospital,unmatched,0,NCT02867267,https://clinicaltrials.gov/study/NCT02867267,,[]
Affiliated Cancer Hospital of Shandong First Medical University,Shandong,Jinan,17,14,Affiliated Cancer Hospital of Shandong First Medical University | Affiliated Cancer Hospital of Shandong First Medical university,unmatched,0,NCT04685226,https://clinicaltrials.gov/study/NCT04685226,,[]
Affiliated Hospital of Qinghai University,Qinghai,Xining,17,7,Affiliated Hospital of Qinghai University,unmatched,0,NCT02660411,https://clinicaltrials.gov/study/NCT02660411,,[]
Anyang People's Hospital,Henan,Anyang,17,8,Anyang People's Hospital,unmatched,0,NCT04078737,https://clinicaltrials.gov/study/NCT04078737,,[]
Beijing Chest Hospital,,Beijing,17,3,Beijing Chest Hospital,unmatched,0,NCT00685360,https://clinicaltrials.gov/study/NCT00685360,,[]
Beijing GoBroad Hospital,,Beijing,17,14,Beijing GoBroad Hospital | Beijing Gobroad Hospital,unmatched,0,NCT05718895,https://clinicaltrials.gov/study/NCT05718895,,[]
"Beijing Tiantan Hospital, Beijing, Beijing 100070",,Beijing,17,17,"Beijing Tiantan Hospital, Beijing, Beijing 100070",unmatched,0,NCT07157852,https://clinicaltrials.gov/study/NCT07157852,,[]
Cancer Hospital of Guizhou Medical University,Guizhou,Guiyang,17,10,Cancer Hospital of Guizhou Medical University | Cancer Hospital Of Guizhou Medical University,unmatched,0,NCT02937519,https://clinicaltrials.gov/study/NCT02937519,,[]
"Cancer Institute & Hospital, Chinese Academy of Medical Sciences",Beijing Municipality,Beijing,17,7,"Cancer Institute & Hospital, Chinese Academy of Medical Sciences | Cancer institute & hospital, chinese academy of medical sciences | Cancer Institute & Hospital.Chinese Academy of Medical Sciences | Cancer Institute & Hospital. Chinese Academy of Medical Sciences | Cancer Institute & Hospital Chinese Academy of Medical Sciences | Cancer Institute &Hospital, Chinese Academy of Medical Sciences | Cancer Institute& Hospital, Chinese Academy of Medical Sciences | Cancer institute &Hospital，Chinese Academy of Medical Sciences",unmatched,0,NCT00985998,https://clinicaltrials.gov/study/NCT00985998,,[]
Changzheng Hospital,Shanghai Municipality,Shanghai,17,7,Changzheng Hospital | Changzheng hospital | ChangZheng Hospital | Chang Zheng Hospital,unmatched,0,NCT00749463,https://clinicaltrials.gov/study/NCT00749463,,[]
Chinese People's Liberation Army General Hospital,Beijing Municipality,Beijing,17,6,Chinese People's Liberation Army General Hospital,unmatched,0,NCT00445458,https://clinicaltrials.gov/study/NCT00445458,,[]
Chongqing Traditional Chinese Medicine Hospital,Chongqing Municipality,Chongqing,17,7,Chongqing Traditional Chinese Medicine Hospital | Chongqing Traditional Chinese medicine Hospital,unmatched,0,NCT02306421,https://clinicaltrials.gov/study/NCT02306421,,[]
"Department of Medical Oncology, Sun Yat-sen University Cancer Center,",Guangdong,Guangzhou,17,13,"Department of Medical Oncology, Sun Yat-sen University Cancer Center, | Department of Medical Oncology, Sun Yat-Sen University Cancer Center | Department of Medical Oncology, Sun Yat-sen University Cancer Center | Department of Medical Oncology,Sun Yat-Sen University Cancer Center | Department of Medical Oncology,Sun Yat-sen University Cancer Center",unmatched,0,NCT01921790,https://clinicaltrials.gov/study/NCT01921790,,[]
District One Hospital,Beijing Municipality,Beijing,17,17,District One Hospital,unmatched,0,NCT06213636,https://clinicaltrials.gov/study/NCT06213636,,[]
Eastern Hepatobiliary Surgery Hospital,,Shanghai,17,11,Eastern Hepatobiliary Surgery Hospital,unmatched,0,NCT00834158,https://clinicaltrials.gov/study/NCT00834158,,[]
Fuzhou General Hospital,Fujian,Fuzhou,17,3,Fuzhou General Hospital | Fuzhou general hospital,unmatched,0,NCT00646724,https://clinicaltrials.gov/study/NCT00646724,,[]
"Gastrointestinal Hospital, Sun Yat-sen University",Guangdong,Guangzhou,17,11,"Gastrointestinal Hospital, Sun Yat-sen University | Gastrointestinal Hospital, Sun Yatsen University",unmatched,0,NCT01211210,https://clinicaltrials.gov/study/NCT01211210,,[]
Guizhou Provincial People's Hospital,,Guiyang,17,8,Guizhou Provincial People's Hospital | GuiZhou Provincial People's Hospital,unmatched,0,NCT02568722,https://clinicaltrials.gov/study/NCT02568722,,[]
Huashan Hospital of Fudan University,Shanghai Municipality,Shanghai,17,8,Huashan Hospital of Fudan University | Huashan hospital of fudan university,unmatched,0,NCT02652806,https://clinicaltrials.gov/study/NCT02652806,,[]
Linfen People's Hospital,Shanxi,Linfen,17,6,Linfen People's Hospital | LinFen People's Hospital | Linfen people's hospital | Linfen Peoples Hospital,unmatched,0,NCT04797013,https://clinicaltrials.gov/study/NCT04797013,,[]
Lishui People's Hospital,Zhejiang,Lishui,17,6,Lishui People's Hospital,unmatched,0,NCT02430350,https://clinicaltrials.gov/study/NCT02430350,,[]
Maoming People's Hospital,Guangdong,Maoming,17,6,Maoming People's Hospital | Maoming people's hospital | Mao ming people's hospital | MaoMing People's Hospital,unmatched,0,NCT02441556,https://clinicaltrials.gov/study/NCT02441556,,[]
Nanjing Children's Hospital,Jiangsu,Nanjing,17,7,Nanjing Children's Hospital | Nanjing childrens Hospital,unmatched,0,NCT02314273,https://clinicaltrials.gov/study/NCT02314273,,[]
Peking University Cancer Hospital & Institute,,Beijing,17,11,Peking University Cancer Hospital & Institute,unmatched,0,NCT03575637,https://clinicaltrials.gov/study/NCT03575637,,[]
Second Affiliated Hospital of Zhejiang University School of Medicine,,Hangzhou,17,8,"Second Affiliated Hospital of Zhejiang University School of Medicine | Second Affiliated Hospital of Zhejiang University, School of Medicine",unmatched,0,NCT04213196,https://clinicaltrials.gov/study/NCT04213196,,[]
Shanghai Dermatology Hospital,Shanghai Municipality,Shanghai,17,5,Shanghai Dermatology Hospital,unmatched,0,NCT03942185,https://clinicaltrials.gov/study/NCT03942185,,[]
Shantou Central Hospital,Guangdong,Shantou,17,9,Shantou Central Hospital,unmatched,0,NCT03494920,https://clinicaltrials.gov/study/NCT03494920,,[]
Shenzhen Second People's Hospital,,Shenzhen,17,6,Shenzhen Second People's Hospital | Shenzhen Second People'S Hospital,unmatched,0,NCT03589378,https://clinicaltrials.gov/study/NCT03589378,,[]
Sichuan Cancer Hospital & Institute,Sichuan,Chengdu,17,8,Sichuan Cancer Hospital & Institute | Sichuan Cancer Hospital&Institute,unmatched,0,NCT02076477,https://clinicaltrials.gov/study/NCT02076477,,[]
The Fifth Affiliated Hospital of Guangzhou Medical University,Guangdong,Guangzhou,17,12,The Fifth Affiliated Hospital of Guangzhou Medical University | The Fifth Affiliated Hospital of Guangzhou Medical University.,unmatched,0,NCT03007160,https://clinicaltrials.gov/study/NCT03007160,,[]
The First People's Hospital of Yunnan Province,,Kunming,17,6,The First People's Hospital of Yunnan Province | the First People's Hospital of Yunnan Province,unmatched,0,NCT03519945,https://clinicaltrials.gov/study/NCT03519945,,[]
The Fourth Affiliated Hospital of China Medical University,Liaoning,Shenyang,17,9,The Fourth Affiliated Hospital of China Medical University | The Fourth Affiliated Hospital Of China Medical University | the Fourth Affiliated Hospital of China Medical University,unmatched,0,NCT00786136,https://clinicaltrials.gov/study/NCT00786136,,[]
The Second Affiliated Hospital of Henan University of Science and Technology,Henan,Luoyang,17,5,The Second Affiliated Hospital of Henan University of Science and Technology | The Second Affiliated Hospital of Henan University of science and technology | The Second Affiliated Hospital of Henan University of Science and technology,unmatched,0,NCT04078737,https://clinicaltrials.gov/study/NCT04078737,,[]
The Second Affiliated Hospital of Wannan Medical College,Anhui,Wuhu,17,7,The Second Affiliated Hospital of Wannan Medical College | The Second affiliated Hospital of Wannan Medical College,unmatched,0,NCT06192264,https://clinicaltrials.gov/study/NCT06192264,,[]
The Second Hospital of Dalian Medical University,,Dalian,17,4,The Second Hospital of Dalian Medical University | The second Hospital of Dalian Medical University | The second hospital of Dalian medical university,unmatched,0,NCT02112656,https://clinicaltrials.gov/study/NCT02112656,,[]
The Third People's Hospital of Chengdu,Sichuan,Chengdu,17,8,The Third People's Hospital of Chengdu | the Third People'S Hospital of Chengdu | The Third Peoples' Hospital of Chengdu | The third People's Hospital of Chengdu | The third people's hospital of chengdu | the Third People's Hospital of Chengdu,unmatched,0,NCT01437514,https://clinicaltrials.gov/study/NCT01437514,,[]
Tianjin Medical University Second Hospital,Tianjin Municipality,Tianjin,17,14,Tianjin Medical University Second Hospital | Tianjin Medical University second hospital,unmatched,0,NCT03786848,https://clinicaltrials.gov/study/NCT03786848,,[]
Tianjin Third Central Hospital,,Tianjin,17,3,Tianjin Third Central Hospital,unmatched,0,NCT01140997,https://clinicaltrials.gov/study/NCT01140997,,[]
Union Hospital Tongji Medical College of Huazhong University of Science and Technology,,Wuhan,17,6,Union Hospital Tongji Medical College of Huazhong University of Science and Technology,unmatched,0,NCT03617016,https://clinicaltrials.gov/study/NCT03617016,,[]
Weifang People's Hospital,,Weifang,17,8,Weifang People's Hospital,unmatched,0,NCT02584478,https://clinicaltrials.gov/study/NCT02584478,,[]
Xianyang Hospital of Yan'an University,,Xianyang,17,8,Xianyang Hospital of Yan'an University | Xianyang Hospital of Yan 'an University | XianYang Hospital OF Yan'an University,unmatched,0,NCT04915729,https://clinicaltrials.gov/study/NCT04915729,,[]
"Xinhua Hospital, Shanghai Jiao Tong University School of Medicine",,Shanghai,17,9,"Xinhua Hospital, Shanghai Jiao Tong University School of Medicine | Xinhua Hospital, Shanghai Jiaotong University School of Medicine | Xinhua hospital, Shanghai Jiao Tong University School of Medicine | Xinhua Hospital,Shanghai Jiao Tong University School of Medicine | Xinhua Hospital Shanghai Jiaotong University School of Medicine",unmatched,0,NCT02099721,https://clinicaltrials.gov/study/NCT02099721,,[]
Zhongshan Hospital Xiamen University,,Xiamen,17,7,"Zhongshan Hospital Xiamen University | Zhongshan Hospital, Xiamen University",unmatched,0,NCT03466411,https://clinicaltrials.gov/study/NCT03466411,,[]
Zhujiang Hospital,,Guangzhou,17,10,Zhujiang Hospital,unmatched,0,NCT05034029,https://clinicaltrials.gov/study/NCT05034029,,[]
920th Hospital of Joint Logistics Support Force of People's Liberation Army of China,Yunnan,Kunming,16,12,920th Hospital of Joint Logistics Support Force of People's Liberation Army of China,unmatched,0,NCT04860817,https://clinicaltrials.gov/study/NCT04860817,,[]
Affiliated Hospital of Yangzhou University,Jiangsu,Yangzhou,16,5,Affiliated Hospital of Yangzhou University | Affiliated hospital of yangzhou university,unmatched,0,NCT04078737,https://clinicaltrials.gov/study/NCT04078737,,[]
Cancer Hospital Chinese Academy of Medical Science,,Beijing,16,8,"Cancer Hospital Chinese Academy of Medical Science | Cancer Hospital, Chinese Academy of Medical Science | Cancer hospital Chinese academy of medical science",unmatched,0,NCT03349203,https://clinicaltrials.gov/study/NCT03349203,,[]
"Cancer Hospital, Chinese Academy of Medical Sciences and Peking Union Medical College",Beijing Municipality,Beijing,16,9,"Cancer Hospital, Chinese Academy of Medical Sciences and Peking Union Medical College | Cancer Hospital,Chinese Academy of Medical Sciences and Peking Union Medical College | Cancer hospital, Chinese academy of medical sciences and Peking union medical college | cancer hospital， Chinese Academy of medical sciences and Peking union medical college | Cancer Hospital Chinese Academy of Medical Sciences and Peking Union Medical College",unmatched,0,NCT03944499,https://clinicaltrials.gov/study/NCT03944499,,[]
Central laboratory in Fuda cancer hospital,Guangdong,Guangzhou,16,0,Central laboratory in Fuda cancer hospital,unmatched,0,NCT02447263,https://clinicaltrials.gov/study/NCT02447263,,[]
Changzhou Second People's Hospital,,Changzhou,16,7,Changzhou Second People's Hospital,unmatched,0,NCT03635749,https://clinicaltrials.gov/study/NCT03635749,,[]
Chifeng Municipal Hospital,Inner Mongolia,Chifeng,16,7,Chifeng Municipal Hospital | Chifeng Municipal hospital,unmatched,0,NCT00829660,https://clinicaltrials.gov/study/NCT00829660,,[]
Children's Hospital of Chongqing Medical University,,Chongqing,16,9,Children's Hospital of Chongqing Medical University | Children's hospital of Chongqing medical university,unmatched,0,NCT02336178,https://clinicaltrials.gov/study/NCT02336178,,[]
Children's Hospital of Shanghai,,Shanghai,16,6,Children's Hospital of Shanghai | Childrens Hospital of Shanghai | Children's hospital of Shanghai,unmatched,0,NCT02932410,https://clinicaltrials.gov/study/NCT02932410,,[]
Chongqing General Hospital,Chongqing Municipality,Chongqing,16,5,Chongqing General Hospital,unmatched,0,NCT03926130,https://clinicaltrials.gov/study/NCT03926130,,[]
Dalian Municipal Central Hospital,Liaoning,Dalian,16,5,Dalian Municipal Central Hospital | Dalian municipal central hospital,unmatched,0,NCT03110172,https://clinicaltrials.gov/study/NCT03110172,,[]
Daqing People's Hospital,Heilongjiang,Daqing,16,4,Daqing People's Hospital | Daqing people's Hospital | Daqing peoples hospital,unmatched,0,NCT02135835,https://clinicaltrials.gov/study/NCT02135835,,[]
"Department of Rheumatology and Immunology, Peking University People's Hospital",Beijing Municipality,Beijing,16,7,"Department of Rheumatology and Immunology, Peking University People's Hospital",unmatched,0,NCT02084238,https://clinicaltrials.gov/study/NCT02084238,,[]
Dongyang People's Hospital,Zhejiang,Dongyang,16,10,Dongyang People's Hospital | Dongyang Peoples Hospital,unmatched,0,NCT04578613,https://clinicaltrials.gov/study/NCT04578613,,[]
First Affiliated Hospital of Dalian Medical University,Liaoning,Dalian,16,6,First Affiliated Hospital of Dalian Medical University | First affiliated hospital of Dalian medical university,unmatched,0,NCT00911508,https://clinicaltrials.gov/study/NCT00911508,,[]
"First Affiliated Hospital, Soochow University",Jiangsu,Suzhou,16,9,"First Affiliated Hospital, Soochow University | First Affiliated Hospital,Soochow University | First affiliated hospital,Soochow University",unmatched,0,NCT01809392,https://clinicaltrials.gov/study/NCT01809392,,[]
First Teaching Hospital of Tianjin University of Traditional Chinese Medicine,Tianjin Municipality,Tianjin,16,8,First Teaching Hospital of Tianjin University of Traditional Chinese Medicine | First Teaching hospital of Tianjin University of Traditional Chinese Medicine,unmatched,0,NCT01555320,https://clinicaltrials.gov/study/NCT01555320,,[]
"First affiliated hospital, Zhejiang University",Zhejiang,Hangzhou,16,4,"First affiliated hospital, Zhejiang University | First Affiliated Hospital,Zhejiang University",unmatched,0,NCT02131493,https://clinicaltrials.gov/study/NCT02131493,,[]
Fudan University Cancer Center,Shanghai Municipality,Shanghai,16,10,Fudan University Cancer Center | Fudan University Cancer center,unmatched,0,NCT01047111,https://clinicaltrials.gov/study/NCT01047111,,[]
General Hospital of Shenyang Military Region,Liaoning,Shenyang,16,4,General Hospital of Shenyang Military Region | General Hospital of ShenYang Military Region | General hospital of shenyang military region,unmatched,0,NCT02203253,https://clinicaltrials.gov/study/NCT02203253,,[]
Guang'anmen Hospital,Beijing Municipality,Beijing,16,7,Guang'anmen Hospital | Guang 'anmen Hospital | Guang Anmen Hospital | Guanganmen Hospital,unmatched,0,NCT01558154,https://clinicaltrials.gov/study/NCT01558154,,[]
Harrison International Peace Hospital,Hebei,Hengshui,16,4,Harrison International Peace Hospital,unmatched,0,NCT02121717,https://clinicaltrials.gov/study/NCT02121717,,[]
Hematology Hospital of Chinese Academy of Medical Sciences,Tianjin Municipality,Tianjin,16,10,Hematology Hospital of Chinese Academy of Medical Sciences,unmatched,0,NCT03757000,https://clinicaltrials.gov/study/NCT03757000,,[]
Huizhou Municipal Central Hospital,,Huizhou,16,1,Huizhou Municipal Central Hospital,unmatched,0,NCT04384484,https://clinicaltrials.gov/study/NCT04384484,,[]
Liuzhou People's Hospital,,Liuzhou,16,7,Liuzhou People's Hospital | Liuzhou people's Hospital | LIUZHOU People's Hospital,unmatched,0,NCT04892173,https://clinicaltrials.gov/study/NCT04892173,,[]
Nantong Tumor Hospital,,Nantong,16,4,Nantong Tumor Hospital | Nan Tong Tumor Hospital,unmatched,0,NCT03635489,https://clinicaltrials.gov/study/NCT03635489,,[]
Oncology Department of The First Affiliated Hospital of Zhengzhou University,Henan,Zhengzhou,16,13,Oncology Department of The First Affiliated Hospital of Zhengzhou University,unmatched,0,NCT01501136,https://clinicaltrials.gov/study/NCT01501136,,[]
Peking University Shougang Hospital,,Beijing,16,4,Peking University Shougang Hospital | Peking university shougang hospital,unmatched,0,NCT03359018,https://clinicaltrials.gov/study/NCT03359018,,[]
Peking University Sixth Hospital,,Beijing,16,3,Peking University Sixth Hospital,unmatched,0,NCT03230097,https://clinicaltrials.gov/study/NCT03230097,,[]
People's Hospital of Hunan Province,Hunan,Changsha,16,10,People's Hospital of Hunan Province | People's Hospital Of Hunan Province,unmatched,0,NCT01541202,https://clinicaltrials.gov/study/NCT01541202,,[]
Quanzhou First Hospital,Fujian,Quanzhou,16,5,Quanzhou First Hospital | QUANZHOU First Hospital,unmatched,0,NCT01735656,https://clinicaltrials.gov/study/NCT01735656,,[]
Second Hospital of Hebei Medical University,Hebei,Shijiazhuang,16,5,Second Hospital of Hebei Medical University | Second hospital of hebei medical university | Second hospital of Hebei Medical University,unmatched,0,NCT03303066,https://clinicaltrials.gov/study/NCT03303066,,[]
Shandong Cancer Hospital & Institute,Shandong,Jinan,16,10,Shandong Cancer Hospital & Institute | Shandong Cancer Hospital&Institute | Shandong Cancer hospital & institute | Shandong Cancer hospital &Institute,unmatched,0,NCT04704934,https://clinicaltrials.gov/study/NCT04704934,,[]
Shanghai Cancer Center,Shanghai Municipality,Shanghai,16,11,Shanghai Cancer Center,unmatched,0,NCT01310478,https://clinicaltrials.gov/study/NCT01310478,,[]
Shenzhen Third People's Hospital,Guangdong,Shenzhen,16,7,Shenzhen Third People's Hospital | Shenzhen Third People 's Hospital,unmatched,0,NCT03575299,https://clinicaltrials.gov/study/NCT03575299,,[]
Sichuan University West China Hospital,Sichuan,Chengdu,16,8,"Sichuan University West China Hospital | Sichuan University - West China Hospital | Sichuan University, West China Hospital",unmatched,0,NCT01531829,https://clinicaltrials.gov/study/NCT01531829,,[]
TEDA International Cardiovascular Hospital,,Tianjin,16,7,TEDA International Cardiovascular Hospital | Teda International Cardiovascular Hospital,unmatched,0,NCT01285999,https://clinicaltrials.gov/study/NCT01285999,,[]
Tangshan Gongren Hospital,Hebei,Tangshan,16,1,Tangshan Gongren Hospital | TangShan GongRen Hospital | Tangshan GongRen Hospital | Tangshan gongren hospital,unmatched,0,NCT01471522,https://clinicaltrials.gov/study/NCT01471522,,[]
The Affiliated Hospital of Nanjing University Medical School,Jiangsu,Nanjing,16,5,The Affiliated Hospital of Nanjing University Medical School | the Affiliated Hospital of Nanjing University Medical School,unmatched,0,NCT02489214,https://clinicaltrials.gov/study/NCT02489214,,[]
The First Affiliated Hospital of Medical School of Zhejiang University,Zhejiang,Hangzhou,16,5,The First Affiliated Hospital of Medical School of Zhejiang University,unmatched,0,NCT01364376,https://clinicaltrials.gov/study/NCT01364376,,[]
The First Affiliated Hospital of Nanyang Medical College,,Nanyang,16,5,The First Affiliated Hospital of Nanyang Medical College | The First affiliated Hospital of Nanyang Medical College,unmatched,0,NCT04998032,https://clinicaltrials.gov/study/NCT04998032,,[]
The First Affiliated Hospital of Wenzhou Medical College,Zhejiang,Wenzhou,16,6,The First Affiliated Hospital of Wenzhou Medical College | The First Affiliated Hospital Of WenZhou Medical College | The First affiliated Hospital of Wenzhou Medical College | the First Affiliated Hospital of Wenzhou Medical College,unmatched,0,NCT00565396,https://clinicaltrials.gov/study/NCT00565396,,[]
The First Affiliated Hospital of Xinxiang Medical University,,Xinxiang,16,9,The First Affiliated Hospital of Xinxiang Medical University,unmatched,0,NCT03500380,https://clinicaltrials.gov/study/NCT03500380,,[]
The First Affiliated Hospital of Zhejiang University,,Hangzhou,16,4,The First Affiliated Hospital of Zhejiang University | The first affiliated Hospital of Zhejiang University | The first affiliated hospital of Zhejiang university,unmatched,0,NCT01976208,https://clinicaltrials.gov/study/NCT01976208,,[]
The Second Affiliated Hospital of Harbin Medical University,,Harbin,16,5,The Second Affiliated Hospital of Harbin Medical University | The second affiliated hospital of Harbin medical university,unmatched,0,NCT01918098,https://clinicaltrials.gov/study/NCT01918098,,[]
The Second Affiliated Hospital of Wenzhou Medical University,,Wenzhou,16,8,The Second Affiliated Hospital of Wenzhou Medical University | The second Affiliated Hospital of Wenzhou Medical University | The second affiliated hospital of Wenzhou Medical University,unmatched,0,NCT03709056,https://clinicaltrials.gov/study/NCT03709056,,[]
The Second Affiliated Hospital of Zhengzhou University,,Zhengzhou,16,2,The Second Affiliated Hospital of Zhengzhou University | The Second Affiliated Hospital of ZhengzhouUniversity,unmatched,0,NCT03519945,https://clinicaltrials.gov/study/NCT03519945,,[]
The Sixth Affiliated Hospital Sun Yat sen University,,Guangzhou,16,10,"The Sixth Affiliated Hospital Sun Yat sen University | The Sixth Affiliated Hospital, Sun Yat-sen University | The Sixth Affiliated Hospital, Sun Yat-Sen University | The sixth Affiliated Hospital, Sun Yat-sen University | The Sixth Affiliated Hospital,Sun Yat-Sen University | The Sixth Affiliated Hospital,Sun Yat-sen University | The Sixth Affiliated Hospital，Sun Yat-sen University",unmatched,0,NCT04033445,https://clinicaltrials.gov/study/NCT04033445,,[]
Wenzhou People's Hospital,Zhejiang,Wenzhou,16,5,Wenzhou People's Hospital,unmatched,0,NCT02455141,https://clinicaltrials.gov/study/NCT02455141,,[]
Wuxi No.2 People's Hospital,Jiangsu,Wuxi,16,3,Wuxi No.2 People's Hospital | Wuxi No. 2 People's Hospital,unmatched,0,NCT00829660,https://clinicaltrials.gov/study/NCT00829660,,[]
Yancheng First People's Hospital,Jiangsu,Yancheng,16,7,Yancheng First People's Hospital | YanCheng First People's Hospital | Yancheng First Peoples Hospital,unmatched,0,NCT01885078,https://clinicaltrials.gov/study/NCT01885078,,[]
"the Affiliated Hospital of Yangzhou University, Yangzhou University",Jiangsu,Yangzhou,16,5,"the Affiliated Hospital of Yangzhou University, Yangzhou University | The Affiliated Hospital of Yangzhou University, Yangzhou University",unmatched,0,NCT03126422,https://clinicaltrials.gov/study/NCT03126422,,[]
307 Hospital of PLA,,Beijing,15,2,307 Hospital of PLA | 307 Hospital of Pla,unmatched,0,NCT00793871,https://clinicaltrials.gov/study/NCT00793871,,[]
Beijing Children's Hospital,Beijing Municipality,Beijing,15,6,Beijing Children's Hospital | Beijing children's hospital,unmatched,0,NCT00221247,https://clinicaltrials.gov/study/NCT00221247,,[]
Cancer Hospital of Guangxi Medical University,Guangxi,Nanning,15,7,Cancer Hospital of Guangxi Medical University,unmatched,0,NCT02116231,https://clinicaltrials.gov/study/NCT02116231,,[]
Cardiovascular Institute and Fu Wai Hospital,,Beijing,15,3,Cardiovascular Institute and Fu Wai Hospital | Cardiovascular Institute and Fuwai Hospital,unmatched,0,NCT01064167,https://clinicaltrials.gov/study/NCT01064167,,[]
Changzhou First People's Hospital,Jiangsu,Changzhou,15,8,Changzhou First People's Hospital | ChangZhou First People's Hospital,unmatched,0,NCT01670812,https://clinicaltrials.gov/study/NCT01670812,,[]
Chenzhou No.1 People's Hospital,Hu'nan,Chenzhou,15,2,Chenzhou No.1 People's Hospital | Chenzhou NO.1 People's Hospital | Chenzhou No. 1 People's Hospital | Chenzhou No1 Peoples Hospital,unmatched,0,NCT02388724,https://clinicaltrials.gov/study/NCT02388724,,[]
Chongqing Three Gorges Central Hospital,Chongqing Municipality,Chongqing,15,2,Chongqing Three Gorges Central Hospital,unmatched,0,NCT01677208,https://clinicaltrials.gov/study/NCT01677208,,[]
"Department of Urology, Minimally Invasive Surgery Center, The First Affiliated Hospital of Guangzhou Medical University",Guangdong,Guangzhou,15,9,"Department of Urology, Minimally Invasive Surgery Center, The First Affiliated Hospital of Guangzhou Medical University | Department of Urology, Minimally invasive Surgery Center, The First Affiliated Hospital of Guangzhou Medical University",unmatched,0,NCT02266381,https://clinicaltrials.gov/study/NCT02266381,,[]
First Affiliated Hospital of Guangzhou Medical University,,Guangzhou,15,3,First Affiliated Hospital of Guangzhou Medical University,unmatched,0,NCT02205112,https://clinicaltrials.gov/study/NCT02205112,,[]
First Affiliated Hospital of Soochow University,Jiangsu,Suzhou,15,6,First Affiliated Hospital of Soochow University,unmatched,0,NCT01233102,https://clinicaltrials.gov/study/NCT01233102,,[]
First Hospital of Jilin University,,Changchun,15,4,First Hospital of Jilin University | First hospital of Jilin University,unmatched,0,NCT00805194,https://clinicaltrials.gov/study/NCT00805194,,[]
Fujian Provincial Cancer Hospital,,Fuzhou,15,6,Fujian Provincial Cancer Hospital,unmatched,0,NCT03037385,https://clinicaltrials.gov/study/NCT03037385,,[]
Handan First Hospital,Hebei,Handan,15,4,Handan First Hospital | Handan first hospital,unmatched,0,NCT02534545,https://clinicaltrials.gov/study/NCT02534545,,[]
Henan Cancer Hospital,,Henan,15,5,Henan Cancer Hospital | He'nan Cancer Hospital,unmatched,0,NCT02753127,https://clinicaltrials.gov/study/NCT02753127,,[]
Inner Mongolia Autonomous Region People's Hospital,Inner Mongolia,Hohhot,15,5,Inner Mongolia Autonomous Region People's Hospital | Inner Mongolia autonomous region people's hospital | Inner Mongolia Autonomous Region Peoples Hospital,unmatched,0,NCT01975376,https://clinicaltrials.gov/study/NCT01975376,,[]
Lishui Central Hospital,,Lishui,15,5,Lishui Central Hospital | Lishui central Hospital,unmatched,0,NCT04543617,https://clinicaltrials.gov/study/NCT04543617,,[]
Nanchong Central Hospital,Sichuan,Nanchong,15,7,Nanchong Central Hospital,unmatched,0,NCT03084237,https://clinicaltrials.gov/study/NCT03084237,,[]
Nanjing Maternal and Child Health Care Hospital,Jiangsu,Nanjing,15,0,Nanjing Maternal and Child Health Care Hospital,unmatched,0,NCT00638599,https://clinicaltrials.gov/study/NCT00638599,,[]
Obstetrics and Gynecology Hospital of Fudan University,Shanghai Municipality,Shanghai,15,7,Obstetrics and Gynecology Hospital of Fudan University,unmatched,0,NCT02031523,https://clinicaltrials.gov/study/NCT02031523,,[]
Qilu Hospital of Shandong University,Shangdong,Jinan,15,7,Qilu Hospital of Shandong University | QiLU Hospital of ShanDong University | Qilu Hospital Of Shandong University | Qilu hospital of Shandong University,unmatched,0,NCT00781378,https://clinicaltrials.gov/study/NCT00781378,,[]
Qinghai Provincial People's Hospital,Qinghai,Xining,15,1,Qinghai Provincial People's Hospital | Qinghai Provincial People'S Hospital,unmatched,0,NCT00664846,https://clinicaltrials.gov/study/NCT00664846,,[]
Second Affiliated Hospital of Anhui Medical University,Anhui,Hefei,15,3,Second Affiliated Hospital of Anhui Medical University | Second Affiliated hospital of Anhui Medical University,unmatched,0,NCT01176916,https://clinicaltrials.gov/study/NCT01176916,,[]
Shanghai 10th People's Hospital,Shanghai Municipality,Shanghai,15,10,Shanghai 10th People's Hospital | Shanghai 10th people's hospital,unmatched,0,NCT02728414,https://clinicaltrials.gov/study/NCT02728414,,[]
Shanghai First Maternity and Infant Hospital,Shanghai Municipality,Shanghai,15,7,Shanghai First Maternity and Infant Hospital | Shanghai first maternity and infant hospital,unmatched,0,NCT02317406,https://clinicaltrials.gov/study/NCT02317406,,[]
Shanxi Province Cancer Hospital,Shanxi,Taiyuan,15,8,Shanxi Province Cancer Hospital | Shanxi province cancer hospital,unmatched,0,NCT02319187,https://clinicaltrials.gov/study/NCT02319187,,[]
Shanxi Provincial People's Hospital,Shanxi,Xian,15,4,Shanxi Provincial People's Hospital | Shan Xi Provincial People's Hospital,unmatched,0,NCT01131637,https://clinicaltrials.gov/study/NCT01131637,,[]
Shenzhen Children's Hospital,,Shenzhen,15,7,Shenzhen Children's Hospital | Shenzhen children's hospital | Shenzhen Childrens Hospital,unmatched,0,NCT03179631,https://clinicaltrials.gov/study/NCT03179631,,[]
Shenzhen Hospital of Southern Medical University,Guangdong,Shenzhen,15,7,Shenzhen Hospital of Southern Medical University,unmatched,0,NCT03703635,https://clinicaltrials.gov/study/NCT03703635,,[]
Shijiazhuang People's Hospital,Hebei,Shijiazhuang,15,8,Shijiazhuang People's Hospital | Shi Jiazhuang People's Hospital,unmatched,0,NCT03261375,https://clinicaltrials.gov/study/NCT03261375,,[]
Sichuan Academy of Medical Sciences · Sichuan Provincial People's Hospital,Sichuan,Chengdu,15,4,"Sichuan Academy of Medical Sciences · Sichuan Provincial People's Hospital | Sichuan Academy of Medical Sciences - Sichuan Provincial People's Hospital | Sichuan Academy of Medical Sciences, Sichuan Provincial People's Hospital | Sichuan Academy of Medical Sciences Sichuan Provincial People's Hospital | Sichuan Academy of Medical Sciences sichuan Provincial People's Hospital | Sichuan Academy of Medical Sciences-Sichuan Provincial People's Hospital | Sichuan Academy of Medical Sciences.Sichuan Provincial People's Hospital | Sichuan Academy of Medical Sciences·Sichuan Provincial People's Hospital",unmatched,0,NCT00995098,https://clinicaltrials.gov/study/NCT00995098,,[]
Sichuan Cancer Hospital and Research Institute,Sichuan,Chengdu,15,6,Sichuan Cancer Hospital and Research Institute,unmatched,0,NCT04177797,https://clinicaltrials.gov/study/NCT04177797,,[]
Teda International Cardiovascular Hospital,Tianjin Municipality,Tianjin,15,5,Teda International Cardiovascular Hospital | TEDA International Cardiovascular Hospital,unmatched,0,NCT00926562,https://clinicaltrials.gov/study/NCT00926562,,[]
The Affiliated Cancer Hospital of Guizhou Medical University,Guizhou,Guiyang,15,7,The Affiliated Cancer Hospital of Guizhou Medical University | the Affiliated Cancer Hospital of Guizhou Medical University,unmatched,0,NCT03581786,https://clinicaltrials.gov/study/NCT03581786,,[]
The Affiliated Hospital of Hangzhou Normal University,,Hangzhou,15,4,The Affiliated Hospital of Hangzhou Normal University,unmatched,0,NCT02239120,https://clinicaltrials.gov/study/NCT02239120,,[]
The First Affiliated Hospital of Bengbu Medical University,,Bengbu,15,10,The First Affiliated Hospital of Bengbu Medical University,unmatched,0,NCT04930432,https://clinicaltrials.gov/study/NCT04930432,,[]
"The First Affiliated Hospital of College of Medicine, Zhejiang University",,Hangzhou,15,0,"The First Affiliated Hospital of College of Medicine, Zhejiang University | The First Affiliated Hospital of College of Medicine Zhejiang University",unmatched,0,NCT01287741,https://clinicaltrials.gov/study/NCT01287741,,[]
The First Affiliated Hospital of Henan University of Traditional Chinese Medicine,Henan,Zhengzhou,15,4,The First Affiliated Hospital of Henan University of Traditional Chinese Medicine | The First Affiliated Hospital of Henan University of traditional Chinese Medicine,unmatched,0,NCT01836016,https://clinicaltrials.gov/study/NCT01836016,,[]
The First Affiliated Hospital of Shandong First Medical University (Shandong Provincial Qianfoshan Hospital),Shandong,Jinan,15,4,The First Affiliated Hospital of Shandong First Medical University (Shandong Provincial Qianfoshan Hospital) | The First Affiliated Hospital of Shandong First Medical University (Shandong Provincial Qianfoshan Hospital ） | The first affiliated hospital of Shandong First Medical University (Shandong Provincial Qianfoshan Hospital) | The First Affiliated Hospital Of Shandong First Medical University（Shandong Provincial Qianfoshan Hospital） | The First Affiliated Hospital of Shandong First Medical University(Shandong Provincial Qianfoshan Hospital) | The First Affiliated Hospital of Shandong First Medical University Shandong Provincial Qianfoshan Hospital,unmatched,0,NCT05585580,https://clinicaltrials.gov/study/NCT05585580,,[]
The First Affiliated Hospital of Zhejiang University School of Medicine,,Hangzhou,15,6,The First Affiliated Hospital of Zhejiang University School of Medicine | The First Affiliated Hospital of Zhejiang University school of medicine,unmatched,0,NCT04735575,https://clinicaltrials.gov/study/NCT04735575,,[]
"The First Affiliated Hospital, Chongqing Medical University",,Chongqing,15,3,"The First Affiliated Hospital, Chongqing Medical University | The First Affiliated Hospital Chongqing Medical University | The First Affiliated Hospital,Chongqing Medical University",unmatched,0,NCT01529476,https://clinicaltrials.gov/study/NCT01529476,,[]
The First Hospital of Jilin University,Changchun,Jilin City,15,5,The First Hospital of Jilin University | The first hospital of Jilin University | the first hospital of Jilin University,matched_location_conflict,1,NCT03959397,https://clinicaltrials.gov/study/NCT03959397,"Approved name found, but reported location did not pass filters; review spelling, missing location aliases and actual conflicts","[{""hospital_id"": ""cnha-cfdi-28c180c3c0a803337c9a4eaf72b893ea"", ""official_name"": ""吉林大学第一医院"", ""filing_number"": ""药临床机构备字2020000193"", ""province"": ""吉林省"", ""city"": ""长春市"", ""matched_alias"": ""The First Hospital of Jilin University""}]"
The First Teaching Hospital of Xinjiang Medical University,Xinjiang,Ürümqi,15,2,The First Teaching Hospital of Xinjiang Medical University,unmatched,0,NCT00829660,https://clinicaltrials.gov/study/NCT00829660,,[]
The Second Affiliated Hospital of Xiamen Medical College,Fujian,Xiamen,15,3,The Second Affiliated Hospital of Xiamen Medical College | The Second affiliated Hospital of Xiamen Medical College | The Second Affiliated Hospital of Xiamen medical college,unmatched,0,NCT05042375,https://clinicaltrials.gov/study/NCT05042375,,[]
The Second People's Hospital of Neijiang,,Neijiang,15,7,The Second People's Hospital of Neijiang | The Second Peoples Hospital of Neijiang | The second people's hospital of neijiang,unmatched,0,NCT03500380,https://clinicaltrials.gov/study/NCT03500380,,[]
"Third Affiliated Hospital, Sun Yat-Sen University",Guangdong,Guangzhou,15,8,"Third Affiliated Hospital, Sun Yat-Sen University | Third Affiliated Hospital, Sun Yat-sen University | Third Affiliated Hospital,SunYat-Sen University",unmatched,0,NCT01379391,https://clinicaltrials.gov/study/NCT01379391,,[]
Tianjin Huanhu Hospital,,Tianjin,15,5,Tianjin Huanhu Hospital | Tianjin Huanhu hospital,unmatched,0,NCT02506140,https://clinicaltrials.gov/study/NCT02506140,,[]
