baseline_rank,canonical_reported_name,province_reported,city_reported,trial_count_within_name_group,trial_example_url,name_verification_status,location_verification_status,official_hospital_id,official_name,filing_number,approved_name_evidence_json,unapproved_reference_leads_json,next_action,check_method
1,Fudan University Shanghai Cancer Center,Shanghai Municipality,Shanghai,703,https://clinicaltrials.gov/study/NCT00999843,verified_name_relation,passes_available_location_filters,cnha-cfdi-baf67b59c0a8033336a1a7228617e8b5,复旦大学附属肿瘤医院,药临床机构备字2020000084,"[{""hospital_id"": ""cnha-cfdi-baf67b59c0a8033336a1a7228617e8b5"", ""official_name"": ""复旦大学附属肿瘤医院"", ""filing_number"": ""药临床机构备字2020000084"", ""alias"": ""Fudan University Shanghai Cancer Center"", ""normalized_alias"": ""fudanuniversityshanghaicancercenter"", ""kind"": ""english_name"", ""evidence_status"": ""official_source_reviewed"", ""source_url"": ""https://www.shca.org.cn/english/channel/index/1108.shtml"", ""accessed_at"": ""2026-09-05"", ""valid_from"": """", ""valid_to"": """"}]",[],Retain source-backed name mapping; assess actual study/campus scope separately when needed,deterministic reconciliation of source-reviewed assertions; not a new manual source review
2,Peking Union Medical College Hospital,Beijing Municipality,Beijing,696,https://clinicaltrials.gov/study/NCT00327717,verified_name_relation,passes_available_location_filters,cnha-cfdi-f4272ec5c0a80333460485425a122d1d,中国医学科学院北京协和医院,药临床机构备字2020000347,"[{""hospital_id"": ""cnha-cfdi-f4272ec5c0a80333460485425a122d1d"", ""official_name"": ""中国医学科学院北京协和医院"", ""filing_number"": ""药临床机构备字2020000347"", ""alias"": ""Peking Union Medical College Hospital"", ""normalized_alias"": ""pekingunionmedicalcollegehospital"", ""kind"": ""english_name"", ""evidence_status"": ""official_source_reviewed"", ""source_url"": ""https://www.pumch.cn/en/detail/43267.html"", ""accessed_at"": ""2026-09-05"", ""valid_from"": """", ""valid_to"": """"}]",[],Retain source-backed name mapping; assess actual study/campus scope separately when needed,deterministic reconciliation of source-reviewed assertions; not a new manual source review
3,Henan Cancer Hospital,He'Nan,Zhengzhou,624,https://clinicaltrials.gov/study/NCT01074021,verified_name_relation,passes_available_location_filters,cnha-cfdi-0eb581dec0a80333092f49dd1bd60215,河南省肿瘤医院,药临床机构备字2020000172,"[{""hospital_id"": ""cnha-cfdi-0eb581dec0a80333092f49dd1bd60215"", ""official_name"": ""河南省肿瘤医院"", ""filing_number"": ""药临床机构备字2020000172"", ""alias"": ""Henan Cancer Hospital"", ""normalized_alias"": ""henancancerhospital"", ""kind"": ""english_name"", ""evidence_status"": ""official_source_reviewed"", ""source_url"": ""https://sph.zzu.edu.cn/__local/8/D2/E4/B40A50DD335F88E127634992A9C_5D5E4F16_13B55B.pdf"", ""accessed_at"": ""2026-09-05"", ""valid_from"": """", ""valid_to"": """"}]",[],Retain source-backed name mapping; assess actual study/campus scope separately when needed,deterministic reconciliation of source-reviewed assertions; not a new manual source review
4,Beijing Cancer Hospital,Beijing Municipality,Beijing,622,https://clinicaltrials.gov/study/NCT00642239,verified_name_relation,passes_available_location_filters,cnha-cfdi-6dbec404c0a803332f72931bc454ee4e,北京肿瘤医院、北京大学肿瘤医院、北京大学肿瘤医院互联网医院,药临床机构备字2019000050,"[{""hospital_id"": ""cnha-cfdi-6dbec404c0a803332f72931bc454ee4e"", ""official_name"": ""北京肿瘤医院、北京大学肿瘤医院、北京大学肿瘤医院互联网医院"", ""filing_number"": ""药临床机构备字2019000050"", ""alias"": ""Beijing Cancer Hospital"", ""normalized_alias"": ""beijingcancerhospital"", ""kind"": ""english_name"", ""evidence_status"": ""official_source_reviewed"", ""source_url"": ""https://www.bjcancer.org/Html/News/Articles/1000208.html"", ""accessed_at"": ""2026-09-05"", ""valid_from"": """", ""valid_to"": """"}]",[],Retain source-backed name mapping; assess actual study/campus scope separately when needed,deterministic reconciliation of source-reviewed assertions; not a new manual source review
5,Zhejiang Cancer Hospital,Zhejiang,Hangzhou,604,https://clinicaltrials.gov/study/NCT00492843,verified_name_relation,passes_available_location_filters,cnha-cfdi-877dc8a7c0a803335e9cc239fa3a0b8d,浙江省肿瘤医院,药临床机构备字2020000300,"[{""hospital_id"": ""cnha-cfdi-877dc8a7c0a803335e9cc239fa3a0b8d"", ""official_name"": ""浙江省肿瘤医院"", ""filing_number"": ""药临床机构备字2020000300"", ""alias"": ""Zhejiang Cancer Hospital"", ""normalized_alias"": ""zhejiangcancerhospital"", ""kind"": ""english_name"", ""evidence_status"": ""official_source_reviewed"", ""source_url"": ""https://www.zchospital.com/cn/scientific/info/134"", ""accessed_at"": ""2026-09-05"", ""valid_from"": """", ""valid_to"": """"}]",[],Retain source-backed name mapping; assess actual study/campus scope separately when needed,deterministic reconciliation of source-reviewed assertions; not a new manual source review
6,Hunan Cancer Hospital,Hu'Nan,Changsha,518,https://clinicaltrials.gov/study/NCT00912444,verified_name_relation,passes_available_location_filters,cnha-cfdi-56da0c76c0a8033378166121ef596120,湖南省肿瘤医院,药临床机构备字2020000150,"[{""hospital_id"": ""cnha-cfdi-56da0c76c0a8033378166121ef596120"", ""official_name"": ""湖南省肿瘤医院"", ""filing_number"": ""药临床机构备字2020000150"", ""alias"": ""Hunan Cancer Hospital"", ""normalized_alias"": ""hunancancerhospital"", ""kind"": ""english_name"", ""evidence_status"": ""official_source_reviewed"", ""source_url"": ""https://en.csu.edu.cn/About/Overview.htm"", ""accessed_at"": ""2026-09-05"", ""valid_from"": """", ""valid_to"": """"}]",[],Retain source-backed name mapping; assess actual study/campus scope separately when needed,deterministic reconciliation of source-reviewed assertions; not a new manual source review
7,Peking University First Hospital,Beijing Municipality,Beijing,433,https://clinicaltrials.gov/study/NCT00327717,verified_name_relation,passes_available_location_filters,cnha-cfdi-88d3b2b8c0a803331b12a6cc08d63a3f,北京大学第一医院,药临床机构备字2020000910,"[{""hospital_id"": ""cnha-cfdi-88d3b2b8c0a803331b12a6cc08d63a3f"", ""official_name"": ""北京大学第一医院"", ""filing_number"": ""药临床机构备字2020000910"", ""alias"": ""Peking University First Hospital"", ""normalized_alias"": ""pekinguniversityfirsthospital"", ""kind"": ""english_name"", ""evidence_status"": ""official_source_reviewed"", ""source_url"": ""https://research.bjmu.edu.cn/jdpt/jdml/bwjkyjd/jybzdsys/db6fda93d7b548ee841293259ba29f77.htm"", ""accessed_at"": ""2026-09-05"", ""valid_from"": """", ""valid_to"": """"}]",[],Retain source-backed name mapping; assess actual study/campus scope separately when needed,deterministic reconciliation of source-reviewed assertions; not a new manual source review
8,Peking University Third Hospital,Beijing Municipality,Beijing,426,https://clinicaltrials.gov/study/NCT00664846,verified_name_relation,passes_available_location_filters,cnha-cfdi-37551ed6c0a803335a0094ca2f2a9999,北京大学第三医院,药临床机构备字2020000091,"[{""hospital_id"": ""cnha-cfdi-37551ed6c0a803335a0094ca2f2a9999"", ""official_name"": ""北京大学第三医院"", ""filing_number"": ""药临床机构备字2020000091"", ""alias"": ""Peking University Third Hospital"", ""normalized_alias"": ""pekinguniversitythirdhospital"", ""kind"": ""english_name"", ""evidence_status"": ""official_source_reviewed"", ""source_url"": ""https://www.puh3.net.cn/english/"", ""accessed_at"": ""2026-09-05"", ""valid_from"": """", ""valid_to"": """"}]",[],Retain source-backed name mapping; assess actual study/campus scope separately when needed,deterministic reconciliation of source-reviewed assertions; not a new manual source review
9,Peking University People's Hospital,Beijing Municipality,Beijing,423,https://clinicaltrials.gov/study/NCT00796692,verified_name_relation,passes_available_location_filters,cnha-cfdi-d5d39237c0a80333089149662db7a5be,北京大学人民医院（北京大学第二临床医学院）,药临床机构备字2020000497,"[{""hospital_id"": ""cnha-cfdi-d5d39237c0a80333089149662db7a5be"", ""official_name"": ""北京大学人民医院（北京大学第二临床医学院）"", ""filing_number"": ""药临床机构备字2020000497"", ""alias"": ""Peking University People's Hospital"", ""normalized_alias"": ""pekinguniversitypeopleshospital"", ""kind"": ""english_name"", ""evidence_status"": ""official_source_reviewed"", ""source_url"": ""https://english.pkuph.cn/events_detail/581.html"", ""accessed_at"": ""2026-09-05"", ""valid_from"": """", ""valid_to"": """"}]",[],Retain source-backed name mapping; assess actual study/campus scope separately when needed,deterministic reconciliation of source-reviewed assertions; not a new manual source review
10,Qilu Hospital of Shandong University,Shandong,Ji'nan,384,https://clinicaltrials.gov/study/NCT00413699,verified_name_relation,requires_location_review,,,,"[{""hospital_id"": ""cnha-cfdi-3ca9ee0fc0a803331e2817e89dd297d8"", ""official_name"": ""山东大学齐鲁医院"", ""filing_number"": ""药临床机构备字2019000031"", ""alias"": ""Qilu Hospital of Shandong University"", ""normalized_alias"": ""qiluhospitalofshandonguniversity"", ""kind"": ""english_name"", ""evidence_status"": ""official_source_reviewed"", ""source_url"": ""https://qiluhospital.com/show-313-17491-1.html"", ""accessed_at"": ""2026-09-05"", ""valid_from"": """", ""valid_to"": """"}]",[],"Verify reported province, city and campus against the study record before assigning an institution ID",deterministic reconciliation of source-reviewed assertions; not a new manual source review
11,The First Affiliated Hospital of Soochow University,Jiangsu,Suzhou,383,https://clinicaltrials.gov/study/NCT01224353,verified_name_relation,passes_available_location_filters,cnha-cfdi-b5cd6543c0a803330d96755e77d8daa5,苏州大学附属第一医院,药临床机构备字2020000866,"[{""hospital_id"": ""cnha-cfdi-b5cd6543c0a803330d96755e77d8daa5"", ""official_name"": ""苏州大学附属第一医院"", ""filing_number"": ""药临床机构备字2020000866"", ""alias"": ""The First Affiliated Hospital of Soochow University"", ""normalized_alias"": ""thefirstaffiliatedhospitalofsoochowuniversity"", ""kind"": ""english_name"", ""evidence_status"": ""official_source_reviewed"", ""source_url"": ""https://eng.suda.edu.cn/eng/Research/AffiliatedHospitals/201712/befa099f-4704-4eda-b4f1-7445e1fbe20f.html"", ""accessed_at"": ""2026-09-05"", ""valid_from"": """", ""valid_to"": """"}]",[],Retain source-backed name mapping; assess actual study/campus scope separately when needed,deterministic reconciliation of source-reviewed assertions; not a new manual source review
12,Harbin Medical University Cancer Hospital,Heilongjiang,Harbin,358,https://clinicaltrials.gov/study/NCT01176916,verified_name_relation,passes_available_location_filters,cnha-cfdi-4ab33e0bc0a8033302630a51547a45f3,哈尔滨医科大学附属肿瘤医院、哈尔滨医科大学附属第三医院、哈尔滨医科大学第三临床医学院、黑龙江省肿瘤医院,药临床机构备字2020000204,"[{""hospital_id"": ""cnha-cfdi-4ab33e0bc0a8033302630a51547a45f3"", ""official_name"": ""哈尔滨医科大学附属肿瘤医院、哈尔滨医科大学附属第三医院、哈尔滨医科大学第三临床医学院、黑龙江省肿瘤医院"", ""filing_number"": ""药临床机构备字2020000204"", ""alias"": ""Harbin Medical University Cancer Hospital"", ""normalized_alias"": ""harbinmedicaluniversitycancerhospital"", ""kind"": ""english_name"", ""evidence_status"": ""official_source_reviewed"", ""source_url"": ""https://hmucancerhospital.hrbmu.edu.cn/info/1081/19930.htm"", ""accessed_at"": ""2026-09-05"", ""valid_from"": """", ""valid_to"": """"}]",[],Retain source-backed name mapping; assess actual study/campus scope separately when needed,deterministic reconciliation of source-reviewed assertions; not a new manual source review
13,"Zhongshan Hospital, Fudan University",Shanghai Municipality,Shanghai,336,https://clinicaltrials.gov/study/NCT00561522,verified_name_relation,passes_available_location_filters,cnha-cfdi-aaf35c6ec0a803332e232c9de3002662,复旦大学附属中山医院,药临床机构备字2020000073,"[{""hospital_id"": ""cnha-cfdi-aaf35c6ec0a803332e232c9de3002662"", ""official_name"": ""复旦大学附属中山医院"", ""filing_number"": ""药临床机构备字2020000073"", ""alias"": ""Zhongshan Hospital, Fudan University"", ""normalized_alias"": ""zhongshanhospitalfudanuniversity"", ""kind"": ""english_name"", ""evidence_status"": ""official_source_reviewed"", ""source_url"": ""https://shmc.fudan.edu.cn/eng/2094/list.htm"", ""accessed_at"": ""2026-09-05"", ""valid_from"": """", ""valid_to"": """"}]",[],Retain source-backed name mapping; assess actual study/campus scope separately when needed,deterministic reconciliation of source-reviewed assertions; not a new manual source review
14,Beijing Cancer Hospital,,Beijing,333,https://clinicaltrials.gov/study/NCT00312845,verified_name_relation,passes_available_location_filters,cnha-cfdi-6dbec404c0a803332f72931bc454ee4e,北京肿瘤医院、北京大学肿瘤医院、北京大学肿瘤医院互联网医院,药临床机构备字2019000050,"[{""hospital_id"": ""cnha-cfdi-6dbec404c0a803332f72931bc454ee4e"", ""official_name"": ""北京肿瘤医院、北京大学肿瘤医院、北京大学肿瘤医院互联网医院"", ""filing_number"": ""药临床机构备字2019000050"", ""alias"": ""Beijing Cancer Hospital"", ""normalized_alias"": ""beijingcancerhospital"", ""kind"": ""english_name"", ""evidence_status"": ""official_source_reviewed"", ""source_url"": ""https://www.bjcancer.org/Html/News/Articles/1000208.html"", ""accessed_at"": ""2026-09-05"", ""valid_from"": """", ""valid_to"": """"}]",[],Retain source-backed name mapping; assess actual study/campus scope separately when needed,deterministic reconciliation of source-reviewed assertions; not a new manual source review
15,Cancer Hospital Chinese Academy of Medical Sciences,Beijing Municipality,Beijing,331,https://clinicaltrials.gov/study/NCT00706030,verified_name_relation,passes_available_location_filters,cnha-cfdi-31c61602c0a803336b55426e8e04a4da,中国医学科学院肿瘤医院,药临床机构备字2020000332,"[{""hospital_id"": ""cnha-cfdi-31c61602c0a803336b55426e8e04a4da"", ""official_name"": ""中国医学科学院肿瘤医院"", ""filing_number"": ""药临床机构备字2020000332"", ""alias"": ""Cancer Hospital, Chinese Academy of Medical Sciences"", ""normalized_alias"": ""cancerhospitalchineseacademyofmedicalsciences"", ""kind"": ""english_name"", ""evidence_status"": ""official_source_reviewed"", ""source_url"": ""https://www.cicams.ac.cn/dzb/navigation/liuxing/zhuan/2108.html"", ""accessed_at"": ""2026-09-05"", ""valid_from"": """", ""valid_to"": """"}]",[],Retain source-backed name mapping; assess actual study/campus scope separately when needed,deterministic reconciliation of source-reviewed assertions; not a new manual source review
16,Jiangsu Province Hospital,Jiangsu,Nanjing,329,https://clinicaltrials.gov/study/NCT00395460,verified_name_relation,passes_available_location_filters,cnha-cfdi-382ba8b0c0a803335b4ce03a0dba2371,南京医科大学第一附属医院（江苏省人民医院）,药临床机构备字2020000824,"[{""hospital_id"": ""cnha-cfdi-382ba8b0c0a803335b4ce03a0dba2371"", ""official_name"": ""南京医科大学第一附属医院（江苏省人民医院）"", ""filing_number"": ""药临床机构备字2020000824"", ""alias"": ""Jiangsu Province Hospital"", ""normalized_alias"": ""jiangsuprovincehospital"", ""kind"": ""english_name"", ""evidence_status"": ""official_source_reviewed"", ""source_url"": ""https://www.shanghai.cn.emb-japan.go.jp/itpr_ja/00_000940.html"", ""accessed_at"": ""2026-09-05"", ""valid_from"": """", ""valid_to"": """"}]",[],Retain source-backed name mapping; assess actual study/campus scope separately when needed,deterministic reconciliation of source-reviewed assertions; not a new manual source review
17,Fujian Medical University Union Hospital,Fujian,Fuzhou,308,https://clinicaltrials.gov/study/NCT01074021,verified_name_relation,requires_location_review,,,,"[{""hospital_id"": ""cnha-cfdi-d9fc6752c0a8033353ab9a1cfb4d52fe"", ""official_name"": ""福建医科大学附属协和医院"", ""filing_number"": ""药临床机构备字2020000314"", ""alias"": ""Fujian Medical University Union Hospital"", ""normalized_alias"": ""fujianmedicaluniversityunionhospital"", ""kind"": ""english_name"", ""evidence_status"": ""official_source_reviewed"", ""source_url"": ""https://fjmuxb.fjmu.edu.cn/fjykdxxb/site/menus/20211222105233001"", ""accessed_at"": ""2026-09-05"", ""valid_from"": """", ""valid_to"": """"}]",[],"Verify reported province, city and campus against the study record before assigning an institution ID",deterministic reconciliation of source-reviewed assertions; not a new manual source review
18,"The First Affiliated Hospital, Zhejiang University School of Medicine",Zhejiang,Hangzhou,306,https://clinicaltrials.gov/study/NCT01413074,verified_name_relation,requires_location_review,,,,"[{""hospital_id"": ""cnha-cfdi-b409a9e9c0a803333b97a6234872adf7"", ""official_name"": ""浙江大学医学院附属第一医院"", ""filing_number"": ""药临床机构备字2020000348"", ""alias"": ""The First Affiliated Hospital, Zhejiang University School of Medicine"", ""normalized_alias"": ""thefirstaffiliatedhospitalzhejianguniversityschoolofmedicine"", ""kind"": ""english_name"", ""evidence_status"": ""official_source_reviewed"", ""source_url"": ""https://person.zju.edu.cn/en/renhaoli"", ""accessed_at"": ""2026-09-05"", ""valid_from"": """", ""valid_to"": """"}]",[],"Verify reported province, city and campus against the study record before assigning an institution ID",deterministic reconciliation of source-reviewed assertions; not a new manual source review
19,The Second Xiangya Hospital of Central South University,Hu'nan,Changsha,303,https://clinicaltrials.gov/study/NCT00728013,verified_name_relation,requires_location_review,,,,"[{""hospital_id"": ""cnha-cfdi-19d376dcc0a803332ef941e3d98754c0"", ""official_name"": ""中南大学湘雅二医院"", ""filing_number"": ""药临床机构备字2020000438"", ""alias"": ""The Second Xiangya Hospital of Central South University"", ""normalized_alias"": ""thesecondxiangyahospitalofcentralsouthuniversity"", ""kind"": ""english_name"", ""evidence_status"": ""official_source_reviewed"", ""source_url"": ""https://xysm.csu.edu.cn/EN/Hospitals.htm"", ""accessed_at"": ""2026-09-05"", ""valid_from"": """", ""valid_to"": """"}]",[],"Verify reported province, city and campus against the study record before assigning an institution ID",deterministic reconciliation of source-reviewed assertions; not a new manual source review
20,Fujian Cancer Hospital,Fujian,Fu'zhou,298,https://clinicaltrials.gov/study/NCT02332499,verified_name_relation,passes_available_location_filters,cnha-cfdi-8943f31ac0a80333354a0df6962a1108,福建省肿瘤医院,药临床机构备字2020000620,"[{""hospital_id"": ""cnha-cfdi-8943f31ac0a80333354a0df6962a1108"", ""official_name"": ""福建省肿瘤医院"", ""filing_number"": ""药临床机构备字2020000620"", ""alias"": ""Fujian Cancer Hospital"", ""normalized_alias"": ""fujiancancerhospital"", ""kind"": ""english_name"", ""evidence_status"": ""official_source_reviewed"", ""source_url"": ""https://fjmuxb.fjmu.edu.cn/fjykdxxb/site/menus/20211222105233001"", ""accessed_at"": ""2026-09-05"", ""valid_from"": """", ""valid_to"": """"}]",[],Retain source-backed name mapping; assess actual study/campus scope separately when needed,deterministic reconciliation of source-reviewed assertions; not a new manual source review
21,Peking University People's Hospital,,Beijing,297,https://clinicaltrials.gov/study/NCT00312845,verified_name_relation,passes_available_location_filters,cnha-cfdi-d5d39237c0a80333089149662db7a5be,北京大学人民医院（北京大学第二临床医学院）,药临床机构备字2020000497,"[{""hospital_id"": ""cnha-cfdi-d5d39237c0a80333089149662db7a5be"", ""official_name"": ""北京大学人民医院（北京大学第二临床医学院）"", ""filing_number"": ""药临床机构备字2020000497"", ""alias"": ""Peking University People's Hospital"", ""normalized_alias"": ""pekinguniversitypeopleshospital"", ""kind"": ""english_name"", ""evidence_status"": ""official_source_reviewed"", ""source_url"": ""https://english.pkuph.cn/events_detail/581.html"", ""accessed_at"": ""2026-09-05"", ""valid_from"": """", ""valid_to"": """"}]",[],Retain source-backed name mapping; assess actual study/campus scope separately when needed,deterministic reconciliation of source-reviewed assertions; not a new manual source review
22,Chinese PLA General Hospital,Beijing Municipality,Beijing,295,https://clinicaltrials.gov/study/NCT00885872,unverified_no_approved_evidence,not_evaluated_without_approved_identity,,,,[],[],Obtain hospital or regulator evidence connecting the reported name to a filing; reference labels alone are insufficient,deterministic reconciliation of source-reviewed assertions; not a new manual source review
23,Peking University Third Hospital,,Beijing,290,https://clinicaltrials.gov/study/NCT00722137,verified_name_relation,passes_available_location_filters,cnha-cfdi-37551ed6c0a803335a0094ca2f2a9999,北京大学第三医院,药临床机构备字2020000091,"[{""hospital_id"": ""cnha-cfdi-37551ed6c0a803335a0094ca2f2a9999"", ""official_name"": ""北京大学第三医院"", ""filing_number"": ""药临床机构备字2020000091"", ""alias"": ""Peking University Third Hospital"", ""normalized_alias"": ""pekinguniversitythirdhospital"", ""kind"": ""english_name"", ""evidence_status"": ""official_source_reviewed"", ""source_url"": ""https://www.puh3.net.cn/english/"", ""accessed_at"": ""2026-09-05"", ""valid_from"": """", ""valid_to"": """"}]",[],Retain source-backed name mapping; assess actual study/campus scope separately when needed,deterministic reconciliation of source-reviewed assertions; not a new manual source review
24,Xiangya Hospital Central South University,Hu'nan,Changsha,278,https://clinicaltrials.gov/study/NCT00548223,verified_name_relation,passes_available_location_filters,cnha-cfdi-3bb0a3b4c0a803332a9f6fc83950b0b0,中南大学湘雅医院,药临床机构备字2020000125,"[{""hospital_id"": ""cnha-cfdi-3bb0a3b4c0a803332a9f6fc83950b0b0"", ""official_name"": ""中南大学湘雅医院"", ""filing_number"": ""药临床机构备字2020000125"", ""alias"": ""Xiangya Hospital Central South University"", ""normalized_alias"": ""xiangyahospitalcentralsouthuniversity"", ""kind"": ""english_name"", ""evidence_status"": ""official_source_reviewed"", ""source_url"": ""https://xysm.csu.edu.cn/EN/Hospitals.htm"", ""accessed_at"": ""2026-09-05"", ""valid_from"": """", ""valid_to"": """"}]",[],Retain source-backed name mapping; assess actual study/campus scope separately when needed,deterministic reconciliation of source-reviewed assertions; not a new manual source review
25,"Sun Yat-sen Memorial Hospital, Sun Yat-sen University",Guangdong,Gu'ang'zhou,268,https://clinicaltrials.gov/study/NCT00829660,verified_name_relation,passes_available_location_filters,cnha-cfdi-cf7fafe0c0a803337c221769696693dc,中山大学孙逸仙纪念医院,药临床机构备字2020000516,"[{""hospital_id"": ""cnha-cfdi-cf7fafe0c0a803337c221769696693dc"", ""official_name"": ""中山大学孙逸仙纪念医院"", ""filing_number"": ""药临床机构备字2020000516"", ""alias"": ""Sun Yat-sen Memorial Hospital, Sun Yat-sen University"", ""normalized_alias"": ""sunyatsenmemorialhospitalsunyatsenuniversity"", ""kind"": ""english_name"", ""evidence_status"": ""official_source_reviewed"", ""source_url"": ""https://www.gov.uk/government/publications/list-of-hospitals-in-china/list-of-medical-facilities-in-china"", ""accessed_at"": ""2026-09-05"", ""valid_from"": """", ""valid_to"": """"}]",[],Retain source-backed name mapping; assess actual study/campus scope separately when needed,deterministic reconciliation of source-reviewed assertions; not a new manual source review
26,"Ruijin Hospital, Shanghai Jiaotong University School of Medicine",Shanghai Municipality,Shanghai,262,https://clinicaltrials.gov/study/NCT01328730,verified_name_relation,passes_available_location_filters,cnha-cfdi-49af8e67c0a803336507a7bb3f8db7bc,上海交通大学医学院附属瑞金医院,药临床机构备字2020000252,"[{""hospital_id"": ""cnha-cfdi-49af8e67c0a803336507a7bb3f8db7bc"", ""official_name"": ""上海交通大学医学院附属瑞金医院"", ""filing_number"": ""药临床机构备字2020000252"", ""alias"": ""Ruijin Hospital, Shanghai Jiao Tong University School of Medicine"", ""normalized_alias"": ""ruijinhospitalshanghaijiaotonguniversityschoolofmedicine"", ""kind"": ""english_name"", ""evidence_status"": ""official_source_reviewed"", ""source_url"": ""https://www.shsmu.edu.cn/qnxzforum/info/1108/1217.htm"", ""accessed_at"": ""2026-09-05"", ""valid_from"": """", ""valid_to"": """"}]",[],Retain source-backed name mapping; assess actual study/campus scope separately when needed,deterministic reconciliation of source-reviewed assertions; not a new manual source review
27,The First Hospital of China Medical University,Liaoning,Shenyang,255,https://clinicaltrials.gov/study/NCT00796692,verified_name_relation,passes_available_location_filters,cnha-cfdi-066b931bc0a8033351202887a2fd71fa,中国医科大学附属第一医院,药临床机构备字2020000106,"[{""hospital_id"": ""cnha-cfdi-066b931bc0a8033351202887a2fd71fa"", ""official_name"": ""中国医科大学附属第一医院"", ""filing_number"": ""药临床机构备字2020000106"", ""alias"": ""The First Hospital of China Medical University"", ""normalized_alias"": ""thefirsthospitalofchinamedicaluniversity"", ""kind"": ""english_name"", ""evidence_status"": ""official_source_reviewed"", ""source_url"": ""https://yizhe.dmu.edu.cn/article/doi/10.12014/j.issn.1002-0772.2016.06a.17"", ""accessed_at"": ""2026-09-05"", ""valid_from"": """", ""valid_to"": """"}]",[],Retain source-backed name mapping; assess actual study/campus scope separately when needed,deterministic reconciliation of source-reviewed assertions; not a new manual source review
28,Tianjin Medical University Cancer Institute and Hospital,Tianjin Municipality,Tianjin,255,https://clinicaltrials.gov/study/NCT01219192,verified_name_relation,passes_available_location_filters,cnha-cfdi-f38bbd78c0a80333056a73b8390ed2c2,天津市肿瘤医院（天津医科大学肿瘤医院）,药临床机构备字2020000803,"[{""hospital_id"": ""cnha-cfdi-f38bbd78c0a80333056a73b8390ed2c2"", ""official_name"": ""天津市肿瘤医院（天津医科大学肿瘤医院）"", ""filing_number"": ""药临床机构备字2020000803"", ""alias"": ""Tianjin Medical University Cancer Institute and Hospital"", ""normalized_alias"": ""tianjinmedicaluniversitycancerinstituteandhospital"", ""kind"": ""english_name"", ""evidence_status"": ""official_source_reviewed"", ""source_url"": ""https://gs.tmu.edu.cn/_upload/article/files/25/92/b1ddeac8440d816796748f7f9544/6b270462-3758-4b0a-85f4-f306c880f31e.pdf"", ""accessed_at"": ""2026-09-05"", ""valid_from"": """", ""valid_to"": """"}]",[],Retain source-backed name mapping; assess actual study/campus scope separately when needed,deterministic reconciliation of source-reviewed assertions; not a new manual source review
29,The Affiliated Hospital of Qingdao University,Shandong,Qingdao,247,https://clinicaltrials.gov/study/NCT01176916,verified_name_relation,requires_location_review,,,,"[{""hospital_id"": ""cnha-cfdi-0d6cdcd5c0a803336f896af4c3b2de50"", ""official_name"": ""青岛大学附属医院"", ""filing_number"": ""药临床机构备字2020000017"", ""alias"": ""The Affiliated Hospital of QingDao University"", ""normalized_alias"": ""theaffiliatedhospitalofqingdaouniversity"", ""kind"": ""english_name"", ""evidence_status"": ""official_source_reviewed"", ""source_url"": ""https://kjc.qdu.edu.cn/info/1023/2165.htm"", ""accessed_at"": ""2026-09-05"", ""valid_from"": """", ""valid_to"": """"}]",[],"Verify reported province, city and campus against the study record before assigning an institution ID",deterministic reconciliation of source-reviewed assertions; not a new manual source review
30,Shanghai Chest Hospital,Shanghai Municipality,Shanghai,244,https://clinicaltrials.gov/study/NCT00708812,verified_name_relation,requires_location_review,,,,"[{""hospital_id"": ""cnha-cfdi-91280931c0a803334e27d70392030c01"", ""official_name"": ""上海市胸科医院"", ""filing_number"": ""药临床机构备字2020000080"", ""alias"": ""Shanghai Chest Hospital"", ""normalized_alias"": ""shanghaichesthospital"", ""kind"": ""english_name"", ""evidence_status"": ""official_source_reviewed"", ""source_url"": ""https://www.shsmu.edu.cn/english/info/1085/1225.htm"", ""accessed_at"": ""2026-09-05"", ""valid_from"": """", ""valid_to"": """"}]",[],"Verify reported province, city and campus against the study record before assigning an institution ID",deterministic reconciliation of source-reviewed assertions; not a new manual source review
31,The First Affiliated Hospital of Xiamen University,Fujian,Xiamen,244,https://clinicaltrials.gov/study/NCT01714908,verified_name_relation,passes_available_location_filters,cnha-cfdi-f54478f4c0a803337f778cd3b4849179,厦门大学附属第一医院,药临床机构备字2019000097,"[{""hospital_id"": ""cnha-cfdi-f54478f4c0a803337f778cd3b4849179"", ""official_name"": ""厦门大学附属第一医院"", ""filing_number"": ""药临床机构备字2019000097"", ""alias"": ""The First Affiliated Hospital of Xiamen University"", ""normalized_alias"": ""thefirstaffiliatedhospitalofxiamenuniversity"", ""kind"": ""english_name"", ""evidence_status"": ""official_source_reviewed"", ""source_url"": ""https://www.gov.uk/government/publications/list-of-hospitals-in-china/list-of-medical-facilities-in-china"", ""accessed_at"": ""2026-09-05"", ""valid_from"": """", ""valid_to"": """"}]",[],Retain source-backed name mapping; assess actual study/campus scope separately when needed,deterministic reconciliation of source-reviewed assertions; not a new manual source review
32,Henan Provincial People's Hospital,He'nan,Zhengzhou,234,https://clinicaltrials.gov/study/NCT00664846,verified_name_relation,passes_available_location_filters,cnha-cfdi-cb7eef02c0a8033372362db264a58311,河南省人民医院,药临床机构备字2020000124,"[{""hospital_id"": ""cnha-cfdi-cb7eef02c0a8033372362db264a58311"", ""official_name"": ""河南省人民医院"", ""filing_number"": ""药临床机构备字2020000124"", ""alias"": ""Henan Provincial People's Hospital"", ""normalized_alias"": ""henanprovincialpeopleshospital"", ""kind"": ""english_name"", ""evidence_status"": ""official_source_reviewed"", ""source_url"": ""https://www.qk.sjtu.edu.cn/jdcp/CN/abstract/abstract50913.shtml"", ""accessed_at"": ""2026-09-05"", ""valid_from"": """", ""valid_to"": """"}]",[],Retain source-backed name mapping; assess actual study/campus scope separately when needed,deterministic reconciliation of source-reviewed assertions; not a new manual source review
33,The Third Xiangya Hospital of Central South University,Hu'Nan,Changsha,230,https://clinicaltrials.gov/study/NCT00869778,unverified_no_approved_evidence,not_evaluated_without_approved_identity,,,,[],[],Obtain hospital or regulator evidence connecting the reported name to a filing; reference labels alone are insufficient,deterministic reconciliation of source-reviewed assertions; not a new manual source review
34,The First Affiliated Hospital of Wenzhou Medical University,Zhejiang,Wenzhou,226,https://clinicaltrials.gov/study/NCT00869778,verified_name_relation,requires_location_review,,,,"[{""hospital_id"": ""cnha-cfdi-21dc9bc3c0a803336131a58f7c89c395"", ""official_name"": ""温州医科大学附属第一医院"", ""filing_number"": ""药临床机构备字2020000307"", ""alias"": ""The First Affiliated Hospital of Wenzhou Medical University"", ""normalized_alias"": ""thefirstaffiliatedhospitalofwenzhoumedicaluniversity"", ""kind"": ""english_name"", ""evidence_status"": ""official_source_reviewed"", ""source_url"": ""https://sis.wmu.edu.cn/info/7979/32003.htm"", ""accessed_at"": ""2026-09-05"", ""valid_from"": """", ""valid_to"": """"}]",[],"Verify reported province, city and campus against the study record before assigning an institution ID",deterministic reconciliation of source-reviewed assertions; not a new manual source review
35,The First Affiliated Hospital of Chongqing Medical University,Chongqing Municipality,Chongqing,225,https://clinicaltrials.gov/study/NCT00327717,verified_name_relation,requires_location_review,,,,"[{""hospital_id"": ""cnha-cfdi-56c9003ac0a8033343b31363ee17c59e"", ""official_name"": ""重庆医科大学附属第一医院"", ""filing_number"": ""药临床机构备字2020000462"", ""alias"": ""The First Affiliated Hospital of Chongqing Medical University"", ""normalized_alias"": ""thefirstaffiliatedhospitalofchongqingmedicaluniversity"", ""kind"": ""english_name"", ""evidence_status"": ""official_source_reviewed"", ""source_url"": ""https://www.gov.uk/government/publications/list-of-hospitals-in-china/list-of-medical-facilities-in-china"", ""accessed_at"": ""2026-09-05"", ""valid_from"": """", ""valid_to"": """"}]",[],"Verify reported province, city and campus against the study record before assigning an institution ID",deterministic reconciliation of source-reviewed assertions; not a new manual source review
36,Anhui Provincial Hospital,Anhui,Hefei,222,https://clinicaltrials.gov/study/NCT01481831,verified_name_relation,passes_available_location_filters,cnha-cfdi-85eb4b82c0a803331df18fb4918e3bf6,中国科学技术大学附属第一医院（安徽省立医院）,药临床机构备字2020000476,"[{""hospital_id"": ""cnha-cfdi-85eb4b82c0a803331df18fb4918e3bf6"", ""official_name"": ""中国科学技术大学附属第一医院（安徽省立医院）"", ""filing_number"": ""药临床机构备字2020000476"", ""alias"": ""Anhui Provincial Hospital"", ""normalized_alias"": ""anhuiprovincialhospital"", ""kind"": ""english_name"", ""evidence_status"": ""official_source_reviewed"", ""source_url"": ""https://www.gov.uk/government/publications/list-of-hospitals-in-china/list-of-medical-facilities-in-china"", ""accessed_at"": ""2026-09-05"", ""valid_from"": """", ""valid_to"": """"}]",[],Retain source-backed name mapping; assess actual study/campus scope separately when needed,deterministic reconciliation of source-reviewed assertions; not a new manual source review
37,Hubei Cancer Hospital,Hubei,Wuhan,220,https://clinicaltrials.gov/study/NCT02297438,verified_name_relation,passes_available_location_filters,cnha-cfdi-5bc5271cc0a80333216d3eb98f39844f,湖北省肿瘤医院,药临床机构备字2020000334,"[{""hospital_id"": ""cnha-cfdi-5bc5271cc0a80333216d3eb98f39844f"", ""official_name"": ""湖北省肿瘤医院"", ""filing_number"": ""药临床机构备字2020000334"", ""alias"": ""Hubei Cancer Hospital"", ""normalized_alias"": ""hubeicancerhospital"", ""kind"": ""english_name"", ""evidence_status"": ""official_source_reviewed"", ""source_url"": ""https://www.hbch.com.cn/english.html"", ""accessed_at"": ""2026-09-05"", ""valid_from"": """", ""valid_to"": """"}]",[],Retain source-backed name mapping; assess actual study/campus scope separately when needed,deterministic reconciliation of source-reviewed assertions; not a new manual source review
38,Tianjin Medical University General Hospital,Tianjin Municipality,Tianjin,220,https://clinicaltrials.gov/study/NCT00796692,verified_name_relation,passes_available_location_filters,cnha-cfdi-214a1071c0a8033329decd493fe7ec5e,天津医科大学总医院,药临床机构备字2019000017,"[{""hospital_id"": ""cnha-cfdi-214a1071c0a8033329decd493fe7ec5e"", ""official_name"": ""天津医科大学总医院"", ""filing_number"": ""药临床机构备字2019000017"", ""alias"": ""Tianjin Medical University General Hospital"", ""normalized_alias"": ""tianjinmedicaluniversitygeneralhospital"", ""kind"": ""english_name"", ""evidence_status"": ""official_source_reviewed"", ""source_url"": ""https://gs.tmu.edu.cn/_upload/article/files/25/92/b1ddeac8440d816796748f7f9544/6b270462-3758-4b0a-85f4-f306c880f31e.pdf"", ""accessed_at"": ""2026-09-05"", ""valid_from"": """", ""valid_to"": """"}]",[],Retain source-backed name mapping; assess actual study/campus scope separately when needed,deterministic reconciliation of source-reviewed assertions; not a new manual source review
39,Shengjing Hospital of China Medical University,Liaoning,Shenyang,218,https://clinicaltrials.gov/study/NCT00829660,verified_name_relation,passes_available_location_filters,cnha-cfdi-da50e69ac0a8033314c4be56ac99fa22,中国医科大学附属盛京医院,药临床机构备字2020000525,"[{""hospital_id"": ""cnha-cfdi-da50e69ac0a8033314c4be56ac99fa22"", ""official_name"": ""中国医科大学附属盛京医院"", ""filing_number"": ""药临床机构备字2020000525"", ""alias"": ""Shengjing Hospital of China Medical University"", ""normalized_alias"": ""shengjinghospitalofchinamedicaluniversity"", ""kind"": ""english_name"", ""evidence_status"": ""official_source_reviewed"", ""source_url"": ""https://www.sj-hospital.org/shangchuan/lcyjzxgzzy.pdf"", ""accessed_at"": ""2026-09-05"", ""valid_from"": """", ""valid_to"": """"}]",[],Retain source-backed name mapping; assess actual study/campus scope separately when needed,deterministic reconciliation of source-reviewed assertions; not a new manual source review
40,Zhongnan Hospital of Wuhan University,Hubei,Wuhan,218,https://clinicaltrials.gov/study/NCT00829660,verified_name_relation,requires_location_review,,,,"[{""hospital_id"": ""cnha-cfdi-1d285607c0a8033317501ffac20bf2de"", ""official_name"": ""武汉大学中南医院"", ""filing_number"": ""药临床机构备字2019000007"", ""alias"": ""Zhongnan Hospital of Wuhan University"", ""normalized_alias"": ""zhongnanhospitalofwuhanuniversity"", ""kind"": ""english_name"", ""evidence_status"": ""official_source_reviewed"", ""source_url"": ""https://en.whu.edu.cn/info/4691/50291.htm"", ""accessed_at"": ""2026-09-05"", ""valid_from"": """", ""valid_to"": """"}]",[],"Verify reported province, city and campus against the study record before assigning an institution ID",deterministic reconciliation of source-reviewed assertions; not a new manual source review
41,The First Affiliated Hospital of Xi'an Jiaotong University,Shaanxi,Xi'an,215,https://clinicaltrials.gov/study/NCT00829660,verified_name_relation,requires_location_review,,,,"[{""hospital_id"": ""cnha-cfdi-f4f98652c0a803335f197e2df8ec0b2e"", ""official_name"": ""西安交通大学第一附属医院"", ""filing_number"": ""药临床机构备字2020000167"", ""alias"": ""The First Affiliated Hospital of Xi'an Jiaotong University"", ""normalized_alias"": ""thefirstaffiliatedhospitalofxianjiaotonguniversity"", ""kind"": ""english_name"", ""evidence_status"": ""official_source_reviewed"", ""source_url"": ""https://www.med.xjtu.edu.cn/info/1188/9311.htm"", ""accessed_at"": ""2026-09-05"", ""valid_from"": """", ""valid_to"": """"}]",[],"Verify reported province, city and campus against the study record before assigning an institution ID",deterministic reconciliation of source-reviewed assertions; not a new manual source review
42,The Affiliated Hospital of Xuzhou Medical University,Jiangsu,Xuzhou,213,https://clinicaltrials.gov/study/NCT02761811,unverified_no_approved_evidence,not_evaluated_without_approved_identity,,,,[],[],Obtain hospital or regulator evidence connecting the reported name to a filing; reference labels alone are insufficient,deterministic reconciliation of source-reviewed assertions; not a new manual source review
43,Shandong Cancer Hospital,Shandong,Ji'nan,212,https://clinicaltrials.gov/study/NCT01481831,unverified_reference_only,not_evaluated_without_approved_identity,,,,[],"[{""hospital_id"": ""cnha-cfdi-d096fe98c0a803333c5d67902f3d14b9"", ""official_name"": ""山东第一医科大学附属肿瘤医院（山东省肿瘤防治研究院、山东省肿瘤医院）"", ""candidate_alias"": ""Shandong Cancer Hospital"", ""source_url"": ""https://ror.org/01413r497"", ""status"": ""review_required"", ""reason"": ""Reference-only name; not approved for resolution""}]",Obtain hospital or regulator evidence connecting the reported name to a filing; reference labels alone are insufficient,deterministic reconciliation of source-reviewed assertions; not a new manual source review
44,China-Japan Friendship Hospital,Beijing Municipality,Beijing,202,https://clinicaltrials.gov/study/NCT00356798,verified_name_relation,passes_available_location_filters,cnha-cfdi-aa1ee30bc0a80333230b8748f2d0263c,中日友好医院,药临床机构备字2020000419,"[{""hospital_id"": ""cnha-cfdi-aa1ee30bc0a80333230b8748f2d0263c"", ""official_name"": ""中日友好医院"", ""filing_number"": ""药临床机构备字2020000419"", ""alias"": ""China-Japan Friendship Hospital"", ""normalized_alias"": ""chinajapanfriendshiphospital"", ""kind"": ""english_name"", ""evidence_status"": ""official_source_reviewed"", ""source_url"": ""https://www.gov.uk/government/publications/list-of-hospitals-in-china/list-of-medical-facilities-in-china"", ""accessed_at"": ""2026-09-05"", ""valid_from"": """", ""valid_to"": """"}]",[],Retain source-backed name mapping; assess actual study/campus scope separately when needed,deterministic reconciliation of source-reviewed assertions; not a new manual source review
45,Zhejiang Provincial People's Hospital,Zhejiang,Hangzhou,202,https://clinicaltrials.gov/study/NCT01677208,unverified_no_approved_evidence,not_evaluated_without_approved_identity,,,,[],[],Obtain hospital or regulator evidence connecting the reported name to a filing; reference labels alone are insufficient,deterministic reconciliation of source-reviewed assertions; not a new manual source review
46,Nanjing Drum Tower Hospital,Jiangsu,Nanjing,199,https://clinicaltrials.gov/study/NCT00786136,verified_name_relation,requires_location_review,,,,"[{""hospital_id"": ""cnha-cfdi-56903411c0a8033314d5485e8488750d"", ""official_name"": ""南京大学医学院附属鼓楼医院"", ""filing_number"": ""药临床机构备字2020000557"", ""alias"": ""Nanjing Drum Tower Hospital"", ""normalized_alias"": ""nanjingdrumtowerhospital"", ""kind"": ""english_name"", ""evidence_status"": ""official_source_reviewed"", ""source_url"": ""https://www.shanghai.cn.emb-japan.go.jp/itpr_ja/00_000940.html"", ""accessed_at"": ""2026-09-05"", ""valid_from"": """", ""valid_to"": """"}]",[],"Verify reported province, city and campus against the study record before assigning an institution ID",deterministic reconciliation of source-reviewed assertions; not a new manual source review
47,"Beijing Friendship Hospital, Capital Medical University",Beijing Municipality,Beijing,198,https://clinicaltrials.gov/study/NCT00796692,unverified_no_approved_evidence,not_evaluated_without_approved_identity,,,,[],[],Obtain hospital or regulator evidence connecting the reported name to a filing; reference labels alone are insufficient,deterministic reconciliation of source-reviewed assertions; not a new manual source review
48,"Nanfang Hospital, Southern Medical University",Guangdong,Guangzhou,198,https://clinicaltrials.gov/study/NCT00548223,unverified_no_approved_evidence,not_evaluated_without_approved_identity,,,,[],[],Obtain hospital or regulator evidence connecting the reported name to a filing; reference labels alone are insufficient,deterministic reconciliation of source-reviewed assertions; not a new manual source review
49,Shanghai East Hospital,Shanghai Municipality,Shanghai,198,https://clinicaltrials.gov/study/NCT00829660,unverified_no_approved_evidence,not_evaluated_without_approved_identity,,,,[],[],Obtain hospital or regulator evidence connecting the reported name to a filing; reference labels alone are insufficient,deterministic reconciliation of source-reviewed assertions; not a new manual source review
50,Shanghai Pulmonary Hospital,Shanghai Municipality,Shanghai,197,https://clinicaltrials.gov/study/NCT01040780,verified_name_relation,requires_location_review,,,,"[{""hospital_id"": ""cnha-cfdi-5a8dc1ecc0a803333ca44265c4212218"", ""official_name"": ""上海市肺科医院"", ""filing_number"": ""药临床机构备字2019000080"", ""alias"": ""Shanghai Pulmonary Hospital"", ""normalized_alias"": ""shanghaipulmonaryhospital"", ""kind"": ""english_name"", ""evidence_status"": ""official_source_reviewed"", ""source_url"": ""https://med.tongji.edu.cn/english/HEALTH_CARE/Affiliated_Hospitals1/Shanghai_Pulmonary_Hospital_Affiliated_To_Tongji.htm"", ""accessed_at"": ""2026-09-05"", ""valid_from"": """", ""valid_to"": """"}]",[],"Verify reported province, city and campus against the study record before assigning an institution ID",deterministic reconciliation of source-reviewed assertions; not a new manual source review
51,Tianjin Medical University Cancer Institute & Hospital,Tianjin Municipality,Tianjin,196,https://clinicaltrials.gov/study/NCT01836679,unverified_no_approved_evidence,not_evaluated_without_approved_identity,,,,[],[],Obtain hospital or regulator evidence connecting the reported name to a filing; reference labels alone are insufficient,deterministic reconciliation of source-reviewed assertions; not a new manual source review
52,Jilin Cancer Hospital,Jilin,Changchun,195,https://clinicaltrials.gov/study/NCT01040780,unverified_no_approved_evidence,not_evaluated_without_approved_identity,,,,[],[],Obtain hospital or regulator evidence connecting the reported name to a filing; reference labels alone are insufficient,deterministic reconciliation of source-reviewed assertions; not a new manual source review
53,"Xuanwu Hospital, Capital Medical University",Beijing Municipality,Beijing,194,https://clinicaltrials.gov/study/NCT00664846,unverified_no_approved_evidence,not_evaluated_without_approved_identity,,,,[],[],Obtain hospital or regulator evidence connecting the reported name to a filing; reference labels alone are insufficient,deterministic reconciliation of source-reviewed assertions; not a new manual source review
54,The First Affiliated Hospital of Guangzhou Medical University,Guangdong,Guangzhou,193,https://clinicaltrials.gov/study/NCT01637675,verified_name_relation,passes_available_location_filters,cnha-cfdi-3bbe3ceec0a803331320f715d583ef2c,广州医科大学附属第一医院,药临床机构备字2020000194,"[{""hospital_id"": ""cnha-cfdi-3bbe3ceec0a803331320f715d583ef2c"", ""official_name"": ""广州医科大学附属第一医院"", ""filing_number"": ""药临床机构备字2020000194"", ""alias"": ""The First Affiliated Hospital of Guangzhou Medical University"", ""normalized_alias"": ""thefirstaffiliatedhospitalofguangzhoumedicaluniversity"", ""kind"": ""english_name"", ""evidence_status"": ""official_source_reviewed"", ""source_url"": ""https://www.gov.uk/government/publications/list-of-hospitals-in-china/list-of-medical-facilities-in-china"", ""accessed_at"": ""2026-09-05"", ""valid_from"": """", ""valid_to"": """"}]",[],Retain source-backed name mapping; assess actual study/campus scope separately when needed,deterministic reconciliation of source-reviewed assertions; not a new manual source review
55,The Second Affiliated Hospital Zhejiang University School of Medicine,Zhejiang,Hangzhou,185,https://clinicaltrials.gov/study/NCT01471522,verified_name_relation,requires_location_review,,,,"[{""hospital_id"": ""cnha-cfdi-17badd7fc0a8033348429f2c890ae1f6"", ""official_name"": ""浙江大学医学院附属第二医院"", ""filing_number"": ""药临床机构备字2020000192"", ""alias"": ""The Second Affiliated Hospital Zhejiang University School of Medicine"", ""normalized_alias"": ""thesecondaffiliatedhospitalzhejianguniversityschoolofmedicine"", ""kind"": ""english_name"", ""evidence_status"": ""official_source_reviewed"", ""source_url"": ""https://en.z2hospital.com/"", ""accessed_at"": ""2026-09-05"", ""valid_from"": """", ""valid_to"": """"}]",[],"Verify reported province, city and campus against the study record before assigning an institution ID",deterministic reconciliation of source-reviewed assertions; not a new manual source review
56,"Huashan Hospital, Fudan University",Shanghai Municipality,Shanghai,184,https://clinicaltrials.gov/study/NCT00664846,verified_name_relation,passes_available_location_filters,cnha-cfdi-5fa1b83ec0a803333f2b2d82ab77ebfe,复旦大学附属华山医院,药临床机构备字2020000180,"[{""hospital_id"": ""cnha-cfdi-5fa1b83ec0a803333f2b2d82ab77ebfe"", ""official_name"": ""复旦大学附属华山医院"", ""filing_number"": ""药临床机构备字2020000180"", ""alias"": ""Huashan Hospital, Fudan University"", ""normalized_alias"": ""huashanhospitalfudanuniversity"", ""kind"": ""english_name"", ""evidence_status"": ""official_source_reviewed"", ""source_url"": ""https://shmc.fudan.edu.cn/eng/2094/list.htm"", ""accessed_at"": ""2026-09-05"", ""valid_from"": """", ""valid_to"": """"}]",[],Retain source-backed name mapping; assess actual study/campus scope separately when needed,deterministic reconciliation of source-reviewed assertions; not a new manual source review
57,Beijing Hospital,Beijing Municipality,Beijing,183,https://clinicaltrials.gov/study/NCT00474409,unverified_no_approved_evidence,not_evaluated_without_approved_identity,,,,[],[],Obtain hospital or regulator evidence connecting the reported name to a filing; reference labels alone are insufficient,deterministic reconciliation of source-reviewed assertions; not a new manual source review
58,Nanjing First Hospital,Jiangsu,Nanjing,183,https://clinicaltrials.gov/study/NCT00786136,unverified_reference_only,not_evaluated_without_approved_identity,,,,[],"[{""hospital_id"": ""cnha-cfdi-318dc62bc0a8033361606bba37a83140"", ""official_name"": ""南京市第一医院"", ""candidate_alias"": ""Nanjing First Hospital"", ""source_url"": ""https://ror.org/02hw73q19"", ""status"": ""review_required"", ""reason"": ""Reference-only name; not approved for resolution""}]",Obtain hospital or regulator evidence connecting the reported name to a filing; reference labels alone are insufficient,deterministic reconciliation of source-reviewed assertions; not a new manual source review
59,"The First Affiliated Hospital, Sun Yat-sen University",Guangdong,Guangzhou,183,https://clinicaltrials.gov/study/NCT00622986,verified_name_relation,passes_available_location_filters,cnha-cfdi-3ce595d2c0a803333acc798da7cf0c71,中山大学附属第一医院,药临床机构备字2019000093,"[{""hospital_id"": ""cnha-cfdi-3ce595d2c0a803333acc798da7cf0c71"", ""official_name"": ""中山大学附属第一医院"", ""filing_number"": ""药临床机构备字2019000093"", ""alias"": ""The First Affiliated Hospital, Sun Yat-sen University"", ""normalized_alias"": ""thefirstaffiliatedhospitalsunyatsenuniversity"", ""kind"": ""english_name"", ""evidence_status"": ""official_source_reviewed"", ""source_url"": ""https://www.gov.uk/government/publications/list-of-hospitals-in-china/list-of-medical-facilities-in-china"", ""accessed_at"": ""2026-09-05"", ""valid_from"": """", ""valid_to"": """"}]",[],Retain source-backed name mapping; assess actual study/campus scope separately when needed,deterministic reconciliation of source-reviewed assertions; not a new manual source review
60,The Second Affiliated Hospital of Zhejiang University School of Medicine,Zhejiang,Hangzhou,182,https://clinicaltrials.gov/study/NCT01404169,unverified_no_approved_evidence,not_evaluated_without_approved_identity,,,,[],[],Obtain hospital or regulator evidence connecting the reported name to a filing; reference labels alone are insufficient,deterministic reconciliation of source-reviewed assertions; not a new manual source review
61,Henan Cancer Hospital,,Zhengzhou,177,https://clinicaltrials.gov/study/NCT01774786,verified_name_relation,passes_available_location_filters,cnha-cfdi-0eb581dec0a80333092f49dd1bd60215,河南省肿瘤医院,药临床机构备字2020000172,"[{""hospital_id"": ""cnha-cfdi-0eb581dec0a80333092f49dd1bd60215"", ""official_name"": ""河南省肿瘤医院"", ""filing_number"": ""药临床机构备字2020000172"", ""alias"": ""Henan Cancer Hospital"", ""normalized_alias"": ""henancancerhospital"", ""kind"": ""english_name"", ""evidence_status"": ""official_source_reviewed"", ""source_url"": ""https://sph.zzu.edu.cn/__local/8/D2/E4/B40A50DD335F88E127634992A9C_5D5E4F16_13B55B.pdf"", ""accessed_at"": ""2026-09-05"", ""valid_from"": """", ""valid_to"": """"}]",[],Retain source-backed name mapping; assess actual study/campus scope separately when needed,deterministic reconciliation of source-reviewed assertions; not a new manual source review
62,The First Affiliated Hospital of Guangxi Medical University,Guangxi,Nanning,174,https://clinicaltrials.gov/study/NCT00781378,unverified_no_approved_evidence,not_evaluated_without_approved_identity,,,,[],[],Obtain hospital or regulator evidence connecting the reported name to a filing; reference labels alone are insufficient,deterministic reconciliation of source-reviewed assertions; not a new manual source review
63,The Second Affiliated Hospital of Nanchang University,Jiangxi,Nanchang,174,https://clinicaltrials.gov/study/NCT00829660,unverified_no_approved_evidence,not_evaluated_without_approved_identity,,,,[],[],Obtain hospital or regulator evidence connecting the reported name to a filing; reference labels alone are insufficient,deterministic reconciliation of source-reviewed assertions; not a new manual source review
64,"Tongji Hospital, Tongji Medical College, Huazhong University of Science and Technology",Hubei,Wuhan,173,https://clinicaltrials.gov/study/NCT01455428,unverified_no_approved_evidence,not_evaluated_without_approved_identity,,,,[],[],Obtain hospital or regulator evidence connecting the reported name to a filing; reference labels alone are insufficient,deterministic reconciliation of source-reviewed assertions; not a new manual source review
65,Renmin Hospital of Wuhan University,Hubei,Wuhan,172,https://clinicaltrials.gov/study/NCT00786136,unverified_no_approved_evidence,not_evaluated_without_approved_identity,,,,[],[],Obtain hospital or regulator evidence connecting the reported name to a filing; reference labels alone are insufficient,deterministic reconciliation of source-reviewed assertions; not a new manual source review
66,The First Affiliated Hospital of Fujian Medical University,Fujian,Fuzhou,171,https://clinicaltrials.gov/study/NCT01088009,verified_name_relation,passes_available_location_filters,cnha-cfdi-a9e58d41c0a803334712a9fdd252ffd2,福建医科大学附属第一医院,药临床机构备字2020000331,"[{""hospital_id"": ""cnha-cfdi-a9e58d41c0a803334712a9fdd252ffd2"", ""official_name"": ""福建医科大学附属第一医院"", ""filing_number"": ""药临床机构备字2020000331"", ""alias"": ""The First Affiliated Hospital of Fujian Medical University"", ""normalized_alias"": ""thefirstaffiliatedhospitaloffujianmedicaluniversity"", ""kind"": ""english_name"", ""evidence_status"": ""official_source_reviewed"", ""source_url"": ""https://www.gov.uk/government/publications/list-of-hospitals-in-china/list-of-medical-facilities-in-china"", ""accessed_at"": ""2026-09-05"", ""valid_from"": """", ""valid_to"": """"}]",[],Retain source-backed name mapping; assess actual study/campus scope separately when needed,deterministic reconciliation of source-reviewed assertions; not a new manual source review
67,The First Affiliated Hospital of Nanjing Medical University,Jiangsu,Nanjing,171,https://clinicaltrials.gov/study/NCT01147627,unverified_no_approved_evidence,not_evaluated_without_approved_identity,,,,[],[],Obtain hospital or regulator evidence connecting the reported name to a filing; reference labels alone are insufficient,deterministic reconciliation of source-reviewed assertions; not a new manual source review
68,"Beijing Tiantan Hospital, Capital Medical University",Beijing Municipality,Beijing,170,https://clinicaltrials.gov/study/NCT01938781,unverified_no_approved_evidence,not_evaluated_without_approved_identity,,,,[],[],Obtain hospital or regulator evidence connecting the reported name to a filing; reference labels alone are insufficient,deterministic reconciliation of source-reviewed assertions; not a new manual source review
69,Xiangya Hospital of Central South University,Hu'nan,Changsha,170,https://clinicaltrials.gov/study/NCT01481597,verified_name_relation,passes_available_location_filters,cnha-cfdi-3bb0a3b4c0a803332a9f6fc83950b0b0,中南大学湘雅医院,药临床机构备字2020000125,"[{""hospital_id"": ""cnha-cfdi-3bb0a3b4c0a803332a9f6fc83950b0b0"", ""official_name"": ""中南大学湘雅医院"", ""filing_number"": ""药临床机构备字2020000125"", ""alias"": ""Xiangya Hospital of Central South University"", ""normalized_alias"": ""xiangyahospitalofcentralsouthuniversity"", ""kind"": ""english_name"", ""evidence_status"": ""official_source_reviewed"", ""source_url"": ""https://xynursing.csu.edu.cn/info/1279/3091.htm"", ""accessed_at"": ""2026-09-05"", ""valid_from"": """", ""valid_to"": """"}]",[],Retain source-backed name mapping; assess actual study/campus scope separately when needed,deterministic reconciliation of source-reviewed assertions; not a new manual source review
70,Jinan Central Hospital,Shandong,Ji'Nan,169,https://clinicaltrials.gov/study/NCT00565708,unverified_reference_only,not_evaluated_without_approved_identity,,,,[],"[{""hospital_id"": ""cnha-cfdi-377cbc83c0a8033328258152d0df5c96"", ""official_name"": ""济南市中心医院"", ""candidate_alias"": ""Jinan Central Hospital"", ""source_url"": ""https://ror.org/01fr19c68"", ""status"": ""review_required"", ""reason"": ""Reference-only name; not approved for resolution""}]",Obtain hospital or regulator evidence connecting the reported name to a filing; reference labels alone are insufficient,deterministic reconciliation of source-reviewed assertions; not a new manual source review
71,West China Hospital,Sichuan,Chengdu,167,https://clinicaltrials.gov/study/NCT00922051,unverified_no_approved_evidence,not_evaluated_without_approved_identity,,,,[],[],Obtain hospital or regulator evidence connecting the reported name to a filing; reference labels alone are insufficient,deterministic reconciliation of source-reviewed assertions; not a new manual source review
72,Sichuan Provincial People's Hospital,Sichuan,Chengdu,164,https://clinicaltrials.gov/study/NCT00829660,unverified_no_approved_evidence,not_evaluated_without_approved_identity,,,,[],[],Obtain hospital or regulator evidence connecting the reported name to a filing; reference labels alone are insufficient,deterministic reconciliation of source-reviewed assertions; not a new manual source review
73,Zhongshan Hospital Fudan University,,Shanghai,164,https://clinicaltrials.gov/study/NCT00054951,verified_name_relation,passes_available_location_filters,cnha-cfdi-aaf35c6ec0a803332e232c9de3002662,复旦大学附属中山医院,药临床机构备字2020000073,"[{""hospital_id"": ""cnha-cfdi-aaf35c6ec0a803332e232c9de3002662"", ""official_name"": ""复旦大学附属中山医院"", ""filing_number"": ""药临床机构备字2020000073"", ""alias"": ""Zhongshan Hospital, Fudan University"", ""normalized_alias"": ""zhongshanhospitalfudanuniversity"", ""kind"": ""english_name"", ""evidence_status"": ""official_source_reviewed"", ""source_url"": ""https://shmc.fudan.edu.cn/eng/2094/list.htm"", ""accessed_at"": ""2026-09-05"", ""valid_from"": """", ""valid_to"": """"}]",[],Retain source-backed name mapping; assess actual study/campus scope separately when needed,deterministic reconciliation of source-reviewed assertions; not a new manual source review
74,Beijing Tiantan Hospital,Beijing Municipality,Beijing,160,https://clinicaltrials.gov/study/NCT00474409,unverified_no_approved_evidence,not_evaluated_without_approved_identity,,,,[],[],Obtain hospital or regulator evidence connecting the reported name to a filing; reference labels alone are insufficient,deterministic reconciliation of source-reviewed assertions; not a new manual source review
75,The First Affiliated Hospital of Xi'an Jiaotong University,Shan'xi,Xi'an,160,https://clinicaltrials.gov/study/NCT00869778,verified_name_relation,requires_location_review,,,,"[{""hospital_id"": ""cnha-cfdi-f4f98652c0a803335f197e2df8ec0b2e"", ""official_name"": ""西安交通大学第一附属医院"", ""filing_number"": ""药临床机构备字2020000167"", ""alias"": ""The First Affiliated Hospital of Xi'an Jiaotong University"", ""normalized_alias"": ""thefirstaffiliatedhospitalofxianjiaotonguniversity"", ""kind"": ""english_name"", ""evidence_status"": ""official_source_reviewed"", ""source_url"": ""https://www.med.xjtu.edu.cn/info/1188/9311.htm"", ""accessed_at"": ""2026-09-05"", ""valid_from"": """", ""valid_to"": """"}]",[],"Verify reported province, city and campus against the study record before assigning an institution ID",deterministic reconciliation of source-reviewed assertions; not a new manual source review
76,The Second Hospital of Hebei Medical University,Hebei,Shijiazhuang,160,https://clinicaltrials.gov/study/NCT00664846,unverified_no_approved_evidence,not_evaluated_without_approved_identity,,,,[],[],Obtain hospital or regulator evidence connecting the reported name to a filing; reference labels alone are insufficient,deterministic reconciliation of source-reviewed assertions; not a new manual source review
77,Tianjin Medical University General Hospital,,Tianjin,160,https://clinicaltrials.gov/study/NCT01355276,verified_name_relation,passes_available_location_filters,cnha-cfdi-214a1071c0a8033329decd493fe7ec5e,天津医科大学总医院,药临床机构备字2019000017,"[{""hospital_id"": ""cnha-cfdi-214a1071c0a8033329decd493fe7ec5e"", ""official_name"": ""天津医科大学总医院"", ""filing_number"": ""药临床机构备字2019000017"", ""alias"": ""Tianjin Medical University General Hospital"", ""normalized_alias"": ""tianjinmedicaluniversitygeneralhospital"", ""kind"": ""english_name"", ""evidence_status"": ""official_source_reviewed"", ""source_url"": ""https://gs.tmu.edu.cn/_upload/article/files/25/92/b1ddeac8440d816796748f7f9544/6b270462-3758-4b0a-85f4-f306c880f31e.pdf"", ""accessed_at"": ""2026-09-05"", ""valid_from"": """", ""valid_to"": """"}]",[],Retain source-backed name mapping; assess actual study/campus scope separately when needed,deterministic reconciliation of source-reviewed assertions; not a new manual source review
78,Peking University Shenzhen Hospital,Guangdong,Shenzhen,158,https://clinicaltrials.gov/study/NCT00829660,unverified_reference_only,not_evaluated_without_approved_identity,,,,[],"[{""hospital_id"": ""cnha-cfdi-45e31950c0a80333157eaf9ead1b853b"", ""official_name"": ""北京大学深圳医院"", ""candidate_alias"": ""Peking University Shenzhen Hospital"", ""source_url"": ""https://ror.org/03kkjyb15"", ""status"": ""review_required"", ""reason"": ""Reference-only name; not approved for resolution""}]",Obtain hospital or regulator evidence connecting the reported name to a filing; reference labels alone are insufficient,deterministic reconciliation of source-reviewed assertions; not a new manual source review
79,Shanghai General Hospital,Shanghai Municipality,Shanghai,158,https://clinicaltrials.gov/study/NCT02388984,unverified_no_approved_evidence,not_evaluated_without_approved_identity,,,,[],[],Obtain hospital or regulator evidence connecting the reported name to a filing; reference labels alone are insufficient,deterministic reconciliation of source-reviewed assertions; not a new manual source review
80,The First Affiliated Hospital of Sun Yat-sen University,Guangdong,Guangzhou,158,https://clinicaltrials.gov/study/NCT00147836,unverified_no_approved_evidence,not_evaluated_without_approved_identity,,,,[],[],Obtain hospital or regulator evidence connecting the reported name to a filing; reference labels alone are insufficient,deterministic reconciliation of source-reviewed assertions; not a new manual source review
81,Tongji Hospital,Hubei,Wuhan,158,https://clinicaltrials.gov/study/NCT00617981,unverified_no_approved_evidence,not_evaluated_without_approved_identity,,,,[],[],Obtain hospital or regulator evidence connecting the reported name to a filing; reference labels alone are insufficient,deterministic reconciliation of source-reviewed assertions; not a new manual source review
82,Zhongda Hospital Southeast University,Jiangsu,Nanjing,157,https://clinicaltrials.gov/study/NCT00477841,unverified_no_approved_evidence,not_evaluated_without_approved_identity,,,,[],[],Obtain hospital or regulator evidence connecting the reported name to a filing; reference labels alone are insufficient,deterministic reconciliation of source-reviewed assertions; not a new manual source review
83,Cancer Hospital Chinese Academy of Medical Sciences,,Beijing,156,https://clinicaltrials.gov/study/NCT00069121,verified_name_relation,passes_available_location_filters,cnha-cfdi-31c61602c0a803336b55426e8e04a4da,中国医学科学院肿瘤医院,药临床机构备字2020000332,"[{""hospital_id"": ""cnha-cfdi-31c61602c0a803336b55426e8e04a4da"", ""official_name"": ""中国医学科学院肿瘤医院"", ""filing_number"": ""药临床机构备字2020000332"", ""alias"": ""Cancer Hospital, Chinese Academy of Medical Sciences"", ""normalized_alias"": ""cancerhospitalchineseacademyofmedicalsciences"", ""kind"": ""english_name"", ""evidence_status"": ""official_source_reviewed"", ""source_url"": ""https://www.cicams.ac.cn/dzb/navigation/liuxing/zhuan/2108.html"", ""accessed_at"": ""2026-09-05"", ""valid_from"": """", ""valid_to"": """"}]",[],Retain source-backed name mapping; assess actual study/campus scope separately when needed,deterministic reconciliation of source-reviewed assertions; not a new manual source review
84,General Hospital of Ningxia Medical University,Ningxia,Yinchuan,155,https://clinicaltrials.gov/study/NCT01975376,unverified_no_approved_evidence,not_evaluated_without_approved_identity,,,,[],[],Obtain hospital or regulator evidence connecting the reported name to a filing; reference labels alone are insufficient,deterministic reconciliation of source-reviewed assertions; not a new manual source review
85,Shanghai Chest Hospital,,Shanghai,153,https://clinicaltrials.gov/study/NCT00492843,verified_name_relation,requires_location_review,,,,"[{""hospital_id"": ""cnha-cfdi-91280931c0a803334e27d70392030c01"", ""official_name"": ""上海市胸科医院"", ""filing_number"": ""药临床机构备字2020000080"", ""alias"": ""Shanghai Chest Hospital"", ""normalized_alias"": ""shanghaichesthospital"", ""kind"": ""english_name"", ""evidence_status"": ""official_source_reviewed"", ""source_url"": ""https://www.shsmu.edu.cn/english/info/1085/1225.htm"", ""accessed_at"": ""2026-09-05"", ""valid_from"": """", ""valid_to"": """"}]",[],"Verify reported province, city and campus against the study record before assigning an institution ID",deterministic reconciliation of source-reviewed assertions; not a new manual source review
86,The First Affiliated Hospital of Bengbu Medical College,Anhui,Bengbu,153,https://clinicaltrials.gov/study/NCT01774877,unverified_no_approved_evidence,not_evaluated_without_approved_identity,,,,[],[],Obtain hospital or regulator evidence connecting the reported name to a filing; reference labels alone are insufficient,deterministic reconciliation of source-reviewed assertions; not a new manual source review
87,The Fourth Hospital of Hebei Medical University,Hebei,Shijiazhuang,153,https://clinicaltrials.gov/study/NCT01970059,unverified_no_approved_evidence,not_evaluated_without_approved_identity,,,,[],[],Obtain hospital or regulator evidence connecting the reported name to a filing; reference labels alone are insufficient,deterministic reconciliation of source-reviewed assertions; not a new manual source review
88,Chinese PLA General Hospital,,Beijing,146,https://clinicaltrials.gov/study/NCT00165698,unverified_no_approved_evidence,not_evaluated_without_approved_identity,,,,[],[],Obtain hospital or regulator evidence connecting the reported name to a filing; reference labels alone are insufficient,deterministic reconciliation of source-reviewed assertions; not a new manual source review
89,"Xuanwu Hospital, Capital Medical University",,Beijing,146,https://clinicaltrials.gov/study/NCT02118532,unverified_no_approved_evidence,not_evaluated_without_approved_identity,,,,[],[],Obtain hospital or regulator evidence connecting the reported name to a filing; reference labels alone are insufficient,deterministic reconciliation of source-reviewed assertions; not a new manual source review
90,Zhejiang Cancer Hospital,,Hangzhou,146,https://clinicaltrials.gov/study/NCT00567190,verified_name_relation,passes_available_location_filters,cnha-cfdi-877dc8a7c0a803335e9cc239fa3a0b8d,浙江省肿瘤医院,药临床机构备字2020000300,"[{""hospital_id"": ""cnha-cfdi-877dc8a7c0a803335e9cc239fa3a0b8d"", ""official_name"": ""浙江省肿瘤医院"", ""filing_number"": ""药临床机构备字2020000300"", ""alias"": ""Zhejiang Cancer Hospital"", ""normalized_alias"": ""zhejiangcancerhospital"", ""kind"": ""english_name"", ""evidence_status"": ""official_source_reviewed"", ""source_url"": ""https://www.zchospital.com/cn/scientific/info/134"", ""accessed_at"": ""2026-09-05"", ""valid_from"": """", ""valid_to"": """"}]",[],Retain source-backed name mapping; assess actual study/campus scope separately when needed,deterministic reconciliation of source-reviewed assertions; not a new manual source review
91,Chongqing University Cancer Hospital,Chongqing Municipality,Chongqing,142,https://clinicaltrials.gov/study/NCT03084237,unverified_no_approved_evidence,not_evaluated_without_approved_identity,,,,[],[],Obtain hospital or regulator evidence connecting the reported name to a filing; reference labels alone are insufficient,deterministic reconciliation of source-reviewed assertions; not a new manual source review
92,The Second Hospital of Anhui Medical University,Anhui,Hefei,142,https://clinicaltrials.gov/study/NCT02213380,unverified_no_approved_evidence,not_evaluated_without_approved_identity,,,,[],[],Obtain hospital or regulator evidence connecting the reported name to a filing; reference labels alone are insufficient,deterministic reconciliation of source-reviewed assertions; not a new manual source review
93,Harbin Medical University Cancer Hospital,,Harbin,141,https://clinicaltrials.gov/study/NCT00781612,verified_name_relation,passes_available_location_filters,cnha-cfdi-4ab33e0bc0a8033302630a51547a45f3,哈尔滨医科大学附属肿瘤医院、哈尔滨医科大学附属第三医院、哈尔滨医科大学第三临床医学院、黑龙江省肿瘤医院,药临床机构备字2020000204,"[{""hospital_id"": ""cnha-cfdi-4ab33e0bc0a8033302630a51547a45f3"", ""official_name"": ""哈尔滨医科大学附属肿瘤医院、哈尔滨医科大学附属第三医院、哈尔滨医科大学第三临床医学院、黑龙江省肿瘤医院"", ""filing_number"": ""药临床机构备字2020000204"", ""alias"": ""Harbin Medical University Cancer Hospital"", ""normalized_alias"": ""harbinmedicaluniversitycancerhospital"", ""kind"": ""english_name"", ""evidence_status"": ""official_source_reviewed"", ""source_url"": ""https://hmucancerhospital.hrbmu.edu.cn/info/1081/19930.htm"", ""accessed_at"": ""2026-09-05"", ""valid_from"": """", ""valid_to"": """"}]",[],Retain source-backed name mapping; assess actual study/campus scope separately when needed,deterministic reconciliation of source-reviewed assertions; not a new manual source review
94,"Sir Run Run Shaw Hospital, Zhejiang University School of Medicine",Zhejiang,Hangzhou,141,https://clinicaltrials.gov/study/NCT02121405,unverified_no_approved_evidence,not_evaluated_without_approved_identity,,,,[],[],Obtain hospital or regulator evidence connecting the reported name to a filing; reference labels alone are insufficient,deterministic reconciliation of source-reviewed assertions; not a new manual source review
95,Zhujiang Hospital of Southern Medical University,Guangdong,Guangzhou,141,https://clinicaltrials.gov/study/NCT01379391,unverified_no_approved_evidence,not_evaluated_without_approved_identity,,,,[],[],Obtain hospital or regulator evidence connecting the reported name to a filing; reference labels alone are insufficient,deterministic reconciliation of source-reviewed assertions; not a new manual source review
96,Shenzhen People's Hospital,Guangdong,Shenzhen,140,https://clinicaltrials.gov/study/NCT00781378,unverified_reference_only,not_evaluated_without_approved_identity,,,,[],"[{""hospital_id"": ""cnha-cfdi-583d67e0c0a803331ff29cfe5c8fdebd"", ""official_name"": ""深圳市人民医院"", ""candidate_alias"": ""ShenZhen People’s Hospital"", ""source_url"": ""https://ror.org/01hcefx46"", ""status"": ""review_required"", ""reason"": ""Reference-only name; not approved for resolution""}]",Obtain hospital or regulator evidence connecting the reported name to a filing; reference labels alone are insufficient,deterministic reconciliation of source-reviewed assertions; not a new manual source review
97,The First Affiliated Hospital of Xi'an Jiaotong University,,Xi'an,140,https://clinicaltrials.gov/study/NCT02099721,verified_name_relation,requires_location_review,,,,"[{""hospital_id"": ""cnha-cfdi-f4f98652c0a803335f197e2df8ec0b2e"", ""official_name"": ""西安交通大学第一附属医院"", ""filing_number"": ""药临床机构备字2020000167"", ""alias"": ""The First Affiliated Hospital of Xi'an Jiaotong University"", ""normalized_alias"": ""thefirstaffiliatedhospitalofxianjiaotonguniversity"", ""kind"": ""english_name"", ""evidence_status"": ""official_source_reviewed"", ""source_url"": ""https://www.med.xjtu.edu.cn/info/1188/9311.htm"", ""accessed_at"": ""2026-09-05"", ""valid_from"": """", ""valid_to"": """"}]",[],"Verify reported province, city and campus against the study record before assigning an institution ID",deterministic reconciliation of source-reviewed assertions; not a new manual source review
98,Xijing Hospital,Shaan'xi,Xi'an,140,https://clinicaltrials.gov/study/NCT00663988,unverified_no_approved_evidence,not_evaluated_without_approved_identity,,,,[],[],Obtain hospital or regulator evidence connecting the reported name to a filing; reference labels alone are insufficient,deterministic reconciliation of source-reviewed assertions; not a new manual source review
99,Shandong Provincial Hospital,Shandong,Ji'nan,138,https://clinicaltrials.gov/study/NCT00622986,unverified_reference_only,not_evaluated_without_approved_identity,,,,[],"[{""hospital_id"": ""cnha-cfdi-fdab536cc0a8033331f709e0eb34965d"", ""official_name"": ""山东省立医院"", ""candidate_alias"": ""Shandong Provincial Hospital"", ""source_url"": ""https://ror.org/02ar2nf05"", ""status"": ""review_required"", ""reason"": ""Reference-only name; not approved for resolution""}]",Obtain hospital or regulator evidence connecting the reported name to a filing; reference labels alone are insufficient,deterministic reconciliation of source-reviewed assertions; not a new manual source review
100,Guangdong General Hospital,Guangdong,Guangzhou,135,https://clinicaltrials.gov/study/NCT00426348,unverified_no_approved_evidence,not_evaluated_without_approved_identity,,,,[],[],Obtain hospital or regulator evidence connecting the reported name to a filing; reference labels alone are insufficient,deterministic reconciliation of source-reviewed assertions; not a new manual source review
101,"Ruijin Hospital, Shanghai Jiao Tong University School of Medicine",,Shanghai,135,https://clinicaltrials.gov/study/NCT00565396,verified_name_relation,passes_available_location_filters,cnha-cfdi-49af8e67c0a803336507a7bb3f8db7bc,上海交通大学医学院附属瑞金医院,药临床机构备字2020000252,"[{""hospital_id"": ""cnha-cfdi-49af8e67c0a803336507a7bb3f8db7bc"", ""official_name"": ""上海交通大学医学院附属瑞金医院"", ""filing_number"": ""药临床机构备字2020000252"", ""alias"": ""Ruijin Hospital, Shanghai Jiao Tong University School of Medicine"", ""normalized_alias"": ""ruijinhospitalshanghaijiaotonguniversityschoolofmedicine"", ""kind"": ""english_name"", ""evidence_status"": ""official_source_reviewed"", ""source_url"": ""https://www.shsmu.edu.cn/qnxzforum/info/1108/1217.htm"", ""accessed_at"": ""2026-09-05"", ""valid_from"": """", ""valid_to"": """"}]",[],Retain source-backed name mapping; assess actual study/campus scope separately when needed,deterministic reconciliation of source-reviewed assertions; not a new manual source review
102,Sichuan Cancer Hospital,Sichuan,Chengdu,134,https://clinicaltrials.gov/study/NCT01623102,unverified_no_approved_evidence,not_evaluated_without_approved_identity,,,,[],[],Obtain hospital or regulator evidence connecting the reported name to a filing; reference labels alone are insufficient,deterministic reconciliation of source-reviewed assertions; not a new manual source review
103,The First Affiliated Hospital of Henan University of Science and Technology,He'nan,Luoyang,132,https://clinicaltrials.gov/study/NCT02025036,unverified_no_approved_evidence,not_evaluated_without_approved_identity,,,,[],[],Obtain hospital or regulator evidence connecting the reported name to a filing; reference labels alone are insufficient,deterministic reconciliation of source-reviewed assertions; not a new manual source review
104,Nanfang Hospital of Southern Medical University,Guangdong,Guangzhou,129,https://clinicaltrials.gov/study/NCT01768091,unverified_no_approved_evidence,not_evaluated_without_approved_identity,,,,[],[],Obtain hospital or regulator evidence connecting the reported name to a filing; reference labels alone are insufficient,deterministic reconciliation of source-reviewed assertions; not a new manual source review
105,Jiangsu Cancer Hospital,Jiangsu,Nanjing,128,https://clinicaltrials.gov/study/NCT00741260,unverified_no_approved_evidence,not_evaluated_without_approved_identity,,,,[],[],Obtain hospital or regulator evidence connecting the reported name to a filing; reference labels alone are insufficient,deterministic reconciliation of source-reviewed assertions; not a new manual source review
106,The First Hospital of Hebei Medical University,Hebei,Shijiazhuang,127,https://clinicaltrials.gov/study/NCT00125437,unverified_no_approved_evidence,not_evaluated_without_approved_identity,,,,[],[],Obtain hospital or regulator evidence connecting the reported name to a filing; reference labels alone are insufficient,deterministic reconciliation of source-reviewed assertions; not a new manual source review
107,Hunan Cancer Hospital,,Changsha,126,https://clinicaltrials.gov/study/NCT01744366,verified_name_relation,passes_available_location_filters,cnha-cfdi-56da0c76c0a8033378166121ef596120,湖南省肿瘤医院,药临床机构备字2020000150,"[{""hospital_id"": ""cnha-cfdi-56da0c76c0a8033378166121ef596120"", ""official_name"": ""湖南省肿瘤医院"", ""filing_number"": ""药临床机构备字2020000150"", ""alias"": ""Hunan Cancer Hospital"", ""normalized_alias"": ""hunancancerhospital"", ""kind"": ""english_name"", ""evidence_status"": ""official_source_reviewed"", ""source_url"": ""https://en.csu.edu.cn/About/Overview.htm"", ""accessed_at"": ""2026-09-05"", ""valid_from"": """", ""valid_to"": """"}]",[],Retain source-backed name mapping; assess actual study/campus scope separately when needed,deterministic reconciliation of source-reviewed assertions; not a new manual source review
108,The First Hospital of Lanzhou University,Gansu,Lanzhou,126,https://clinicaltrials.gov/study/NCT01176916,unverified_no_approved_evidence,not_evaluated_without_approved_identity,,,,[],[],Obtain hospital or regulator evidence connecting the reported name to a filing; reference labels alone are insufficient,deterministic reconciliation of source-reviewed assertions; not a new manual source review
109,"Huashan Hospital, Fudan University",,Shanghai,125,https://clinicaltrials.gov/study/NCT00240409,verified_name_relation,passes_available_location_filters,cnha-cfdi-5fa1b83ec0a803333f2b2d82ab77ebfe,复旦大学附属华山医院,药临床机构备字2020000180,"[{""hospital_id"": ""cnha-cfdi-5fa1b83ec0a803333f2b2d82ab77ebfe"", ""official_name"": ""复旦大学附属华山医院"", ""filing_number"": ""药临床机构备字2020000180"", ""alias"": ""Huashan Hospital, Fudan University"", ""normalized_alias"": ""huashanhospitalfudanuniversity"", ""kind"": ""english_name"", ""evidence_status"": ""official_source_reviewed"", ""source_url"": ""https://shmc.fudan.edu.cn/eng/2094/list.htm"", ""accessed_at"": ""2026-09-05"", ""valid_from"": """", ""valid_to"": """"}]",[],Retain source-backed name mapping; assess actual study/campus scope separately when needed,deterministic reconciliation of source-reviewed assertions; not a new manual source review
110,"Renji Hospital, Shanghai Jiao Tong University School of Medicine",Shanghai Municipality,Shanghai,123,https://clinicaltrials.gov/study/NCT01349335,unverified_no_approved_evidence,not_evaluated_without_approved_identity,,,,[],[],Obtain hospital or regulator evidence connecting the reported name to a filing; reference labels alone are insufficient,deterministic reconciliation of source-reviewed assertions; not a new manual source review
111,Yunnan Cancer Hospital,Yunnan,Kunming,123,https://clinicaltrials.gov/study/NCT01176916,unverified_no_approved_evidence,not_evaluated_without_approved_identity,,,,[],[],Obtain hospital or regulator evidence connecting the reported name to a filing; reference labels alone are insufficient,deterministic reconciliation of source-reviewed assertions; not a new manual source review
112,Xuzhou Central Hospital,Jiangsu,Xuzhou,122,https://clinicaltrials.gov/study/NCT02135835,unverified_no_approved_evidence,not_evaluated_without_approved_identity,,,,[],[],Obtain hospital or regulator evidence connecting the reported name to a filing; reference labels alone are insufficient,deterministic reconciliation of source-reviewed assertions; not a new manual source review
113,Children's Hospital of Fudan University,Shanghai Municipality,Shanghai,120,https://clinicaltrials.gov/study/NCT01463306,verified_name_relation,passes_available_location_filters,cnha-cfdi-138b56c4c0a803330e40ef24ba80d41f,复旦大学附属儿科医院,药临床机构备字2020000372,"[{""hospital_id"": ""cnha-cfdi-138b56c4c0a803330e40ef24ba80d41f"", ""official_name"": ""复旦大学附属儿科医院"", ""filing_number"": ""药临床机构备字2020000372"", ""alias"": ""Children's Hospital of Fudan University"", ""normalized_alias"": ""childrenshospitaloffudanuniversity"", ""kind"": ""english_name"", ""evidence_status"": ""official_source_reviewed"", ""source_url"": ""https://shmc.fudan.edu.cn/eng/2094/list.htm"", ""accessed_at"": ""2026-09-05"", ""valid_from"": """", ""valid_to"": """"}]",[],Retain source-backed name mapping; assess actual study/campus scope separately when needed,deterministic reconciliation of source-reviewed assertions; not a new manual source review
114,The First Affiliated Hospital with Nanjing Medical University,Jiangsu,Nanjing,120,https://clinicaltrials.gov/study/NCT01474499,unverified_no_approved_evidence,not_evaluated_without_approved_identity,,,,[],[],Obtain hospital or regulator evidence connecting the reported name to a filing; reference labels alone are insufficient,deterministic reconciliation of source-reviewed assertions; not a new manual source review
115,Ruijin Hospital,Shanghai Municipality,Shanghai,118,https://clinicaltrials.gov/study/NCT00166244,unverified_reference_only,not_evaluated_without_approved_identity,,,,[],"[{""hospital_id"": ""cnha-cfdi-49af8e67c0a803336507a7bb3f8db7bc"", ""official_name"": ""上海交通大学医学院附属瑞金医院"", ""candidate_alias"": ""Ruijin Hospital"", ""source_url"": ""https://ror.org/01hv94n30"", ""status"": ""review_required"", ""reason"": ""Reference-only name; not approved for resolution""}]",Obtain hospital or regulator evidence connecting the reported name to a filing; reference labels alone are insufficient,deterministic reconciliation of source-reviewed assertions; not a new manual source review
116,Shanghai Pulmonary Hospital,,Shanghai,118,https://clinicaltrials.gov/study/NCT00325403,verified_name_relation,requires_location_review,,,,"[{""hospital_id"": ""cnha-cfdi-5a8dc1ecc0a803333ca44265c4212218"", ""official_name"": ""上海市肺科医院"", ""filing_number"": ""药临床机构备字2019000080"", ""alias"": ""Shanghai Pulmonary Hospital"", ""normalized_alias"": ""shanghaipulmonaryhospital"", ""kind"": ""english_name"", ""evidence_status"": ""official_source_reviewed"", ""source_url"": ""https://med.tongji.edu.cn/english/HEALTH_CARE/Affiliated_Hospitals1/Shanghai_Pulmonary_Hospital_Affiliated_To_Tongji.htm"", ""accessed_at"": ""2026-09-05"", ""valid_from"": """", ""valid_to"": """"}]",[],"Verify reported province, city and campus against the study record before assigning an institution ID",deterministic reconciliation of source-reviewed assertions; not a new manual source review
117,Shanxi Bethune Hospital,Shanxi,Taiyuan,118,https://clinicaltrials.gov/study/NCT03093116,unverified_no_approved_evidence,not_evaluated_without_approved_identity,,,,[],[],Obtain hospital or regulator evidence connecting the reported name to a filing; reference labels alone are insufficient,deterministic reconciliation of source-reviewed assertions; not a new manual source review
118,Xiangya Hospital Central South University,,Changsha,117,https://clinicaltrials.gov/study/NCT01121393,verified_name_relation,passes_available_location_filters,cnha-cfdi-3bb0a3b4c0a803332a9f6fc83950b0b0,中南大学湘雅医院,药临床机构备字2020000125,"[{""hospital_id"": ""cnha-cfdi-3bb0a3b4c0a803332a9f6fc83950b0b0"", ""official_name"": ""中南大学湘雅医院"", ""filing_number"": ""药临床机构备字2020000125"", ""alias"": ""Xiangya Hospital Central South University"", ""normalized_alias"": ""xiangyahospitalcentralsouthuniversity"", ""kind"": ""english_name"", ""evidence_status"": ""official_source_reviewed"", ""source_url"": ""https://xysm.csu.edu.cn/EN/Hospitals.htm"", ""accessed_at"": ""2026-09-05"", ""valid_from"": """", ""valid_to"": """"}]",[],Retain source-backed name mapping; assess actual study/campus scope separately when needed,deterministic reconciliation of source-reviewed assertions; not a new manual source review
119,China-Japan Friendship Hospital,,Beijing,116,https://clinicaltrials.gov/study/NCT00146341,verified_name_relation,passes_available_location_filters,cnha-cfdi-aa1ee30bc0a80333230b8748f2d0263c,中日友好医院,药临床机构备字2020000419,"[{""hospital_id"": ""cnha-cfdi-aa1ee30bc0a80333230b8748f2d0263c"", ""official_name"": ""中日友好医院"", ""filing_number"": ""药临床机构备字2020000419"", ""alias"": ""China-Japan Friendship Hospital"", ""normalized_alias"": ""chinajapanfriendshiphospital"", ""kind"": ""english_name"", ""evidence_status"": ""official_source_reviewed"", ""source_url"": ""https://www.gov.uk/government/publications/list-of-hospitals-in-china/list-of-medical-facilities-in-china"", ""accessed_at"": ""2026-09-05"", ""valid_from"": """", ""valid_to"": """"}]",[],Retain source-backed name mapping; assess actual study/campus scope separately when needed,deterministic reconciliation of source-reviewed assertions; not a new manual source review
120,Yantai Yuhuangding Hospital,Shandong,Yantai,114,https://clinicaltrials.gov/study/NCT00565708,unverified_reference_only,not_evaluated_without_approved_identity,,,,[],"[{""hospital_id"": ""cnha-cfdi-d5d0a870c0a8033365bd187136c16c8c"", ""official_name"": ""烟台毓璜顶医院"", ""candidate_alias"": ""Yantai Yuhuangding Hospital"", ""source_url"": ""https://ror.org/05vawe413"", ""status"": ""review_required"", ""reason"": ""Reference-only name; not approved for resolution""}]",Obtain hospital or regulator evidence connecting the reported name to a filing; reference labels alone are insufficient,deterministic reconciliation of source-reviewed assertions; not a new manual source review
121,Jiangsu Province Hospital,,Nanjing,112,https://clinicaltrials.gov/study/NCT00413699,verified_name_relation,passes_available_location_filters,cnha-cfdi-382ba8b0c0a803335b4ce03a0dba2371,南京医科大学第一附属医院（江苏省人民医院）,药临床机构备字2020000824,"[{""hospital_id"": ""cnha-cfdi-382ba8b0c0a803335b4ce03a0dba2371"", ""official_name"": ""南京医科大学第一附属医院（江苏省人民医院）"", ""filing_number"": ""药临床机构备字2020000824"", ""alias"": ""Jiangsu Province Hospital"", ""normalized_alias"": ""jiangsuprovincehospital"", ""kind"": ""english_name"", ""evidence_status"": ""official_source_reviewed"", ""source_url"": ""https://www.shanghai.cn.emb-japan.go.jp/itpr_ja/00_000940.html"", ""accessed_at"": ""2026-09-05"", ""valid_from"": """", ""valid_to"": """"}]",[],Retain source-backed name mapping; assess actual study/campus scope separately when needed,deterministic reconciliation of source-reviewed assertions; not a new manual source review
122,Changhai Hospital,Shanghai Municipality,Shanghai,110,https://clinicaltrials.gov/study/NCT00829660,unverified_no_approved_evidence,not_evaluated_without_approved_identity,,,,[],[],Obtain hospital or regulator evidence connecting the reported name to a filing; reference labels alone are insufficient,deterministic reconciliation of source-reviewed assertions; not a new manual source review
123,Affiliated Hospital of Nantong University,Jiangsu,Nantong,109,https://clinicaltrials.gov/study/NCT00565708,unverified_reference_only,not_evaluated_without_approved_identity,,,,[],"[{""hospital_id"": ""cnha-cfdi-0760f716c0a8033319b4c71d741cd396"", ""official_name"": ""南通大学附属医院"", ""candidate_alias"": ""Affiliated Hospital of Nantong University"", ""source_url"": ""https://ror.org/001rahr89"", ""status"": ""review_required"", ""reason"": ""Reference-only name; not approved for resolution""}]",Obtain hospital or regulator evidence connecting the reported name to a filing; reference labels alone are insufficient,deterministic reconciliation of source-reviewed assertions; not a new manual source review
124,Peking University Cancer Hospital,Beijing Municipality,Beijing,107,https://clinicaltrials.gov/study/NCT01471132,verified_name_relation,passes_available_location_filters,cnha-cfdi-6dbec404c0a803332f72931bc454ee4e,北京肿瘤医院、北京大学肿瘤医院、北京大学肿瘤医院互联网医院,药临床机构备字2019000050,"[{""hospital_id"": ""cnha-cfdi-6dbec404c0a803332f72931bc454ee4e"", ""official_name"": ""北京肿瘤医院、北京大学肿瘤医院、北京大学肿瘤医院互联网医院"", ""filing_number"": ""药临床机构备字2019000050"", ""alias"": ""Peking University Cancer Hospital"", ""normalized_alias"": ""pekinguniversitycancerhospital"", ""kind"": ""english_name"", ""evidence_status"": ""official_source_reviewed"", ""source_url"": ""https://www.bjcancer.org/Html/News/Articles/1000208.html"", ""accessed_at"": ""2026-09-05"", ""valid_from"": """", ""valid_to"": """"}]",[],Retain source-backed name mapping; assess actual study/campus scope separately when needed,deterministic reconciliation of source-reviewed assertions; not a new manual source review
125,Hangzhou First People's Hospital,Zhejiang,Hangzhou,106,https://clinicaltrials.gov/study/NCT01039467,unverified_reference_only,not_evaluated_without_approved_identity,,,,[],"[{""hospital_id"": ""cnha-cfdi-e9931cafc0a80333076533365daf5152"", ""official_name"": ""杭州市第一人民医院（西湖大学附属杭州市第一人民医院）"", ""candidate_alias"": ""Hangzhou First People's Hospital"", ""source_url"": ""https://ror.org/05pwsw714"", ""status"": ""review_required"", ""reason"": ""Reference-only name; not approved for resolution""}]",Obtain hospital or regulator evidence connecting the reported name to a filing; reference labels alone are insufficient,deterministic reconciliation of source-reviewed assertions; not a new manual source review
126,Shanghai East Hospital,,Shanghai,106,https://clinicaltrials.gov/study/NCT00565396,unverified_no_approved_evidence,not_evaluated_without_approved_identity,,,,[],[],Obtain hospital or regulator evidence connecting the reported name to a filing; reference labels alone are insufficient,deterministic reconciliation of source-reviewed assertions; not a new manual source review
127,Linyi Cancer Hospital,Shandong,Linyi,105,https://clinicaltrials.gov/study/NCT02348450,unverified_no_approved_evidence,not_evaluated_without_approved_identity,,,,[],[],Obtain hospital or regulator evidence connecting the reported name to a filing; reference labels alone are insufficient,deterministic reconciliation of source-reviewed assertions; not a new manual source review
128,Beijing Hospital,,Beijing,104,https://clinicaltrials.gov/study/NCT00165698,unverified_no_approved_evidence,not_evaluated_without_approved_identity,,,,[],[],Obtain hospital or regulator evidence connecting the reported name to a filing; reference labels alone are insufficient,deterministic reconciliation of source-reviewed assertions; not a new manual source review
129,Shengjing Hospital of China Medical University,,Shenyang,103,https://clinicaltrials.gov/study/NCT01459081,verified_name_relation,passes_available_location_filters,cnha-cfdi-da50e69ac0a8033314c4be56ac99fa22,中国医科大学附属盛京医院,药临床机构备字2020000525,"[{""hospital_id"": ""cnha-cfdi-da50e69ac0a8033314c4be56ac99fa22"", ""official_name"": ""中国医科大学附属盛京医院"", ""filing_number"": ""药临床机构备字2020000525"", ""alias"": ""Shengjing Hospital of China Medical University"", ""normalized_alias"": ""shengjinghospitalofchinamedicaluniversity"", ""kind"": ""english_name"", ""evidence_status"": ""official_source_reviewed"", ""source_url"": ""https://www.sj-hospital.org/shangchuan/lcyjzxgzzy.pdf"", ""accessed_at"": ""2026-09-05"", ""valid_from"": """", ""valid_to"": """"}]",[],Retain source-backed name mapping; assess actual study/campus scope separately when needed,deterministic reconciliation of source-reviewed assertions; not a new manual source review
130,The Second Affiliated Hospital of Guangzhou Medical University,Guangdong,Guangzhou,102,https://clinicaltrials.gov/study/NCT00413699,unverified_no_approved_evidence,not_evaluated_without_approved_identity,,,,[],[],Obtain hospital or regulator evidence connecting the reported name to a filing; reference labels alone are insufficient,deterministic reconciliation of source-reviewed assertions; not a new manual source review
131,The First Affiliated Hospital of Soochow University,,Suzhou,101,https://clinicaltrials.gov/study/NCT00413413,verified_name_relation,passes_available_location_filters,cnha-cfdi-b5cd6543c0a803330d96755e77d8daa5,苏州大学附属第一医院,药临床机构备字2020000866,"[{""hospital_id"": ""cnha-cfdi-b5cd6543c0a803330d96755e77d8daa5"", ""official_name"": ""苏州大学附属第一医院"", ""filing_number"": ""药临床机构备字2020000866"", ""alias"": ""The First Affiliated Hospital of Soochow University"", ""normalized_alias"": ""thefirstaffiliatedhospitalofsoochowuniversity"", ""kind"": ""english_name"", ""evidence_status"": ""official_source_reviewed"", ""source_url"": ""https://eng.suda.edu.cn/eng/Research/AffiliatedHospitals/201712/befa099f-4704-4eda-b4f1-7445e1fbe20f.html"", ""accessed_at"": ""2026-09-05"", ""valid_from"": """", ""valid_to"": """"}]",[],Retain source-backed name mapping; assess actual study/campus scope separately when needed,deterministic reconciliation of source-reviewed assertions; not a new manual source review
132,The Second Affiliated Hospital of Chongqing Medical University,Chongqing Municipality,Chongqing,101,https://clinicaltrials.gov/study/NCT01404169,unverified_no_approved_evidence,not_evaluated_without_approved_identity,,,,[],[],Obtain hospital or regulator evidence connecting the reported name to a filing; reference labels alone are insufficient,deterministic reconciliation of source-reviewed assertions; not a new manual source review
133,The Second Affiliated Hospital of Soochow University,Jiangsu,Suzhou,100,https://clinicaltrials.gov/study/NCT00724724,unverified_no_approved_evidence,not_evaluated_without_approved_identity,,,,[],[],Obtain hospital or regulator evidence connecting the reported name to a filing; reference labels alone are insufficient,deterministic reconciliation of source-reviewed assertions; not a new manual source review
134,The Third Affiliated Hospital of Sun Yat-sen University,Guangdong,Guangzhou,100,https://clinicaltrials.gov/study/NCT00413699,unverified_no_approved_evidence,not_evaluated_without_approved_identity,,,,[],[],Obtain hospital or regulator evidence connecting the reported name to a filing; reference labels alone are insufficient,deterministic reconciliation of source-reviewed assertions; not a new manual source review
135,Tianjin Medical University Cancer Institute & Hospital,,Tianjin,100,https://clinicaltrials.gov/study/NCT02626455,unverified_no_approved_evidence,not_evaluated_without_approved_identity,,,,[],[],Obtain hospital or regulator evidence connecting the reported name to a filing; reference labels alone are insufficient,deterministic reconciliation of source-reviewed assertions; not a new manual source review
136,Nanjing Drum Tower Hospital,,Nanjing,99,https://clinicaltrials.gov/study/NCT01170065,verified_name_relation,requires_location_review,,,,"[{""hospital_id"": ""cnha-cfdi-56903411c0a8033314d5485e8488750d"", ""official_name"": ""南京大学医学院附属鼓楼医院"", ""filing_number"": ""药临床机构备字2020000557"", ""alias"": ""Nanjing Drum Tower Hospital"", ""normalized_alias"": ""nanjingdrumtowerhospital"", ""kind"": ""english_name"", ""evidence_status"": ""official_source_reviewed"", ""source_url"": ""https://www.shanghai.cn.emb-japan.go.jp/itpr_ja/00_000940.html"", ""accessed_at"": ""2026-09-05"", ""valid_from"": """", ""valid_to"": """"}]",[],"Verify reported province, city and campus against the study record before assigning an institution ID",deterministic reconciliation of source-reviewed assertions; not a new manual source review
137,The Affiliated Hospital of Guizhou Medical University,Guizhou,Guiyang,99,https://clinicaltrials.gov/study/NCT02336178,unverified_no_approved_evidence,not_evaluated_without_approved_identity,,,,[],[],Obtain hospital or regulator evidence connecting the reported name to a filing; reference labels alone are insufficient,deterministic reconciliation of source-reviewed assertions; not a new manual source review
138,The First Affiliated Hospital of Wenzhou Medical University,,Wenzhou,98,https://clinicaltrials.gov/study/NCT02544789,verified_name_relation,requires_location_review,,,,"[{""hospital_id"": ""cnha-cfdi-21dc9bc3c0a803336131a58f7c89c395"", ""official_name"": ""温州医科大学附属第一医院"", ""filing_number"": ""药临床机构备字2020000307"", ""alias"": ""The First Affiliated Hospital of Wenzhou Medical University"", ""normalized_alias"": ""thefirstaffiliatedhospitalofwenzhoumedicaluniversity"", ""kind"": ""english_name"", ""evidence_status"": ""official_source_reviewed"", ""source_url"": ""https://sis.wmu.edu.cn/info/7979/32003.htm"", ""accessed_at"": ""2026-09-05"", ""valid_from"": """", ""valid_to"": """"}]",[],"Verify reported province, city and campus against the study record before assigning an institution ID",deterministic reconciliation of source-reviewed assertions; not a new manual source review
139,The Second Xiangya Hospital of Central South University,,Changsha,98,https://clinicaltrials.gov/study/NCT01192880,verified_name_relation,requires_location_review,,,,"[{""hospital_id"": ""cnha-cfdi-19d376dcc0a803332ef941e3d98754c0"", ""official_name"": ""中南大学湘雅二医院"", ""filing_number"": ""药临床机构备字2020000438"", ""alias"": ""The Second Xiangya Hospital of Central South University"", ""normalized_alias"": ""thesecondxiangyahospitalofcentralsouthuniversity"", ""kind"": ""english_name"", ""evidence_status"": ""official_source_reviewed"", ""source_url"": ""https://xysm.csu.edu.cn/EN/Hospitals.htm"", ""accessed_at"": ""2026-09-05"", ""valid_from"": """", ""valid_to"": """"}]",[],"Verify reported province, city and campus against the study record before assigning an institution ID",deterministic reconciliation of source-reviewed assertions; not a new manual source review
140,Wuxi People's Hospital,Jiangsu,Wuxi,98,https://clinicaltrials.gov/study/NCT00829660,unverified_no_approved_evidence,not_evaluated_without_approved_identity,,,,[],[],Obtain hospital or regulator evidence connecting the reported name to a filing; reference labels alone are insufficient,deterministic reconciliation of source-reviewed assertions; not a new manual source review
141,Shanghai Changzheng Hospital,Shanghai Municipality,Shanghai,97,https://clinicaltrials.gov/study/NCT00327717,unverified_no_approved_evidence,not_evaluated_without_approved_identity,,,,[],[],Obtain hospital or regulator evidence connecting the reported name to a filing; reference labels alone are insufficient,deterministic reconciliation of source-reviewed assertions; not a new manual source review
142,Shanghai General Hospital,,Shanghai,97,https://clinicaltrials.gov/study/NCT01975376,unverified_no_approved_evidence,not_evaluated_without_approved_identity,,,,[],[],Obtain hospital or regulator evidence connecting the reported name to a filing; reference labels alone are insufficient,deterministic reconciliation of source-reviewed assertions; not a new manual source review
143,Sichuan Provincial People's Hospital,,Chengdu,97,https://clinicaltrials.gov/study/NCT01358877,unverified_no_approved_evidence,not_evaluated_without_approved_identity,,,,[],[],Obtain hospital or regulator evidence connecting the reported name to a filing; reference labels alone are insufficient,deterministic reconciliation of source-reviewed assertions; not a new manual source review
144,Hainan General Hospital,Hainan,Haikou,96,https://clinicaltrials.gov/study/NCT01176916,unverified_reference_only,not_evaluated_without_approved_identity,,,,[],"[{""hospital_id"": ""cnha-cfdi-8411957ac0a803331e837ff978318cf4"", ""official_name"": ""海南省人民医院"", ""candidate_alias"": ""Hainan General Hospital"", ""source_url"": ""https://ror.org/030sr2v21"", ""status"": ""review_required"", ""reason"": ""Reference-only name; not approved for resolution""}]",Obtain hospital or regulator evidence connecting the reported name to a filing; reference labels alone are insufficient,deterministic reconciliation of source-reviewed assertions; not a new manual source review
145,Jiangxi Cancer Hospital,Jiangxi,Nanchang,96,https://clinicaltrials.gov/study/NCT02332499,unverified_reference_only,not_evaluated_without_approved_identity,,,,[],"[{""hospital_id"": ""cnha-cfdi-3bdbeeaec0a803336bb4fc0b126bdd8e"", ""official_name"": ""江西省肿瘤医院（江西省第二人民医院）"", ""candidate_alias"": ""Jiangxi Cancer Hospital"", ""source_url"": ""https://ror.org/00v8g0168"", ""status"": ""review_required"", ""reason"": ""Reference-only name; not approved for resolution""}]",Obtain hospital or regulator evidence connecting the reported name to a filing; reference labels alone are insufficient,deterministic reconciliation of source-reviewed assertions; not a new manual source review
146,Nanfang Hospital,Guangdong,Guangzhou,96,https://clinicaltrials.gov/study/NCT00920816,unverified_reference_only,not_evaluated_without_approved_identity,,,,[],"[{""hospital_id"": ""cnha-cfdi-8c9677c6c0a80333732f874986787cb3"", ""official_name"": ""南方医科大学南方医院"", ""candidate_alias"": ""Nanfang Hospital"", ""source_url"": ""https://ror.org/01eq10738"", ""status"": ""review_required"", ""reason"": ""Reference-only name; not approved for resolution""}]",Obtain hospital or regulator evidence connecting the reported name to a filing; reference labels alone are insufficient,deterministic reconciliation of source-reviewed assertions; not a new manual source review
147,Shanxi Cancer Hospital,Shanxi,Taiyuan,95,https://clinicaltrials.gov/study/NCT01642771,unverified_no_approved_evidence,not_evaluated_without_approved_identity,,,,[],[],Obtain hospital or regulator evidence connecting the reported name to a filing; reference labels alone are insufficient,deterministic reconciliation of source-reviewed assertions; not a new manual source review
148,Tianjin Medical University Cancer Institute and Hospital,,Tianjin,95,https://clinicaltrials.gov/study/NCT01125566,verified_name_relation,passes_available_location_filters,cnha-cfdi-f38bbd78c0a80333056a73b8390ed2c2,天津市肿瘤医院（天津医科大学肿瘤医院）,药临床机构备字2020000803,"[{""hospital_id"": ""cnha-cfdi-f38bbd78c0a80333056a73b8390ed2c2"", ""official_name"": ""天津市肿瘤医院（天津医科大学肿瘤医院）"", ""filing_number"": ""药临床机构备字2020000803"", ""alias"": ""Tianjin Medical University Cancer Institute and Hospital"", ""normalized_alias"": ""tianjinmedicaluniversitycancerinstituteandhospital"", ""kind"": ""english_name"", ""evidence_status"": ""official_source_reviewed"", ""source_url"": ""https://gs.tmu.edu.cn/_upload/article/files/25/92/b1ddeac8440d816796748f7f9544/6b270462-3758-4b0a-85f4-f306c880f31e.pdf"", ""accessed_at"": ""2026-09-05"", ""valid_from"": """", ""valid_to"": """"}]",[],Retain source-backed name mapping; assess actual study/campus scope separately when needed,deterministic reconciliation of source-reviewed assertions; not a new manual source review
149,"Beijing Chaoyang Hospital, Capital Medical University",Beijing Municipality,Beijing,94,https://clinicaltrials.gov/study/NCT01387607,unverified_reference_only,not_evaluated_without_approved_identity,,,,[],"[{""hospital_id"": ""cnha-cfdi-312ade48c0a803330dbbe4dc78900ab2"", ""official_name"": ""首都医科大学附属北京朝阳医院"", ""candidate_alias"": ""Beijing Chao-Yang Hospital, Capital Medical University"", ""source_url"": ""https://ror.org/01eff5662"", ""status"": ""review_required"", ""reason"": ""Reference-only name; not approved for resolution""}]",Obtain hospital or regulator evidence connecting the reported name to a filing; reference labels alone are insufficient,deterministic reconciliation of source-reviewed assertions; not a new manual source review
150,"Beijing Friendship Hospital, Capital Medical University",,Beijing,94,https://clinicaltrials.gov/study/NCT01496521,unverified_no_approved_evidence,not_evaluated_without_approved_identity,,,,[],[],Obtain hospital or regulator evidence connecting the reported name to a filing; reference labels alone are insufficient,deterministic reconciliation of source-reviewed assertions; not a new manual source review
151,The Second Affiliated Hospital of Nanjing Medical University,Jiangsu,Nanjing,94,https://clinicaltrials.gov/study/NCT01677208,unverified_no_approved_evidence,not_evaluated_without_approved_identity,,,,[],[],Obtain hospital or regulator evidence connecting the reported name to a filing; reference labels alone are insufficient,deterministic reconciliation of source-reviewed assertions; not a new manual source review
152,The Second Hospital of Jilin University,Jilin,Changchun,94,https://clinicaltrials.gov/study/NCT00786136,unverified_no_approved_evidence,not_evaluated_without_approved_identity,,,,[],[],Obtain hospital or regulator evidence connecting the reported name to a filing; reference labels alone are insufficient,deterministic reconciliation of source-reviewed assertions; not a new manual source review
153,Liaoning Cancer Hospital & Institute,Liaoning,Shenyang,93,https://clinicaltrials.gov/study/NCT01763450,unverified_reference_only,not_evaluated_without_approved_identity,,,,[],"[{""hospital_id"": ""cnha-cfdi-0d9e9d19c0a803332f2e459fefe8ecda"", ""official_name"": ""大连理工大学附属肿瘤医院（辽宁省肿瘤医院、辽宁省肿瘤研究所）"", ""candidate_alias"": ""Liaoning Cancer Hospital & Institute"", ""source_url"": ""https://ror.org/05d659s21"", ""status"": ""review_required"", ""reason"": ""Reference-only name; not approved for resolution""}]",Obtain hospital or regulator evidence connecting the reported name to a filing; reference labels alone are insufficient,deterministic reconciliation of source-reviewed assertions; not a new manual source review
154,The Second Affiliated Hospital of Anhui Medical University,Anhui,Hefei,93,https://clinicaltrials.gov/study/NCT01657812,unverified_no_approved_evidence,not_evaluated_without_approved_identity,,,,[],[],Obtain hospital or regulator evidence connecting the reported name to a filing; reference labels alone are insufficient,deterministic reconciliation of source-reviewed assertions; not a new manual source review
155,Wuhan Union Hospital,Hubei,Wuhan,93,https://clinicaltrials.gov/study/NCT00796692,unverified_reference_only,not_evaluated_without_approved_identity,,,,[],"[{""hospital_id"": ""cnha-cfdi-cfc87cfdc0a8033370f2b59ea8bf5206"", ""official_name"": ""华中科技大学同济医学院附属协和医院"", ""candidate_alias"": ""Wuhan Union Hospital"", ""source_url"": ""https://ror.org/0371fqr87"", ""status"": ""review_required"", ""reason"": ""Reference-only name; not approved for resolution""}]",Obtain hospital or regulator evidence connecting the reported name to a filing; reference labels alone are insufficient,deterministic reconciliation of source-reviewed assertions; not a new manual source review
156,First Affiliated Hospital of Xi'an Jiaotong University,Shaanxi,Xi'an,92,https://clinicaltrials.gov/study/NCT02082756,verified_name_relation,requires_location_review,,,,"[{""hospital_id"": ""cnha-cfdi-f4f98652c0a803335f197e2df8ec0b2e"", ""official_name"": ""西安交通大学第一附属医院"", ""filing_number"": ""药临床机构备字2020000167"", ""alias"": ""First Affiliated Hospital of Xi'an Jiaotong University"", ""normalized_alias"": ""firstaffiliatedhospitalofxianjiaotonguniversity"", ""kind"": ""english_name"", ""evidence_status"": ""official_source_reviewed"", ""source_url"": ""https://en.xjtu.edu.cn/affiliateunits.html"", ""accessed_at"": ""2026-09-05"", ""valid_from"": """", ""valid_to"": """"}]",[],"Verify reported province, city and campus against the study record before assigning an institution ID",deterministic reconciliation of source-reviewed assertions; not a new manual source review
157,Huashan Hospital Affiliated to Fudan University,Shanghai Municipality,Shanghai,92,https://clinicaltrials.gov/study/NCT01470859,unverified_no_approved_evidence,not_evaluated_without_approved_identity,,,,[],[],Obtain hospital or regulator evidence connecting the reported name to a filing; reference labels alone are insufficient,deterministic reconciliation of source-reviewed assertions; not a new manual source review
158,Tianjin Cancer Hospital,Tianjin Municipality,Tianjin,92,https://clinicaltrials.gov/study/NCT00445458,unverified_no_approved_evidence,not_evaluated_without_approved_identity,,,,[],[],Obtain hospital or regulator evidence connecting the reported name to a filing; reference labels alone are insufficient,deterministic reconciliation of source-reviewed assertions; not a new manual source review
159,First Hospital of Jilin University,Jilin,Changchun,91,https://clinicaltrials.gov/study/NCT01548378,unverified_reference_only,not_evaluated_without_approved_identity,,,,[],"[{""hospital_id"": ""cnha-cfdi-28c180c3c0a803337c9a4eaf72b893ea"", ""official_name"": ""吉林大学第一医院"", ""candidate_alias"": ""First Hospital of Jilin University"", ""source_url"": ""https://ror.org/034haf133"", ""status"": ""review_required"", ""reason"": ""Reference-only name; not approved for resolution""}]",Obtain hospital or regulator evidence connecting the reported name to a filing; reference labels alone are insufficient,deterministic reconciliation of source-reviewed assertions; not a new manual source review
160,Guangzhou First People's Hospital,Guangdong,Guangzhou,91,https://clinicaltrials.gov/study/NCT01404169,unverified_no_approved_evidence,not_evaluated_without_approved_identity,,,,[],[],Obtain hospital or regulator evidence connecting the reported name to a filing; reference labels alone are insufficient,deterministic reconciliation of source-reviewed assertions; not a new manual source review
161,The First Affiliated Hospital of Harbin Medical University,Heilongjiang,Harbin,91,https://clinicaltrials.gov/study/NCT01396122,unverified_no_approved_evidence,not_evaluated_without_approved_identity,,,,[],[],Obtain hospital or regulator evidence connecting the reported name to a filing; reference labels alone are insufficient,deterministic reconciliation of source-reviewed assertions; not a new manual source review
162,Xinhua Hospital Affiliated to Shanghai Jiao Tong University School of Medicine,Shanghai Municipality,Shanghai,90,https://clinicaltrials.gov/study/NCT00829660,unverified_no_approved_evidence,not_evaluated_without_approved_identity,,,,[],[],Obtain hospital or regulator evidence connecting the reported name to a filing; reference labels alone are insufficient,deterministic reconciliation of source-reviewed assertions; not a new manual source review
163,Liaoning Cancer Hospital,Liaoning,Shenyang,89,https://clinicaltrials.gov/study/NCT02121405,unverified_no_approved_evidence,not_evaluated_without_approved_identity,,,,[],[],Obtain hospital or regulator evidence connecting the reported name to a filing; reference labels alone are insufficient,deterministic reconciliation of source-reviewed assertions; not a new manual source review
164,The First Bethune Hospital of Jilin University,Jilin,Changchun,89,https://clinicaltrials.gov/study/NCT01232374,unverified_no_approved_evidence,not_evaluated_without_approved_identity,,,,[],[],Obtain hospital or regulator evidence connecting the reported name to a filing; reference labels alone are insufficient,deterministic reconciliation of source-reviewed assertions; not a new manual source review
165,Northern Jiangsu People's Hospital,Jiangsu,Yangzhou,88,https://clinicaltrials.gov/study/NCT01232374,unverified_no_approved_evidence,not_evaluated_without_approved_identity,,,,[],[],Obtain hospital or regulator evidence connecting the reported name to a filing; reference labels alone are insufficient,deterministic reconciliation of source-reviewed assertions; not a new manual source review
166,Shanghai Sixth People's Hospital,Shanghai Municipality,Shanghai,88,https://clinicaltrials.gov/study/NCT01439789,unverified_reference_only,not_evaluated_without_approved_identity,,,,[],"[{""hospital_id"": ""cnha-cfdi-d164b26bc0a803335e5e81c86205b5be"", ""official_name"": ""上海市第六人民医院"", ""candidate_alias"": ""Shanghai Sixth People's Hospital"", ""source_url"": ""https://ror.org/049zrh188"", ""status"": ""review_required"", ""reason"": ""Reference-only name; not approved for resolution""}]",Obtain hospital or regulator evidence connecting the reported name to a filing; reference labels alone are insufficient,deterministic reconciliation of source-reviewed assertions; not a new manual source review
167,Taizhou Hospital of Zhejiang Province,Zhejiang,Taizhou,88,https://clinicaltrials.gov/study/NCT00677755,unverified_no_approved_evidence,not_evaluated_without_approved_identity,,,,[],[],Obtain hospital or regulator evidence connecting the reported name to a filing; reference labels alone are insufficient,deterministic reconciliation of source-reviewed assertions; not a new manual source review
168,Zhongshan Hospital,Shanghai Municipality,Shanghai,88,https://clinicaltrials.gov/study/NCT00868829,unverified_reference_only,not_evaluated_without_approved_identity,,,,[],"[{""hospital_id"": ""cnha-cfdi-3ce595d2c0a803333acc798da7cf0c71"", ""official_name"": ""中山大学附属第一医院"", ""candidate_alias"": ""Zhongshan Hospital"", ""source_url"": ""https://ror.org/037p24858"", ""status"": ""review_required"", ""reason"": ""Reference-only name; not approved for resolution""}, {""hospital_id"": ""cnha-cfdi-aaf35c6ec0a803332e232c9de3002662"", ""official_name"": ""复旦大学附属中山医院"", ""candidate_alias"": ""Zhongshan Hospital"", ""source_url"": ""https://ror.org/032x22645"", ""status"": ""review_required"", ""reason"": ""Reference-only name; not approved for resolution""}]",Obtain hospital or regulator evidence connecting the reported name to a filing; reference labels alone are insufficient,deterministic reconciliation of source-reviewed assertions; not a new manual source review
169,The Sixth Affiliated Hospital of Sun Yat-sen University,Guangdong,Guangzhou,87,https://clinicaltrials.gov/study/NCT01552967,unverified_no_approved_evidence,not_evaluated_without_approved_identity,,,,[],[],Obtain hospital or regulator evidence connecting the reported name to a filing; reference labels alone are insufficient,deterministic reconciliation of source-reviewed assertions; not a new manual source review
170,Guangxi Medical University Cancer Hospital,Guangxi,Nanning,85,https://clinicaltrials.gov/study/NCT04229355,unverified_no_approved_evidence,not_evaluated_without_approved_identity,,,,[],[],Obtain hospital or regulator evidence connecting the reported name to a filing; reference labels alone are insufficient,deterministic reconciliation of source-reviewed assertions; not a new manual source review
171,Jiangxi Provincial People's Hospital,Jiangxi,Nanchang,85,https://clinicaltrials.gov/study/NCT00829660,unverified_reference_only,not_evaluated_without_approved_identity,,,,[],"[{""hospital_id"": ""cnha-cfdi-9ab355d1c0a8033305cc8fed8fd9f878"", ""official_name"": ""江西省人民医院（南昌医学院第一附属医院）"", ""candidate_alias"": ""Jiangxi Provincial People's Hospital"", ""source_url"": ""https://ror.org/01dspcb60"", ""status"": ""review_required"", ""reason"": ""Reference-only name; not approved for resolution""}]",Obtain hospital or regulator evidence connecting the reported name to a filing; reference labels alone are insufficient,deterministic reconciliation of source-reviewed assertions; not a new manual source review
172,Sun Yat-sen Memorial Hospital,Guangdong,Guangzhou,85,https://clinicaltrials.gov/study/NCT01204008,unverified_reference_only,not_evaluated_without_approved_identity,,,,[],"[{""hospital_id"": ""cnha-cfdi-cf7fafe0c0a803337c221769696693dc"", ""official_name"": ""中山大学孙逸仙纪念医院"", ""candidate_alias"": ""Sun Yat-sen Memorial Hospital"", ""source_url"": ""https://ror.org/01px77p81"", ""status"": ""review_required"", ""reason"": ""Reference-only name; not approved for resolution""}]",Obtain hospital or regulator evidence connecting the reported name to a filing; reference labels alone are insufficient,deterministic reconciliation of source-reviewed assertions; not a new manual source review
173,The First Affiliated Hospital of Xiamen University,,Xiamen,85,https://clinicaltrials.gov/study/NCT01581398,verified_name_relation,passes_available_location_filters,cnha-cfdi-f54478f4c0a803337f778cd3b4849179,厦门大学附属第一医院,药临床机构备字2019000097,"[{""hospital_id"": ""cnha-cfdi-f54478f4c0a803337f778cd3b4849179"", ""official_name"": ""厦门大学附属第一医院"", ""filing_number"": ""药临床机构备字2019000097"", ""alias"": ""The First Affiliated Hospital of Xiamen University"", ""normalized_alias"": ""thefirstaffiliatedhospitalofxiamenuniversity"", ""kind"": ""english_name"", ""evidence_status"": ""official_source_reviewed"", ""source_url"": ""https://www.gov.uk/government/publications/list-of-hospitals-in-china/list-of-medical-facilities-in-china"", ""accessed_at"": ""2026-09-05"", ""valid_from"": """", ""valid_to"": """"}]",[],Retain source-backed name mapping; assess actual study/campus scope separately when needed,deterministic reconciliation of source-reviewed assertions; not a new manual source review
174,The First Affiliated Hospital of Xinjiang Medical University,Xinjiang,Ürümqi,85,https://clinicaltrials.gov/study/NCT01232504,unverified_no_approved_evidence,not_evaluated_without_approved_identity,,,,[],[],Obtain hospital or regulator evidence connecting the reported name to a filing; reference labels alone are insufficient,deterministic reconciliation of source-reviewed assertions; not a new manual source review
175,Anhui Provincial Cancer Hospital,Anhui,Hefei,84,https://clinicaltrials.gov/study/NCT02725125,unverified_no_approved_evidence,not_evaluated_without_approved_identity,,,,[],[],Obtain hospital or regulator evidence connecting the reported name to a filing; reference labels alone are insufficient,deterministic reconciliation of source-reviewed assertions; not a new manual source review
176,"Beijing Anzhen Hospital, Capital Medical University",Beijing Municipality,Beijing,84,https://clinicaltrials.gov/study/NCT02192320,unverified_no_approved_evidence,not_evaluated_without_approved_identity,,,,[],[],Obtain hospital or regulator evidence connecting the reported name to a filing; reference labels alone are insufficient,deterministic reconciliation of source-reviewed assertions; not a new manual source review
177,Hunan Provincial People's Hospital,Hunan,Changsha,84,https://clinicaltrials.gov/study/NCT00829660,unverified_reference_only,not_evaluated_without_approved_identity,,,,[],"[{""hospital_id"": ""cnha-cfdi-59ab496ec0a8033369c6dc64de81f975"", ""official_name"": ""湖南省人民医院（湖南师范大学附属第一医院）"", ""candidate_alias"": ""Hunan Provincial People's Hospital"", ""source_url"": ""https://ror.org/03wwr4r78"", ""status"": ""review_required"", ""reason"": ""Reference-only name; not approved for resolution""}]",Obtain hospital or regulator evidence connecting the reported name to a filing; reference labels alone are insufficient,deterministic reconciliation of source-reviewed assertions; not a new manual source review
178,Nanjing Drum Tower Hospital The Affiliated Hospital of Nanjing University Medical School,Jiangsu,Nanjing,84,https://clinicaltrials.gov/study/NCT01574833,unverified_no_approved_evidence,not_evaluated_without_approved_identity,,,,[],[],Obtain hospital or regulator evidence connecting the reported name to a filing; reference labels alone are insufficient,deterministic reconciliation of source-reviewed assertions; not a new manual source review
179,The First Affiliated Hospital of China Medical University,Liaoning,Shenyang,84,https://clinicaltrials.gov/study/NCT00145756,unverified_no_approved_evidence,not_evaluated_without_approved_identity,,,,[],[],Obtain hospital or regulator evidence connecting the reported name to a filing; reference labels alone are insufficient,deterministic reconciliation of source-reviewed assertions; not a new manual source review
180,The First Affiliated Hospital of Dalian Medical University,Liaoning,Dalian,84,https://clinicaltrials.gov/study/NCT02173457,unverified_no_approved_evidence,not_evaluated_without_approved_identity,,,,[],[],Obtain hospital or regulator evidence connecting the reported name to a filing; reference labels alone are insufficient,deterministic reconciliation of source-reviewed assertions; not a new manual source review
181,The First Affiliated Hospital of Ningbo University,Zhejiang,Ningbo,84,https://clinicaltrials.gov/study/NCT03395197,unverified_no_approved_evidence,not_evaluated_without_approved_identity,,,,[],[],Obtain hospital or regulator evidence connecting the reported name to a filing; reference labels alone are insufficient,deterministic reconciliation of source-reviewed assertions; not a new manual source review
182,The First People's Hospital of Changzhou,Jiangsu,Changzhou,84,https://clinicaltrials.gov/study/NCT01481831,unverified_reference_only,not_evaluated_without_approved_identity,,,,[],"[{""hospital_id"": ""cnha-cfdi-f37348c4c0a803336341ac6f21808c84"", ""official_name"": ""常州市第一人民医院"", ""candidate_alias"": ""The First People's Hospital of Changzhou"", ""source_url"": ""https://ror.org/01gaj0s81"", ""status"": ""review_required"", ""reason"": ""Reference-only name; not approved for resolution""}]",Obtain hospital or regulator evidence connecting the reported name to a filing; reference labels alone are insufficient,deterministic reconciliation of source-reviewed assertions; not a new manual source review
183,Fujian Cancer Hospital,,Fuzhou,83,https://clinicaltrials.gov/study/NCT00486759,verified_name_relation,passes_available_location_filters,cnha-cfdi-8943f31ac0a80333354a0df6962a1108,福建省肿瘤医院,药临床机构备字2020000620,"[{""hospital_id"": ""cnha-cfdi-8943f31ac0a80333354a0df6962a1108"", ""official_name"": ""福建省肿瘤医院"", ""filing_number"": ""药临床机构备字2020000620"", ""alias"": ""Fujian Cancer Hospital"", ""normalized_alias"": ""fujiancancerhospital"", ""kind"": ""english_name"", ""evidence_status"": ""official_source_reviewed"", ""source_url"": ""https://fjmuxb.fjmu.edu.cn/fjykdxxb/site/menus/20211222105233001"", ""accessed_at"": ""2026-09-05"", ""valid_from"": """", ""valid_to"": """"}]",[],Retain source-backed name mapping; assess actual study/campus scope separately when needed,deterministic reconciliation of source-reviewed assertions; not a new manual source review
184,Changhai Hospital,,Shanghai,82,https://clinicaltrials.gov/study/NCT00400478,unverified_no_approved_evidence,not_evaluated_without_approved_identity,,,,[],[],Obtain hospital or regulator evidence connecting the reported name to a filing; reference labels alone are insufficient,deterministic reconciliation of source-reviewed assertions; not a new manual source review
185,Affiliated Hospital of Jiangsu University,Jiangsu,Zhenjiang,81,https://clinicaltrials.gov/study/NCT01898923,unverified_reference_only,not_evaluated_without_approved_identity,,,,[],"[{""hospital_id"": ""cnha-cfdi-e4c2299ec0a8033344cc6b10cb3c6b7f"", ""official_name"": ""江苏大学附属医院"", ""candidate_alias"": ""Affiliated Hospital of Jiangsu University"", ""source_url"": ""https://ror.org/028pgd321"", ""status"": ""review_required"", ""reason"": ""Reference-only name; not approved for resolution""}]",Obtain hospital or regulator evidence connecting the reported name to a filing; reference labels alone are insufficient,deterministic reconciliation of source-reviewed assertions; not a new manual source review
186,Beijing Chao-Yang Hospital,Beijing Municipality,Beijing,81,https://clinicaltrials.gov/study/NCT00300521,unverified_reference_only,not_evaluated_without_approved_identity,,,,[],"[{""hospital_id"": ""cnha-cfdi-312ade48c0a803330dbbe4dc78900ab2"", ""official_name"": ""首都医科大学附属北京朝阳医院"", ""candidate_alias"": ""Beijing Chao-Yang Hospital"", ""source_url"": ""https://ror.org/01eff5662"", ""status"": ""review_required"", ""reason"": ""Reference-only name; not approved for resolution""}]",Obtain hospital or regulator evidence connecting the reported name to a filing; reference labels alone are insufficient,deterministic reconciliation of source-reviewed assertions; not a new manual source review
187,Fudan University Cancer Hospital,Shanghai Municipality,Shanghai,81,https://clinicaltrials.gov/study/NCT00524849,unverified_no_approved_evidence,not_evaluated_without_approved_identity,,,,[],[],Obtain hospital or regulator evidence connecting the reported name to a filing; reference labels alone are insufficient,deterministic reconciliation of source-reviewed assertions; not a new manual source review
188,Beijing Tsinghua Changgung Hospital,Beijing Municipality,Beijing,80,https://clinicaltrials.gov/study/NCT02959801,unverified_reference_only,not_evaluated_without_approved_identity,,,,[],"[{""hospital_id"": ""cnha-cfdi-eadc8d77c0a8033363cbc4f3f4dcc4c9"", ""official_name"": ""北京清华长庚医院"", ""candidate_alias"": ""Beijing Tsinghua Chang Gung Hospital"", ""source_url"": ""https://ror.org/050nfgr37"", ""status"": ""review_required"", ""reason"": ""Reference-only name; not approved for resolution""}]",Obtain hospital or regulator evidence connecting the reported name to a filing; reference labels alone are insufficient,deterministic reconciliation of source-reviewed assertions; not a new manual source review
189,Lanzhou University Second Hospital,Gansu,Lanzhou,80,https://clinicaltrials.gov/study/NCT01847807,unverified_no_approved_evidence,not_evaluated_without_approved_identity,,,,[],[],Obtain hospital or regulator evidence connecting the reported name to a filing; reference labels alone are insufficient,deterministic reconciliation of source-reviewed assertions; not a new manual source review
190,"Second Affiliated Hospital, School of Medicine, Zhejiang University",Zhejiang,Hangzhou,80,https://clinicaltrials.gov/study/NCT01443338,unverified_no_approved_evidence,not_evaluated_without_approved_identity,,,,[],[],Obtain hospital or regulator evidence connecting the reported name to a filing; reference labels alone are insufficient,deterministic reconciliation of source-reviewed assertions; not a new manual source review
191,The First Affiliated Hospital of Zhejiang University School of Medicine,Zhejiang,Hangzhou,80,https://clinicaltrials.gov/study/NCT02188082,unverified_no_approved_evidence,not_evaluated_without_approved_identity,,,,[],[],Obtain hospital or regulator evidence connecting the reported name to a filing; reference labels alone are insufficient,deterministic reconciliation of source-reviewed assertions; not a new manual source review
192,"The First Affiliated Hospital, College of Medicine, Zhejiang University",Zhejiang,Hangzhou,80,https://clinicaltrials.gov/study/NCT01755325,unverified_no_approved_evidence,not_evaluated_without_approved_identity,,,,[],[],Obtain hospital or regulator evidence connecting the reported name to a filing; reference labels alone are insufficient,deterministic reconciliation of source-reviewed assertions; not a new manual source review
193,Cancer Center Sun Yat-sen University,Guangdong,Guangzhou,79,https://clinicaltrials.gov/study/NCT00262327,unverified_no_approved_evidence,not_evaluated_without_approved_identity,,,,[],[],Obtain hospital or regulator evidence connecting the reported name to a filing; reference labels alone are insufficient,deterministic reconciliation of source-reviewed assertions; not a new manual source review
194,Institute of Hematology & Blood Diseases Hospital,Tianjin Municipality,Tianjin,79,https://clinicaltrials.gov/study/NCT01191541,unverified_reference_only,not_evaluated_without_approved_identity,,,,[],"[{""hospital_id"": ""cnha-cfdi-a55325c3c0a8033354d620afa20ac26c"", ""official_name"": ""中国医学科学院血液病医院"", ""candidate_alias"": ""Institute of Hematology & Blood Diseases Hospital"", ""source_url"": ""https://ror.org/04n16t016"", ""status"": ""review_required"", ""reason"": ""Reference-only name; not approved for resolution""}]",Obtain hospital or regulator evidence connecting the reported name to a filing; reference labels alone are insufficient,deterministic reconciliation of source-reviewed assertions; not a new manual source review
195,Renji Hospital,Shanghai Municipality,Shanghai,79,https://clinicaltrials.gov/study/NCT01172002,unverified_reference_only,not_evaluated_without_approved_identity,,,,[],"[{""hospital_id"": ""cnha-cfdi-d482f73ec0a8033332700273742c74b6"", ""official_name"": ""上海交通大学医学院附属仁济医院"", ""candidate_alias"": ""Renji Hospital"", ""source_url"": ""https://ror.org/03ypbx660"", ""status"": ""review_required"", ""reason"": ""Reference-only name; not approved for resolution""}]",Obtain hospital or regulator evidence connecting the reported name to a filing; reference labels alone are insufficient,deterministic reconciliation of source-reviewed assertions; not a new manual source review
196,"Renji Hospital, Shanghai Jiaotong University School of Medicine",,Shanghai,79,https://clinicaltrials.gov/study/NCT00906555,unverified_no_approved_evidence,not_evaluated_without_approved_identity,,,,[],[],Obtain hospital or regulator evidence connecting the reported name to a filing; reference labels alone are insufficient,deterministic reconciliation of source-reviewed assertions; not a new manual source review
197,Shanghai Tenth People's Hospital,Shanghai Municipality,Shanghai,79,https://clinicaltrials.gov/study/NCT00816881,unverified_no_approved_evidence,not_evaluated_without_approved_identity,,,,[],[],Obtain hospital or regulator evidence connecting the reported name to a filing; reference labels alone are insufficient,deterministic reconciliation of source-reviewed assertions; not a new manual source review
198,Anhui Provincial Hospital,,Hefei,78,https://clinicaltrials.gov/study/NCT02024373,verified_name_relation,passes_available_location_filters,cnha-cfdi-85eb4b82c0a803331df18fb4918e3bf6,中国科学技术大学附属第一医院（安徽省立医院）,药临床机构备字2020000476,"[{""hospital_id"": ""cnha-cfdi-85eb4b82c0a803331df18fb4918e3bf6"", ""official_name"": ""中国科学技术大学附属第一医院（安徽省立医院）"", ""filing_number"": ""药临床机构备字2020000476"", ""alias"": ""Anhui Provincial Hospital"", ""normalized_alias"": ""anhuiprovincialhospital"", ""kind"": ""english_name"", ""evidence_status"": ""official_source_reviewed"", ""source_url"": ""https://www.gov.uk/government/publications/list-of-hospitals-in-china/list-of-medical-facilities-in-china"", ""accessed_at"": ""2026-09-05"", ""valid_from"": """", ""valid_to"": """"}]",[],Retain source-backed name mapping; assess actual study/campus scope separately when needed,deterministic reconciliation of source-reviewed assertions; not a new manual source review
199,Sir Run Run Shaw Hospital,Zhejiang,Hangzhou,77,https://clinicaltrials.gov/study/NCT01364376,unverified_reference_only,not_evaluated_without_approved_identity,,,,[],"[{""hospital_id"": ""cnha-cfdi-f8b6f2b9c0a8033316cd39eead68296b"", ""official_name"": ""浙江大学医学院附属邵逸夫医院"", ""candidate_alias"": ""Sir Run Run Shaw Hospital"", ""source_url"": ""https://ror.org/00ka6rp58"", ""status"": ""review_required"", ""reason"": ""Reference-only name; not approved for resolution""}]",Obtain hospital or regulator evidence connecting the reported name to a filing; reference labels alone are insufficient,deterministic reconciliation of source-reviewed assertions; not a new manual source review
200,Shandong Cancer Hospital,,Jinan,76,https://clinicaltrials.gov/study/NCT01772472,unverified_reference_only,not_evaluated_without_approved_identity,,,,[],"[{""hospital_id"": ""cnha-cfdi-d096fe98c0a803333c5d67902f3d14b9"", ""official_name"": ""山东第一医科大学附属肿瘤医院（山东省肿瘤防治研究院、山东省肿瘤医院）"", ""candidate_alias"": ""Shandong Cancer Hospital"", ""source_url"": ""https://ror.org/01413r497"", ""status"": ""review_required"", ""reason"": ""Reference-only name; not approved for resolution""}]",Obtain hospital or regulator evidence connecting the reported name to a filing; reference labels alone are insufficient,deterministic reconciliation of source-reviewed assertions; not a new manual source review
201,Shenzhen Second People's Hospital,Guangdong,Shenzhen,76,https://clinicaltrials.gov/study/NCT01147627,unverified_no_approved_evidence,not_evaluated_without_approved_identity,,,,[],[],Obtain hospital or regulator evidence connecting the reported name to a filing; reference labels alone are insufficient,deterministic reconciliation of source-reviewed assertions; not a new manual source review
202,Sir Run Run Shaw Hospital Zhejiang University School of Medicine,,Hangzhou,76,https://clinicaltrials.gov/study/NCT02205112,unverified_no_approved_evidence,not_evaluated_without_approved_identity,,,,[],[],Obtain hospital or regulator evidence connecting the reported name to a filing; reference labels alone are insufficient,deterministic reconciliation of source-reviewed assertions; not a new manual source review
203,Tianjin Cancer Hospital,,Tianjin,76,https://clinicaltrials.gov/study/NCT00069121,unverified_no_approved_evidence,not_evaluated_without_approved_identity,,,,[],[],Obtain hospital or regulator evidence connecting the reported name to a filing; reference labels alone are insufficient,deterministic reconciliation of source-reviewed assertions; not a new manual source review
204,Jinan Central Hospital,,Ji'nan,75,https://clinicaltrials.gov/study/NCT01529476,unverified_reference_only,not_evaluated_without_approved_identity,,,,[],"[{""hospital_id"": ""cnha-cfdi-377cbc83c0a8033328258152d0df5c96"", ""official_name"": ""济南市中心医院"", ""candidate_alias"": ""Jinan Central Hospital"", ""source_url"": ""https://ror.org/01fr19c68"", ""status"": ""review_required"", ""reason"": ""Reference-only name; not approved for resolution""}]",Obtain hospital or regulator evidence connecting the reported name to a filing; reference labels alone are insufficient,deterministic reconciliation of source-reviewed assertions; not a new manual source review
205,Renmin Hospital of Wuhan University,,Wuhan,75,https://clinicaltrials.gov/study/NCT01176565,unverified_no_approved_evidence,not_evaluated_without_approved_identity,,,,[],[],Obtain hospital or regulator evidence connecting the reported name to a filing; reference labels alone are insufficient,deterministic reconciliation of source-reviewed assertions; not a new manual source review
206,The First Affiliated Hospital of Chongqing Medical University,,Chongqing,75,https://clinicaltrials.gov/study/NCT01147627,verified_name_relation,requires_location_review,,,,"[{""hospital_id"": ""cnha-cfdi-56c9003ac0a8033343b31363ee17c59e"", ""official_name"": ""重庆医科大学附属第一医院"", ""filing_number"": ""药临床机构备字2020000462"", ""alias"": ""The First Affiliated Hospital of Chongqing Medical University"", ""normalized_alias"": ""thefirstaffiliatedhospitalofchongqingmedicaluniversity"", ""kind"": ""english_name"", ""evidence_status"": ""official_source_reviewed"", ""source_url"": ""https://www.gov.uk/government/publications/list-of-hospitals-in-china/list-of-medical-facilities-in-china"", ""accessed_at"": ""2026-09-05"", ""valid_from"": """", ""valid_to"": """"}]",[],"Verify reported province, city and campus against the study record before assigning an institution ID",deterministic reconciliation of source-reviewed assertions; not a new manual source review
207,The Second Affiliated Hospital of Kunming Medical University,Yun'Nan,Kunming,75,https://clinicaltrials.gov/study/NCT02231125,unverified_no_approved_evidence,not_evaluated_without_approved_identity,,,,[],[],Obtain hospital or regulator evidence connecting the reported name to a filing; reference labels alone are insufficient,deterministic reconciliation of source-reviewed assertions; not a new manual source review
208,Affiliated Hospital of Hebei University,Hebei,Baoding,74,https://clinicaltrials.gov/study/NCT03012971,unverified_reference_only,not_evaluated_without_approved_identity,,,,[],"[{""hospital_id"": ""cnha-cfdi-2378a801c0a8033344aab2495f5daaf2"", ""official_name"": ""河北大学附属医院"", ""candidate_alias"": ""Affiliated Hospital of Hebei University"", ""source_url"": ""https://ror.org/049vsq398"", ""status"": ""review_required"", ""reason"": ""Reference-only name; not approved for resolution""}]",Obtain hospital or regulator evidence connecting the reported name to a filing; reference labels alone are insufficient,deterministic reconciliation of source-reviewed assertions; not a new manual source review
209,Jilin Cancer Hospital,,Changchun,74,https://clinicaltrials.gov/study/NCT00567190,unverified_no_approved_evidence,not_evaluated_without_approved_identity,,,,[],[],Obtain hospital or regulator evidence connecting the reported name to a filing; reference labels alone are insufficient,deterministic reconciliation of source-reviewed assertions; not a new manual source review
210,Liaocheng People's Hospital,Shandong,Liaocheng,74,https://clinicaltrials.gov/study/NCT02430350,unverified_reference_only,not_evaluated_without_approved_identity,,,,[],"[{""hospital_id"": ""cnha-cfdi-d624272dc0a80333145e4fbaf6f26c0a"", ""official_name"": ""聊城市人民医院"", ""candidate_alias"": ""Liaocheng People's Hospital"", ""source_url"": ""https://ror.org/052vn2478"", ""status"": ""review_required"", ""reason"": ""Reference-only name; not approved for resolution""}]",Obtain hospital or regulator evidence connecting the reported name to a filing; reference labels alone are insufficient,deterministic reconciliation of source-reviewed assertions; not a new manual source review
211,"Beijing YouAn Hospital, Capital Medical University",Beijing Municipality,Beijing,73,https://clinicaltrials.gov/study/NCT00962533,unverified_no_approved_evidence,not_evaluated_without_approved_identity,,,,[],[],Obtain hospital or regulator evidence connecting the reported name to a filing; reference labels alone are insufficient,deterministic reconciliation of source-reviewed assertions; not a new manual source review
212,First Hospital of Shanxi Medical University,Shanxi,Taiyuan,73,https://clinicaltrials.gov/study/NCT02023567,unverified_no_approved_evidence,not_evaluated_without_approved_identity,,,,[],[],Obtain hospital or regulator evidence connecting the reported name to a filing; reference labels alone are insufficient,deterministic reconciliation of source-reviewed assertions; not a new manual source review
213,Hubei Cancer Hospital,,Wuhan,73,https://clinicaltrials.gov/study/NCT01358877,verified_name_relation,passes_available_location_filters,cnha-cfdi-5bc5271cc0a80333216d3eb98f39844f,湖北省肿瘤医院,药临床机构备字2020000334,"[{""hospital_id"": ""cnha-cfdi-5bc5271cc0a80333216d3eb98f39844f"", ""official_name"": ""湖北省肿瘤医院"", ""filing_number"": ""药临床机构备字2020000334"", ""alias"": ""Hubei Cancer Hospital"", ""normalized_alias"": ""hubeicancerhospital"", ""kind"": ""english_name"", ""evidence_status"": ""official_source_reviewed"", ""source_url"": ""https://www.hbch.com.cn/english.html"", ""accessed_at"": ""2026-09-05"", ""valid_from"": """", ""valid_to"": """"}]",[],Retain source-backed name mapping; assess actual study/campus scope separately when needed,deterministic reconciliation of source-reviewed assertions; not a new manual source review
214,Fujian Provincial Hospital,Fujian,Fuzhou,72,https://clinicaltrials.gov/study/NCT00829660,unverified_reference_only,not_evaluated_without_approved_identity,,,,[],"[{""hospital_id"": ""cnha-cfdi-7d960a6cc0a803333c09ac6228e51753"", ""official_name"": ""福州大学附属省立医院"", ""candidate_alias"": ""Fujian Provincial Hospital"", ""source_url"": ""https://ror.org/045wzwx52"", ""status"": ""review_required"", ""reason"": ""Reference-only name; not approved for resolution""}]",Obtain hospital or regulator evidence connecting the reported name to a filing; reference labels alone are insufficient,deterministic reconciliation of source-reviewed assertions; not a new manual source review
215,Guizhou Provincial People's Hospital,Guizhou,Guiyang,72,https://clinicaltrials.gov/study/NCT02623569,unverified_reference_only,not_evaluated_without_approved_identity,,,,[],"[{""hospital_id"": ""cnha-cfdi-443b6fddc0a803334e068a5722e251fc"", ""official_name"": ""贵州省人民医院"", ""candidate_alias"": ""Guizhou Provincial People's Hospital"", ""source_url"": ""https://ror.org/046q1bp69"", ""status"": ""review_required"", ""reason"": ""Reference-only name; not approved for resolution""}]",Obtain hospital or regulator evidence connecting the reported name to a filing; reference labels alone are insufficient,deterministic reconciliation of source-reviewed assertions; not a new manual source review
216,"The First Affiliated Hospital, Zhejiang University",Zhejiang,Hangzhou,72,https://clinicaltrials.gov/study/NCT01897805,unverified_no_approved_evidence,not_evaluated_without_approved_identity,,,,[],[],Obtain hospital or regulator evidence connecting the reported name to a filing; reference labels alone are insufficient,deterministic reconciliation of source-reviewed assertions; not a new manual source review
217,Weifang People's Hospital,Shandong,Weifang,72,https://clinicaltrials.gov/study/NCT02455843,unverified_reference_only,not_evaluated_without_approved_identity,,,,[],"[{""hospital_id"": ""cnha-cfdi-0b707dd0c0a8033311cd017b78273291"", ""official_name"": ""潍坊市人民医院"", ""candidate_alias"": ""Weifang People's Hospital"", ""source_url"": ""https://ror.org/01xd2tj29"", ""status"": ""review_required"", ""reason"": ""Reference-only name; not approved for resolution""}]",Obtain hospital or regulator evidence connecting the reported name to a filing; reference labels alone are insufficient,deterministic reconciliation of source-reviewed assertions; not a new manual source review
218,Xiangyang Central Hospital,Hubei,Xiangyang,72,https://clinicaltrials.gov/study/NCT01612260,unverified_no_approved_evidence,not_evaluated_without_approved_identity,,,,[],[],Obtain hospital or regulator evidence connecting the reported name to a filing; reference labels alone are insufficient,deterministic reconciliation of source-reviewed assertions; not a new manual source review
219,Zhongshan Hospital Affiliated to Fudan University,Shanghai Municipality,Shanghai,72,https://clinicaltrials.gov/study/NCT00749463,unverified_no_approved_evidence,not_evaluated_without_approved_identity,,,,[],[],Obtain hospital or regulator evidence connecting the reported name to a filing; reference labels alone are insufficient,deterministic reconciliation of source-reviewed assertions; not a new manual source review
220,Chongqing Cancer Hospital,Chongqing Municipality,Chongqing,71,https://clinicaltrials.gov/study/NCT01977235,unverified_no_approved_evidence,not_evaluated_without_approved_identity,,,,[],[],Obtain hospital or regulator evidence connecting the reported name to a filing; reference labels alone are insufficient,deterministic reconciliation of source-reviewed assertions; not a new manual source review
221,First Affiliated Hospital of Kunming Medical University,Yun'nan,Kunming,71,https://clinicaltrials.gov/study/NCT01326546,unverified_no_approved_evidence,not_evaluated_without_approved_identity,,,,[],[],Obtain hospital or regulator evidence connecting the reported name to a filing; reference labels alone are insufficient,deterministic reconciliation of source-reviewed assertions; not a new manual source review
222,Linyi People's Hospital,Shandong,Linyi,71,https://clinicaltrials.gov/study/NCT00829660,unverified_reference_only,not_evaluated_without_approved_identity,,,,[],"[{""hospital_id"": ""cnha-cfdi-a10466e9c0a803333b937f30e488fed6"", ""official_name"": ""临沂市人民医院"", ""candidate_alias"": ""Linyi People's Hospital"", ""source_url"": ""https://ror.org/011r8ce56"", ""status"": ""review_required"", ""reason"": ""Reference-only name; not approved for resolution""}]",Obtain hospital or regulator evidence connecting the reported name to a filing; reference labels alone are insufficient,deterministic reconciliation of source-reviewed assertions; not a new manual source review
223,Ruijin Hospital Affiliated to Shanghai Jiao Tong University School of Medicine,Shanghai Municipality,Shanghai,71,https://clinicaltrials.gov/study/NCT01403532,unverified_no_approved_evidence,not_evaluated_without_approved_identity,,,,[],[],Obtain hospital or regulator evidence connecting the reported name to a filing; reference labels alone are insufficient,deterministic reconciliation of source-reviewed assertions; not a new manual source review
224,Tongji Hospital of Tongji Medical College Huazhong University of Science and Technology,Hubei,Wuhan,71,https://clinicaltrials.gov/study/NCT00413699,unverified_no_approved_evidence,not_evaluated_without_approved_identity,,,,[],[],Obtain hospital or regulator evidence connecting the reported name to a filing; reference labels alone are insufficient,deterministic reconciliation of source-reviewed assertions; not a new manual source review
225,Beijing Tiantan Hospital,,Beijing,70,https://clinicaltrials.gov/study/NCT00146341,unverified_no_approved_evidence,not_evaluated_without_approved_identity,,,,[],[],Obtain hospital or regulator evidence connecting the reported name to a filing; reference labels alone are insufficient,deterministic reconciliation of source-reviewed assertions; not a new manual source review
226,"Beijing Tongren Hospital, Capital Medical University",Beijing Municipality,Beijing,70,https://clinicaltrials.gov/study/NCT01897805,unverified_no_approved_evidence,not_evaluated_without_approved_identity,,,,[],[],Obtain hospital or regulator evidence connecting the reported name to a filing; reference labels alone are insufficient,deterministic reconciliation of source-reviewed assertions; not a new manual source review
227,"Cancer Institute and Hospital, Chinese Academy of Medical Sciences",Beijing Municipality,Beijing,70,https://clinicaltrials.gov/study/NCT00920816,unverified_no_approved_evidence,not_evaluated_without_approved_identity,,,,[],[],Obtain hospital or regulator evidence connecting the reported name to a filing; reference labels alone are insufficient,deterministic reconciliation of source-reviewed assertions; not a new manual source review
228,Beijing Anzhen Hospital,Beijing Municipality,Beijing,69,https://clinicaltrials.gov/study/NCT01633359,unverified_no_approved_evidence,not_evaluated_without_approved_identity,,,,[],[],Obtain hospital or regulator evidence connecting the reported name to a filing; reference labels alone are insufficient,deterministic reconciliation of source-reviewed assertions; not a new manual source review
229,Cangzhou Central Hospital,Hebei,Cangzhou,69,https://clinicaltrials.gov/study/NCT00829660,unverified_no_approved_evidence,not_evaluated_without_approved_identity,,,,[],[],Obtain hospital or regulator evidence connecting the reported name to a filing; reference labels alone are insufficient,deterministic reconciliation of source-reviewed assertions; not a new manual source review
230,Fujian Medical University Union Hospital,,Fuzhou,69,https://clinicaltrials.gov/study/NCT01332968,verified_name_relation,requires_location_review,,,,"[{""hospital_id"": ""cnha-cfdi-d9fc6752c0a8033353ab9a1cfb4d52fe"", ""official_name"": ""福建医科大学附属协和医院"", ""filing_number"": ""药临床机构备字2020000314"", ""alias"": ""Fujian Medical University Union Hospital"", ""normalized_alias"": ""fujianmedicaluniversityunionhospital"", ""kind"": ""english_name"", ""evidence_status"": ""official_source_reviewed"", ""source_url"": ""https://fjmuxb.fjmu.edu.cn/fjykdxxb/site/menus/20211222105233001"", ""accessed_at"": ""2026-09-05"", ""valid_from"": """", ""valid_to"": """"}]",[],"Verify reported province, city and campus against the study record before assigning an institution ID",deterministic reconciliation of source-reviewed assertions; not a new manual source review
231,The Second Hospital of Dalian Medical University,Liaoning,Dalian,69,https://clinicaltrials.gov/study/NCT01548378,unverified_no_approved_evidence,not_evaluated_without_approved_identity,,,,[],[],Obtain hospital or regulator evidence connecting the reported name to a filing; reference labels alone are insufficient,deterministic reconciliation of source-reviewed assertions; not a new manual source review
232,Beijing Tongren Hospital,Beijing Municipality,Beijing,68,https://clinicaltrials.gov/study/NCT00649298,unverified_reference_only,not_evaluated_without_approved_identity,,,,[],"[{""hospital_id"": ""cnha-cfdi-ee623edbc0a8033330de327baef0596f"", ""official_name"": ""首都医科大学附属北京同仁医院"", ""candidate_alias"": ""Beijing Tongren Hospital"", ""source_url"": ""https://ror.org/013e4n276"", ""status"": ""review_required"", ""reason"": ""Reference-only name; not approved for resolution""}]",Obtain hospital or regulator evidence connecting the reported name to a filing; reference labels alone are insufficient,deterministic reconciliation of source-reviewed assertions; not a new manual source review
233,Chongqing University Cancer Hospital,,Chongqing,68,https://clinicaltrials.gov/study/NCT02584478,unverified_no_approved_evidence,not_evaluated_without_approved_identity,,,,[],[],Obtain hospital or regulator evidence connecting the reported name to a filing; reference labels alone are insufficient,deterministic reconciliation of source-reviewed assertions; not a new manual source review
234,The First Affiliated Hospital of Guangzhou Medical University,,Guangzhou,68,https://clinicaltrials.gov/study/NCT01364012,verified_name_relation,passes_available_location_filters,cnha-cfdi-3bbe3ceec0a803331320f715d583ef2c,广州医科大学附属第一医院,药临床机构备字2020000194,"[{""hospital_id"": ""cnha-cfdi-3bbe3ceec0a803331320f715d583ef2c"", ""official_name"": ""广州医科大学附属第一医院"", ""filing_number"": ""药临床机构备字2020000194"", ""alias"": ""The First Affiliated Hospital of Guangzhou Medical University"", ""normalized_alias"": ""thefirstaffiliatedhospitalofguangzhoumedicaluniversity"", ""kind"": ""english_name"", ""evidence_status"": ""official_source_reviewed"", ""source_url"": ""https://www.gov.uk/government/publications/list-of-hospitals-in-china/list-of-medical-facilities-in-china"", ""accessed_at"": ""2026-09-05"", ""valid_from"": """", ""valid_to"": """"}]",[],Retain source-backed name mapping; assess actual study/campus scope separately when needed,deterministic reconciliation of source-reviewed assertions; not a new manual source review
235,"The First Affiliated Hospital, Sun Yat-sen University",,Guangzhou,68,https://clinicaltrials.gov/study/NCT01356407,verified_name_relation,passes_available_location_filters,cnha-cfdi-3ce595d2c0a803333acc798da7cf0c71,中山大学附属第一医院,药临床机构备字2019000093,"[{""hospital_id"": ""cnha-cfdi-3ce595d2c0a803333acc798da7cf0c71"", ""official_name"": ""中山大学附属第一医院"", ""filing_number"": ""药临床机构备字2019000093"", ""alias"": ""The First Affiliated Hospital, Sun Yat-sen University"", ""normalized_alias"": ""thefirstaffiliatedhospitalsunyatsenuniversity"", ""kind"": ""english_name"", ""evidence_status"": ""official_source_reviewed"", ""source_url"": ""https://www.gov.uk/government/publications/list-of-hospitals-in-china/list-of-medical-facilities-in-china"", ""accessed_at"": ""2026-09-05"", ""valid_from"": """", ""valid_to"": """"}]",[],Retain source-backed name mapping; assess actual study/campus scope separately when needed,deterministic reconciliation of source-reviewed assertions; not a new manual source review
236,Yichang Central People's Hospital,Hubei,Yichang,68,https://clinicaltrials.gov/study/NCT03438877,unverified_reference_only,not_evaluated_without_approved_identity,,,,[],"[{""hospital_id"": ""cnha-cfdi-223461ecc0a8033359a1966478d511c5"", ""official_name"": ""宜昌市中心人民医院"", ""candidate_alias"": ""Yichang Central People's Hospital"", ""source_url"": ""https://ror.org/04cr34a11"", ""status"": ""review_required"", ""reason"": ""Reference-only name; not approved for resolution""}]",Obtain hospital or regulator evidence connecting the reported name to a filing; reference labels alone are insufficient,deterministic reconciliation of source-reviewed assertions; not a new manual source review
237,The People's Hospital of Guangxi Zhuang Autonomous Region,Guangxi,Nanning,66,https://clinicaltrials.gov/study/NCT01404169,unverified_reference_only,not_evaluated_without_approved_identity,,,,[],"[{""hospital_id"": ""cnha-cfdi-178e4af7c0a80333007a1e99b7a2da53"", ""official_name"": ""广西壮族自治区人民医院"", ""candidate_alias"": ""The People's Hospital of Guangxi Zhuang Autonomous Region"", ""source_url"": ""https://ror.org/02aa8kj12"", ""status"": ""review_required"", ""reason"": ""Reference-only name; not approved for resolution""}]",Obtain hospital or regulator evidence connecting the reported name to a filing; reference labels alone are insufficient,deterministic reconciliation of source-reviewed assertions; not a new manual source review
238,Jiangsu Cancer Hospital,,Nanjing,65,https://clinicaltrials.gov/study/NCT00069121,unverified_no_approved_evidence,not_evaluated_without_approved_identity,,,,[],[],Obtain hospital or regulator evidence connecting the reported name to a filing; reference labels alone are insufficient,deterministic reconciliation of source-reviewed assertions; not a new manual source review
239,Sun Yat-Sen Memorial Hospital of Sun Yat-Sen University,Guangdong,Guangzhou,65,https://clinicaltrials.gov/study/NCT01503905,unverified_no_approved_evidence,not_evaluated_without_approved_identity,,,,[],[],Obtain hospital or regulator evidence connecting the reported name to a filing; reference labels alone are insufficient,deterministic reconciliation of source-reviewed assertions; not a new manual source review
240,The First Affiliated Hospital of Xinxiang Medical University,Henan,Xinxiang,65,https://clinicaltrials.gov/study/NCT01885182,unverified_no_approved_evidence,not_evaluated_without_approved_identity,,,,[],[],Obtain hospital or regulator evidence connecting the reported name to a filing; reference labels alone are insufficient,deterministic reconciliation of source-reviewed assertions; not a new manual source review
241,Affiliated Hospital of Zunyi Medical University,Guizhou,Zunyi,64,https://clinicaltrials.gov/study/NCT02966483,unverified_no_approved_evidence,not_evaluated_without_approved_identity,,,,[],[],Obtain hospital or regulator evidence connecting the reported name to a filing; reference labels alone are insufficient,deterministic reconciliation of source-reviewed assertions; not a new manual source review
242,"Beijing Tiantan Hospital, Capital Medical University",,Beijing,64,https://clinicaltrials.gov/study/NCT00979589,unverified_no_approved_evidence,not_evaluated_without_approved_identity,,,,[],[],Obtain hospital or regulator evidence connecting the reported name to a filing; reference labels alone are insufficient,deterministic reconciliation of source-reviewed assertions; not a new manual source review
243,China-Japan Union Hospital of Jilin University,Jilin,Changchun,64,https://clinicaltrials.gov/study/NCT00829660,unverified_no_approved_evidence,not_evaluated_without_approved_identity,,,,[],[],Obtain hospital or regulator evidence connecting the reported name to a filing; reference labels alone are insufficient,deterministic reconciliation of source-reviewed assertions; not a new manual source review
244,Dongguan People's Hospital,Guangdong,Dongguan,64,https://clinicaltrials.gov/study/NCT01623908,unverified_reference_only,not_evaluated_without_approved_identity,,,,[],"[{""hospital_id"": ""cnha-cfdi-a8ca5ae4c0a803332f40cb299fdbe61d"", ""official_name"": ""东莞市人民医院"", ""candidate_alias"": ""Dongguan People’s Hospital"", ""source_url"": ""https://ror.org/022s5gm85"", ""status"": ""review_required"", ""reason"": ""Reference-only name; not approved for resolution""}]",Obtain hospital or regulator evidence connecting the reported name to a filing; reference labels alone are insufficient,deterministic reconciliation of source-reviewed assertions; not a new manual source review
245,Shanxi Provincial Cancer Hospital,Shanxi,Taiyuan,64,https://clinicaltrials.gov/study/NCT03012984,unverified_no_approved_evidence,not_evaluated_without_approved_identity,,,,[],[],Obtain hospital or regulator evidence connecting the reported name to a filing; reference labels alone are insufficient,deterministic reconciliation of source-reviewed assertions; not a new manual source review
246,"Sun Yat-sen Memorial Hospital, Sun Yat-sen University",,Guangzhou,64,https://clinicaltrials.gov/study/NCT00781612,verified_name_relation,passes_available_location_filters,cnha-cfdi-cf7fafe0c0a803337c221769696693dc,中山大学孙逸仙纪念医院,药临床机构备字2020000516,"[{""hospital_id"": ""cnha-cfdi-cf7fafe0c0a803337c221769696693dc"", ""official_name"": ""中山大学孙逸仙纪念医院"", ""filing_number"": ""药临床机构备字2020000516"", ""alias"": ""Sun Yat-sen Memorial Hospital, Sun Yat-sen University"", ""normalized_alias"": ""sunyatsenmemorialhospitalsunyatsenuniversity"", ""kind"": ""english_name"", ""evidence_status"": ""official_source_reviewed"", ""source_url"": ""https://www.gov.uk/government/publications/list-of-hospitals-in-china/list-of-medical-facilities-in-china"", ""accessed_at"": ""2026-09-05"", ""valid_from"": """", ""valid_to"": """"}]",[],Retain source-backed name mapping; assess actual study/campus scope separately when needed,deterministic reconciliation of source-reviewed assertions; not a new manual source review
247,The Second Affiliated Hospital of Xi'an Jiaotong University,Shaanxi,Xi'an,64,https://clinicaltrials.gov/study/NCT02093195,unverified_no_approved_evidence,not_evaluated_without_approved_identity,,,,[],[],Obtain hospital or regulator evidence connecting the reported name to a filing; reference labels alone are insufficient,deterministic reconciliation of source-reviewed assertions; not a new manual source review
248,Sichuan Cancer Hospital,,Chengdu,63,https://clinicaltrials.gov/study/NCT01856478,unverified_no_approved_evidence,not_evaluated_without_approved_identity,,,,[],[],Obtain hospital or regulator evidence connecting the reported name to a filing; reference labels alone are insufficient,deterministic reconciliation of source-reviewed assertions; not a new manual source review
249,"The Sixth Affiliated Hospital, Sun Yat-sen University",Guangdong,Guangzhou,63,https://clinicaltrials.gov/study/NCT01832337,unverified_no_approved_evidence,not_evaluated_without_approved_identity,,,,[],[],Obtain hospital or regulator evidence connecting the reported name to a filing; reference labels alone are insufficient,deterministic reconciliation of source-reviewed assertions; not a new manual source review
250,Affiliated Hospital of Jiangnan University,Jiangsu,Wuxi,62,https://clinicaltrials.gov/study/NCT02375620,unverified_no_approved_evidence,not_evaluated_without_approved_identity,,,,[],[],Obtain hospital or regulator evidence connecting the reported name to a filing; reference labels alone are insufficient,deterministic reconciliation of source-reviewed assertions; not a new manual source review
251,Zhejiang Provincial People's Hospital,,Hangzhou,62,https://clinicaltrials.gov/study/NCT00781612,unverified_no_approved_evidence,not_evaluated_without_approved_identity,,,,[],[],Obtain hospital or regulator evidence connecting the reported name to a filing; reference labels alone are insufficient,deterministic reconciliation of source-reviewed assertions; not a new manual source review
252,"Beijing Anzhen Hospital, Capital Medical University",,Beijing,61,https://clinicaltrials.gov/study/NCT01560052,unverified_no_approved_evidence,not_evaluated_without_approved_identity,,,,[],[],Obtain hospital or regulator evidence connecting the reported name to a filing; reference labels alone are insufficient,deterministic reconciliation of source-reviewed assertions; not a new manual source review
253,Children's Hospital of Fudan University,,Shanghai,61,https://clinicaltrials.gov/study/NCT00970398,verified_name_relation,passes_available_location_filters,cnha-cfdi-138b56c4c0a803330e40ef24ba80d41f,复旦大学附属儿科医院,药临床机构备字2020000372,"[{""hospital_id"": ""cnha-cfdi-138b56c4c0a803330e40ef24ba80d41f"", ""official_name"": ""复旦大学附属儿科医院"", ""filing_number"": ""药临床机构备字2020000372"", ""alias"": ""Children's Hospital of Fudan University"", ""normalized_alias"": ""childrenshospitaloffudanuniversity"", ""kind"": ""english_name"", ""evidence_status"": ""official_source_reviewed"", ""source_url"": ""https://shmc.fudan.edu.cn/eng/2094/list.htm"", ""accessed_at"": ""2026-09-05"", ""valid_from"": """", ""valid_to"": """"}]",[],Retain source-backed name mapping; assess actual study/campus scope separately when needed,deterministic reconciliation of source-reviewed assertions; not a new manual source review
254,Ningbo First Hospital,Zhejiang,Ningbo,61,https://clinicaltrials.gov/study/NCT01885078,unverified_no_approved_evidence,not_evaluated_without_approved_identity,,,,[],[],Obtain hospital or regulator evidence connecting the reported name to a filing; reference labels alone are insufficient,deterministic reconciliation of source-reviewed assertions; not a new manual source review
255,Qingdao Municipal Hospital,Shandong,Qingdao,61,https://clinicaltrials.gov/study/NCT00413699,unverified_no_approved_evidence,not_evaluated_without_approved_identity,,,,[],[],Obtain hospital or regulator evidence connecting the reported name to a filing; reference labels alone are insufficient,deterministic reconciliation of source-reviewed assertions; not a new manual source review
256,Ruijin Hospital,,Shanghai,61,https://clinicaltrials.gov/study/NCT00005062,unverified_reference_only,not_evaluated_without_approved_identity,,,,[],"[{""hospital_id"": ""cnha-cfdi-49af8e67c0a803336507a7bb3f8db7bc"", ""official_name"": ""上海交通大学医学院附属瑞金医院"", ""candidate_alias"": ""Ruijin Hospital"", ""source_url"": ""https://ror.org/01hv94n30"", ""status"": ""review_required"", ""reason"": ""Reference-only name; not approved for resolution""}]",Obtain hospital or regulator evidence connecting the reported name to a filing; reference labels alone are insufficient,deterministic reconciliation of source-reviewed assertions; not a new manual source review
257,The First Affiliated Hospital of Jinan University,Guangdong,Guangzhou,60,https://clinicaltrials.gov/study/NCT00829660,unverified_no_approved_evidence,not_evaluated_without_approved_identity,,,,[],[],Obtain hospital or regulator evidence connecting the reported name to a filing; reference labels alone are insufficient,deterministic reconciliation of source-reviewed assertions; not a new manual source review
258,The First Affiliated Hospital of Kunming Medical University,Yunnan,Kunming,60,https://clinicaltrials.gov/study/NCT02586337,unverified_no_approved_evidence,not_evaluated_without_approved_identity,,,,[],[],Obtain hospital or regulator evidence connecting the reported name to a filing; reference labels alone are insufficient,deterministic reconciliation of source-reviewed assertions; not a new manual source review
259,The Second Affiliated Hospital of Xi'an Jiaotong University,,Xi'an,60,https://clinicaltrials.gov/study/NCT03125902,unverified_no_approved_evidence,not_evaluated_without_approved_identity,,,,[],[],Obtain hospital or regulator evidence connecting the reported name to a filing; reference labels alone are insufficient,deterministic reconciliation of source-reviewed assertions; not a new manual source review
260,Zhongda Hospital Southeast University,,Nanjing,60,https://clinicaltrials.gov/study/NCT01976208,unverified_no_approved_evidence,not_evaluated_without_approved_identity,,,,[],[],Obtain hospital or regulator evidence connecting the reported name to a filing; reference labels alone are insufficient,deterministic reconciliation of source-reviewed assertions; not a new manual source review
261,Beijing Friendship Hospital,Beijing Municipality,Beijing,59,https://clinicaltrials.gov/study/NCT01640184,unverified_no_approved_evidence,not_evaluated_without_approved_identity,,,,[],[],Obtain hospital or regulator evidence connecting the reported name to a filing; reference labels alone are insufficient,deterministic reconciliation of source-reviewed assertions; not a new manual source review
262,"Cancer Institute and Hospital, Chinese Academy of Medical Sciences",,Beijing,59,https://clinicaltrials.gov/study/NCT00617981,unverified_no_approved_evidence,not_evaluated_without_approved_identity,,,,[],[],Obtain hospital or regulator evidence connecting the reported name to a filing; reference labels alone are insufficient,deterministic reconciliation of source-reviewed assertions; not a new manual source review
263,Fuwai Hospital,Beijing Municipality,Beijing,59,https://clinicaltrials.gov/study/NCT01039467,unverified_reference_only,not_evaluated_without_approved_identity,,,,[],"[{""hospital_id"": ""cnha-cfdi-dac651f9c0a8033306f8c466867e4477"", ""official_name"": ""中国医学科学院阜外医院"", ""candidate_alias"": ""Fu Wai Hospital"", ""source_url"": ""https://ror.org/0590dnz19"", ""status"": ""review_required"", ""reason"": ""Reference-only name; not approved for resolution""}]",Obtain hospital or regulator evidence connecting the reported name to a filing; reference labels alone are insufficient,deterministic reconciliation of source-reviewed assertions; not a new manual source review
264,Liuzhou People's Hospital,Guangxi,Liuzhou,59,https://clinicaltrials.gov/study/NCT00829660,unverified_no_approved_evidence,not_evaluated_without_approved_identity,,,,[],[],Obtain hospital or regulator evidence connecting the reported name to a filing; reference labels alone are insufficient,deterministic reconciliation of source-reviewed assertions; not a new manual source review
265,Pingxiang People's Hospital,Jiangxi,Pingxiang,59,https://clinicaltrials.gov/study/NCT01885078,unverified_no_approved_evidence,not_evaluated_without_approved_identity,,,,[],[],Obtain hospital or regulator evidence connecting the reported name to a filing; reference labels alone are insufficient,deterministic reconciliation of source-reviewed assertions; not a new manual source review
266,"Qilu Hospital, Shandong University",Shandong,Jinan,59,https://clinicaltrials.gov/study/NCT01356511,unverified_no_approved_evidence,not_evaluated_without_approved_identity,,,,[],[],Obtain hospital or regulator evidence connecting the reported name to a filing; reference labels alone are insufficient,deterministic reconciliation of source-reviewed assertions; not a new manual source review
267,Queen Mary Hospital,,Hong Kong,59,https://clinicaltrials.gov/study/NCT00026338,unverified_no_approved_evidence,not_evaluated_without_approved_identity,,,,[],[],Obtain hospital or regulator evidence connecting the reported name to a filing; reference labels alone are insufficient,deterministic reconciliation of source-reviewed assertions; not a new manual source review
268,The First Hospital of China Medical University,,Shenyang,59,https://clinicaltrials.gov/study/NCT00891579,verified_name_relation,passes_available_location_filters,cnha-cfdi-066b931bc0a8033351202887a2fd71fa,中国医科大学附属第一医院,药临床机构备字2020000106,"[{""hospital_id"": ""cnha-cfdi-066b931bc0a8033351202887a2fd71fa"", ""official_name"": ""中国医科大学附属第一医院"", ""filing_number"": ""药临床机构备字2020000106"", ""alias"": ""The First Hospital of China Medical University"", ""normalized_alias"": ""thefirsthospitalofchinamedicaluniversity"", ""kind"": ""english_name"", ""evidence_status"": ""official_source_reviewed"", ""source_url"": ""https://yizhe.dmu.edu.cn/article/doi/10.12014/j.issn.1002-0772.2016.06a.17"", ""accessed_at"": ""2026-09-05"", ""valid_from"": """", ""valid_to"": """"}]",[],Retain source-backed name mapping; assess actual study/campus scope separately when needed,deterministic reconciliation of source-reviewed assertions; not a new manual source review
269,The Second Affiliated Hospital of Harbin Medical University,Heilong Jiang,Harbin,59,https://clinicaltrials.gov/study/NCT00786136,unverified_no_approved_evidence,not_evaluated_without_approved_identity,,,,[],[],Obtain hospital or regulator evidence connecting the reported name to a filing; reference labels alone are insufficient,deterministic reconciliation of source-reviewed assertions; not a new manual source review
270,Tianjin People's Hospital,Tianjin Municipality,Tianjin,59,https://clinicaltrials.gov/study/NCT01929096,unverified_reference_only,not_evaluated_without_approved_identity,,,,[],"[{""hospital_id"": ""cnha-cfdi-a900ffadc0a803333486f23102c2e40e"", ""official_name"": ""天津市人民医院"", ""candidate_alias"": ""Tianjin People's Hospital"", ""source_url"": ""https://ror.org/01x62kg38"", ""status"": ""review_required"", ""reason"": ""Reference-only name; not approved for resolution""}]",Obtain hospital or regulator evidence connecting the reported name to a filing; reference labels alone are insufficient,deterministic reconciliation of source-reviewed assertions; not a new manual source review
271,Wuxi People's Hospital,,Wuxi,59,https://clinicaltrials.gov/study/NCT02205112,unverified_no_approved_evidence,not_evaluated_without_approved_identity,,,,[],[],Obtain hospital or regulator evidence connecting the reported name to a filing; reference labels alone are insufficient,deterministic reconciliation of source-reviewed assertions; not a new manual source review
272,Huashan Hospital,Shanghai Municipality,Shanghai,58,https://clinicaltrials.gov/study/NCT01200719,unverified_reference_only,not_evaluated_without_approved_identity,,,,[],"[{""hospital_id"": ""cnha-cfdi-5fa1b83ec0a803333f2b2d82ab77ebfe"", ""official_name"": ""复旦大学附属华山医院"", ""candidate_alias"": ""Huashan Hospital"", ""source_url"": ""https://ror.org/05201qm87"", ""status"": ""review_required"", ""reason"": ""Reference-only name; not approved for resolution""}]",Obtain hospital or regulator evidence connecting the reported name to a filing; reference labels alone are insufficient,deterministic reconciliation of source-reviewed assertions; not a new manual source review
273,The Affiliated Hospital of Southwest Medical University,Sichuan,Luzhou,58,https://clinicaltrials.gov/study/NCT02790190,unverified_no_approved_evidence,not_evaluated_without_approved_identity,,,,[],[],Obtain hospital or regulator evidence connecting the reported name to a filing; reference labels alone are insufficient,deterministic reconciliation of source-reviewed assertions; not a new manual source review
274,The First Affiliated Hospital of Zhejiang University,Zhejiang,Hangzhou,58,https://clinicaltrials.gov/study/NCT00617981,unverified_no_approved_evidence,not_evaluated_without_approved_identity,,,,[],[],Obtain hospital or regulator evidence connecting the reported name to a filing; reference labels alone are insufficient,deterministic reconciliation of source-reviewed assertions; not a new manual source review
275,Henan Provincial People's Hospital,,Zheng'zhou,57,https://clinicaltrials.gov/study/NCT01140997,verified_name_relation,passes_available_location_filters,cnha-cfdi-cb7eef02c0a8033372362db264a58311,河南省人民医院,药临床机构备字2020000124,"[{""hospital_id"": ""cnha-cfdi-cb7eef02c0a8033372362db264a58311"", ""official_name"": ""河南省人民医院"", ""filing_number"": ""药临床机构备字2020000124"", ""alias"": ""Henan Provincial People's Hospital"", ""normalized_alias"": ""henanprovincialpeopleshospital"", ""kind"": ""english_name"", ""evidence_status"": ""official_source_reviewed"", ""source_url"": ""https://www.qk.sjtu.edu.cn/jdcp/CN/abstract/abstract50913.shtml"", ""accessed_at"": ""2026-09-05"", ""valid_from"": """", ""valid_to"": """"}]",[],Retain source-backed name mapping; assess actual study/campus scope separately when needed,deterministic reconciliation of source-reviewed assertions; not a new manual source review
276,Jiangsu Provincial People's Hospital,Jiangsu,Nanjing,57,https://clinicaltrials.gov/study/NCT00548223,unverified_no_approved_evidence,not_evaluated_without_approved_identity,,,,[],[],Obtain hospital or regulator evidence connecting the reported name to a filing; reference labels alone are insufficient,deterministic reconciliation of source-reviewed assertions; not a new manual source review
277,Mianyang Central Hospital,Sichuan,Mianyang,57,https://clinicaltrials.gov/study/NCT01396122,unverified_reference_only,not_evaluated_without_approved_identity,,,,[],"[{""hospital_id"": ""cnha-cfdi-556fc35ac0a8033337b37344bce4537d"", ""official_name"": ""绵阳市中心医院"", ""candidate_alias"": ""Mianyang Central Hospital"", ""source_url"": ""https://ror.org/00s528j33"", ""status"": ""review_required"", ""reason"": ""Reference-only name; not approved for resolution""}]",Obtain hospital or regulator evidence connecting the reported name to a filing; reference labels alone are insufficient,deterministic reconciliation of source-reviewed assertions; not a new manual source review
278,Qilu Hospital of Shandong University,,Jinan,57,https://clinicaltrials.gov/study/NCT00773461,verified_name_relation,requires_location_review,,,,"[{""hospital_id"": ""cnha-cfdi-3ca9ee0fc0a803331e2817e89dd297d8"", ""official_name"": ""山东大学齐鲁医院"", ""filing_number"": ""药临床机构备字2019000031"", ""alias"": ""Qilu Hospital of Shandong University"", ""normalized_alias"": ""qiluhospitalofshandonguniversity"", ""kind"": ""english_name"", ""evidence_status"": ""official_source_reviewed"", ""source_url"": ""https://qiluhospital.com/show-313-17491-1.html"", ""accessed_at"": ""2026-09-05"", ""valid_from"": """", ""valid_to"": """"}]",[],"Verify reported province, city and campus against the study record before assigning an institution ID",deterministic reconciliation of source-reviewed assertions; not a new manual source review
279,The Second Affiliated Hospital of Nanchang University,,Nanchang,57,https://clinicaltrials.gov/study/NCT03974022,unverified_no_approved_evidence,not_evaluated_without_approved_identity,,,,[],[],Obtain hospital or regulator evidence connecting the reported name to a filing; reference labels alone are insufficient,deterministic reconciliation of source-reviewed assertions; not a new manual source review
280,Affiliated Hospital of Jining Medical University,Shandong,Jining,56,https://clinicaltrials.gov/study/NCT01471522,unverified_reference_only,not_evaluated_without_approved_identity,,,,[],"[{""hospital_id"": ""cnha-cfdi-efcef543c0a803333bac3cae8cf3a7ca"", ""official_name"": ""济宁医学院附属医院"", ""candidate_alias"": ""Affiliated Hospital of Jining Medical University"", ""source_url"": ""https://ror.org/05e8kbn88"", ""status"": ""review_required"", ""reason"": ""Reference-only name; not approved for resolution""}]",Obtain hospital or regulator evidence connecting the reported name to a filing; reference labels alone are insufficient,deterministic reconciliation of source-reviewed assertions; not a new manual source review
281,The First Affiliated Hospital of Fujian Medical University,,Fuzhou,56,https://clinicaltrials.gov/study/NCT01143064,verified_name_relation,passes_available_location_filters,cnha-cfdi-a9e58d41c0a803334712a9fdd252ffd2,福建医科大学附属第一医院,药临床机构备字2020000331,"[{""hospital_id"": ""cnha-cfdi-a9e58d41c0a803334712a9fdd252ffd2"", ""official_name"": ""福建医科大学附属第一医院"", ""filing_number"": ""药临床机构备字2020000331"", ""alias"": ""The First Affiliated Hospital of Fujian Medical University"", ""normalized_alias"": ""thefirstaffiliatedhospitaloffujianmedicaluniversity"", ""kind"": ""english_name"", ""evidence_status"": ""official_source_reviewed"", ""source_url"": ""https://www.gov.uk/government/publications/list-of-hospitals-in-china/list-of-medical-facilities-in-china"", ""accessed_at"": ""2026-09-05"", ""valid_from"": """", ""valid_to"": """"}]",[],Retain source-backed name mapping; assess actual study/campus scope separately when needed,deterministic reconciliation of source-reviewed assertions; not a new manual source review
282,The First People's Hospital of Foshan,Guangdong,Foshan,56,https://clinicaltrials.gov/study/NCT00912444,unverified_no_approved_evidence,not_evaluated_without_approved_identity,,,,[],[],Obtain hospital or regulator evidence connecting the reported name to a filing; reference labels alone are insufficient,deterministic reconciliation of source-reviewed assertions; not a new manual source review
283,The Second Affiliated Hospital of Xi'an Jiaotong University,Shanxi,Xian,56,https://clinicaltrials.gov/study/NCT02366208,unverified_no_approved_evidence,not_evaluated_without_approved_identity,,,,[],[],Obtain hospital or regulator evidence connecting the reported name to a filing; reference labels alone are insufficient,deterministic reconciliation of source-reviewed assertions; not a new manual source review
284,Second Hospital of Shanxi Medical University,Shanxi,Taiyuan,55,https://clinicaltrials.gov/study/NCT02063100,unverified_reference_only,not_evaluated_without_approved_identity,,,,[],"[{""hospital_id"": ""cnha-cfdi-90498cb3c0a80333608cf87ec8056ce6"", ""official_name"": ""山西医科大学第二医院（山西医科大学第二医院互联网医院、山西红十字医院）"", ""candidate_alias"": ""Second Hospital of Shanxi Medical University"", ""source_url"": ""https://ror.org/03tn5kh37"", ""status"": ""review_required"", ""reason"": ""Reference-only name; not approved for resolution""}]",Obtain hospital or regulator evidence connecting the reported name to a filing; reference labels alone are insufficient,deterministic reconciliation of source-reviewed assertions; not a new manual source review
285,Shaanxi Provincial People's Hospital,Shaan XI,Xi'an,55,https://clinicaltrials.gov/study/NCT02082756,unverified_reference_only,not_evaluated_without_approved_identity,,,,[],"[{""hospital_id"": ""cnha-cfdi-637b975dc0a803333264020224c4f75d"", ""official_name"": ""陕西省人民医院"", ""candidate_alias"": ""Shaanxi Provincial People's Hospital"", ""source_url"": ""https://ror.org/009czp143"", ""status"": ""review_required"", ""reason"": ""Reference-only name; not approved for resolution""}]",Obtain hospital or regulator evidence connecting the reported name to a filing; reference labels alone are insufficient,deterministic reconciliation of source-reviewed assertions; not a new manual source review
286,The Affiliated Nanjing Drum Tower Hospital of Nanjing University Medical School,Jiangsu,Nanjing,55,https://clinicaltrials.gov/study/NCT02635464,unverified_no_approved_evidence,not_evaluated_without_approved_identity,,,,[],[],Obtain hospital or regulator evidence connecting the reported name to a filing; reference labels alone are insufficient,deterministic reconciliation of source-reviewed assertions; not a new manual source review
287,"The First Affiliated Hospital, Zhejiang University School of Medicine",,Hangzhou,55,https://clinicaltrials.gov/study/NCT03093116,verified_name_relation,requires_location_review,,,,"[{""hospital_id"": ""cnha-cfdi-b409a9e9c0a803333b97a6234872adf7"", ""official_name"": ""浙江大学医学院附属第一医院"", ""filing_number"": ""药临床机构备字2020000348"", ""alias"": ""The First Affiliated Hospital, Zhejiang University School of Medicine"", ""normalized_alias"": ""thefirstaffiliatedhospitalzhejianguniversityschoolofmedicine"", ""kind"": ""english_name"", ""evidence_status"": ""official_source_reviewed"", ""source_url"": ""https://person.zju.edu.cn/en/renhaoli"", ""accessed_at"": ""2026-09-05"", ""valid_from"": """", ""valid_to"": """"}]",[],"Verify reported province, city and campus against the study record before assigning an institution ID",deterministic reconciliation of source-reviewed assertions; not a new manual source review
288,Nanyang Central Hospital,Henan,Nanyang,54,https://clinicaltrials.gov/study/NCT01488526,unverified_no_approved_evidence,not_evaluated_without_approved_identity,,,,[],[],Obtain hospital or regulator evidence connecting the reported name to a filing; reference labels alone are insufficient,deterministic reconciliation of source-reviewed assertions; not a new manual source review
289,Peking University Cancer Hospital,,Beijing,54,https://clinicaltrials.gov/study/NCT01955837,verified_name_relation,passes_available_location_filters,cnha-cfdi-6dbec404c0a803332f72931bc454ee4e,北京肿瘤医院、北京大学肿瘤医院、北京大学肿瘤医院互联网医院,药临床机构备字2019000050,"[{""hospital_id"": ""cnha-cfdi-6dbec404c0a803332f72931bc454ee4e"", ""official_name"": ""北京肿瘤医院、北京大学肿瘤医院、北京大学肿瘤医院互联网医院"", ""filing_number"": ""药临床机构备字2019000050"", ""alias"": ""Peking University Cancer Hospital"", ""normalized_alias"": ""pekinguniversitycancerhospital"", ""kind"": ""english_name"", ""evidence_status"": ""official_source_reviewed"", ""source_url"": ""https://www.bjcancer.org/Html/News/Articles/1000208.html"", ""accessed_at"": ""2026-09-05"", ""valid_from"": """", ""valid_to"": """"}]",[],Retain source-backed name mapping; assess actual study/campus scope separately when needed,deterministic reconciliation of source-reviewed assertions; not a new manual source review
290,Shandong Cancer Hospital and Institute,Shandong,Jinan,54,https://clinicaltrials.gov/study/NCT01556815,unverified_no_approved_evidence,not_evaluated_without_approved_identity,,,,[],[],Obtain hospital or regulator evidence connecting the reported name to a filing; reference labels alone are insufficient,deterministic reconciliation of source-reviewed assertions; not a new manual source review
291,The Affiliated Hospital of Inner Mongolia Medical University,Inner Mongolia,Hohhot,54,https://clinicaltrials.gov/study/NCT01176916,unverified_no_approved_evidence,not_evaluated_without_approved_identity,,,,[],[],Obtain hospital or regulator evidence connecting the reported name to a filing; reference labels alone are insufficient,deterministic reconciliation of source-reviewed assertions; not a new manual source review
292,The Affiliated Hospital of Qingdao University,,Qingdao,54,https://clinicaltrials.gov/study/NCT01560624,verified_name_relation,requires_location_review,,,,"[{""hospital_id"": ""cnha-cfdi-0d6cdcd5c0a803336f896af4c3b2de50"", ""official_name"": ""青岛大学附属医院"", ""filing_number"": ""药临床机构备字2020000017"", ""alias"": ""The Affiliated Hospital of QingDao University"", ""normalized_alias"": ""theaffiliatedhospitalofqingdaouniversity"", ""kind"": ""english_name"", ""evidence_status"": ""official_source_reviewed"", ""source_url"": ""https://kjc.qdu.edu.cn/info/1023/2165.htm"", ""accessed_at"": ""2026-09-05"", ""valid_from"": """", ""valid_to"": """"}]",[],"Verify reported province, city and campus against the study record before assigning an institution ID",deterministic reconciliation of source-reviewed assertions; not a new manual source review
293,"Union Hospital of Tongji Medical College, Huazhong University of Science and Technology",Hubei,Wuhan,54,https://clinicaltrials.gov/study/NCT01455428,unverified_no_approved_evidence,not_evaluated_without_approved_identity,,,,[],[],Obtain hospital or regulator evidence connecting the reported name to a filing; reference labels alone are insufficient,deterministic reconciliation of source-reviewed assertions; not a new manual source review
294,Cancer Hospital of Shantou University Medical College,Guangdong,Shantou,53,https://clinicaltrials.gov/study/NCT01176916,unverified_reference_only,not_evaluated_without_approved_identity,,,,[],"[{""hospital_id"": ""cnha-cfdi-8e20a2dac0a80333543d3dd8675674e1"", ""official_name"": ""汕头大学医学院附属肿瘤医院"", ""candidate_alias"": ""Cancer Hospital of Shantou University Medical College"", ""source_url"": ""https://ror.org/00a53nq42"", ""status"": ""review_required"", ""reason"": ""Reference-only name; not approved for resolution""}]",Obtain hospital or regulator evidence connecting the reported name to a filing; reference labels alone are insufficient,deterministic reconciliation of source-reviewed assertions; not a new manual source review
295,Huai'an First People's Hospital,Jiangsu,Huai'an,53,https://clinicaltrials.gov/study/NCT01670812,unverified_reference_only,not_evaluated_without_approved_identity,,,,[],"[{""hospital_id"": ""cnha-cfdi-87bad074c0a80333038e13e2148ea3da"", ""official_name"": ""南京医科大学附属淮安第一医院（淮安市第一人民医院）"", ""candidate_alias"": ""Huaian First People’s Hospital"", ""source_url"": ""https://ror.org/00xpfw690"", ""status"": ""review_required"", ""reason"": ""Reference-only name; not approved for resolution""}]",Obtain hospital or regulator evidence connecting the reported name to a filing; reference labels alone are insufficient,deterministic reconciliation of source-reviewed assertions; not a new manual source review
296,Jiangmen Central Hospital,Guangdong,Jiangmen,53,https://clinicaltrials.gov/study/NCT02103257,unverified_no_approved_evidence,not_evaluated_without_approved_identity,,,,[],[],Obtain hospital or regulator evidence connecting the reported name to a filing; reference labels alone are insufficient,deterministic reconciliation of source-reviewed assertions; not a new manual source review
297,"Nanfang Hospital, Southern Medical University",,Guangzhou,53,https://clinicaltrials.gov/study/NCT00069121,unverified_no_approved_evidence,not_evaluated_without_approved_identity,,,,[],[],Obtain hospital or regulator evidence connecting the reported name to a filing; reference labels alone are insufficient,deterministic reconciliation of source-reviewed assertions; not a new manual source review
298,"Tongji Hospital, Tongji Medical College of HUST",Hubei,Wuhan,53,https://clinicaltrials.gov/study/NCT01404169,unverified_no_approved_evidence,not_evaluated_without_approved_identity,,,,[],[],Obtain hospital or regulator evidence connecting the reported name to a filing; reference labels alone are insufficient,deterministic reconciliation of source-reviewed assertions; not a new manual source review
299,Beijing Chao-Yang Hospital,,Beijing,52,https://clinicaltrials.gov/study/NCT00883675,unverified_reference_only,not_evaluated_without_approved_identity,,,,[],"[{""hospital_id"": ""cnha-cfdi-312ade48c0a803330dbbe4dc78900ab2"", ""official_name"": ""首都医科大学附属北京朝阳医院"", ""candidate_alias"": ""Beijing Chao-Yang Hospital"", ""source_url"": ""https://ror.org/01eff5662"", ""status"": ""review_required"", ""reason"": ""Reference-only name; not approved for resolution""}]",Obtain hospital or regulator evidence connecting the reported name to a filing; reference labels alone are insufficient,deterministic reconciliation of source-reviewed assertions; not a new manual source review
300,Beijing GoBroad Hospital,Beijing Municipality,Beijing,52,https://clinicaltrials.gov/study/NCT06157827,unverified_no_approved_evidence,not_evaluated_without_approved_identity,,,,[],[],Obtain hospital or regulator evidence connecting the reported name to a filing; reference labels alone are insufficient,deterministic reconciliation of source-reviewed assertions; not a new manual source review
301,Beijing Tsinghua Changgung Hospital,,Beijing,52,https://clinicaltrials.gov/study/NCT03446443,unverified_reference_only,not_evaluated_without_approved_identity,,,,[],"[{""hospital_id"": ""cnha-cfdi-eadc8d77c0a8033363cbc4f3f4dcc4c9"", ""official_name"": ""北京清华长庚医院"", ""candidate_alias"": ""Beijing Tsinghua Chang Gung Hospital"", ""source_url"": ""https://ror.org/050nfgr37"", ""status"": ""review_required"", ""reason"": ""Reference-only name; not approved for resolution""}]",Obtain hospital or regulator evidence connecting the reported name to a filing; reference labels alone are insufficient,deterministic reconciliation of source-reviewed assertions; not a new manual source review
302,Fujian Provincial Cancer Hospital,Fujian,Fuzhou,52,https://clinicaltrials.gov/study/NCT01074021,unverified_reference_only,not_evaluated_without_approved_identity,,,,[],"[{""hospital_id"": ""cnha-cfdi-8943f31ac0a80333354a0df6962a1108"", ""official_name"": ""福建省肿瘤医院"", ""candidate_alias"": ""Fujian Provincial Cancer Hospital"", ""source_url"": ""https://ror.org/058ms9w43"", ""status"": ""review_required"", ""reason"": ""Reference-only name; not approved for resolution""}]",Obtain hospital or regulator evidence connecting the reported name to a filing; reference labels alone are insufficient,deterministic reconciliation of source-reviewed assertions; not a new manual source review
303,"Renji Hospital, School of Medicine, Shanghai Jiao Tong University",Shanghai Municipality,Shanghai,52,https://clinicaltrials.gov/study/NCT02061475,unverified_no_approved_evidence,not_evaluated_without_approved_identity,,,,[],[],Obtain hospital or regulator evidence connecting the reported name to a filing; reference labels alone are insufficient,deterministic reconciliation of source-reviewed assertions; not a new manual source review
304,Shanghai Zhongshan Hospital,Shanghai Municipality,Shanghai,52,https://clinicaltrials.gov/study/NCT00829660,unverified_no_approved_evidence,not_evaluated_without_approved_identity,,,,[],[],Obtain hospital or regulator evidence connecting the reported name to a filing; reference labels alone are insufficient,deterministic reconciliation of source-reviewed assertions; not a new manual source review
305,"Beijing Children's Hospital, Capital Medical University",Beijing Municipality,Beijing,51,https://clinicaltrials.gov/study/NCT02303587,unverified_no_approved_evidence,not_evaluated_without_approved_identity,,,,[],[],Obtain hospital or regulator evidence connecting the reported name to a filing; reference labels alone are insufficient,deterministic reconciliation of source-reviewed assertions; not a new manual source review
306,Ningbo Medical Center Lihuili Hospital,Zhejiang,Ningbo,51,https://clinicaltrials.gov/study/NCT04191473,unverified_reference_only,not_evaluated_without_approved_identity,,,,[],"[{""hospital_id"": ""cnha-cfdi-9a4828d4c0a803336d65b0548efdace5"", ""official_name"": ""宁波市医疗中心李惠利医院"", ""candidate_alias"": ""Ningbo Medical Center Lihuili Hospital"", ""source_url"": ""https://ror.org/030zcqn97"", ""status"": ""review_required"", ""reason"": ""Reference-only name; not approved for resolution""}]",Obtain hospital or regulator evidence connecting the reported name to a filing; reference labels alone are insufficient,deterministic reconciliation of source-reviewed assertions; not a new manual source review
307,Suzhou Municipal Hospital,Jiangsu,Suzhou,51,https://clinicaltrials.gov/study/NCT00829660,unverified_reference_only,not_evaluated_without_approved_identity,,,,[],"[{""hospital_id"": ""cnha-cfdi-fe2311f4c0a803333539d49197e1634b"", ""official_name"": ""苏州市立医院"", ""candidate_alias"": ""Suzhou Municipal Hospital"", ""source_url"": ""https://ror.org/02cdyrc89"", ""status"": ""review_required"", ""reason"": ""Reference-only name; not approved for resolution""}]",Obtain hospital or regulator evidence connecting the reported name to a filing; reference labels alone are insufficient,deterministic reconciliation of source-reviewed assertions; not a new manual source review
308,The Third Xiangya Hospital of Central South University,,Changsha,51,https://clinicaltrials.gov/study/NCT00412893,unverified_no_approved_evidence,not_evaluated_without_approved_identity,,,,[],[],Obtain hospital or regulator evidence connecting the reported name to a filing; reference labels alone are insufficient,deterministic reconciliation of source-reviewed assertions; not a new manual source review
309,"Beijing Chest Hospital, Capital Medical University",Beijing Municipality,Beijing,50,https://clinicaltrials.gov/study/NCT01639001,unverified_no_approved_evidence,not_evaluated_without_approved_identity,,,,[],[],Obtain hospital or regulator evidence connecting the reported name to a filing; reference labels alone are insufficient,deterministic reconciliation of source-reviewed assertions; not a new manual source review
310,"Beijing Ditan Hospital, Capital Medical University",Beijing Municipality,Beijing,50,https://clinicaltrials.gov/study/NCT01938781,unverified_no_approved_evidence,not_evaluated_without_approved_identity,,,,[],[],Obtain hospital or regulator evidence connecting the reported name to a filing; reference labels alone are insufficient,deterministic reconciliation of source-reviewed assertions; not a new manual source review
311,Guangdong General Hospital,,Guangzhou,50,https://clinicaltrials.gov/study/NCT00805194,unverified_no_approved_evidence,not_evaluated_without_approved_identity,,,,[],[],Obtain hospital or regulator evidence connecting the reported name to a filing; reference labels alone are insufficient,deterministic reconciliation of source-reviewed assertions; not a new manual source review
312,Guangxi Medical University Affiliated Tumor Hospital,Guangxi,Nanning,50,https://clinicaltrials.gov/study/NCT01878448,unverified_no_approved_evidence,not_evaluated_without_approved_identity,,,,[],[],Obtain hospital or regulator evidence connecting the reported name to a filing; reference labels alone are insufficient,deterministic reconciliation of source-reviewed assertions; not a new manual source review
313,Liuzhou Worker's Hospital,Guangxi,Liuzhou,50,https://clinicaltrials.gov/study/NCT00829660,unverified_no_approved_evidence,not_evaluated_without_approved_identity,,,,[],[],Obtain hospital or regulator evidence connecting the reported name to a filing; reference labels alone are insufficient,deterministic reconciliation of source-reviewed assertions; not a new manual source review
314,Nantong Tumor Hospital,Jiangsu,Nantong,50,https://clinicaltrials.gov/study/NCT02215356,unverified_reference_only,not_evaluated_without_approved_identity,,,,[],"[{""hospital_id"": ""cnha-cfdi-b797ac6ec0a8033377b0e5412a0d24da"", ""official_name"": ""南通市肿瘤医院"", ""candidate_alias"": ""Nantong Tumor Hospital"", ""source_url"": ""https://ror.org/01egmr022"", ""status"": ""review_required"", ""reason"": ""Reference-only name; not approved for resolution""}]",Obtain hospital or regulator evidence connecting the reported name to a filing; reference labels alone are insufficient,deterministic reconciliation of source-reviewed assertions; not a new manual source review
315,"Peking Union Medical College Hospital, Chinese Academy of Medical Sciences",Beijing Municipality,Beijing,50,https://clinicaltrials.gov/study/NCT00796692,unverified_no_approved_evidence,not_evaluated_without_approved_identity,,,,[],[],Obtain hospital or regulator evidence connecting the reported name to a filing; reference labels alone are insufficient,deterministic reconciliation of source-reviewed assertions; not a new manual source review
316,Tangdu Hospital,Shaanxi,Xi'an,50,https://clinicaltrials.gov/study/NCT02054078,unverified_no_approved_evidence,not_evaluated_without_approved_identity,,,,[],[],Obtain hospital or regulator evidence connecting the reported name to a filing; reference labels alone are insufficient,deterministic reconciliation of source-reviewed assertions; not a new manual source review
317,The First Affiliated Hospital of Bengbu Medical College,,Bengbu,50,https://clinicaltrials.gov/study/NCT01856478,unverified_no_approved_evidence,not_evaluated_without_approved_identity,,,,[],[],Obtain hospital or regulator evidence connecting the reported name to a filing; reference labels alone are insufficient,deterministic reconciliation of source-reviewed assertions; not a new manual source review
318,The First Affiliated Hospital of University of South China,Hu'nan,Hengyang,50,https://clinicaltrials.gov/study/NCT01897805,unverified_no_approved_evidence,not_evaluated_without_approved_identity,,,,[],[],Obtain hospital or regulator evidence connecting the reported name to a filing; reference labels alone are insufficient,deterministic reconciliation of source-reviewed assertions; not a new manual source review
319,The Second Affiliated Hospital Zhejiang University School of Medicine,,Hangzhou,50,https://clinicaltrials.gov/study/NCT01989182,verified_name_relation,requires_location_review,,,,"[{""hospital_id"": ""cnha-cfdi-17badd7fc0a8033348429f2c890ae1f6"", ""official_name"": ""浙江大学医学院附属第二医院"", ""filing_number"": ""药临床机构备字2020000192"", ""alias"": ""The Second Affiliated Hospital Zhejiang University School of Medicine"", ""normalized_alias"": ""thesecondaffiliatedhospitalzhejianguniversityschoolofmedicine"", ""kind"": ""english_name"", ""evidence_status"": ""official_source_reviewed"", ""source_url"": ""https://en.z2hospital.com/"", ""accessed_at"": ""2026-09-05"", ""valid_from"": """", ""valid_to"": """"}]",[],"Verify reported province, city and campus against the study record before assigning an institution ID",deterministic reconciliation of source-reviewed assertions; not a new manual source review
320,"Beijing Chaoyang Hospital, Capital Medical University",,Beijing,49,https://clinicaltrials.gov/study/NCT01214096,unverified_reference_only,not_evaluated_without_approved_identity,,,,[],"[{""hospital_id"": ""cnha-cfdi-312ade48c0a803330dbbe4dc78900ab2"", ""official_name"": ""首都医科大学附属北京朝阳医院"", ""candidate_alias"": ""Beijing Chao-Yang Hospital, Capital Medical University"", ""source_url"": ""https://ror.org/01eff5662"", ""status"": ""review_required"", ""reason"": ""Reference-only name; not approved for resolution""}]",Obtain hospital or regulator evidence connecting the reported name to a filing; reference labels alone are insufficient,deterministic reconciliation of source-reviewed assertions; not a new manual source review
321,"Beijing Tongren Hospital, Capital Medical University",,Beijing,49,https://clinicaltrials.gov/study/NCT02341560,unverified_no_approved_evidence,not_evaluated_without_approved_identity,,,,[],[],Obtain hospital or regulator evidence connecting the reported name to a filing; reference labels alone are insufficient,deterministic reconciliation of source-reviewed assertions; not a new manual source review
322,Dermatology Hospital of Southern Medical University,Guangdong,Guangzhou,49,https://clinicaltrials.gov/study/NCT04040192,unverified_no_approved_evidence,not_evaluated_without_approved_identity,,,,[],[],Obtain hospital or regulator evidence connecting the reported name to a filing; reference labels alone are insufficient,deterministic reconciliation of source-reviewed assertions; not a new manual source review
323,Guangdong Provincial Hospital of Chinese Medicine,Guangdong,Guangzhou,49,https://clinicaltrials.gov/study/NCT00966316,unverified_no_approved_evidence,not_evaluated_without_approved_identity,,,,[],[],Obtain hospital or regulator evidence connecting the reported name to a filing; reference labels alone are insufficient,deterministic reconciliation of source-reviewed assertions; not a new manual source review
324,Huzhou Central Hospital,Zhejiang,Huzhou,49,https://clinicaltrials.gov/study/NCT01677208,unverified_reference_only,not_evaluated_without_approved_identity,,,,[],"[{""hospital_id"": ""cnha-cfdi-aa5e801bc0a80333103950ba923572ae"", ""official_name"": ""湖州市中心医院"", ""candidate_alias"": ""Huzhou Central Hospital"", ""source_url"": ""https://ror.org/01czx1v82"", ""status"": ""review_required"", ""reason"": ""Reference-only name; not approved for resolution""}]",Obtain hospital or regulator evidence connecting the reported name to a filing; reference labels alone are insufficient,deterministic reconciliation of source-reviewed assertions; not a new manual source review
325,Shanghai Changzheng Hospital,,Shanghai,49,https://clinicaltrials.gov/study/NCT00057382,unverified_no_approved_evidence,not_evaluated_without_approved_identity,,,,[],[],Obtain hospital or regulator evidence connecting the reported name to a filing; reference labels alone are insufficient,deterministic reconciliation of source-reviewed assertions; not a new manual source review
326,Shanxi Provincial People's Hospital,Shanxi,Taiyuan,49,https://clinicaltrials.gov/study/NCT02063100,unverified_reference_only,not_evaluated_without_approved_identity,,,,[],"[{""hospital_id"": ""cnha-cfdi-5a9b087bc0a803337e94e03983195adc"", ""official_name"": ""山西省人民医院"", ""candidate_alias"": ""Shanxi Provincial People’s Hospital"", ""source_url"": ""https://ror.org/057ckzt47"", ""status"": ""review_required"", ""reason"": ""Reference-only name; not approved for resolution""}]",Obtain hospital or regulator evidence connecting the reported name to a filing; reference labels alone are insufficient,deterministic reconciliation of source-reviewed assertions; not a new manual source review
327,The First Affiliated Hospital of Bengbu Medical University,Anhui,Bengbu,49,https://clinicaltrials.gov/study/NCT04078386,unverified_no_approved_evidence,not_evaluated_without_approved_identity,,,,[],[],Obtain hospital or regulator evidence connecting the reported name to a filing; reference labels alone are insufficient,deterministic reconciliation of source-reviewed assertions; not a new manual source review
328,Tongji Hospital Affiliated to Tongji Medical College of Huazhong University of Science and Technology,Hubei,Wuhan,49,https://clinicaltrials.gov/study/NCT04370145,unverified_no_approved_evidence,not_evaluated_without_approved_identity,,,,[],[],Obtain hospital or regulator evidence connecting the reported name to a filing; reference labels alone are insufficient,deterministic reconciliation of source-reviewed assertions; not a new manual source review
329,Zhongshan Hospital Xiamen University,Fujian,Xiamen,49,https://clinicaltrials.gov/study/NCT00829660,unverified_no_approved_evidence,not_evaluated_without_approved_identity,,,,[],[],Obtain hospital or regulator evidence connecting the reported name to a filing; reference labels alone are insufficient,deterministic reconciliation of source-reviewed assertions; not a new manual source review
330,Huashan Hospital,,Shanghai,48,https://clinicaltrials.gov/study/NCT01140997,unverified_reference_only,not_evaluated_without_approved_identity,,,,[],"[{""hospital_id"": ""cnha-cfdi-5fa1b83ec0a803333f2b2d82ab77ebfe"", ""official_name"": ""复旦大学附属华山医院"", ""candidate_alias"": ""Huashan Hospital"", ""source_url"": ""https://ror.org/05201qm87"", ""status"": ""review_required"", ""reason"": ""Reference-only name; not approved for resolution""}]",Obtain hospital or regulator evidence connecting the reported name to a filing; reference labels alone are insufficient,deterministic reconciliation of source-reviewed assertions; not a new manual source review
331,Liaoning Cancer Hospital and Institute,Liaoning,Shenyang,48,https://clinicaltrials.gov/study/NCT01939054,unverified_no_approved_evidence,not_evaluated_without_approved_identity,,,,[],[],Obtain hospital or regulator evidence connecting the reported name to a filing; reference labels alone are insufficient,deterministic reconciliation of source-reviewed assertions; not a new manual source review
332,Shanghai First People's Hospital,Shanghai Municipality,Shanghai,48,https://clinicaltrials.gov/study/NCT00926562,unverified_no_approved_evidence,not_evaluated_without_approved_identity,,,,[],[],Obtain hospital or regulator evidence connecting the reported name to a filing; reference labels alone are insufficient,deterministic reconciliation of source-reviewed assertions; not a new manual source review
333,The Affiliated Hospital of Xuzhou Medical University,,Xuzhou,48,https://clinicaltrials.gov/study/NCT01918098,unverified_no_approved_evidence,not_evaluated_without_approved_identity,,,,[],[],Obtain hospital or regulator evidence connecting the reported name to a filing; reference labels alone are insufficient,deterministic reconciliation of source-reviewed assertions; not a new manual source review
334,The First Affiliated Hospital of Henan University of Science & Technology,Henan,Luoyang,48,https://clinicaltrials.gov/study/NCT01560052,unverified_no_approved_evidence,not_evaluated_without_approved_identity,,,,[],[],Obtain hospital or regulator evidence connecting the reported name to a filing; reference labels alone are insufficient,deterministic reconciliation of source-reviewed assertions; not a new manual source review
335,The First Hospital of Shanxi Medical University,Shanxi,Taiyuan,48,https://clinicaltrials.gov/study/NCT01531829,unverified_no_approved_evidence,not_evaluated_without_approved_identity,,,,[],[],Obtain hospital or regulator evidence connecting the reported name to a filing; reference labels alone are insufficient,deterministic reconciliation of source-reviewed assertions; not a new manual source review
336,Zhongshan Hospital,,Shanghai,48,https://clinicaltrials.gov/study/NCT00402272,unverified_reference_only,not_evaluated_without_approved_identity,,,,[],"[{""hospital_id"": ""cnha-cfdi-3ce595d2c0a803333acc798da7cf0c71"", ""official_name"": ""中山大学附属第一医院"", ""candidate_alias"": ""Zhongshan Hospital"", ""source_url"": ""https://ror.org/037p24858"", ""status"": ""review_required"", ""reason"": ""Reference-only name; not approved for resolution""}, {""hospital_id"": ""cnha-cfdi-aaf35c6ec0a803332e232c9de3002662"", ""official_name"": ""复旦大学附属中山医院"", ""candidate_alias"": ""Zhongshan Hospital"", ""source_url"": ""https://ror.org/032x22645"", ""status"": ""review_required"", ""reason"": ""Reference-only name; not approved for resolution""}]",Obtain hospital or regulator evidence connecting the reported name to a filing; reference labels alone are insufficient,deterministic reconciliation of source-reviewed assertions; not a new manual source review
337,Beijing Jishuitan Hospital,Beijing Municipality,Beijing,47,https://clinicaltrials.gov/study/NCT00829660,unverified_no_approved_evidence,not_evaluated_without_approved_identity,,,,[],[],Obtain hospital or regulator evidence connecting the reported name to a filing; reference labels alone are insufficient,deterministic reconciliation of source-reviewed assertions; not a new manual source review
338,Beijing Tongren Hospital,,Beijing,47,https://clinicaltrials.gov/study/NCT01276912,unverified_reference_only,not_evaluated_without_approved_identity,,,,[],"[{""hospital_id"": ""cnha-cfdi-ee623edbc0a8033330de327baef0596f"", ""official_name"": ""首都医科大学附属北京同仁医院"", ""candidate_alias"": ""Beijing Tongren Hospital"", ""source_url"": ""https://ror.org/013e4n276"", ""status"": ""review_required"", ""reason"": ""Reference-only name; not approved for resolution""}]",Obtain hospital or regulator evidence connecting the reported name to a filing; reference labels alone are insufficient,deterministic reconciliation of source-reviewed assertions; not a new manual source review
339,Cancer Hospital Chinese Academy of Medical Science,Beijing Municipality,Beijing,47,https://clinicaltrials.gov/study/NCT00639522,unverified_no_approved_evidence,not_evaluated_without_approved_identity,,,,[],[],Obtain hospital or regulator evidence connecting the reported name to a filing; reference labels alone are insufficient,deterministic reconciliation of source-reviewed assertions; not a new manual source review
340,Linfen Central Hospital,Shanxi,Linfen,47,https://clinicaltrials.gov/study/NCT03431142,unverified_no_approved_evidence,not_evaluated_without_approved_identity,,,,[],[],Obtain hospital or regulator evidence connecting the reported name to a filing; reference labels alone are insufficient,deterministic reconciliation of source-reviewed assertions; not a new manual source review
341,Linyi Cancer Hospital,,Linyi,47,https://clinicaltrials.gov/study/NCT03088813,unverified_no_approved_evidence,not_evaluated_without_approved_identity,,,,[],[],Obtain hospital or regulator evidence connecting the reported name to a filing; reference labels alone are insufficient,deterministic reconciliation of source-reviewed assertions; not a new manual source review
342,Shanghai Changhai Hospital,Shanghai Municipality,Shanghai,47,https://clinicaltrials.gov/study/NCT00796692,unverified_no_approved_evidence,not_evaluated_without_approved_identity,,,,[],[],Obtain hospital or regulator evidence connecting the reported name to a filing; reference labels alone are insufficient,deterministic reconciliation of source-reviewed assertions; not a new manual source review
343,The Second Affiliated Hospital of Zhengzhou University,Henan,Zhengzhou,47,https://clinicaltrials.gov/study/NCT00829660,unverified_no_approved_evidence,not_evaluated_without_approved_identity,,,,[],[],Obtain hospital or regulator evidence connecting the reported name to a filing; reference labels alone are insufficient,deterministic reconciliation of source-reviewed assertions; not a new manual source review
344,The first affiliated hospital of medical college of zhejiang university,Zhejiang,Hangzhou,47,https://clinicaltrials.gov/study/NCT04626908,unverified_no_approved_evidence,not_evaluated_without_approved_identity,,,,[],[],Obtain hospital or regulator evidence connecting the reported name to a filing; reference labels alone are insufficient,deterministic reconciliation of source-reviewed assertions; not a new manual source review
345,Tianjin Chest Hospital,Tianjin Municipality,Tianjin,47,https://clinicaltrials.gov/study/NCT00829660,unverified_reference_only,not_evaluated_without_approved_identity,,,,[],"[{""hospital_id"": ""cnha-cfdi-f3c097fec0a803334a989b63c800827f"", ""official_name"": ""天津市胸科医院"", ""candidate_alias"": ""Tianjin Chest Hospital"", ""source_url"": ""https://ror.org/05r9v1368"", ""status"": ""review_required"", ""reason"": ""Reference-only name; not approved for resolution""}]",Obtain hospital or regulator evidence connecting the reported name to a filing; reference labels alone are insufficient,deterministic reconciliation of source-reviewed assertions; not a new manual source review
346,"Tongji Hospital, Tongji Medical College, Huazhong University of Science & Technology",Hubei,Wuhan,47,https://clinicaltrials.gov/study/NCT01332149,unverified_no_approved_evidence,not_evaluated_without_approved_identity,,,,[],[],Obtain hospital or regulator evidence connecting the reported name to a filing; reference labels alone are insufficient,deterministic reconciliation of source-reviewed assertions; not a new manual source review
347,Zibo Central Hospital,Shandong,Zibo,47,https://clinicaltrials.gov/study/NCT01703637,unverified_no_approved_evidence,not_evaluated_without_approved_identity,,,,[],[],Obtain hospital or regulator evidence connecting the reported name to a filing; reference labels alone are insufficient,deterministic reconciliation of source-reviewed assertions; not a new manual source review
348,"2nd Affiliated Hospital, School of Medicine, Zhejiang University",Zhejiang,Hangzhou,46,https://clinicaltrials.gov/study/NCT00846261,unverified_no_approved_evidence,not_evaluated_without_approved_identity,,,,[],[],Obtain hospital or regulator evidence connecting the reported name to a filing; reference labels alone are insufficient,deterministic reconciliation of source-reviewed assertions; not a new manual source review
349,"Children's Hospital, Zhejiang University School of Medicine",Zhejiang,Hangzhou,46,https://clinicaltrials.gov/study/NCT00642863,unverified_no_approved_evidence,not_evaluated_without_approved_identity,,,,[],[],Obtain hospital or regulator evidence connecting the reported name to a filing; reference labels alone are insufficient,deterministic reconciliation of source-reviewed assertions; not a new manual source review
350,"Department of Gastroenterology, Qilu Hospital, Shandong University",Shandong,Ji'nan,46,https://clinicaltrials.gov/study/NCT00851305,unverified_no_approved_evidence,not_evaluated_without_approved_identity,,,,[],[],Obtain hospital or regulator evidence connecting the reported name to a filing; reference labels alone are insufficient,deterministic reconciliation of source-reviewed assertions; not a new manual source review
351,"Department of Hematology,Nanfang Hospital, Southern Medical University",Guangdong,Guangzhou,46,https://clinicaltrials.gov/study/NCT01763086,unverified_no_approved_evidence,not_evaluated_without_approved_identity,,,,[],[],Obtain hospital or regulator evidence connecting the reported name to a filing; reference labels alone are insufficient,deterministic reconciliation of source-reviewed assertions; not a new manual source review
352,Eye & ENT Hospital of Fudan University,Shanghai Municipality,Shanghai,46,https://clinicaltrials.gov/study/NCT01436864,verified_name_relation,requires_location_review,,,,"[{""hospital_id"": ""cnha-cfdi-3b82df51c0a80333106dd738c8bd4964"", ""official_name"": ""复旦大学附属眼耳鼻喉科医院"", ""filing_number"": ""药临床机构备字2020000197"", ""alias"": ""Eye & ENT Hospital of Fudan University"", ""normalized_alias"": ""eye&enthospitaloffudanuniversity"", ""kind"": ""english_name"", ""evidence_status"": ""official_source_reviewed"", ""source_url"": ""https://shmc.fudan.edu.cn/eng/2094/list.htm"", ""accessed_at"": ""2026-09-05"", ""valid_from"": """", ""valid_to"": """"}]",[],"Verify reported province, city and campus against the study record before assigning an institution ID",deterministic reconciliation of source-reviewed assertions; not a new manual source review
353,Huashan Hospital Affiliated to Fudan University,,Shanghai,46,https://clinicaltrials.gov/study/NCT01131637,unverified_no_approved_evidence,not_evaluated_without_approved_identity,,,,[],[],Obtain hospital or regulator evidence connecting the reported name to a filing; reference labels alone are insufficient,deterministic reconciliation of source-reviewed assertions; not a new manual source review
354,Shenzhen People's Hospital,,Shenzhen,46,https://clinicaltrials.gov/study/NCT01529476,unverified_reference_only,not_evaluated_without_approved_identity,,,,[],"[{""hospital_id"": ""cnha-cfdi-583d67e0c0a803331ff29cfe5c8fdebd"", ""official_name"": ""深圳市人民医院"", ""candidate_alias"": ""ShenZhen People’s Hospital"", ""source_url"": ""https://ror.org/01hcefx46"", ""status"": ""review_required"", ""reason"": ""Reference-only name; not approved for resolution""}]",Obtain hospital or regulator evidence connecting the reported name to a filing; reference labels alone are insufficient,deterministic reconciliation of source-reviewed assertions; not a new manual source review
355,Southwest Hospital,Chongqing Municipality,Chongqing,46,https://clinicaltrials.gov/study/NCT00664846,unverified_no_approved_evidence,not_evaluated_without_approved_identity,,,,[],[],Obtain hospital or regulator evidence connecting the reported name to a filing; reference labels alone are insufficient,deterministic reconciliation of source-reviewed assertions; not a new manual source review
356,Suining Central Hospital,Sichuan,Suining,46,https://clinicaltrials.gov/study/NCT04187352,unverified_no_approved_evidence,not_evaluated_without_approved_identity,,,,[],[],Obtain hospital or regulator evidence connecting the reported name to a filing; reference labels alone are insufficient,deterministic reconciliation of source-reviewed assertions; not a new manual source review
357,The Second Affiliated Hospital of Zhejiang University,Zhejiang,Hangzhou,46,https://clinicaltrials.gov/study/NCT00565708,unverified_no_approved_evidence,not_evaluated_without_approved_identity,,,,[],[],Obtain hospital or regulator evidence connecting the reported name to a filing; reference labels alone are insufficient,deterministic reconciliation of source-reviewed assertions; not a new manual source review
358,Tianjin Cancer Hospital Airport Hospital,Tianjin Municipality,Tianjin,46,https://clinicaltrials.gov/study/NCT05640791,unverified_no_approved_evidence,not_evaluated_without_approved_identity,,,,[],[],Obtain hospital or regulator evidence connecting the reported name to a filing; reference labels alone are insufficient,deterministic reconciliation of source-reviewed assertions; not a new manual source review
359,Tongji Hospital Tongji Medical College Huazhong University of Science and Technology,,Wuhan,46,https://clinicaltrials.gov/study/NCT01581398,unverified_no_approved_evidence,not_evaluated_without_approved_identity,,,,[],[],Obtain hospital or regulator evidence connecting the reported name to a filing; reference labels alone are insufficient,deterministic reconciliation of source-reviewed assertions; not a new manual source review
360,Xijing Hospital,Shanxi,XiAn,46,https://clinicaltrials.gov/study/NCT01002092,unverified_no_approved_evidence,not_evaluated_without_approved_identity,,,,[],[],Obtain hospital or regulator evidence connecting the reported name to a filing; reference labels alone are insufficient,deterministic reconciliation of source-reviewed assertions; not a new manual source review
361,Beijing Friendship Hospital,,Beijing,45,https://clinicaltrials.gov/study/NCT00148460,unverified_no_approved_evidence,not_evaluated_without_approved_identity,,,,[],[],Obtain hospital or regulator evidence connecting the reported name to a filing; reference labels alone are insufficient,deterministic reconciliation of source-reviewed assertions; not a new manual source review
362,Children's Hospital of Chongqing Medical University,Chongqing Municipality,Chongqing,45,https://clinicaltrials.gov/study/NCT02544542,unverified_no_approved_evidence,not_evaluated_without_approved_identity,,,,[],[],Obtain hospital or regulator evidence connecting the reported name to a filing; reference labels alone are insufficient,deterministic reconciliation of source-reviewed assertions; not a new manual source review
363,Shanghai Sixth People's Hospital,,Shanghai,45,https://clinicaltrials.gov/study/NCT00478790,unverified_reference_only,not_evaluated_without_approved_identity,,,,[],"[{""hospital_id"": ""cnha-cfdi-d164b26bc0a803335e5e81c86205b5be"", ""official_name"": ""上海市第六人民医院"", ""candidate_alias"": ""Shanghai Sixth People's Hospital"", ""source_url"": ""https://ror.org/049zrh188"", ""status"": ""review_required"", ""reason"": ""Reference-only name; not approved for resolution""}]",Obtain hospital or regulator evidence connecting the reported name to a filing; reference labels alone are insufficient,deterministic reconciliation of source-reviewed assertions; not a new manual source review
364,The First Affiliated Hospital of Henan University of Science and Technology,,Luoyang,45,https://clinicaltrials.gov/study/NCT04094662,unverified_no_approved_evidence,not_evaluated_without_approved_identity,,,,[],[],Obtain hospital or regulator evidence connecting the reported name to a filing; reference labels alone are insufficient,deterministic reconciliation of source-reviewed assertions; not a new manual source review
365,The Third Hospital of Hebei Medical University,Hebei,Shijiazhuang,45,https://clinicaltrials.gov/study/NCT00664846,unverified_no_approved_evidence,not_evaluated_without_approved_identity,,,,[],[],Obtain hospital or regulator evidence connecting the reported name to a filing; reference labels alone are insufficient,deterministic reconciliation of source-reviewed assertions; not a new manual source review
366,Yantai Yuhuangding Hospital,,Yantai,45,https://clinicaltrials.gov/study/NCT03500380,unverified_reference_only,not_evaluated_without_approved_identity,,,,[],"[{""hospital_id"": ""cnha-cfdi-d5d0a870c0a8033365bd187136c16c8c"", ""official_name"": ""烟台毓璜顶医院"", ""candidate_alias"": ""Yantai Yuhuangding Hospital"", ""source_url"": ""https://ror.org/05vawe413"", ""status"": ""review_required"", ""reason"": ""Reference-only name; not approved for resolution""}]",Obtain hospital or regulator evidence connecting the reported name to a filing; reference labels alone are insufficient,deterministic reconciliation of source-reviewed assertions; not a new manual source review
367,Affiliated Hospital of Guangdong Medical University,Guangdong,Zhanjiang,44,https://clinicaltrials.gov/study/NCT03084237,unverified_no_approved_evidence,not_evaluated_without_approved_identity,,,,[],[],Obtain hospital or regulator evidence connecting the reported name to a filing; reference labels alone are insufficient,deterministic reconciliation of source-reviewed assertions; not a new manual source review
368,Binzhou Medical University Hospital,Shandong,Binzhou,44,https://clinicaltrials.gov/study/NCT01721408,unverified_no_approved_evidence,not_evaluated_without_approved_identity,,,,[],[],Obtain hospital or regulator evidence connecting the reported name to a filing; reference labels alone are insufficient,deterministic reconciliation of source-reviewed assertions; not a new manual source review
369,Fudan University Cancer Hospital,,Shanghai,44,https://clinicaltrials.gov/study/NCT00430378,unverified_no_approved_evidence,not_evaluated_without_approved_identity,,,,[],[],Obtain hospital or regulator evidence connecting the reported name to a filing; reference labels alone are insufficient,deterministic reconciliation of source-reviewed assertions; not a new manual source review
370,Meizhou People's Hospital,Guangdong,Meizhou,44,https://clinicaltrials.gov/study/NCT02845986,unverified_no_approved_evidence,not_evaluated_without_approved_identity,,,,[],[],Obtain hospital or regulator evidence connecting the reported name to a filing; reference labels alone are insufficient,deterministic reconciliation of source-reviewed assertions; not a new manual source review
371,The Second Affiliated Hospital of Zhejiang University School of Medicine,,Hangzhou,44,https://clinicaltrials.gov/study/NCT00413699,unverified_no_approved_evidence,not_evaluated_without_approved_identity,,,,[],[],Obtain hospital or regulator evidence connecting the reported name to a filing; reference labels alone are insufficient,deterministic reconciliation of source-reviewed assertions; not a new manual source review
372,The Second Hospital of Tianjin Medical University,,Tianjin,44,https://clinicaltrials.gov/study/NCT00375674,verified_name_relation,requires_location_review,,,,"[{""hospital_id"": ""cnha-cfdi-01b102bec0a803331ea32189f63ef53a"", ""official_name"": ""天津医科大学第二医院"", ""filing_number"": ""药临床机构备字2020000186"", ""alias"": ""The Second Hospital of Tianjin Medical University"", ""normalized_alias"": ""thesecondhospitaloftianjinmedicaluniversity"", ""kind"": ""english_name"", ""evidence_status"": ""official_source_reviewed"", ""source_url"": ""https://gs.tmu.edu.cn/_upload/article/files/25/92/b1ddeac8440d816796748f7f9544/6b270462-3758-4b0a-85f4-f306c880f31e.pdf"", ""accessed_at"": ""2026-09-05"", ""valid_from"": """", ""valid_to"": """"}]",[],"Verify reported province, city and campus against the study record before assigning an institution ID",deterministic reconciliation of source-reviewed assertions; not a new manual source review
373,Xingtai People's Hospital,Hebei,Xingtai,44,https://clinicaltrials.gov/study/NCT02534545,unverified_no_approved_evidence,not_evaluated_without_approved_identity,,,,[],[],Obtain hospital or regulator evidence connecting the reported name to a filing; reference labels alone are insufficient,deterministic reconciliation of source-reviewed assertions; not a new manual source review
374,Daqing Oilfield General Hospital,Heilongjiang,Daqing,43,https://clinicaltrials.gov/study/NCT00829660,unverified_no_approved_evidence,not_evaluated_without_approved_identity,,,,[],[],Obtain hospital or regulator evidence connecting the reported name to a filing; reference labels alone are insufficient,deterministic reconciliation of source-reviewed assertions; not a new manual source review
375,General Hospital of Ningxia Medical University,,Yinchuan,43,https://clinicaltrials.gov/study/NCT01619085,unverified_no_approved_evidence,not_evaluated_without_approved_identity,,,,[],[],Obtain hospital or regulator evidence connecting the reported name to a filing; reference labels alone are insufficient,deterministic reconciliation of source-reviewed assertions; not a new manual source review
376,General Hospital of Northern Theater Command,Liaoning,Shenyang,43,https://clinicaltrials.gov/study/NCT03431142,unverified_no_approved_evidence,not_evaluated_without_approved_identity,,,,[],[],Obtain hospital or regulator evidence connecting the reported name to a filing; reference labels alone are insufficient,deterministic reconciliation of source-reviewed assertions; not a new manual source review
377,Guangzhou Women and Children's Medical Center,Guangdong,Guangzhou,43,https://clinicaltrials.gov/study/NCT02205580,unverified_no_approved_evidence,not_evaluated_without_approved_identity,,,,[],[],Obtain hospital or regulator evidence connecting the reported name to a filing; reference labels alone are insufficient,deterministic reconciliation of source-reviewed assertions; not a new manual source review
378,Mengchao Hepatobiliary Hospital of Fujian Medical University,Fujian,Fuzhou,43,https://clinicaltrials.gov/study/NCT03403569,unverified_no_approved_evidence,not_evaluated_without_approved_identity,,,,[],[],Obtain hospital or regulator evidence connecting the reported name to a filing; reference labels alone are insufficient,deterministic reconciliation of source-reviewed assertions; not a new manual source review
379,The Central Hospital of Wuhan,Hubei,Wuhan,43,https://clinicaltrials.gov/study/NCT01677208,unverified_no_approved_evidence,not_evaluated_without_approved_identity,,,,[],[],Obtain hospital or regulator evidence connecting the reported name to a filing; reference labels alone are insufficient,deterministic reconciliation of source-reviewed assertions; not a new manual source review
380,The First Affiliated Hospital of Guangxi Medical University,,Nanning,43,https://clinicaltrials.gov/study/NCT01976208,unverified_no_approved_evidence,not_evaluated_without_approved_identity,,,,[],[],Obtain hospital or regulator evidence connecting the reported name to a filing; reference labels alone are insufficient,deterministic reconciliation of source-reviewed assertions; not a new manual source review
381,The Second Affiliated Hospital of Soochow University,,Suzhou,43,https://clinicaltrials.gov/study/NCT00413413,unverified_no_approved_evidence,not_evaluated_without_approved_identity,,,,[],[],Obtain hospital or regulator evidence connecting the reported name to a filing; reference labels alone are insufficient,deterministic reconciliation of source-reviewed assertions; not a new manual source review
382,The Second Hospital of Tianjin Medical University,Tianjin Municipality,Tianjin,43,https://clinicaltrials.gov/study/NCT00829660,verified_name_relation,requires_location_review,,,,"[{""hospital_id"": ""cnha-cfdi-01b102bec0a803331ea32189f63ef53a"", ""official_name"": ""天津医科大学第二医院"", ""filing_number"": ""药临床机构备字2020000186"", ""alias"": ""The Second Hospital of Tianjin Medical University"", ""normalized_alias"": ""thesecondhospitaloftianjinmedicaluniversity"", ""kind"": ""english_name"", ""evidence_status"": ""official_source_reviewed"", ""source_url"": ""https://gs.tmu.edu.cn/_upload/article/files/25/92/b1ddeac8440d816796748f7f9544/6b270462-3758-4b0a-85f4-f306c880f31e.pdf"", ""accessed_at"": ""2026-09-05"", ""valid_from"": """", ""valid_to"": """"}]",[],"Verify reported province, city and campus against the study record before assigning an institution ID",deterministic reconciliation of source-reviewed assertions; not a new manual source review
383,Xinhua Hospital Affiliated to Shanghai Jiao Tong University School of Medicine,,Shanghai,43,https://clinicaltrials.gov/study/NCT00069121,unverified_no_approved_evidence,not_evaluated_without_approved_identity,,,,[],[],Obtain hospital or regulator evidence connecting the reported name to a filing; reference labels alone are insufficient,deterministic reconciliation of source-reviewed assertions; not a new manual source review
384,Affiliated Hospital of North Sichuan Medical College,Sichuan,Nanchong,42,https://clinicaltrials.gov/study/NCT00548223,unverified_reference_only,not_evaluated_without_approved_identity,,,,[],"[{""hospital_id"": ""cnha-cfdi-464b547ac0a8033331338d0e08e74859"", ""official_name"": ""川北医学院附属医院"", ""candidate_alias"": ""Affiliated Hospital of North Sichuan Medical College"", ""source_url"": ""https://ror.org/01673gn35"", ""status"": ""review_required"", ""reason"": ""Reference-only name; not approved for resolution""}]",Obtain hospital or regulator evidence connecting the reported name to a filing; reference labels alone are insufficient,deterministic reconciliation of source-reviewed assertions; not a new manual source review
385,Anyang Tumor Hospital,Henan,An'yang,42,https://clinicaltrials.gov/study/NCT02972372,unverified_reference_only,not_evaluated_without_approved_identity,,,,[],"[{""hospital_id"": ""cnha-cfdi-6021cae6c0a803330526f86552ac3b0f"", ""official_name"": ""安阳市肿瘤医院"", ""candidate_alias"": ""Anyang Tumor Hospital"", ""source_url"": ""https://ror.org/01hs21r74"", ""status"": ""review_required"", ""reason"": ""Reference-only name; not approved for resolution""}]",Obtain hospital or regulator evidence connecting the reported name to a filing; reference labels alone are insufficient,deterministic reconciliation of source-reviewed assertions; not a new manual source review
386,Chengdu Second People's Hospital,Sichuan,Chengdu,42,https://clinicaltrials.gov/study/NCT00829660,unverified_reference_only,not_evaluated_without_approved_identity,,,,[],"[{""hospital_id"": ""cnha-cfdi-6f123361c0a8033301dca0f48216c258"", ""official_name"": ""成都市第二人民医院、成都市第二人民医院皮肤病医院、四川仁济医院、成都市第二人民医院互联网医院"", ""candidate_alias"": ""Chengdu Second People's Hospital"", ""source_url"": ""https://ror.org/02q28q956"", ""status"": ""review_required"", ""reason"": ""Reference-only name; not approved for resolution""}]",Obtain hospital or regulator evidence connecting the reported name to a filing; reference labels alone are insufficient,deterministic reconciliation of source-reviewed assertions; not a new manual source review
387,Jingzhou Central Hospital,Hubei,Jingzhou,42,https://clinicaltrials.gov/study/NCT01612260,unverified_reference_only,not_evaluated_without_approved_identity,,,,[],"[{""hospital_id"": ""cnha-cfdi-7ceaf23ec0a8033333aba3b60f0ec08c"", ""official_name"": ""荆州市中心医院（长江大学附属荆州医院）"", ""candidate_alias"": ""Jingzhou Central Hospital"", ""source_url"": ""https://ror.org/04gnkpp77"", ""status"": ""review_required"", ""reason"": ""Reference-only name; not approved for resolution""}]",Obtain hospital or regulator evidence connecting the reported name to a filing; reference labels alone are insufficient,deterministic reconciliation of source-reviewed assertions; not a new manual source review
388,Liaoning Cancer Hospital & Institute,,Shenyang,42,https://clinicaltrials.gov/study/NCT01683175,unverified_reference_only,not_evaluated_without_approved_identity,,,,[],"[{""hospital_id"": ""cnha-cfdi-0d9e9d19c0a803332f2e459fefe8ecda"", ""official_name"": ""大连理工大学附属肿瘤医院（辽宁省肿瘤医院、辽宁省肿瘤研究所）"", ""candidate_alias"": ""Liaoning Cancer Hospital & Institute"", ""source_url"": ""https://ror.org/05d659s21"", ""status"": ""review_required"", ""reason"": ""Reference-only name; not approved for resolution""}]",Obtain hospital or regulator evidence connecting the reported name to a filing; reference labels alone are insufficient,deterministic reconciliation of source-reviewed assertions; not a new manual source review
389,Renji Hospital Affiliated to Shanghai Jiaotong University School of Medicine,Shanghai Municipality,Shanghai,42,https://clinicaltrials.gov/study/NCT01560624,unverified_no_approved_evidence,not_evaluated_without_approved_identity,,,,[],[],Obtain hospital or regulator evidence connecting the reported name to a filing; reference labels alone are insufficient,deterministic reconciliation of source-reviewed assertions; not a new manual source review
390,Shanghai Tenth People's Hospital,,Shanghai,42,https://clinicaltrials.gov/study/NCT01190657,unverified_no_approved_evidence,not_evaluated_without_approved_identity,,,,[],[],Obtain hospital or regulator evidence connecting the reported name to a filing; reference labels alone are insufficient,deterministic reconciliation of source-reviewed assertions; not a new manual source review
391,The First People's Hospital of Yunnan Province,Yun'nan,Kunming,42,https://clinicaltrials.gov/study/NCT00829660,unverified_no_approved_evidence,not_evaluated_without_approved_identity,,,,[],[],Obtain hospital or regulator evidence connecting the reported name to a filing; reference labels alone are insufficient,deterministic reconciliation of source-reviewed assertions; not a new manual source review
392,The Second Affiliated Hospital of Wenzhou Medical University,Zhejiang,Wenzhou,42,https://clinicaltrials.gov/study/NCT02099721,unverified_no_approved_evidence,not_evaluated_without_approved_identity,,,,[],[],Obtain hospital or regulator evidence connecting the reported name to a filing; reference labels alone are insufficient,deterministic reconciliation of source-reviewed assertions; not a new manual source review
393,The Third Affiliated Hospital of Zhejiang Chinese Medical University,Zhejiang,Hangzhou,42,https://clinicaltrials.gov/study/NCT03580317,unverified_no_approved_evidence,not_evaluated_without_approved_identity,,,,[],[],Obtain hospital or regulator evidence connecting the reported name to a filing; reference labels alone are insufficient,deterministic reconciliation of source-reviewed assertions; not a new manual source review
394,Beijing Anzhen Hospital,,Beijing,41,https://clinicaltrials.gov/study/NCT00148460,unverified_no_approved_evidence,not_evaluated_without_approved_identity,,,,[],[],Obtain hospital or regulator evidence connecting the reported name to a filing; reference labels alone are insufficient,deterministic reconciliation of source-reviewed assertions; not a new manual source review
395,"Beijing Children's Hospital, Capital Medical University",,Beijing,41,https://clinicaltrials.gov/study/NCT02650401,unverified_no_approved_evidence,not_evaluated_without_approved_identity,,,,[],[],Obtain hospital or regulator evidence connecting the reported name to a filing; reference labels alone are insufficient,deterministic reconciliation of source-reviewed assertions; not a new manual source review
396,Nanjing First Hospital,,Nanjing,41,https://clinicaltrials.gov/study/NCT00463294,unverified_reference_only,not_evaluated_without_approved_identity,,,,[],"[{""hospital_id"": ""cnha-cfdi-318dc62bc0a8033361606bba37a83140"", ""official_name"": ""南京市第一医院"", ""candidate_alias"": ""Nanjing First Hospital"", ""source_url"": ""https://ror.org/02hw73q19"", ""status"": ""review_required"", ""reason"": ""Reference-only name; not approved for resolution""}]",Obtain hospital or regulator evidence connecting the reported name to a filing; reference labels alone are insufficient,deterministic reconciliation of source-reviewed assertions; not a new manual source review
397,Shanghai First People's Hospital,,Shanghai,41,https://clinicaltrials.gov/study/NCT00567190,unverified_no_approved_evidence,not_evaluated_without_approved_identity,,,,[],[],Obtain hospital or regulator evidence connecting the reported name to a filing; reference labels alone are insufficient,deterministic reconciliation of source-reviewed assertions; not a new manual source review
398,The First Affiliated Hospital of Ningbo University,,Ningbo,41,https://clinicaltrials.gov/study/NCT04108208,unverified_no_approved_evidence,not_evaluated_without_approved_identity,,,,[],[],Obtain hospital or regulator evidence connecting the reported name to a filing; reference labels alone are insufficient,deterministic reconciliation of source-reviewed assertions; not a new manual source review
399,The First Affiliated Hospital of University of Science and Technology of China,Anhui,Hefei,41,https://clinicaltrials.gov/study/NCT03809273,unverified_no_approved_evidence,not_evaluated_without_approved_identity,,,,[],[],Obtain hospital or regulator evidence connecting the reported name to a filing; reference labels alone are insufficient,deterministic reconciliation of source-reviewed assertions; not a new manual source review
400,Yunnan Cancer Hospital,,Kunming,41,https://clinicaltrials.gov/study/NCT02914158,unverified_no_approved_evidence,not_evaluated_without_approved_identity,,,,[],[],Obtain hospital or regulator evidence connecting the reported name to a filing; reference labels alone are insufficient,deterministic reconciliation of source-reviewed assertions; not a new manual source review
401,Institute of Hematology & Blood Diseases Hospital,,Tianjin,40,https://clinicaltrials.gov/study/NCT02937662,unverified_reference_only,not_evaluated_without_approved_identity,,,,[],"[{""hospital_id"": ""cnha-cfdi-a55325c3c0a8033354d620afa20ac26c"", ""official_name"": ""中国医学科学院血液病医院"", ""candidate_alias"": ""Institute of Hematology & Blood Diseases Hospital"", ""source_url"": ""https://ror.org/04n16t016"", ""status"": ""review_required"", ""reason"": ""Reference-only name; not approved for resolution""}]",Obtain hospital or regulator evidence connecting the reported name to a filing; reference labels alone are insufficient,deterministic reconciliation of source-reviewed assertions; not a new manual source review
402,Qinghai University Affiliated Hospital,Qinghai,Xining,40,https://clinicaltrials.gov/study/NCT02845986,unverified_reference_only,not_evaluated_without_approved_identity,,,,[],"[{""hospital_id"": ""cnha-cfdi-6ec7f323c0a8033357cd9d8a9faa7c45"", ""official_name"": ""青海大学附属医院"", ""candidate_alias"": ""Qinghai University Affiliated Hospital"", ""source_url"": ""https://ror.org/000j1tr86"", ""status"": ""review_required"", ""reason"": ""Reference-only name; not approved for resolution""}]",Obtain hospital or regulator evidence connecting the reported name to a filing; reference labels alone are insufficient,deterministic reconciliation of source-reviewed assertions; not a new manual source review
403,The First Affiliated Hospital of Wannan Medical College,Anhui,Wuhu,40,https://clinicaltrials.gov/study/NCT02275182,unverified_no_approved_evidence,not_evaluated_without_approved_identity,,,,[],[],Obtain hospital or regulator evidence connecting the reported name to a filing; reference labels alone are insufficient,deterministic reconciliation of source-reviewed assertions; not a new manual source review
404,The Second Hospital of Hebei Medical University,,Shijia Zhuang,40,https://clinicaltrials.gov/study/NCT01976208,unverified_no_approved_evidence,not_evaluated_without_approved_identity,,,,[],[],Obtain hospital or regulator evidence connecting the reported name to a filing; reference labels alone are insufficient,deterministic reconciliation of source-reviewed assertions; not a new manual source review
405,The Second Hospital of Shanxi Medical University,Shanxi,Taiyuan,40,https://clinicaltrials.gov/study/NCT01176565,unverified_no_approved_evidence,not_evaluated_without_approved_identity,,,,[],[],Obtain hospital or regulator evidence connecting the reported name to a filing; reference labels alone are insufficient,deterministic reconciliation of source-reviewed assertions; not a new manual source review
406,Tianjin First Central Hospital,Tianjin Municipality,Tianjin,40,https://clinicaltrials.gov/study/NCT03753061,unverified_no_approved_evidence,not_evaluated_without_approved_identity,,,,[],[],Obtain hospital or regulator evidence connecting the reported name to a filing; reference labels alone are insufficient,deterministic reconciliation of source-reviewed assertions; not a new manual source review
407,Chongqing Cancer Hospital,,Chongqing,39,https://clinicaltrials.gov/study/NCT01844986,unverified_no_approved_evidence,not_evaluated_without_approved_identity,,,,[],[],Obtain hospital or regulator evidence connecting the reported name to a filing; reference labels alone are insufficient,deterministic reconciliation of source-reviewed assertions; not a new manual source review
408,Hebei General Hospital,Hebei,Shijiazhuang,39,https://clinicaltrials.gov/study/NCT01918098,unverified_reference_only,not_evaluated_without_approved_identity,,,,[],"[{""hospital_id"": ""cnha-cfdi-31278b94c0a803333d226ab8b1471a8c"", ""official_name"": ""河北省人民医院"", ""candidate_alias"": ""Hebei General Hospital"", ""source_url"": ""https://ror.org/01nv7k942"", ""status"": ""review_required"", ""reason"": ""Reference-only name; not approved for resolution""}]",Obtain hospital or regulator evidence connecting the reported name to a filing; reference labels alone are insufficient,deterministic reconciliation of source-reviewed assertions; not a new manual source review
409,Hunan Children's Hospital,Hunan,Changsha,39,https://clinicaltrials.gov/study/NCT01652404,unverified_reference_only,not_evaluated_without_approved_identity,,,,[],"[{""hospital_id"": ""cnha-cfdi-ab94acb3c0a80333370367d2fac85029"", ""official_name"": ""湖南省儿童医院"", ""candidate_alias"": ""Hunan Children's Hospital"", ""source_url"": ""https://ror.org/03e207173"", ""status"": ""review_required"", ""reason"": ""Reference-only name; not approved for resolution""}]",Obtain hospital or regulator evidence connecting the reported name to a filing; reference labels alone are insufficient,deterministic reconciliation of source-reviewed assertions; not a new manual source review
410,People's Hospital of Xinjiang Uygur Autonomous Region,Xinjiang,Ürümqi,39,https://clinicaltrials.gov/study/NCT02779569,unverified_reference_only,not_evaluated_without_approved_identity,,,,[],"[{""hospital_id"": ""cnha-cfdi-4f0ed4cac0a803333ee9974b1e6f6636"", ""official_name"": ""新疆维吾尔自治区人民医院"", ""candidate_alias"": ""People's Hospital of Xinjiang Uygur Autonomous Region"", ""source_url"": ""https://ror.org/02r247g67"", ""status"": ""review_required"", ""reason"": ""Reference-only name; not approved for resolution""}]",Obtain hospital or regulator evidence connecting the reported name to a filing; reference labels alone are insufficient,deterministic reconciliation of source-reviewed assertions; not a new manual source review
411,Prince of Wales Hospital,,Hong Kong,39,https://clinicaltrials.gov/study/NCT00307424,unverified_no_approved_evidence,not_evaluated_without_approved_identity,,,,[],[],Obtain hospital or regulator evidence connecting the reported name to a filing; reference labels alone are insufficient,deterministic reconciliation of source-reviewed assertions; not a new manual source review
412,Shanghai Xuhui Central Hospital,Shanghai Municipality,Shanghai,39,https://clinicaltrials.gov/study/NCT01955304,unverified_no_approved_evidence,not_evaluated_without_approved_identity,,,,[],[],Obtain hospital or regulator evidence connecting the reported name to a filing; reference labels alone are insufficient,deterministic reconciliation of source-reviewed assertions; not a new manual source review
413,Shengjing Hospital Affiliated to China Medical University,Liaoning,Shenyang,39,https://clinicaltrials.gov/study/NCT02356419,unverified_no_approved_evidence,not_evaluated_without_approved_identity,,,,[],[],Obtain hospital or regulator evidence connecting the reported name to a filing; reference labels alone are insufficient,deterministic reconciliation of source-reviewed assertions; not a new manual source review
414,The Fifth Affiliated Hospital of Sun Yat-sen University,Guangdong,Zhuhai,39,https://clinicaltrials.gov/study/NCT00829660,unverified_no_approved_evidence,not_evaluated_without_approved_identity,,,,[],[],Obtain hospital or regulator evidence connecting the reported name to a filing; reference labels alone are insufficient,deterministic reconciliation of source-reviewed assertions; not a new manual source review
415,The People's Hospital of Liaoning Province,Liaoning,Shenyang,39,https://clinicaltrials.gov/study/NCT00829660,unverified_no_approved_evidence,not_evaluated_without_approved_identity,,,,[],[],Obtain hospital or regulator evidence connecting the reported name to a filing; reference labels alone are insufficient,deterministic reconciliation of source-reviewed assertions; not a new manual source review
416,Zhejiang Hospital,Zhejiang,Hangzhou,39,https://clinicaltrials.gov/study/NCT00829660,unverified_reference_only,not_evaluated_without_approved_identity,,,,[],"[{""hospital_id"": ""cnha-cfdi-f338e66cc0a803337adcdf3ac9b68fa1"", ""official_name"": ""浙江医院"", ""candidate_alias"": ""Zhejiang Hospital"", ""source_url"": ""https://ror.org/02kzr5g33"", ""status"": ""review_required"", ""reason"": ""Reference-only name; not approved for resolution""}]",Obtain hospital or regulator evidence connecting the reported name to a filing; reference labels alone are insufficient,deterministic reconciliation of source-reviewed assertions; not a new manual source review
417,Baotou Central Hospital,Inner Mongolia,Baotou,38,https://clinicaltrials.gov/study/NCT00829660,unverified_reference_only,not_evaluated_without_approved_identity,,,,[],"[{""hospital_id"": ""cnha-cfdi-5c297385c0a803334317fc3900954e03"", ""official_name"": ""包头市中心医院"", ""candidate_alias"": ""Baotou Central Hospital"", ""source_url"": ""https://ror.org/031pkxq11"", ""status"": ""review_required"", ""reason"": ""Reference-only name; not approved for resolution""}]",Obtain hospital or regulator evidence connecting the reported name to a filing; reference labels alone are insufficient,deterministic reconciliation of source-reviewed assertions; not a new manual source review
418,Luoyang Central Hospital,Henan,Luoyang,38,https://clinicaltrials.gov/study/NCT02894918,unverified_no_approved_evidence,not_evaluated_without_approved_identity,,,,[],[],Obtain hospital or regulator evidence connecting the reported name to a filing; reference labels alone are insufficient,deterministic reconciliation of source-reviewed assertions; not a new manual source review
419,"Shanghai Ninth People's Hospital, Shanghai Jiaotong University School of Medicine",Shanghai Municipality,Shanghai,38,https://clinicaltrials.gov/study/NCT03007160,unverified_no_approved_evidence,not_evaluated_without_approved_identity,,,,[],[],Obtain hospital or regulator evidence connecting the reported name to a filing; reference labels alone are insufficient,deterministic reconciliation of source-reviewed assertions; not a new manual source review
420,Shanghai Ruijin Hospital,Shanghai Municipality,Shanghai,38,https://clinicaltrials.gov/study/NCT00649298,unverified_no_approved_evidence,not_evaluated_without_approved_identity,,,,[],[],Obtain hospital or regulator evidence connecting the reported name to a filing; reference labels alone are insufficient,deterministic reconciliation of source-reviewed assertions; not a new manual source review
421,Women's Hospital School of Medicine Zhejiang University,Zhejiang,Hangzhou,38,https://clinicaltrials.gov/study/NCT00654524,unverified_reference_only,not_evaluated_without_approved_identity,,,,[],"[{""hospital_id"": ""cnha-cfdi-b7d8b816c0a80333148e2d188b047f39"", ""official_name"": ""浙江大学医学院附属妇产科医院"", ""candidate_alias"": ""Women's Hospital, School of Medicine, Zhejiang University"", ""source_url"": ""https://ror.org/042t7yh44"", ""status"": ""review_required"", ""reason"": ""Reference-only name; not approved for resolution""}]",Obtain hospital or regulator evidence connecting the reported name to a filing; reference labels alone are insufficient,deterministic reconciliation of source-reviewed assertions; not a new manual source review
422,Wuhan Union Hospital,,Wuhan,38,https://clinicaltrials.gov/study/NCT00412893,unverified_reference_only,not_evaluated_without_approved_identity,,,,[],"[{""hospital_id"": ""cnha-cfdi-cfc87cfdc0a8033370f2b59ea8bf5206"", ""official_name"": ""华中科技大学同济医学院附属协和医院"", ""candidate_alias"": ""Wuhan Union Hospital"", ""source_url"": ""https://ror.org/0371fqr87"", ""status"": ""review_required"", ""reason"": ""Reference-only name; not approved for resolution""}]",Obtain hospital or regulator evidence connecting the reported name to a filing; reference labels alone are insufficient,deterministic reconciliation of source-reviewed assertions; not a new manual source review
423,Affiliated Zhongshan Hospital of Dalian University,Liaoning,Dalian,37,https://clinicaltrials.gov/study/NCT00786136,unverified_no_approved_evidence,not_evaluated_without_approved_identity,,,,[],[],Obtain hospital or regulator evidence connecting the reported name to a filing; reference labels alone are insufficient,deterministic reconciliation of source-reviewed assertions; not a new manual source review
424,Anyang Cancer Hospital,He'nan,Anyang,37,https://clinicaltrials.gov/study/NCT02395705,unverified_no_approved_evidence,not_evaluated_without_approved_identity,,,,[],[],Obtain hospital or regulator evidence connecting the reported name to a filing; reference labels alone are insufficient,deterministic reconciliation of source-reviewed assertions; not a new manual source review
425,Fourth Hospital of Hebei Medical University,Hebei,Shijiazhuang,37,https://clinicaltrials.gov/study/NCT01176916,unverified_reference_only,not_evaluated_without_approved_identity,,,,[],"[{""hospital_id"": ""cnha-cfdi-72402946c0a80333358e0b3c7b0e665c"", ""official_name"": ""河北医科大学第四医院（河北省肿瘤医院）"", ""candidate_alias"": ""Fourth Hospital of Hebei Medical University"", ""source_url"": ""https://ror.org/01mdjbm03"", ""status"": ""review_required"", ""reason"": ""Reference-only name; not approved for resolution""}]",Obtain hospital or regulator evidence connecting the reported name to a filing; reference labels alone are insufficient,deterministic reconciliation of source-reviewed assertions; not a new manual source review
426,Guangdong Provincial Hospital of Traditional Chinese Medicine,Guangdong,Guangzhou,37,https://clinicaltrials.gov/study/NCT01642771,unverified_reference_only,not_evaluated_without_approved_identity,,,,[],"[{""hospital_id"": ""cnha-cfdi-ea0d4158c0a8033303db75e4c5aa1975"", ""official_name"": ""广东省中医院（广州中医药大学第二附属医院）"", ""candidate_alias"": ""Guangdong Provincial Hospital of Traditional Chinese Medicine"", ""source_url"": ""https://ror.org/01gb3y148"", ""status"": ""review_required"", ""reason"": ""Reference-only name; not approved for resolution""}]",Obtain hospital or regulator evidence connecting the reported name to a filing; reference labels alone are insufficient,deterministic reconciliation of source-reviewed assertions; not a new manual source review
427,"Institute of Hematology and Blood Diseases Hospital, Chinese Academy of Medical Sciences",Tianjin Municipality,Tianjin,37,https://clinicaltrials.gov/study/NCT02649790,unverified_no_approved_evidence,not_evaluated_without_approved_identity,,,,[],[],Obtain hospital or regulator evidence connecting the reported name to a filing; reference labels alone are insufficient,deterministic reconciliation of source-reviewed assertions; not a new manual source review
428,Lishui Central Hospital,Zhejiang,Lishui,37,https://clinicaltrials.gov/study/NCT02441556,unverified_reference_only,not_evaluated_without_approved_identity,,,,[],"[{""hospital_id"": ""cnha-cfdi-a19cdcf4c0a8033304a04100126047c3"", ""official_name"": ""丽水市中心医院"", ""candidate_alias"": ""Lishui Central Hospital"", ""source_url"": ""https://ror.org/023e72x78"", ""status"": ""review_required"", ""reason"": ""Reference-only name; not approved for resolution""}]",Obtain hospital or regulator evidence connecting the reported name to a filing; reference labels alone are insufficient,deterministic reconciliation of source-reviewed assertions; not a new manual source review
429,Renji Hospital,,Shanghai,37,https://clinicaltrials.gov/study/NCT00565396,unverified_reference_only,not_evaluated_without_approved_identity,,,,[],"[{""hospital_id"": ""cnha-cfdi-d482f73ec0a8033332700273742c74b6"", ""official_name"": ""上海交通大学医学院附属仁济医院"", ""candidate_alias"": ""Renji Hospital"", ""source_url"": ""https://ror.org/03ypbx660"", ""status"": ""review_required"", ""reason"": ""Reference-only name; not approved for resolution""}]",Obtain hospital or regulator evidence connecting the reported name to a filing; reference labels alone are insufficient,deterministic reconciliation of source-reviewed assertions; not a new manual source review
430,The Second Affiliated Hospital of Dalian Medical University,Liaoning,Dalian,37,https://clinicaltrials.gov/study/NCT01755325,unverified_no_approved_evidence,not_evaluated_without_approved_identity,,,,[],[],Obtain hospital or regulator evidence connecting the reported name to a filing; reference labels alone are insufficient,deterministic reconciliation of source-reviewed assertions; not a new manual source review
431,Tongji Hospital of Tongji University,Shanghai Municipality,Shanghai,37,https://clinicaltrials.gov/study/NCT00629161,unverified_no_approved_evidence,not_evaluated_without_approved_identity,,,,[],[],Obtain hospital or regulator evidence connecting the reported name to a filing; reference labels alone are insufficient,deterministic reconciliation of source-reviewed assertions; not a new manual source review
432,Yuncheng Central Hospital,Shanxi,Yuncheng,37,https://clinicaltrials.gov/study/NCT03261375,unverified_no_approved_evidence,not_evaluated_without_approved_identity,,,,[],[],Obtain hospital or regulator evidence connecting the reported name to a filing; reference labels alone are insufficient,deterministic reconciliation of source-reviewed assertions; not a new manual source review
433,"2nd Affiliated Hospital, School of Medicine, Zhejiang University, China",Zhejiang,Hangzhou,36,https://clinicaltrials.gov/study/NCT03949114,unverified_no_approved_evidence,not_evaluated_without_approved_identity,,,,[],[],Obtain hospital or regulator evidence connecting the reported name to a filing; reference labels alone are insufficient,deterministic reconciliation of source-reviewed assertions; not a new manual source review
434,"Beijing Chest Hospital, Capital Medical University",,Beijing,36,https://clinicaltrials.gov/study/NCT01639001,unverified_no_approved_evidence,not_evaluated_without_approved_identity,,,,[],[],Obtain hospital or regulator evidence connecting the reported name to a filing; reference labels alone are insufficient,deterministic reconciliation of source-reviewed assertions; not a new manual source review
435,"Beijing Luhe Hospital, Capital Medical University",Beijing Municipality,Beijing,36,https://clinicaltrials.gov/study/NCT02913118,unverified_no_approved_evidence,not_evaluated_without_approved_identity,,,,[],[],Obtain hospital or regulator evidence connecting the reported name to a filing; reference labels alone are insufficient,deterministic reconciliation of source-reviewed assertions; not a new manual source review
436,Cancer Hospital of Shandong First Medical University,Shandong,Jinan,36,https://clinicaltrials.gov/study/NCT05112965,unverified_no_approved_evidence,not_evaluated_without_approved_identity,,,,[],[],Obtain hospital or regulator evidence connecting the reported name to a filing; reference labels alone are insufficient,deterministic reconciliation of source-reviewed assertions; not a new manual source review
437,Chongqing University Three Gorges Hospital,Chongqing Municipality,Chongqing,36,https://clinicaltrials.gov/study/NCT04109547,unverified_no_approved_evidence,not_evaluated_without_approved_identity,,,,[],[],Obtain hospital or regulator evidence connecting the reported name to a filing; reference labels alone are insufficient,deterministic reconciliation of source-reviewed assertions; not a new manual source review
438,"Fuwai Hospital, Chinese Academy of Medical Sciences",Beijing Municipality,Beijing,36,https://clinicaltrials.gov/study/NCT01573143,unverified_no_approved_evidence,not_evaluated_without_approved_identity,,,,[],[],Obtain hospital or regulator evidence connecting the reported name to a filing; reference labels alone are insufficient,deterministic reconciliation of source-reviewed assertions; not a new manual source review
439,"Nanjing Drum Tower Hospital, the Affiliated Hospital of Nanjing University Medical School",,Nanjing,36,https://clinicaltrials.gov/study/NCT02928406,unverified_no_approved_evidence,not_evaluated_without_approved_identity,,,,[],[],Obtain hospital or regulator evidence connecting the reported name to a filing; reference labels alone are insufficient,deterministic reconciliation of source-reviewed assertions; not a new manual source review
440,Peking University Shenzhen Hospital,,Shenzhen,36,https://clinicaltrials.gov/study/NCT01153958,unverified_reference_only,not_evaluated_without_approved_identity,,,,[],"[{""hospital_id"": ""cnha-cfdi-45e31950c0a80333157eaf9ead1b853b"", ""official_name"": ""北京大学深圳医院"", ""candidate_alias"": ""Peking University Shenzhen Hospital"", ""source_url"": ""https://ror.org/03kkjyb15"", ""status"": ""review_required"", ""reason"": ""Reference-only name; not approved for resolution""}]",Obtain hospital or regulator evidence connecting the reported name to a filing; reference labels alone are insufficient,deterministic reconciliation of source-reviewed assertions; not a new manual source review
441,Qingdao Central Hospital,Shandong,Qingdao,36,https://clinicaltrials.gov/study/NCT01917877,unverified_no_approved_evidence,not_evaluated_without_approved_identity,,,,[],[],Obtain hospital or regulator evidence connecting the reported name to a filing; reference labels alone are insufficient,deterministic reconciliation of source-reviewed assertions; not a new manual source review
442,Second Affiliated Hospital of Zhejiang University School of Medicine,Zhejiang,Hangzhou,36,https://clinicaltrials.gov/study/NCT02179489,unverified_no_approved_evidence,not_evaluated_without_approved_identity,,,,[],[],Obtain hospital or regulator evidence connecting the reported name to a filing; reference labels alone are insufficient,deterministic reconciliation of source-reviewed assertions; not a new manual source review
443,Shanghai Ninth People's Hospital,,Shanghai,36,https://clinicaltrials.gov/study/NCT01856478,unverified_no_approved_evidence,not_evaluated_without_approved_identity,,,,[],[],Obtain hospital or regulator evidence connecting the reported name to a filing; reference labels alone are insufficient,deterministic reconciliation of source-reviewed assertions; not a new manual source review
444,The First Affiliated Hospital of Shandong First Medical University,Shandong,Jinan,36,https://clinicaltrials.gov/study/NCT04497376,unverified_no_approved_evidence,not_evaluated_without_approved_identity,,,,[],[],Obtain hospital or regulator evidence connecting the reported name to a filing; reference labels alone are insufficient,deterministic reconciliation of source-reviewed assertions; not a new manual source review
445,The First Hospital of Jiaxing,Zhejiang,Jiaxing,36,https://clinicaltrials.gov/study/NCT03721744,unverified_no_approved_evidence,not_evaluated_without_approved_identity,,,,[],[],Obtain hospital or regulator evidence connecting the reported name to a filing; reference labels alone are insufficient,deterministic reconciliation of source-reviewed assertions; not a new manual source review
446,The Fourth Affiliated Hospital of Harbin Medical University,Heilongjiang,Harbin,36,https://clinicaltrials.gov/study/NCT00786136,unverified_no_approved_evidence,not_evaluated_without_approved_identity,,,,[],[],Obtain hospital or regulator evidence connecting the reported name to a filing; reference labels alone are insufficient,deterministic reconciliation of source-reviewed assertions; not a new manual source review
447,The Second Affiliated Hospital of Chongqing Medical University,,Chongqing,36,https://clinicaltrials.gov/study/NCT01190657,unverified_no_approved_evidence,not_evaluated_without_approved_identity,,,,[],[],Obtain hospital or regulator evidence connecting the reported name to a filing; reference labels alone are insufficient,deterministic reconciliation of source-reviewed assertions; not a new manual source review
448,Xiangya Hospital of Central South University,,Changsha,36,https://clinicaltrials.gov/study/NCT01593410,verified_name_relation,passes_available_location_filters,cnha-cfdi-3bb0a3b4c0a803332a9f6fc83950b0b0,中南大学湘雅医院,药临床机构备字2020000125,"[{""hospital_id"": ""cnha-cfdi-3bb0a3b4c0a803332a9f6fc83950b0b0"", ""official_name"": ""中南大学湘雅医院"", ""filing_number"": ""药临床机构备字2020000125"", ""alias"": ""Xiangya Hospital of Central South University"", ""normalized_alias"": ""xiangyahospitalofcentralsouthuniversity"", ""kind"": ""english_name"", ""evidence_status"": ""official_source_reviewed"", ""source_url"": ""https://xynursing.csu.edu.cn/info/1279/3091.htm"", ""accessed_at"": ""2026-09-05"", ""valid_from"": """", ""valid_to"": """"}]",[],Retain source-backed name mapping; assess actual study/campus scope separately when needed,deterministic reconciliation of source-reviewed assertions; not a new manual source review
449,Yuebei People's Hospital,Guangdong,Shaoguan,36,https://clinicaltrials.gov/study/NCT01795027,unverified_reference_only,not_evaluated_without_approved_identity,,,,[],"[{""hospital_id"": ""cnha-cfdi-8dd7b9b9c0a80333785f0d8e2e12854d"", ""official_name"": ""粤北人民医院"", ""candidate_alias"": ""Yue Bei People's Hospital"", ""source_url"": ""https://ror.org/0149pmh27"", ""status"": ""review_required"", ""reason"": ""Reference-only name; not approved for resolution""}]",Obtain hospital or regulator evidence connecting the reported name to a filing; reference labels alone are insufficient,deterministic reconciliation of source-reviewed assertions; not a new manual source review
450,Changzhou No.2 People's Hospital,Jiangsu,Changzhou,35,https://clinicaltrials.gov/study/NCT01176916,unverified_reference_only,not_evaluated_without_approved_identity,,,,[],"[{""hospital_id"": ""cnha-cfdi-458e8225c0a803335ec2506c0d2b3ce8"", ""official_name"": ""常州市第二人民医院"", ""candidate_alias"": ""Changzhou No.2 People's Hospital"", ""source_url"": ""https://ror.org/04bkhy554"", ""status"": ""review_required"", ""reason"": ""Reference-only name; not approved for resolution""}]",Obtain hospital or regulator evidence connecting the reported name to a filing; reference labels alone are insufficient,deterministic reconciliation of source-reviewed assertions; not a new manual source review
451,Gansu Provincial Cancer Hospital,Gansu,Lanzhou,35,https://clinicaltrials.gov/study/NCT04234607,unverified_no_approved_evidence,not_evaluated_without_approved_identity,,,,[],[],Obtain hospital or regulator evidence connecting the reported name to a filing; reference labels alone are insufficient,deterministic reconciliation of source-reviewed assertions; not a new manual source review
452,Gansu Provincial Hospital,Gansu,Lanzhou,35,https://clinicaltrials.gov/study/NCT01970059,unverified_reference_only,not_evaluated_without_approved_identity,,,,[],"[{""hospital_id"": ""cnha-cfdi-5577712bc0a8033304fcb807dbd904e0"", ""official_name"": ""甘肃省人民医院"", ""candidate_alias"": ""Gansu Provincial Hospital"", ""source_url"": ""https://ror.org/02axars19"", ""status"": ""review_required"", ""reason"": ""Reference-only name; not approved for resolution""}]",Obtain hospital or regulator evidence connecting the reported name to a filing; reference labels alone are insufficient,deterministic reconciliation of source-reviewed assertions; not a new manual source review
453,"Institute of Hematology & Blood Diseases Hospital, Chinese Academy of Medical Sciences",Tianjin Municipality,Tianjin,35,https://clinicaltrials.gov/study/NCT02203396,unverified_no_approved_evidence,not_evaluated_without_approved_identity,,,,[],[],Obtain hospital or regulator evidence connecting the reported name to a filing; reference labels alone are insufficient,deterministic reconciliation of source-reviewed assertions; not a new manual source review
454,Nanjing Brain Hospital,Jiangsu,Nanjing,35,https://clinicaltrials.gov/study/NCT00386711,unverified_no_approved_evidence,not_evaluated_without_approved_identity,,,,[],[],Obtain hospital or regulator evidence connecting the reported name to a filing; reference labels alone are insufficient,deterministic reconciliation of source-reviewed assertions; not a new manual source review
455,Peking University Shougang Hospital,Beijing Municipality,Beijing,35,https://clinicaltrials.gov/study/NCT02121717,unverified_reference_only,not_evaluated_without_approved_identity,,,,[],"[{""hospital_id"": ""cnha-cfdi-1e4d48ddc0a803331fd38588d727499e"", ""official_name"": ""北京大学首钢医院"", ""candidate_alias"": ""Peking University Shougang Hospital"", ""source_url"": ""https://ror.org/040rwep31"", ""status"": ""review_required"", ""reason"": ""Reference-only name; not approved for resolution""}]",Obtain hospital or regulator evidence connecting the reported name to a filing; reference labels alone are insufficient,deterministic reconciliation of source-reviewed assertions; not a new manual source review
456,Shanghai Children's Medical Center,,Shanghai,35,https://clinicaltrials.gov/study/NCT02398981,unverified_reference_only,not_evaluated_without_approved_identity,,,,[],"[{""hospital_id"": ""cnha-cfdi-44259fd7c0a80333772e83dcfca7e60f"", ""official_name"": ""上海交通大学医学院附属上海儿童医学中心"", ""candidate_alias"": ""Shanghai Children's Medical Center"", ""source_url"": ""https://ror.org/00cd9s024"", ""status"": ""review_required"", ""reason"": ""Reference-only name; not approved for resolution""}]",Obtain hospital or regulator evidence connecting the reported name to a filing; reference labels alone are insufficient,deterministic reconciliation of source-reviewed assertions; not a new manual source review
457,Shanghai Skin Disease Hospital,Shanghai Municipality,Shanghai,35,https://clinicaltrials.gov/study/NCT03264677,unverified_no_approved_evidence,not_evaluated_without_approved_identity,,,,[],[],Obtain hospital or regulator evidence connecting the reported name to a filing; reference labels alone are insufficient,deterministic reconciliation of source-reviewed assertions; not a new manual source review
458,Sun Yet-sen University Cancer Center,,Guangzhou,35,https://clinicaltrials.gov/study/NCT00678392,unverified_no_approved_evidence,not_evaluated_without_approved_identity,,,,[],[],Obtain hospital or regulator evidence connecting the reported name to a filing; reference labels alone are insufficient,deterministic reconciliation of source-reviewed assertions; not a new manual source review
459,The Affiliated Hospital of Guizhou Medical University,,Guiyang,35,https://clinicaltrials.gov/study/NCT02239120,unverified_no_approved_evidence,not_evaluated_without_approved_identity,,,,[],[],Obtain hospital or regulator evidence connecting the reported name to a filing; reference labels alone are insufficient,deterministic reconciliation of source-reviewed assertions; not a new manual source review
460,"The First Affiliated Hospital of College of Medicine, Zhejiang University",Zhejiang,Hangzhou,35,https://clinicaltrials.gov/study/NCT00664846,unverified_no_approved_evidence,not_evaluated_without_approved_identity,,,,[],[],Obtain hospital or regulator evidence connecting the reported name to a filing; reference labels alone are insufficient,deterministic reconciliation of source-reviewed assertions; not a new manual source review
461,The First Hospital of Hebei Medical University,,Shijia Zhuang,35,https://clinicaltrials.gov/study/NCT01559727,unverified_no_approved_evidence,not_evaluated_without_approved_identity,,,,[],[],Obtain hospital or regulator evidence connecting the reported name to a filing; reference labels alone are insufficient,deterministic reconciliation of source-reviewed assertions; not a new manual source review
462,The Second Hospital of Jilin University,,Changchun,35,https://clinicaltrials.gov/study/NCT01976208,unverified_no_approved_evidence,not_evaluated_without_approved_identity,,,,[],[],Obtain hospital or regulator evidence connecting the reported name to a filing; reference labels alone are insufficient,deterministic reconciliation of source-reviewed assertions; not a new manual source review
463,West China Hospital,,Chengdu,35,https://clinicaltrials.gov/study/NCT00805194,unverified_no_approved_evidence,not_evaluated_without_approved_identity,,,,[],[],Obtain hospital or regulator evidence connecting the reported name to a filing; reference labels alone are insufficient,deterministic reconciliation of source-reviewed assertions; not a new manual source review
464,Wuhan Asia Heart Hospital,Hubei,Wuhan,35,https://clinicaltrials.gov/study/NCT00829660,unverified_reference_only,not_evaluated_without_approved_identity,,,,[],"[{""hospital_id"": ""cnha-cfdi-b2ba4b41c0a80333455f44fef81c53c1"", ""official_name"": ""武汉亚洲心脏病医院"", ""candidate_alias"": ""Wuhan Asia Heart Hospital"", ""source_url"": ""https://ror.org/02zzfj172"", ""status"": ""review_required"", ""reason"": ""Reference-only name; not approved for resolution""}]",Obtain hospital or regulator evidence connecting the reported name to a filing; reference labels alone are insufficient,deterministic reconciliation of source-reviewed assertions; not a new manual source review
465,Xuanwu Hospital,Beijing Municipality,Beijing,35,https://clinicaltrials.gov/study/NCT01446055,unverified_no_approved_evidence,not_evaluated_without_approved_identity,,,,[],[],Obtain hospital or regulator evidence connecting the reported name to a filing; reference labels alone are insufficient,deterministic reconciliation of source-reviewed assertions; not a new manual source review
466,Zhuzhou Central Hospital,Hu'nan,Zhuzhou,35,https://clinicaltrials.gov/study/NCT01885078,unverified_reference_only,not_evaluated_without_approved_identity,,,,[],"[{""hospital_id"": ""cnha-cfdi-111a51ebc0a8033351ddc3e578d4d069"", ""official_name"": ""株洲市中心医院"", ""candidate_alias"": ""Zhuzhou Central Hospital"", ""source_url"": ""https://ror.org/03prq2784"", ""status"": ""review_required"", ""reason"": ""Reference-only name; not approved for resolution""}]",Obtain hospital or regulator evidence connecting the reported name to a filing; reference labels alone are insufficient,deterministic reconciliation of source-reviewed assertions; not a new manual source review
467,Huizhou Central People's Hospital,Guangdong,Huizhou,34,https://clinicaltrials.gov/study/NCT04017832,unverified_reference_only,not_evaluated_without_approved_identity,,,,[],"[{""hospital_id"": ""cnha-cfdi-37b9443cc0a803331404f539fffb780c"", ""official_name"": ""惠州市中心人民医院"", ""candidate_alias"": ""Huizhou Central People's Hospital"", ""source_url"": ""https://ror.org/04bwajd86"", ""status"": ""review_required"", ""reason"": ""Reference-only name; not approved for resolution""}]",Obtain hospital or regulator evidence connecting the reported name to a filing; reference labels alone are insufficient,deterministic reconciliation of source-reviewed assertions; not a new manual source review
468,Jinhua Municipal Central Hospital,Zhejiang,Jinhua,34,https://clinicaltrials.gov/study/NCT02442440,unverified_no_approved_evidence,not_evaluated_without_approved_identity,,,,[],[],Obtain hospital or regulator evidence connecting the reported name to a filing; reference labels alone are insufficient,deterministic reconciliation of source-reviewed assertions; not a new manual source review
469,Peking University International Hospital,Beijing Municipality,Beijing,34,https://clinicaltrials.gov/study/NCT02880761,unverified_no_approved_evidence,not_evaluated_without_approved_identity,,,,[],[],Obtain hospital or regulator evidence connecting the reported name to a filing; reference labels alone are insufficient,deterministic reconciliation of source-reviewed assertions; not a new manual source review
470,The Second Affiliated Hospital of Hainan Medical University,Hainan,Haikou,34,https://clinicaltrials.gov/study/NCT03613272,unverified_no_approved_evidence,not_evaluated_without_approved_identity,,,,[],[],Obtain hospital or regulator evidence connecting the reported name to a filing; reference labels alone are insufficient,deterministic reconciliation of source-reviewed assertions; not a new manual source review
471,Union Hospital affiliated to Tongji Medical College of Huazhong University of Science and Technology,Hubei,Wuhan,34,https://clinicaltrials.gov/study/NCT02867267,unverified_no_approved_evidence,not_evaluated_without_approved_identity,,,,[],[],Obtain hospital or regulator evidence connecting the reported name to a filing; reference labels alone are insufficient,deterministic reconciliation of source-reviewed assertions; not a new manual source review
472,Xuzhou Central Hospital,,Xuzhou,34,https://clinicaltrials.gov/study/NCT02930837,unverified_no_approved_evidence,not_evaluated_without_approved_identity,,,,[],[],Obtain hospital or regulator evidence connecting the reported name to a filing; reference labels alone are insufficient,deterministic reconciliation of source-reviewed assertions; not a new manual source review
473,Zhengzhou Central Hospital,Henan,Zhengzhou,34,https://clinicaltrials.gov/study/NCT03406819,unverified_no_approved_evidence,not_evaluated_without_approved_identity,,,,[],[],Obtain hospital or regulator evidence connecting the reported name to a filing; reference labels alone are insufficient,deterministic reconciliation of source-reviewed assertions; not a new manual source review
474,"the First Affiliated Hospital, School of Medicine, Zhejiang University",Zhejiang,Hangzhou,34,https://clinicaltrials.gov/study/NCT01598142,unverified_no_approved_evidence,not_evaluated_without_approved_identity,,,,[],[],Obtain hospital or regulator evidence connecting the reported name to a filing; reference labels alone are insufficient,deterministic reconciliation of source-reviewed assertions; not a new manual source review
475,Affiliated Zhongshan Hospital of Fudan University,Shanghai Municipality,Shanghai,33,https://clinicaltrials.gov/study/NCT03412773,unverified_no_approved_evidence,not_evaluated_without_approved_identity,,,,[],[],Obtain hospital or regulator evidence connecting the reported name to a filing; reference labels alone are insufficient,deterministic reconciliation of source-reviewed assertions; not a new manual source review
476,Changsha Central Hospital,Hunan,Changsha,33,https://clinicaltrials.gov/study/NCT01677208,unverified_no_approved_evidence,not_evaluated_without_approved_identity,,,,[],[],Obtain hospital or regulator evidence connecting the reported name to a filing; reference labels alone are insufficient,deterministic reconciliation of source-reviewed assertions; not a new manual source review
477,Ningbo No.2 Hospital,Zhejiang,Ningbo,33,https://clinicaltrials.gov/study/NCT02213380,unverified_reference_only,not_evaluated_without_approved_identity,,,,[],"[{""hospital_id"": ""cnha-cfdi-55a50612c0a80333003733d3d6e16f10"", ""official_name"": ""宁波市第二医院"", ""candidate_alias"": ""Ningbo No. 2 Hospital"", ""source_url"": ""https://ror.org/01apc5d07"", ""status"": ""review_required"", ""reason"": ""Reference-only name; not approved for resolution""}]",Obtain hospital or regulator evidence connecting the reported name to a filing; reference labels alone are insufficient,deterministic reconciliation of source-reviewed assertions; not a new manual source review
478,Pingxiang People's Hospital,,Pingxiang,33,https://clinicaltrials.gov/study/NCT03675477,unverified_no_approved_evidence,not_evaluated_without_approved_identity,,,,[],[],Obtain hospital or regulator evidence connecting the reported name to a filing; reference labels alone are insufficient,deterministic reconciliation of source-reviewed assertions; not a new manual source review
479,Puyang Oilfield General Hospital,Henan,Puyang,33,https://clinicaltrials.gov/study/NCT03388593,unverified_no_approved_evidence,not_evaluated_without_approved_identity,,,,[],[],Obtain hospital or regulator evidence connecting the reported name to a filing; reference labels alone are insufficient,deterministic reconciliation of source-reviewed assertions; not a new manual source review
480,The Fifth Medical Center of PLA General Hospital,Beijing Municipality,Beijing,33,https://clinicaltrials.gov/study/NCT02609828,unverified_no_approved_evidence,not_evaluated_without_approved_identity,,,,[],[],Obtain hospital or regulator evidence connecting the reported name to a filing; reference labels alone are insufficient,deterministic reconciliation of source-reviewed assertions; not a new manual source review
481,The First Affiliated Hospital of Nanchang University Branch Donghu,Jiangxi,Nanchang,33,https://clinicaltrials.gov/study/NCT03336333,unverified_no_approved_evidence,not_evaluated_without_approved_identity,,,,[],[],Obtain hospital or regulator evidence connecting the reported name to a filing; reference labels alone are insufficient,deterministic reconciliation of source-reviewed assertions; not a new manual source review
482,The First People's Hospital of Lianyungang,Jiangsu,Lianyungang,33,https://clinicaltrials.gov/study/NCT01368419,unverified_no_approved_evidence,not_evaluated_without_approved_identity,,,,[],[],Obtain hospital or regulator evidence connecting the reported name to a filing; reference labels alone are insufficient,deterministic reconciliation of source-reviewed assertions; not a new manual source review
483,Xinxiang Central Hospital,Henan,Xinxiang,33,https://clinicaltrials.gov/study/NCT03431142,unverified_reference_only,not_evaluated_without_approved_identity,,,,[],"[{""hospital_id"": ""cnha-cfdi-12783270c0a8033304ea9c2064167117"", ""official_name"": ""新乡市中心医院"", ""candidate_alias"": ""Xinxiang Central Hospital"", ""source_url"": ""https://ror.org/006zn6z18"", ""status"": ""review_required"", ""reason"": ""Reference-only name; not approved for resolution""}]",Obtain hospital or regulator evidence connecting the reported name to a filing; reference labels alone are insufficient,deterministic reconciliation of source-reviewed assertions; not a new manual source review
484,Anhui Chest Hospital,Anhui,Hefei,32,https://clinicaltrials.gov/study/NCT02901288,unverified_no_approved_evidence,not_evaluated_without_approved_identity,,,,[],[],Obtain hospital or regulator evidence connecting the reported name to a filing; reference labels alone are insufficient,deterministic reconciliation of source-reviewed assertions; not a new manual source review
485,Biological treatment center in Fuda cancer hospital,Guangdong,Guangzhou,32,https://clinicaltrials.gov/study/NCT02074046,unverified_no_approved_evidence,not_evaluated_without_approved_identity,,,,[],[],Obtain hospital or regulator evidence connecting the reported name to a filing; reference labels alone are insufficient,deterministic reconciliation of source-reviewed assertions; not a new manual source review
486,Cancer center of Sun Yat-sen University,Guangdong,Guangzhou,32,https://clinicaltrials.gov/study/NCT00642239,unverified_no_approved_evidence,not_evaluated_without_approved_identity,,,,[],[],Obtain hospital or regulator evidence connecting the reported name to a filing; reference labels alone are insufficient,deterministic reconciliation of source-reviewed assertions; not a new manual source review
487,Children's Hospital of Soochow University,Jiangsu,Suzhou,32,https://clinicaltrials.gov/study/NCT01500551,unverified_no_approved_evidence,not_evaluated_without_approved_identity,,,,[],[],Obtain hospital or regulator evidence connecting the reported name to a filing; reference labels alone are insufficient,deterministic reconciliation of source-reviewed assertions; not a new manual source review
488,Dongguan People's Hospital,,Dongguan,32,https://clinicaltrials.gov/study/NCT02062489,unverified_reference_only,not_evaluated_without_approved_identity,,,,[],"[{""hospital_id"": ""cnha-cfdi-a8ca5ae4c0a803332f40cb299fdbe61d"", ""official_name"": ""东莞市人民医院"", ""candidate_alias"": ""Dongguan People’s Hospital"", ""source_url"": ""https://ror.org/022s5gm85"", ""status"": ""review_required"", ""reason"": ""Reference-only name; not approved for resolution""}]",Obtain hospital or regulator evidence connecting the reported name to a filing; reference labels alone are insufficient,deterministic reconciliation of source-reviewed assertions; not a new manual source review
489,Eye & ENT Hospital of Fudan University,,Shanghai,32,https://clinicaltrials.gov/study/NCT01157715,verified_name_relation,requires_location_review,,,,"[{""hospital_id"": ""cnha-cfdi-3b82df51c0a80333106dd738c8bd4964"", ""official_name"": ""复旦大学附属眼耳鼻喉科医院"", ""filing_number"": ""药临床机构备字2020000197"", ""alias"": ""Eye & ENT Hospital of Fudan University"", ""normalized_alias"": ""eye&enthospitaloffudanuniversity"", ""kind"": ""english_name"", ""evidence_status"": ""official_source_reviewed"", ""source_url"": ""https://shmc.fudan.edu.cn/eng/2094/list.htm"", ""accessed_at"": ""2026-09-05"", ""valid_from"": """", ""valid_to"": """"}]",[],"Verify reported province, city and campus against the study record before assigning an institution ID",deterministic reconciliation of source-reviewed assertions; not a new manual source review
490,First Affiliated Hospital of Gannan Medical University,Jiangxi,Ganzhou,32,https://clinicaltrials.gov/study/NCT02398110,unverified_no_approved_evidence,not_evaluated_without_approved_identity,,,,[],[],Obtain hospital or regulator evidence connecting the reported name to a filing; reference labels alone are insufficient,deterministic reconciliation of source-reviewed assertions; not a new manual source review
491,Jilin Province People's Hospital,Jilin,Changchun,32,https://clinicaltrials.gov/study/NCT01677208,unverified_no_approved_evidence,not_evaluated_without_approved_identity,,,,[],[],Obtain hospital or regulator evidence connecting the reported name to a filing; reference labels alone are insufficient,deterministic reconciliation of source-reviewed assertions; not a new manual source review
492,Jinling Hospital,Jiangsu,Nanjing,32,https://clinicaltrials.gov/study/NCT01176916,unverified_no_approved_evidence,not_evaluated_without_approved_identity,,,,[],[],Obtain hospital or regulator evidence connecting the reported name to a filing; reference labels alone are insufficient,deterministic reconciliation of source-reviewed assertions; not a new manual source review
493,Nanyang First People's Hospital,Henan,Nanyang,32,https://clinicaltrials.gov/study/NCT03544905,unverified_no_approved_evidence,not_evaluated_without_approved_identity,,,,[],[],Obtain hospital or regulator evidence connecting the reported name to a filing; reference labels alone are insufficient,deterministic reconciliation of source-reviewed assertions; not a new manual source review
494,Shanghai Ninth People's Hospital,Shanghai Municipality,Shanghai,32,https://clinicaltrials.gov/study/NCT00829660,unverified_no_approved_evidence,not_evaluated_without_approved_identity,,,,[],[],Obtain hospital or regulator evidence connecting the reported name to a filing; reference labels alone are insufficient,deterministic reconciliation of source-reviewed assertions; not a new manual source review
495,Shanghai Skin Disease Hospital,,Shanghai,32,https://clinicaltrials.gov/study/NCT03782792,unverified_no_approved_evidence,not_evaluated_without_approved_identity,,,,[],[],Obtain hospital or regulator evidence connecting the reported name to a filing; reference labels alone are insufficient,deterministic reconciliation of source-reviewed assertions; not a new manual source review
496,"Sixth Affiliated Hospital, Sun Yat-sen University",Guangdong,Guangzhou,32,https://clinicaltrials.gov/study/NCT02649647,unverified_no_approved_evidence,not_evaluated_without_approved_identity,,,,[],[],Obtain hospital or regulator evidence connecting the reported name to a filing; reference labels alone are insufficient,deterministic reconciliation of source-reviewed assertions; not a new manual source review
497,The First Affiliated Hospital of Jinzhou Medical University,Liaoning,Jinzhou,32,https://clinicaltrials.gov/study/NCT02984917,unverified_no_approved_evidence,not_evaluated_without_approved_identity,,,,[],[],Obtain hospital or regulator evidence connecting the reported name to a filing; reference labels alone are insufficient,deterministic reconciliation of source-reviewed assertions; not a new manual source review
498,The First Affiliated Hospital of USTC Anhui Provincial Hospital,Anhui,Hefei,32,https://clinicaltrials.gov/study/NCT03416179,unverified_no_approved_evidence,not_evaluated_without_approved_identity,,,,[],[],Obtain hospital or regulator evidence connecting the reported name to a filing; reference labels alone are insufficient,deterministic reconciliation of source-reviewed assertions; not a new manual source review
499,"The First Affiliated Hospital, Zhejiang University",,Hangzhou,32,https://clinicaltrials.gov/study/NCT01125566,unverified_no_approved_evidence,not_evaluated_without_approved_identity,,,,[],[],Obtain hospital or regulator evidence connecting the reported name to a filing; reference labels alone are insufficient,deterministic reconciliation of source-reviewed assertions; not a new manual source review
500,The Second Affiliated Hospital of Nanjing Medical University,,Nanjing,32,https://clinicaltrials.gov/study/NCT03984760,unverified_no_approved_evidence,not_evaluated_without_approved_identity,,,,[],[],Obtain hospital or regulator evidence connecting the reported name to a filing; reference labels alone are insufficient,deterministic reconciliation of source-reviewed assertions; not a new manual source review
501,"The Third Affiliated Hospital, Sun Yat-Sen University",Guangdong,Guangzhou,32,https://clinicaltrials.gov/study/NCT00796692,unverified_no_approved_evidence,not_evaluated_without_approved_identity,,,,[],[],Obtain hospital or regulator evidence connecting the reported name to a filing; reference labels alone are insufficient,deterministic reconciliation of source-reviewed assertions; not a new manual source review
502,The University of Hong Kong-Shenzhen Hospital,Guangdong,Shenzhen,32,https://clinicaltrials.gov/study/NCT02103257,unverified_no_approved_evidence,not_evaluated_without_approved_identity,,,,[],[],Obtain hospital or regulator evidence connecting the reported name to a filing; reference labels alone are insufficient,deterministic reconciliation of source-reviewed assertions; not a new manual source review
503,Zhongda Hospital,Jiangsu,Nanjing,32,https://clinicaltrials.gov/study/NCT02206815,unverified_no_approved_evidence,not_evaluated_without_approved_identity,,,,[],[],Obtain hospital or regulator evidence connecting the reported name to a filing; reference labels alone are insufficient,deterministic reconciliation of source-reviewed assertions; not a new manual source review
504,Cancer hospital Fudan University,Shanghai Municipality,Shanghai,31,https://clinicaltrials.gov/study/NCT00839111,unverified_no_approved_evidence,not_evaluated_without_approved_identity,,,,[],[],Obtain hospital or regulator evidence connecting the reported name to a filing; reference labels alone are insufficient,deterministic reconciliation of source-reviewed assertions; not a new manual source review
505,Fuwai Central China Cardiovascular Hospital,Henan,Zhengzhou,31,https://clinicaltrials.gov/study/NCT03431142,unverified_no_approved_evidence,not_evaluated_without_approved_identity,,,,[],[],Obtain hospital or regulator evidence connecting the reported name to a filing; reference labels alone are insufficient,deterministic reconciliation of source-reviewed assertions; not a new manual source review
506,Fuwai Hospital,,Beijing,31,https://clinicaltrials.gov/study/NCT00402272,unverified_reference_only,not_evaluated_without_approved_identity,,,,[],"[{""hospital_id"": ""cnha-cfdi-dac651f9c0a8033306f8c466867e4477"", ""official_name"": ""中国医学科学院阜外医院"", ""candidate_alias"": ""Fu Wai Hospital"", ""source_url"": ""https://ror.org/0590dnz19"", ""status"": ""review_required"", ""reason"": ""Reference-only name; not approved for resolution""}]",Obtain hospital or regulator evidence connecting the reported name to a filing; reference labels alone are insufficient,deterministic reconciliation of source-reviewed assertions; not a new manual source review
507,Ganzhou People's Hospital,Jiangxi,Ganzhou,31,https://clinicaltrials.gov/study/NCT04381143,unverified_reference_only,not_evaluated_without_approved_identity,,,,[],"[{""hospital_id"": ""cnha-cfdi-85ebd49ec0a80333553a4190a0080ea0"", ""official_name"": ""赣州市人民医院"", ""candidate_alias"": ""Ganzhou People's Hospital"", ""source_url"": ""https://ror.org/00r398124"", ""status"": ""review_required"", ""reason"": ""Reference-only name; not approved for resolution""}]",Obtain hospital or regulator evidence connecting the reported name to a filing; reference labels alone are insufficient,deterministic reconciliation of source-reviewed assertions; not a new manual source review
508,Institute of Hematology and Blood Diseases Hospital Chinese Academy of Medical Sciences,,Tianjin,31,https://clinicaltrials.gov/study/NCT01564784,unverified_no_approved_evidence,not_evaluated_without_approved_identity,,,,[],[],Obtain hospital or regulator evidence connecting the reported name to a filing; reference labels alone are insufficient,deterministic reconciliation of source-reviewed assertions; not a new manual source review
509,Ningbo Medical Center Lihuili Hospital,,Ningbo,31,https://clinicaltrials.gov/study/NCT04536558,unverified_reference_only,not_evaluated_without_approved_identity,,,,[],"[{""hospital_id"": ""cnha-cfdi-9a4828d4c0a803336d65b0548efdace5"", ""official_name"": ""宁波市医疗中心李惠利医院"", ""candidate_alias"": ""Ningbo Medical Center Lihuili Hospital"", ""source_url"": ""https://ror.org/030zcqn97"", ""status"": ""review_required"", ""reason"": ""Reference-only name; not approved for resolution""}]",Obtain hospital or regulator evidence connecting the reported name to a filing; reference labels alone are insufficient,deterministic reconciliation of source-reviewed assertions; not a new manual source review
510,Peking University Sixth Hospital,Beijing Municipality,Beijing,31,https://clinicaltrials.gov/study/NCT01065259,unverified_reference_only,not_evaluated_without_approved_identity,,,,[],"[{""hospital_id"": ""cnha-cfdi-90e8bfbcc0a8033311829d2674af920d"", ""official_name"": ""北京大学第六医院"", ""candidate_alias"": ""Peking University Sixth Hospital"", ""source_url"": ""https://ror.org/05rzcwg85"", ""status"": ""review_required"", ""reason"": ""Reference-only name; not approved for resolution""}]",Obtain hospital or regulator evidence connecting the reported name to a filing; reference labels alone are insufficient,deterministic reconciliation of source-reviewed assertions; not a new manual source review
511,Qilu Hospital,Shandong,Jinan,31,https://clinicaltrials.gov/study/NCT02166554,unverified_no_approved_evidence,not_evaluated_without_approved_identity,,,,[],[],Obtain hospital or regulator evidence connecting the reported name to a filing; reference labels alone are insufficient,deterministic reconciliation of source-reviewed assertions; not a new manual source review
512,"Ren Ji Hospital, School of Medicine, Shanghai Jiao Tong University",,Shanghai,31,https://clinicaltrials.gov/study/NCT02033980,unverified_no_approved_evidence,not_evaluated_without_approved_identity,,,,[],[],Obtain hospital or regulator evidence connecting the reported name to a filing; reference labels alone are insufficient,deterministic reconciliation of source-reviewed assertions; not a new manual source review
513,"Second Affiliated Hospital, Zhejiang University School of Medicine",Zhejiang,Hangzhou,31,https://clinicaltrials.gov/study/NCT01642771,verified_name_relation,requires_location_review,,,,"[{""hospital_id"": ""cnha-cfdi-17badd7fc0a8033348429f2c890ae1f6"", ""official_name"": ""浙江大学医学院附属第二医院"", ""filing_number"": ""药临床机构备字2020000192"", ""alias"": ""Second Affiliated Hospital, Zhejiang University School of Medicine"", ""normalized_alias"": ""secondaffiliatedhospitalzhejianguniversityschoolofmedicine"", ""kind"": ""english_name"", ""evidence_status"": ""official_source_reviewed"", ""source_url"": ""https://mse.zju.edu.cn/enmse/35303/list.htm"", ""accessed_at"": ""2026-09-05"", ""valid_from"": """", ""valid_to"": """"}]",[],"Verify reported province, city and campus against the study record before assigning an institution ID",deterministic reconciliation of source-reviewed assertions; not a new manual source review
514,Shanghai Zhongshan Hospital,,Shanghai,31,https://clinicaltrials.gov/study/NCT00239382,unverified_no_approved_evidence,not_evaluated_without_approved_identity,,,,[],[],Obtain hospital or regulator evidence connecting the reported name to a filing; reference labels alone are insufficient,deterministic reconciliation of source-reviewed assertions; not a new manual source review
515,Southern Medical University Nanfang Hospital,Guangdong,Guangzhou,31,https://clinicaltrials.gov/study/NCT00915018,unverified_no_approved_evidence,not_evaluated_without_approved_identity,,,,[],[],Obtain hospital or regulator evidence connecting the reported name to a filing; reference labels alone are insufficient,deterministic reconciliation of source-reviewed assertions; not a new manual source review
516,The Second Hospital of Shandong University,Shandong,Jinan,31,https://clinicaltrials.gov/study/NCT01131637,unverified_no_approved_evidence,not_evaluated_without_approved_identity,,,,[],[],Obtain hospital or regulator evidence connecting the reported name to a filing; reference labels alone are insufficient,deterministic reconciliation of source-reviewed assertions; not a new manual source review
517,The Third Hospital of Changsha,Hunan,Changsha,31,https://clinicaltrials.gov/study/NCT00829660,unverified_no_approved_evidence,not_evaluated_without_approved_identity,,,,[],[],Obtain hospital or regulator evidence connecting the reported name to a filing; reference labels alone are insufficient,deterministic reconciliation of source-reviewed assertions; not a new manual source review
518,Tianjin Huanhu Hospital,Tianjin Municipality,Tianjin,31,https://clinicaltrials.gov/study/NCT01929096,unverified_reference_only,not_evaluated_without_approved_identity,,,,[],"[{""hospital_id"": ""cnha-cfdi-13c9eaf7c0a8033352df6dbdc89113dd"", ""official_name"": ""天津市环湖医院"", ""candidate_alias"": ""Tianjin Huanhu Hospital"", ""source_url"": ""https://ror.org/00q6wbs64"", ""status"": ""review_required"", ""reason"": ""Reference-only name; not approved for resolution""}]",Obtain hospital or regulator evidence connecting the reported name to a filing; reference labels alone are insufficient,deterministic reconciliation of source-reviewed assertions; not a new manual source review
519,Tianjin People's Hospital,,Tianjin,31,https://clinicaltrials.gov/study/NCT01228734,unverified_reference_only,not_evaluated_without_approved_identity,,,,[],"[{""hospital_id"": ""cnha-cfdi-a900ffadc0a803333486f23102c2e40e"", ""official_name"": ""天津市人民医院"", ""candidate_alias"": ""Tianjin People's Hospital"", ""source_url"": ""https://ror.org/01x62kg38"", ""status"": ""review_required"", ""reason"": ""Reference-only name; not approved for resolution""}]",Obtain hospital or regulator evidence connecting the reported name to a filing; reference labels alone are insufficient,deterministic reconciliation of source-reviewed assertions; not a new manual source review
520,Zhongnan Hospital of Wuhan University,,Wuhan,31,https://clinicaltrials.gov/study/NCT01744366,verified_name_relation,requires_location_review,,,,"[{""hospital_id"": ""cnha-cfdi-1d285607c0a8033317501ffac20bf2de"", ""official_name"": ""武汉大学中南医院"", ""filing_number"": ""药临床机构备字2019000007"", ""alias"": ""Zhongnan Hospital of Wuhan University"", ""normalized_alias"": ""zhongnanhospitalofwuhanuniversity"", ""kind"": ""english_name"", ""evidence_status"": ""official_source_reviewed"", ""source_url"": ""https://en.whu.edu.cn/info/4691/50291.htm"", ""accessed_at"": ""2026-09-05"", ""valid_from"": """", ""valid_to"": """"}]",[],"Verify reported province, city and campus against the study record before assigning an institution ID",deterministic reconciliation of source-reviewed assertions; not a new manual source review
521,Affiliated Hospital of Guilin Medical University,Guangxi,Gui'lin,30,https://clinicaltrials.gov/study/NCT01569516,unverified_no_approved_evidence,not_evaluated_without_approved_identity,,,,[],[],Obtain hospital or regulator evidence connecting the reported name to a filing; reference labels alone are insufficient,deterministic reconciliation of source-reviewed assertions; not a new manual source review
522,"Department of Nuclear Medicine, First Affiliated Hospital of Fujian Medical University",Fujian,Fuzhou,30,https://clinicaltrials.gov/study/NCT02723760,unverified_no_approved_evidence,not_evaluated_without_approved_identity,,,,[],[],Obtain hospital or regulator evidence connecting the reported name to a filing; reference labels alone are insufficient,deterministic reconciliation of source-reviewed assertions; not a new manual source review
523,Hainan General Hospital,,Haikou,30,https://clinicaltrials.gov/study/NCT02024373,unverified_reference_only,not_evaluated_without_approved_identity,,,,[],"[{""hospital_id"": ""cnha-cfdi-8411957ac0a803331e837ff978318cf4"", ""official_name"": ""海南省人民医院"", ""candidate_alias"": ""Hainan General Hospital"", ""source_url"": ""https://ror.org/030sr2v21"", ""status"": ""review_required"", ""reason"": ""Reference-only name; not approved for resolution""}]",Obtain hospital or regulator evidence connecting the reported name to a filing; reference labels alone are insufficient,deterministic reconciliation of source-reviewed assertions; not a new manual source review
524,Heping Hospital Affiliated to Changzhi Medical College,Shanxi,Changzhi,30,https://clinicaltrials.gov/study/NCT03668496,unverified_no_approved_evidence,not_evaluated_without_approved_identity,,,,[],[],Obtain hospital or regulator evidence connecting the reported name to a filing; reference labels alone are insufficient,deterministic reconciliation of source-reviewed assertions; not a new manual source review
525,Heze Municipal Hospital,Shandong,Heze,30,https://clinicaltrials.gov/study/NCT03261375,unverified_no_approved_evidence,not_evaluated_without_approved_identity,,,,[],[],Obtain hospital or regulator evidence connecting the reported name to a filing; reference labels alone are insufficient,deterministic reconciliation of source-reviewed assertions; not a new manual source review
526,Huadong Hospital Affiliated to Fudan University,,Shanghai,30,https://clinicaltrials.gov/study/NCT02205112,verified_name_relation,requires_location_review,,,,"[{""hospital_id"": ""cnha-cfdi-fd54bff1c0a803330407365647d0fcea"", ""official_name"": ""华东医院"", ""filing_number"": ""药临床机构备字2020000628"", ""alias"": ""Huadong Hospital Affiliated to Fudan University"", ""normalized_alias"": ""huadonghospitalaffiliatedtofudanuniversity"", ""kind"": ""english_name"", ""evidence_status"": ""official_source_reviewed"", ""source_url"": ""https://shmc.fudan.edu.cn/eng/2094/list.htm"", ""accessed_at"": ""2026-09-05"", ""valid_from"": """", ""valid_to"": """"}]",[],"Verify reported province, city and campus against the study record before assigning an institution ID",deterministic reconciliation of source-reviewed assertions; not a new manual source review
527,Shandong Provincial Hospital,,Jinan,30,https://clinicaltrials.gov/study/NCT01918098,unverified_reference_only,not_evaluated_without_approved_identity,,,,[],"[{""hospital_id"": ""cnha-cfdi-fdab536cc0a8033331f709e0eb34965d"", ""official_name"": ""山东省立医院"", ""candidate_alias"": ""Shandong Provincial Hospital"", ""source_url"": ""https://ror.org/02ar2nf05"", ""status"": ""review_required"", ""reason"": ""Reference-only name; not approved for resolution""}]",Obtain hospital or regulator evidence connecting the reported name to a filing; reference labels alone are insufficient,deterministic reconciliation of source-reviewed assertions; not a new manual source review
528,Shanghai Changhai Hospital,,Shanghai,30,https://clinicaltrials.gov/study/NCT00146341,unverified_no_approved_evidence,not_evaluated_without_approved_identity,,,,[],[],Obtain hospital or regulator evidence connecting the reported name to a filing; reference labels alone are insufficient,deterministic reconciliation of source-reviewed assertions; not a new manual source review
529,The First Affiliated Hospital of Guangzhou University of Chinese Medicine,Guangdong,Guangzhou,30,https://clinicaltrials.gov/study/NCT01897805,unverified_no_approved_evidence,not_evaluated_without_approved_identity,,,,[],[],Obtain hospital or regulator evidence connecting the reported name to a filing; reference labels alone are insufficient,deterministic reconciliation of source-reviewed assertions; not a new manual source review
530,The First Affiliated Hospital of Nanyang Medical College,Henan,Nanyang,30,https://clinicaltrials.gov/study/NCT03544905,unverified_no_approved_evidence,not_evaluated_without_approved_identity,,,,[],[],Obtain hospital or regulator evidence connecting the reported name to a filing; reference labels alone are insufficient,deterministic reconciliation of source-reviewed assertions; not a new manual source review
531,The First Affiliated Hospital of Suzhou University,Jiangsu,Suzhou,30,https://clinicaltrials.gov/study/NCT00617981,unverified_no_approved_evidence,not_evaluated_without_approved_identity,,,,[],[],Obtain hospital or regulator evidence connecting the reported name to a filing; reference labels alone are insufficient,deterministic reconciliation of source-reviewed assertions; not a new manual source review
532,The Fourth Hospital of Hebei Medical University,,Shijia Zhuang,30,https://clinicaltrials.gov/study/NCT03059823,unverified_no_approved_evidence,not_evaluated_without_approved_identity,,,,[],[],Obtain hospital or regulator evidence connecting the reported name to a filing; reference labels alone are insufficient,deterministic reconciliation of source-reviewed assertions; not a new manual source review
533,The Second Hospital of Anhui Medical University,,Hefei,30,https://clinicaltrials.gov/study/NCT03974022,unverified_no_approved_evidence,not_evaluated_without_approved_identity,,,,[],[],Obtain hospital or regulator evidence connecting the reported name to a filing; reference labels alone are insufficient,deterministic reconciliation of source-reviewed assertions; not a new manual source review
534,Xuanwu Hospital,,Beijing,30,https://clinicaltrials.gov/study/NCT00197392,unverified_no_approved_evidence,not_evaluated_without_approved_identity,,,,[],[],Obtain hospital or regulator evidence connecting the reported name to a filing; reference labels alone are insufficient,deterministic reconciliation of source-reviewed assertions; not a new manual source review
535,Zhejiang Cancer Hospital,,Zhejiang,30,https://clinicaltrials.gov/study/NCT01702571,verified_name_relation,requires_location_review,,,,"[{""hospital_id"": ""cnha-cfdi-877dc8a7c0a803335e9cc239fa3a0b8d"", ""official_name"": ""浙江省肿瘤医院"", ""filing_number"": ""药临床机构备字2020000300"", ""alias"": ""Zhejiang Cancer Hospital"", ""normalized_alias"": ""zhejiangcancerhospital"", ""kind"": ""english_name"", ""evidence_status"": ""official_source_reviewed"", ""source_url"": ""https://www.zchospital.com/cn/scientific/info/134"", ""accessed_at"": ""2026-09-05"", ""valid_from"": """", ""valid_to"": """"}]",[],"Verify reported province, city and campus against the study record before assigning an institution ID",deterministic reconciliation of source-reviewed assertions; not a new manual source review
536,Affiliated Hospital of Hebei University,,Baoding,29,https://clinicaltrials.gov/study/NCT03520478,unverified_reference_only,not_evaluated_without_approved_identity,,,,[],"[{""hospital_id"": ""cnha-cfdi-2378a801c0a8033344aab2495f5daaf2"", ""official_name"": ""河北大学附属医院"", ""candidate_alias"": ""Affiliated Hospital of Hebei University"", ""source_url"": ""https://ror.org/049vsq398"", ""status"": ""review_required"", ""reason"": ""Reference-only name; not approved for resolution""}]",Obtain hospital or regulator evidence connecting the reported name to a filing; reference labels alone are insufficient,deterministic reconciliation of source-reviewed assertions; not a new manual source review
537,"Beijing Youan Hospital, Capital Medical University",,Beijing,29,https://clinicaltrials.gov/study/NCT00617981,unverified_no_approved_evidence,not_evaluated_without_approved_identity,,,,[],[],Obtain hospital or regulator evidence connecting the reported name to a filing; reference labels alone are insufficient,deterministic reconciliation of source-reviewed assertions; not a new manual source review
538,Chengdu Women's and Children's Central Hospital,Sichuan,Chengdu,29,https://clinicaltrials.gov/study/NCT02336178,unverified_reference_only,not_evaluated_without_approved_identity,,,,[],"[{""hospital_id"": ""cnha-cfdi-aca5253cc0a803331756b31326d171c1"", ""official_name"": ""成都市妇女儿童中心医院"", ""candidate_alias"": ""Chengdu Women's and Children's Central Hospital"", ""source_url"": ""https://ror.org/008x2am79"", ""status"": ""review_required"", ""reason"": ""Reference-only name; not approved for resolution""}]",Obtain hospital or regulator evidence connecting the reported name to a filing; reference labels alone are insufficient,deterministic reconciliation of source-reviewed assertions; not a new manual source review
539,Jiangxi Provincial People's Hospital,,Nanchang,29,https://clinicaltrials.gov/study/NCT02205112,unverified_reference_only,not_evaluated_without_approved_identity,,,,[],"[{""hospital_id"": ""cnha-cfdi-9ab355d1c0a8033305cc8fed8fd9f878"", ""official_name"": ""江西省人民医院（南昌医学院第一附属医院）"", ""candidate_alias"": ""Jiangxi Provincial People's Hospital"", ""source_url"": ""https://ror.org/01dspcb60"", ""status"": ""review_required"", ""reason"": ""Reference-only name; not approved for resolution""}]",Obtain hospital or regulator evidence connecting the reported name to a filing; reference labels alone are insufficient,deterministic reconciliation of source-reviewed assertions; not a new manual source review
540,Nanfang Hospital,,Guangzhou,29,https://clinicaltrials.gov/study/NCT01143662,unverified_reference_only,not_evaluated_without_approved_identity,,,,[],"[{""hospital_id"": ""cnha-cfdi-8c9677c6c0a80333732f874986787cb3"", ""official_name"": ""南方医科大学南方医院"", ""candidate_alias"": ""Nanfang Hospital"", ""source_url"": ""https://ror.org/01eq10738"", ""status"": ""review_required"", ""reason"": ""Reference-only name; not approved for resolution""}]",Obtain hospital or regulator evidence connecting the reported name to a filing; reference labels alone are insufficient,deterministic reconciliation of source-reviewed assertions; not a new manual source review
541,Peking University Cancer Hospital & Institute,Beijing Municipality,Beijing,29,https://clinicaltrials.gov/study/NCT01589159,unverified_no_approved_evidence,not_evaluated_without_approved_identity,,,,[],[],Obtain hospital or regulator evidence connecting the reported name to a filing; reference labels alone are insufficient,deterministic reconciliation of source-reviewed assertions; not a new manual source review
542,Tangdu Hospital,Shan'xi,Xi'an,29,https://clinicaltrials.gov/study/NCT00869778,unverified_no_approved_evidence,not_evaluated_without_approved_identity,,,,[],[],Obtain hospital or regulator evidence connecting the reported name to a filing; reference labels alone are insufficient,deterministic reconciliation of source-reviewed assertions; not a new manual source review
543,The Fifth Affiliated Hospital Sun Yat-Sen University,Guangdong,Zhuhai,29,https://clinicaltrials.gov/study/NCT02832635,unverified_no_approved_evidence,not_evaluated_without_approved_identity,,,,[],[],Obtain hospital or regulator evidence connecting the reported name to a filing; reference labels alone are insufficient,deterministic reconciliation of source-reviewed assertions; not a new manual source review
544,The First Affiliated Hospital of Nanjing Medical University,,Nanjing,29,https://clinicaltrials.gov/study/NCT00412893,unverified_no_approved_evidence,not_evaluated_without_approved_identity,,,,[],[],Obtain hospital or regulator evidence connecting the reported name to a filing; reference labels alone are insufficient,deterministic reconciliation of source-reviewed assertions; not a new manual source review
545,The Fourth Affiliated Hospital of Zhejiang University School of Medicine,Zhejiang,Yiwu,29,https://clinicaltrials.gov/study/NCT02562183,unverified_no_approved_evidence,not_evaluated_without_approved_identity,,,,[],[],Obtain hospital or regulator evidence connecting the reported name to a filing; reference labels alone are insufficient,deterministic reconciliation of source-reviewed assertions; not a new manual source review
546,The Second Affiliated Hospital of Anhui Medical University,,Hefei,29,https://clinicaltrials.gov/study/NCT02993731,unverified_no_approved_evidence,not_evaluated_without_approved_identity,,,,[],[],Obtain hospital or regulator evidence connecting the reported name to a filing; reference labels alone are insufficient,deterministic reconciliation of source-reviewed assertions; not a new manual source review
547,Tongji Hospital affiliated to Tongji Medical College of Huazhong University of Science & Technology,Hubei,Wuhan,29,https://clinicaltrials.gov/study/NCT04483115,unverified_no_approved_evidence,not_evaluated_without_approved_identity,,,,[],[],Obtain hospital or regulator evidence connecting the reported name to a filing; reference labels alone are insufficient,deterministic reconciliation of source-reviewed assertions; not a new manual source review
548,Zhongshan Hospital Affiliated to Fudan University,,Shanghai,29,https://clinicaltrials.gov/study/NCT00506246,unverified_no_approved_evidence,not_evaluated_without_approved_identity,,,,[],[],Obtain hospital or regulator evidence connecting the reported name to a filing; reference labels alone are insufficient,deterministic reconciliation of source-reviewed assertions; not a new manual source review
549,Affiliated Hospital of Chengde Medical University,Hebei,Chengde,28,https://clinicaltrials.gov/study/NCT01677208,unverified_no_approved_evidence,not_evaluated_without_approved_identity,,,,[],[],Obtain hospital or regulator evidence connecting the reported name to a filing; reference labels alone are insufficient,deterministic reconciliation of source-reviewed assertions; not a new manual source review
550,Affiliated Hospital of Guizhou Medical University,Guizhou,Guiyang,28,https://clinicaltrials.gov/study/NCT03550638,unverified_no_approved_evidence,not_evaluated_without_approved_identity,,,,[],[],Obtain hospital or regulator evidence connecting the reported name to a filing; reference labels alone are insufficient,deterministic reconciliation of source-reviewed assertions; not a new manual source review
551,Affiliated Hospital of Jiangsu University,,Zhenjiang,28,https://clinicaltrials.gov/study/NCT02897349,unverified_reference_only,not_evaluated_without_approved_identity,,,,[],"[{""hospital_id"": ""cnha-cfdi-e4c2299ec0a8033344cc6b10cb3c6b7f"", ""official_name"": ""江苏大学附属医院"", ""candidate_alias"": ""Affiliated Hospital of Jiangsu University"", ""source_url"": ""https://ror.org/028pgd321"", ""status"": ""review_required"", ""reason"": ""Reference-only name; not approved for resolution""}]",Obtain hospital or regulator evidence connecting the reported name to a filing; reference labels alone are insufficient,deterministic reconciliation of source-reviewed assertions; not a new manual source review
552,Affiliated Hospital of Xuzhou Medical University,Jiangsu,Xuzhou,28,https://clinicaltrials.gov/study/NCT03189901,unverified_no_approved_evidence,not_evaluated_without_approved_identity,,,,[],[],Obtain hospital or regulator evidence connecting the reported name to a filing; reference labels alone are insufficient,deterministic reconciliation of source-reviewed assertions; not a new manual source review
553,Beijing Ditan Hospital Capital Medical University,,Beijing,28,https://clinicaltrials.gov/study/NCT01436539,unverified_no_approved_evidence,not_evaluated_without_approved_identity,,,,[],[],Obtain hospital or regulator evidence connecting the reported name to a filing; reference labels alone are insufficient,deterministic reconciliation of source-reviewed assertions; not a new manual source review
554,Beijing Shijitan Hospital,Beijing Municipality,Beijing,28,https://clinicaltrials.gov/study/NCT00664846,unverified_no_approved_evidence,not_evaluated_without_approved_identity,,,,[],[],Obtain hospital or regulator evidence connecting the reported name to a filing; reference labels alone are insufficient,deterministic reconciliation of source-reviewed assertions; not a new manual source review
555,Changzhi People's Hospital,Shanxi,Changzhi,28,https://clinicaltrials.gov/study/NCT03789760,unverified_no_approved_evidence,not_evaluated_without_approved_identity,,,,[],[],Obtain hospital or regulator evidence connecting the reported name to a filing; reference labels alone are insufficient,deterministic reconciliation of source-reviewed assertions; not a new manual source review
556,Hangzhou First People's Hospital,,Hangzhou,28,https://clinicaltrials.gov/study/NCT01529957,unverified_reference_only,not_evaluated_without_approved_identity,,,,[],"[{""hospital_id"": ""cnha-cfdi-e9931cafc0a80333076533365daf5152"", ""official_name"": ""杭州市第一人民医院（西湖大学附属杭州市第一人民医院）"", ""candidate_alias"": ""Hangzhou First People's Hospital"", ""source_url"": ""https://ror.org/05pwsw714"", ""status"": ""review_required"", ""reason"": ""Reference-only name; not approved for resolution""}]",Obtain hospital or regulator evidence connecting the reported name to a filing; reference labels alone are insufficient,deterministic reconciliation of source-reviewed assertions; not a new manual source review
557,Huzhou Central Hospital,,Huzhou,28,https://clinicaltrials.gov/study/NCT03675477,unverified_reference_only,not_evaluated_without_approved_identity,,,,[],"[{""hospital_id"": ""cnha-cfdi-aa5e801bc0a80333103950ba923572ae"", ""official_name"": ""湖州市中心医院"", ""candidate_alias"": ""Huzhou Central Hospital"", ""source_url"": ""https://ror.org/01czx1v82"", ""status"": ""review_required"", ""reason"": ""Reference-only name; not approved for resolution""}]",Obtain hospital or regulator evidence connecting the reported name to a filing; reference labels alone are insufficient,deterministic reconciliation of source-reviewed assertions; not a new manual source review
558,Jinhua Municipal Central Hospital,,Jinhua,28,https://clinicaltrials.gov/study/NCT02099721,unverified_no_approved_evidence,not_evaluated_without_approved_identity,,,,[],[],Obtain hospital or regulator evidence connecting the reported name to a filing; reference labels alone are insufficient,deterministic reconciliation of source-reviewed assertions; not a new manual source review
559,Lanzhou University Second Hospital,,Lanzhou,28,https://clinicaltrials.gov/study/NCT01529476,unverified_no_approved_evidence,not_evaluated_without_approved_identity,,,,[],[],Obtain hospital or regulator evidence connecting the reported name to a filing; reference labels alone are insufficient,deterministic reconciliation of source-reviewed assertions; not a new manual source review
560,Ruijin Hospital Affiliated to Shanghai Jiao Tong University School of Medicine,,Shanghai,28,https://clinicaltrials.gov/study/NCT01012258,unverified_no_approved_evidence,not_evaluated_without_approved_identity,,,,[],[],Obtain hospital or regulator evidence connecting the reported name to a filing; reference labels alone are insufficient,deterministic reconciliation of source-reviewed assertions; not a new manual source review
561,Shanghai Tongji Hospital,Shanghai Municipality,Shanghai,28,https://clinicaltrials.gov/study/NCT01681316,unverified_no_approved_evidence,not_evaluated_without_approved_identity,,,,[],[],Obtain hospital or regulator evidence connecting the reported name to a filing; reference labels alone are insufficient,deterministic reconciliation of source-reviewed assertions; not a new manual source review
562,Shanghai Xuhui Central Hospital,,Shanghai,28,https://clinicaltrials.gov/study/NCT03322800,unverified_no_approved_evidence,not_evaluated_without_approved_identity,,,,[],[],Obtain hospital or regulator evidence connecting the reported name to a filing; reference labels alone are insufficient,deterministic reconciliation of source-reviewed assertions; not a new manual source review
563,"Sir Run Run Shaw Hospital, School of Medicine, Zhejiang University",Zhejiang,Hangzhou,28,https://clinicaltrials.gov/study/NCT01228734,unverified_no_approved_evidence,not_evaluated_without_approved_identity,,,,[],[],Obtain hospital or regulator evidence connecting the reported name to a filing; reference labels alone are insufficient,deterministic reconciliation of source-reviewed assertions; not a new manual source review
564,Southwest Hospital,,Chongqing,28,https://clinicaltrials.gov/study/NCT00622986,unverified_no_approved_evidence,not_evaluated_without_approved_identity,,,,[],[],Obtain hospital or regulator evidence connecting the reported name to a filing; reference labels alone are insufficient,deterministic reconciliation of source-reviewed assertions; not a new manual source review
565,The First Affiliated Hospital of Guangdong Pharmaceutical University,Guangdong,Guangzhou,28,https://clinicaltrials.gov/study/NCT00829660,unverified_no_approved_evidence,not_evaluated_without_approved_identity,,,,[],[],Obtain hospital or regulator evidence connecting the reported name to a filing; reference labels alone are insufficient,deterministic reconciliation of source-reviewed assertions; not a new manual source review
566,Tianjin Medical University Eye Hospital,Tianjin Municipality,Tianjin,28,https://clinicaltrials.gov/study/NCT02121262,verified_name_relation,requires_location_review,,,,"[{""hospital_id"": ""cnha-cfdi-4334524bc0a8033354020bfe4fd76b68"", ""official_name"": ""天津医科大学眼科医院"", ""filing_number"": ""药临床机构备字2019000034"", ""alias"": ""Tianjin Medical University Eye Hospital"", ""normalized_alias"": ""tianjinmedicaluniversityeyehospital"", ""kind"": ""english_name"", ""evidence_status"": ""official_source_reviewed"", ""source_url"": ""https://gs.tmu.edu.cn/_upload/article/files/25/92/b1ddeac8440d816796748f7f9544/6b270462-3758-4b0a-85f4-f306c880f31e.pdf"", ""accessed_at"": ""2026-09-05"", ""valid_from"": """", ""valid_to"": """"}]",[],"Verify reported province, city and campus against the study record before assigning an institution ID",deterministic reconciliation of source-reviewed assertions; not a new manual source review
567,"West China Second University Hospital, Sichuan University",Sichuan,Chengdu,28,https://clinicaltrials.gov/study/NCT04164199,unverified_no_approved_evidence,not_evaluated_without_approved_identity,,,,[],[],Obtain hospital or regulator evidence connecting the reported name to a filing; reference labels alone are insufficient,deterministic reconciliation of source-reviewed assertions; not a new manual source review
568,Affiliated Cancer Hospital of Harbin Medical University,Heilongjiang,Harbin,27,https://clinicaltrials.gov/study/NCT02929290,unverified_no_approved_evidence,not_evaluated_without_approved_identity,,,,[],[],Obtain hospital or regulator evidence connecting the reported name to a filing; reference labels alone are insufficient,deterministic reconciliation of source-reviewed assertions; not a new manual source review
569,Affiliated Hospital of Nantong University,,Nantong,27,https://clinicaltrials.gov/study/NCT01641939,unverified_reference_only,not_evaluated_without_approved_identity,,,,[],"[{""hospital_id"": ""cnha-cfdi-0760f716c0a8033319b4c71d741cd396"", ""official_name"": ""南通大学附属医院"", ""candidate_alias"": ""Affiliated Hospital of Nantong University"", ""source_url"": ""https://ror.org/001rahr89"", ""status"": ""review_required"", ""reason"": ""Reference-only name; not approved for resolution""}]",Obtain hospital or regulator evidence connecting the reported name to a filing; reference labels alone are insufficient,deterministic reconciliation of source-reviewed assertions; not a new manual source review
570,Biotherapeutic Department of Chinese PLA General Hospital,Beijing Municipality,Beijing,27,https://clinicaltrials.gov/study/NCT01735604,unverified_no_approved_evidence,not_evaluated_without_approved_identity,,,,[],[],Obtain hospital or regulator evidence connecting the reported name to a filing; reference labels alone are insufficient,deterministic reconciliation of source-reviewed assertions; not a new manual source review
571,"Cancer Hospital Chinese Academy of Medical Sciences, Shenzhen Center",Guangdong,Shenzhen,27,https://clinicaltrials.gov/study/NCT03753685,unverified_no_approved_evidence,not_evaluated_without_approved_identity,,,,[],[],Obtain hospital or regulator evidence connecting the reported name to a filing; reference labels alone are insufficient,deterministic reconciliation of source-reviewed assertions; not a new manual source review
572,First Affiliated Hospital of Guangxi Medical University,Guangxi,Nanning,27,https://clinicaltrials.gov/study/NCT01088009,unverified_no_approved_evidence,not_evaluated_without_approved_identity,,,,[],[],Obtain hospital or regulator evidence connecting the reported name to a filing; reference labels alone are insufficient,deterministic reconciliation of source-reviewed assertions; not a new manual source review
573,First Affiliated Hospital of Medical College of Xi'an Jiaotong University,,Xi'an,27,https://clinicaltrials.gov/study/NCT01192880,unverified_no_approved_evidence,not_evaluated_without_approved_identity,,,,[],[],Obtain hospital or regulator evidence connecting the reported name to a filing; reference labels alone are insufficient,deterministic reconciliation of source-reviewed assertions; not a new manual source review
574,Hangzhou Cancer Hospital,Zhejiang,Hangzhou,27,https://clinicaltrials.gov/study/NCT01494415,unverified_reference_only,not_evaluated_without_approved_identity,,,,[],"[{""hospital_id"": ""cnha-cfdi-350cb36ac0a803331b0d46566a10ed40"", ""official_name"": ""杭州市肿瘤医院"", ""candidate_alias"": ""Hangzhou Cancer Hospital"", ""source_url"": ""https://ror.org/05psp9534"", ""status"": ""review_required"", ""reason"": ""Reference-only name; not approved for resolution""}]",Obtain hospital or regulator evidence connecting the reported name to a filing; reference labels alone are insufficient,deterministic reconciliation of source-reviewed assertions; not a new manual source review
575,Hangzhou Third People's Hospital,Zhejiang,Hangzhou,27,https://clinicaltrials.gov/study/NCT04717310,unverified_no_approved_evidence,not_evaluated_without_approved_identity,,,,[],[],Obtain hospital or regulator evidence connecting the reported name to a filing; reference labels alone are insufficient,deterministic reconciliation of source-reviewed assertions; not a new manual source review
576,Huaihe Hospital of Henan University,Henan,Kaifeng,27,https://clinicaltrials.gov/study/NCT03210324,unverified_no_approved_evidence,not_evaluated_without_approved_identity,,,,[],[],Obtain hospital or regulator evidence connecting the reported name to a filing; reference labels alone are insufficient,deterministic reconciliation of source-reviewed assertions; not a new manual source review
577,Inner Mongolia Baogang Hospital,Inner Mongolia,Baotou,27,https://clinicaltrials.gov/study/NCT01975376,unverified_no_approved_evidence,not_evaluated_without_approved_identity,,,,[],[],Obtain hospital or regulator evidence connecting the reported name to a filing; reference labels alone are insufficient,deterministic reconciliation of source-reviewed assertions; not a new manual source review
578,Jining First People's Hospital,Shandong,Jining,27,https://clinicaltrials.gov/study/NCT02632149,unverified_reference_only,not_evaluated_without_approved_identity,,,,[],"[{""hospital_id"": ""cnha-cfdi-0f27c805c0a803332ce19ba6a765712a"", ""official_name"": ""济宁市第一人民医院"", ""candidate_alias"": ""Jining First People's Hospital"", ""source_url"": ""https://ror.org/04gs6v336"", ""status"": ""review_required"", ""reason"": ""Reference-only name; not approved for resolution""}]",Obtain hospital or regulator evidence connecting the reported name to a filing; reference labels alone are insufficient,deterministic reconciliation of source-reviewed assertions; not a new manual source review
579,Northern Jiangsu People's Hospital,,Yangzhou,27,https://clinicaltrials.gov/study/NCT01121393,unverified_no_approved_evidence,not_evaluated_without_approved_identity,,,,[],[],Obtain hospital or regulator evidence connecting the reported name to a filing; reference labels alone are insufficient,deterministic reconciliation of source-reviewed assertions; not a new manual source review
580,Sanmenxia Central Hospital,Henan,Sanmenxia,27,https://clinicaltrials.gov/study/NCT04078737,unverified_no_approved_evidence,not_evaluated_without_approved_identity,,,,[],[],Obtain hospital or regulator evidence connecting the reported name to a filing; reference labels alone are insufficient,deterministic reconciliation of source-reviewed assertions; not a new manual source review
581,Taian City Central Hospital,Shandong,Taian,27,https://clinicaltrials.gov/study/NCT00829660,unverified_no_approved_evidence,not_evaluated_without_approved_identity,,,,[],[],Obtain hospital or regulator evidence connecting the reported name to a filing; reference labels alone are insufficient,deterministic reconciliation of source-reviewed assertions; not a new manual source review
582,The 2nd Affiliated Hospital of Harbin Medical University,Heilongjiang,Harbin,27,https://clinicaltrials.gov/study/NCT00736515,unverified_no_approved_evidence,not_evaluated_without_approved_identity,,,,[],[],Obtain hospital or regulator evidence connecting the reported name to a filing; reference labels alone are insufficient,deterministic reconciliation of source-reviewed assertions; not a new manual source review
583,The First Affiliated Hospital of Sun Yat-sen University,,Guangzhou,27,https://clinicaltrials.gov/study/NCT03465722,unverified_no_approved_evidence,not_evaluated_without_approved_identity,,,,[],[],Obtain hospital or regulator evidence connecting the reported name to a filing; reference labels alone are insufficient,deterministic reconciliation of source-reviewed assertions; not a new manual source review
584,The First Hospital of Jilin University,,Jilin City,27,https://clinicaltrials.gov/study/NCT02112656,verified_name_relation,requires_location_review,,,,"[{""hospital_id"": ""cnha-cfdi-28c180c3c0a803337c9a4eaf72b893ea"", ""official_name"": ""吉林大学第一医院"", ""filing_number"": ""药临床机构备字2020000193"", ""alias"": ""The First Hospital of Jilin University"", ""normalized_alias"": ""thefirsthospitalofjilinuniversity"", ""kind"": ""english_name"", ""evidence_status"": ""official_source_reviewed"", ""source_url"": ""https://cie.jlu.edu.cn/info/1137/1681.htm"", ""accessed_at"": ""2026-09-05"", ""valid_from"": """", ""valid_to"": """"}]",[],"Verify reported province, city and campus against the study record before assigning an institution ID",deterministic reconciliation of source-reviewed assertions; not a new manual source review
585,The First People's Hospital of Foshan,,Foshan,27,https://clinicaltrials.gov/study/NCT04085276,unverified_no_approved_evidence,not_evaluated_without_approved_identity,,,,[],[],Obtain hospital or regulator evidence connecting the reported name to a filing; reference labels alone are insufficient,deterministic reconciliation of source-reviewed assertions; not a new manual source review
586,The Second Affiliated Hospital of Shandong First Medical University,Shandong,Taian,27,https://clinicaltrials.gov/study/NCT05068921,unverified_no_approved_evidence,not_evaluated_without_approved_identity,,,,[],[],Obtain hospital or regulator evidence connecting the reported name to a filing; reference labels alone are insufficient,deterministic reconciliation of source-reviewed assertions; not a new manual source review
587,The Second Hospital of Nanjing,Jiangsu,Nanjing,27,https://clinicaltrials.gov/study/NCT01326546,unverified_no_approved_evidence,not_evaluated_without_approved_identity,,,,[],[],Obtain hospital or regulator evidence connecting the reported name to a filing; reference labels alone are insufficient,deterministic reconciliation of source-reviewed assertions; not a new manual source review
588,Wuhan Central Hospital,Hubei,Wuhan,27,https://clinicaltrials.gov/study/NCT03338010,unverified_no_approved_evidence,not_evaluated_without_approved_identity,,,,[],[],Obtain hospital or regulator evidence connecting the reported name to a filing; reference labels alone are insufficient,deterministic reconciliation of source-reviewed assertions; not a new manual source review
589,Wuhan No.1 Hospital,Hubei,Wuhan,27,https://clinicaltrials.gov/study/NCT02441556,unverified_reference_only,not_evaluated_without_approved_identity,,,,[],"[{""hospital_id"": ""cnha-cfdi-60f5b325c0a803331a6f8a0d94e41c3c"", ""official_name"": ""武汉市中西医结合医院（武汉市第一医院）"", ""candidate_alias"": ""Wuhan No.1 Hospital"", ""source_url"": ""https://ror.org/021ty3131"", ""status"": ""review_required"", ""reason"": ""Reference-only name; not approved for resolution""}]",Obtain hospital or regulator evidence connecting the reported name to a filing; reference labels alone are insufficient,deterministic reconciliation of source-reviewed assertions; not a new manual source review
590,Central Hospital Affiliated to Shandong First Medical University,Shandong,Jinan,26,https://clinicaltrials.gov/study/NCT03431142,unverified_no_approved_evidence,not_evaluated_without_approved_identity,,,,[],[],Obtain hospital or regulator evidence connecting the reported name to a filing; reference labels alone are insufficient,deterministic reconciliation of source-reviewed assertions; not a new manual source review
591,Eastern hepatobilliary surgery hospital,Shanghai Municipality,Shanghai,26,https://clinicaltrials.gov/study/NCT00819650,unverified_no_approved_evidence,not_evaluated_without_approved_identity,,,,[],[],Obtain hospital or regulator evidence connecting the reported name to a filing; reference labels alone are insufficient,deterministic reconciliation of source-reviewed assertions; not a new manual source review
592,First Affiliated Hospital of Nanjing Medical University,Jiangsu,Nanjing,26,https://clinicaltrials.gov/study/NCT00911508,unverified_reference_only,not_evaluated_without_approved_identity,,,,[],"[{""hospital_id"": ""cnha-cfdi-382ba8b0c0a803335b4ce03a0dba2371"", ""official_name"": ""南京医科大学第一附属医院（江苏省人民医院）"", ""candidate_alias"": ""First Affiliated Hospital of Nanjing Medical University"", ""source_url"": ""https://ror.org/04py1g812"", ""status"": ""review_required"", ""reason"": ""Reference-only name; not approved for resolution""}]",Obtain hospital or regulator evidence connecting the reported name to a filing; reference labels alone are insufficient,deterministic reconciliation of source-reviewed assertions; not a new manual source review
593,First Affiliated Hospital of Xi'an Jiaotong University,Shanxi,XiAn,26,https://clinicaltrials.gov/study/NCT02103257,verified_name_relation,requires_location_review,,,,"[{""hospital_id"": ""cnha-cfdi-f4f98652c0a803335f197e2df8ec0b2e"", ""official_name"": ""西安交通大学第一附属医院"", ""filing_number"": ""药临床机构备字2020000167"", ""alias"": ""First Affiliated Hospital of Xi'an Jiaotong University"", ""normalized_alias"": ""firstaffiliatedhospitalofxianjiaotonguniversity"", ""kind"": ""english_name"", ""evidence_status"": ""official_source_reviewed"", ""source_url"": ""https://en.xjtu.edu.cn/affiliateunits.html"", ""accessed_at"": ""2026-09-05"", ""valid_from"": """", ""valid_to"": """"}]",[],"Verify reported province, city and campus against the study record before assigning an institution ID",deterministic reconciliation of source-reviewed assertions; not a new manual source review
594,Fudan University Zhongshan Hospital,Shanghai Municipality,Shanghai,26,https://clinicaltrials.gov/study/NCT01489566,unverified_no_approved_evidence,not_evaluated_without_approved_identity,,,,[],[],Obtain hospital or regulator evidence connecting the reported name to a filing; reference labels alone are insufficient,deterministic reconciliation of source-reviewed assertions; not a new manual source review
595,"Fuwai Hospital, Chinese Academy of Medical Sciences",,Beijing,26,https://clinicaltrials.gov/study/NCT02617446,unverified_no_approved_evidence,not_evaluated_without_approved_identity,,,,[],[],Obtain hospital or regulator evidence connecting the reported name to a filing; reference labels alone are insufficient,deterministic reconciliation of source-reviewed assertions; not a new manual source review
596,General Hospital of Eastern Theater Command,Jiangsu,Nanjing,26,https://clinicaltrials.gov/study/NCT01560052,unverified_no_approved_evidence,not_evaluated_without_approved_identity,,,,[],[],Obtain hospital or regulator evidence connecting the reported name to a filing; reference labels alone are insufficient,deterministic reconciliation of source-reviewed assertions; not a new manual source review
597,Guangxi Medical University Cancer Hospital,,Nanning,26,https://clinicaltrials.gov/study/NCT03704246,unverified_no_approved_evidence,not_evaluated_without_approved_identity,,,,[],[],Obtain hospital or regulator evidence connecting the reported name to a filing; reference labels alone are insufficient,deterministic reconciliation of source-reviewed assertions; not a new manual source review
598,Henan Tumor Hospital,Henan,Zhengzhou,26,https://clinicaltrials.gov/study/NCT02117726,unverified_no_approved_evidence,not_evaluated_without_approved_identity,,,,[],[],Obtain hospital or regulator evidence connecting the reported name to a filing; reference labels alone are insufficient,deterministic reconciliation of source-reviewed assertions; not a new manual source review
599,Jiangxi Pingxiang People's Hospital,Jiangxi,Pingxiang,26,https://clinicaltrials.gov/study/NCT02231125,unverified_no_approved_evidence,not_evaluated_without_approved_identity,,,,[],[],Obtain hospital or regulator evidence connecting the reported name to a filing; reference labels alone are insufficient,deterministic reconciliation of source-reviewed assertions; not a new manual source review
600,"National Cancer Center/Cancer Hospital, Chinese Academy of Medical Sciences and Peking Union Medical College",,Beijing,26,https://clinicaltrials.gov/study/NCT03398941,unverified_no_approved_evidence,not_evaluated_without_approved_identity,,,,[],[],Obtain hospital or regulator evidence connecting the reported name to a filing; reference labels alone are insufficient,deterministic reconciliation of source-reviewed assertions; not a new manual source review
601,"National Cancer Center/Cancer Hospital, Chinese Academy of Medical Sciences and Peking Union Medical College",Beijing Municipality,Beijing,26,https://clinicaltrials.gov/study/NCT02734680,unverified_no_approved_evidence,not_evaluated_without_approved_identity,,,,[],[],Obtain hospital or regulator evidence connecting the reported name to a filing; reference labels alone are insufficient,deterministic reconciliation of source-reviewed assertions; not a new manual source review
602,"Shanghai Jiaotong University School of Medicine, Renji Hospital",Shanghai Municipality,Shanghai,26,https://clinicaltrials.gov/study/NCT01513811,unverified_no_approved_evidence,not_evaluated_without_approved_identity,,,,[],[],Obtain hospital or regulator evidence connecting the reported name to a filing; reference labels alone are insufficient,deterministic reconciliation of source-reviewed assertions; not a new manual source review
603,Shanxi Cardiovascular Hospital,Shanxi,Taiyuan,26,https://clinicaltrials.gov/study/NCT00829660,unverified_no_approved_evidence,not_evaluated_without_approved_identity,,,,[],[],Obtain hospital or regulator evidence connecting the reported name to a filing; reference labels alone are insufficient,deterministic reconciliation of source-reviewed assertions; not a new manual source review
604,Tangshan People's Hospital,Hebei,Tangshan,26,https://clinicaltrials.gov/study/NCT02625948,unverified_no_approved_evidence,not_evaluated_without_approved_identity,,,,[],[],Obtain hospital or regulator evidence connecting the reported name to a filing; reference labels alone are insufficient,deterministic reconciliation of source-reviewed assertions; not a new manual source review
605,The Affiliated Hospital of Xuzhou Medical College,,Xuzhou,26,https://clinicaltrials.gov/study/NCT01143064,unverified_no_approved_evidence,not_evaluated_without_approved_identity,,,,[],[],Obtain hospital or regulator evidence connecting the reported name to a filing; reference labels alone are insufficient,deterministic reconciliation of source-reviewed assertions; not a new manual source review
606,The First Affiliated Hospital of Hainan Medical University,Hainan,Haikou,26,https://clinicaltrials.gov/study/NCT04078737,unverified_no_approved_evidence,not_evaluated_without_approved_identity,,,,[],[],Obtain hospital or regulator evidence connecting the reported name to a filing; reference labels alone are insufficient,deterministic reconciliation of source-reviewed assertions; not a new manual source review
607,The First Affiliated Hospital of USTC,Anhui,Hefei,26,https://clinicaltrials.gov/study/NCT04797013,unverified_no_approved_evidence,not_evaluated_without_approved_identity,,,,[],[],Obtain hospital or regulator evidence connecting the reported name to a filing; reference labels alone are insufficient,deterministic reconciliation of source-reviewed assertions; not a new manual source review
608,The Third Affiliated Hospital of Guangzhou Medical University,Guangdong,Guangzhou,26,https://clinicaltrials.gov/study/NCT01922193,unverified_no_approved_evidence,not_evaluated_without_approved_identity,,,,[],[],Obtain hospital or regulator evidence connecting the reported name to a filing; reference labels alone are insufficient,deterministic reconciliation of source-reviewed assertions; not a new manual source review
609,Tianjin Medical University Cancer Hospital,Tianjin Municipality,Tianjin,26,https://clinicaltrials.gov/study/NCT01393093,unverified_no_approved_evidence,not_evaluated_without_approved_identity,,,,[],[],Obtain hospital or regulator evidence connecting the reported name to a filing; reference labels alone are insufficient,deterministic reconciliation of source-reviewed assertions; not a new manual source review
610,Xijing Hospital of Digestive Diseases,Shaanxi,Xi'an,26,https://clinicaltrials.gov/study/NCT01496781,unverified_no_approved_evidence,not_evaluated_without_approved_identity,,,,[],[],Obtain hospital or regulator evidence connecting the reported name to a filing; reference labels alone are insufficient,deterministic reconciliation of source-reviewed assertions; not a new manual source review
611,Zhuzhou Central Hospital,,Zhuzhou,26,https://clinicaltrials.gov/study/NCT02597933,unverified_reference_only,not_evaluated_without_approved_identity,,,,[],"[{""hospital_id"": ""cnha-cfdi-111a51ebc0a8033351ddc3e578d4d069"", ""official_name"": ""株洲市中心医院"", ""candidate_alias"": ""Zhuzhou Central Hospital"", ""source_url"": ""https://ror.org/03prq2784"", ""status"": ""review_required"", ""reason"": ""Reference-only name; not approved for resolution""}]",Obtain hospital or regulator evidence connecting the reported name to a filing; reference labels alone are insufficient,deterministic reconciliation of source-reviewed assertions; not a new manual source review
612,Affiliated Hospital of Qingdao University,Shandong,Qingdao,25,https://clinicaltrials.gov/study/NCT01983644,unverified_no_approved_evidence,not_evaluated_without_approved_identity,,,,[],[],Obtain hospital or regulator evidence connecting the reported name to a filing; reference labels alone are insufficient,deterministic reconciliation of source-reviewed assertions; not a new manual source review
613,Anhui Cancer Hospital,Anhui,Hefei,25,https://clinicaltrials.gov/study/NCT02748772,unverified_no_approved_evidence,not_evaluated_without_approved_identity,,,,[],[],Obtain hospital or regulator evidence connecting the reported name to a filing; reference labels alone are insufficient,deterministic reconciliation of source-reviewed assertions; not a new manual source review
614,Cancer Center of Guangzhou Medical University,Guangdong,Guangzhou,25,https://clinicaltrials.gov/study/NCT02309437,unverified_no_approved_evidence,not_evaluated_without_approved_identity,,,,[],[],Obtain hospital or regulator evidence connecting the reported name to a filing; reference labels alone are insufficient,deterministic reconciliation of source-reviewed assertions; not a new manual source review
615,Cangzhou People's Hospital,Hebei,Cangzhou,25,https://clinicaltrials.gov/study/NCT03089957,unverified_no_approved_evidence,not_evaluated_without_approved_identity,,,,[],[],Obtain hospital or regulator evidence connecting the reported name to a filing; reference labels alone are insufficient,deterministic reconciliation of source-reviewed assertions; not a new manual source review
616,Changhai Hospital of Shanghai,Shanghai Municipality,Shanghai,25,https://clinicaltrials.gov/study/NCT01642771,unverified_no_approved_evidence,not_evaluated_without_approved_identity,,,,[],[],Obtain hospital or regulator evidence connecting the reported name to a filing; reference labels alone are insufficient,deterministic reconciliation of source-reviewed assertions; not a new manual source review
617,"Guang'anmen Hospital, China Academy of Chinese Medical Sciences",Beijing Municipality,Beijing,25,https://clinicaltrials.gov/study/NCT01681316,unverified_no_approved_evidence,not_evaluated_without_approved_identity,,,,[],[],Obtain hospital or regulator evidence connecting the reported name to a filing; reference labels alone are insufficient,deterministic reconciliation of source-reviewed assertions; not a new manual source review
618,Guangzhou First People's Hospital,,Guangzhou,25,https://clinicaltrials.gov/study/NCT02927067,unverified_no_approved_evidence,not_evaluated_without_approved_identity,,,,[],[],Obtain hospital or regulator evidence connecting the reported name to a filing; reference labels alone are insufficient,deterministic reconciliation of source-reviewed assertions; not a new manual source review
619,Jiangxi Cancer Hospital,,Nanchang,25,https://clinicaltrials.gov/study/NCT03907826,unverified_reference_only,not_evaluated_without_approved_identity,,,,[],"[{""hospital_id"": ""cnha-cfdi-3bdbeeaec0a803336bb4fc0b126bdd8e"", ""official_name"": ""江西省肿瘤医院（江西省第二人民医院）"", ""candidate_alias"": ""Jiangxi Cancer Hospital"", ""source_url"": ""https://ror.org/00v8g0168"", ""status"": ""review_required"", ""reason"": ""Reference-only name; not approved for resolution""}]",Obtain hospital or regulator evidence connecting the reported name to a filing; reference labels alone are insufficient,deterministic reconciliation of source-reviewed assertions; not a new manual source review
620,Longhua Hospital Shanghai University of Traditional Chinese Medicine,Shanghai Municipality,Shanghai,25,https://clinicaltrials.gov/study/NCT02871453,unverified_reference_only,not_evaluated_without_approved_identity,,,,[],"[{""hospital_id"": ""cnha-cfdi-6d86801dc0a8033309fe64ed2f53a5f6"", ""official_name"": ""上海中医药大学附属龙华医院"", ""candidate_alias"": ""Longhua Hospital Shanghai University of Traditional Chinese Medicine"", ""source_url"": ""https://ror.org/016yezh07"", ""status"": ""review_required"", ""reason"": ""Reference-only name; not approved for resolution""}]",Obtain hospital or regulator evidence connecting the reported name to a filing; reference labels alone are insufficient,deterministic reconciliation of source-reviewed assertions; not a new manual source review
621,Ningbo First Hospital,,Ningbo,25,https://clinicaltrials.gov/study/NCT04552899,unverified_no_approved_evidence,not_evaluated_without_approved_identity,,,,[],[],Obtain hospital or regulator evidence connecting the reported name to a filing; reference labels alone are insufficient,deterministic reconciliation of source-reviewed assertions; not a new manual source review
622,Qingdao Municipal Hospital,,Qingdao,25,https://clinicaltrials.gov/study/NCT01459081,unverified_no_approved_evidence,not_evaluated_without_approved_identity,,,,[],[],Obtain hospital or regulator evidence connecting the reported name to a filing; reference labels alone are insufficient,deterministic reconciliation of source-reviewed assertions; not a new manual source review
623,Shanghai Ruijin Hospital,,Shanghai,25,https://clinicaltrials.gov/study/NCT00240409,unverified_no_approved_evidence,not_evaluated_without_approved_identity,,,,[],[],Obtain hospital or regulator evidence connecting the reported name to a filing; reference labels alone are insufficient,deterministic reconciliation of source-reviewed assertions; not a new manual source review
624,Shenzhen Children's Hospital,Guangdong,Shenzhen,25,https://clinicaltrials.gov/study/NCT03635073,unverified_reference_only,not_evaluated_without_approved_identity,,,,[],"[{""hospital_id"": ""cnha-cfdi-ce825239c0a80333050e076a5993cb1e"", ""official_name"": ""深圳市儿童医院"", ""candidate_alias"": ""Shenzhen Children's Hospital"", ""source_url"": ""https://ror.org/0409k5a27"", ""status"": ""review_required"", ""reason"": ""Reference-only name; not approved for resolution""}]",Obtain hospital or regulator evidence connecting the reported name to a filing; reference labels alone are insufficient,deterministic reconciliation of source-reviewed assertions; not a new manual source review
625,The Affiliated Hospital of Xuzhou Medical College,Jiangsu,Xuzhou,25,https://clinicaltrials.gov/study/NCT01848873,unverified_no_approved_evidence,not_evaluated_without_approved_identity,,,,[],[],Obtain hospital or regulator evidence connecting the reported name to a filing; reference labels alone are insufficient,deterministic reconciliation of source-reviewed assertions; not a new manual source review
626,The Second Affiliated Hospital and Yuying Children's Hospital of Wenzhou Medical University,Zhejiang,Wenzhou,25,https://clinicaltrials.gov/study/NCT03105167,unverified_no_approved_evidence,not_evaluated_without_approved_identity,,,,[],[],Obtain hospital or regulator evidence connecting the reported name to a filing; reference labels alone are insufficient,deterministic reconciliation of source-reviewed assertions; not a new manual source review
627,The Sixth Affiliated Hospital of Sun Yat-sen University,,Guangzhou,25,https://clinicaltrials.gov/study/NCT02062489,unverified_no_approved_evidence,not_evaluated_without_approved_identity,,,,[],[],Obtain hospital or regulator evidence connecting the reported name to a filing; reference labels alone are insufficient,deterministic reconciliation of source-reviewed assertions; not a new manual source review
628,Xiangtan Central Hospital,Hu'nan,Xiangtan,25,https://clinicaltrials.gov/study/NCT02388737,unverified_no_approved_evidence,not_evaluated_without_approved_identity,,,,[],[],Obtain hospital or regulator evidence connecting the reported name to a filing; reference labels alone are insufficient,deterministic reconciliation of source-reviewed assertions; not a new manual source review
629,Xijing Hospital,,Xi'an,25,https://clinicaltrials.gov/study/NCT01554397,unverified_no_approved_evidence,not_evaluated_without_approved_identity,,,,[],[],Obtain hospital or regulator evidence connecting the reported name to a filing; reference labels alone are insufficient,deterministic reconciliation of source-reviewed assertions; not a new manual source review
630,Zhongshan City People's Hospital,Guangdong,Zhongshan,25,https://clinicaltrials.gov/study/NCT00565708,unverified_no_approved_evidence,not_evaluated_without_approved_identity,,,,[],[],Obtain hospital or regulator evidence connecting the reported name to a filing; reference labels alone are insufficient,deterministic reconciliation of source-reviewed assertions; not a new manual source review
631,Zhongshan People's Hospital,Guangdong,Zhongshan,25,https://clinicaltrials.gov/study/NCT02173457,unverified_reference_only,not_evaluated_without_approved_identity,,,,[],"[{""hospital_id"": ""cnha-cfdi-1afe040bc0a803331139421223856a6e"", ""official_name"": ""中山市人民医院"", ""candidate_alias"": ""Zhongshan People's Hospital"", ""source_url"": ""https://ror.org/01x5dfh38"", ""status"": ""review_required"", ""reason"": ""Reference-only name; not approved for resolution""}]",Obtain hospital or regulator evidence connecting the reported name to a filing; reference labels alone are insufficient,deterministic reconciliation of source-reviewed assertions; not a new manual source review
632,307 Hospital of PLA,Beijing Municipality,Beijing,24,https://clinicaltrials.gov/study/NCT01040780,unverified_no_approved_evidence,not_evaluated_without_approved_identity,,,,[],[],Obtain hospital or regulator evidence connecting the reported name to a filing; reference labels alone are insufficient,deterministic reconciliation of source-reviewed assertions; not a new manual source review
633,"Beijing Tongren Hospital, CMU",Beijing Municipality,Beijing,24,https://clinicaltrials.gov/study/NCT04047862,unverified_no_approved_evidence,not_evaluated_without_approved_identity,,,,[],[],Obtain hospital or regulator evidence connecting the reported name to a filing; reference labels alone are insufficient,deterministic reconciliation of source-reviewed assertions; not a new manual source review
634,Changzhou No 2 Peoples Hospital,,Changzhou,24,https://clinicaltrials.gov/study/NCT03466411,unverified_reference_only,not_evaluated_without_approved_identity,,,,[],"[{""hospital_id"": ""cnha-cfdi-458e8225c0a803335ec2506c0d2b3ce8"", ""official_name"": ""常州市第二人民医院"", ""candidate_alias"": ""Changzhou No.2 People's Hospital"", ""source_url"": ""https://ror.org/04bkhy554"", ""status"": ""review_required"", ""reason"": ""Reference-only name; not approved for resolution""}]",Obtain hospital or regulator evidence connecting the reported name to a filing; reference labels alone are insufficient,deterministic reconciliation of source-reviewed assertions; not a new manual source review
635,Chengdu Fifth People's Hospital,Sichuan,Chengdu,24,https://clinicaltrials.gov/study/NCT04024137,unverified_no_approved_evidence,not_evaluated_without_approved_identity,,,,[],[],Obtain hospital or regulator evidence connecting the reported name to a filing; reference labels alone are insufficient,deterministic reconciliation of source-reviewed assertions; not a new manual source review
636,"Daping Hospital, Third Military Medical University",Chongqing Municipality,Chongqing,24,https://clinicaltrials.gov/study/NCT01977209,unverified_no_approved_evidence,not_evaluated_without_approved_identity,,,,[],[],Obtain hospital or regulator evidence connecting the reported name to a filing; reference labels alone are insufficient,deterministic reconciliation of source-reviewed assertions; not a new manual source review
637,Hebei Petro China Central Hospital,Hebei,Langfang,24,https://clinicaltrials.gov/study/NCT04970914,unverified_no_approved_evidence,not_evaluated_without_approved_identity,,,,[],[],Obtain hospital or regulator evidence connecting the reported name to a filing; reference labels alone are insufficient,deterministic reconciliation of source-reviewed assertions; not a new manual source review
638,Shandong Provincial Qianfoshan Hospital,Shandong,Ji'nan,24,https://clinicaltrials.gov/study/NCT02972541,unverified_reference_only,not_evaluated_without_approved_identity,,,,[],"[{""hospital_id"": ""cnha-cfdi-4af055fbc0a8033321f03a33eb4d0fc2"", ""official_name"": ""山东第一医科大学第一附属医院（山东省千佛山医院）"", ""candidate_alias"": ""Shandong Provincial QianFoShan Hospital"", ""source_url"": ""https://ror.org/03wnrsb51"", ""status"": ""review_required"", ""reason"": ""Reference-only name; not approved for resolution""}]",Obtain hospital or regulator evidence connecting the reported name to a filing; reference labels alone are insufficient,deterministic reconciliation of source-reviewed assertions; not a new manual source review
639,Taizhou Central Hospital,Zhejiang,Taizhou,24,https://clinicaltrials.gov/study/NCT02455141,unverified_no_approved_evidence,not_evaluated_without_approved_identity,,,,[],[],Obtain hospital or regulator evidence connecting the reported name to a filing; reference labels alone are insufficient,deterministic reconciliation of source-reviewed assertions; not a new manual source review
640,The First Affiliated Hospital of Shantou University Medical College,Guangdong,Shantou,24,https://clinicaltrials.gov/study/NCT01147627,unverified_no_approved_evidence,not_evaluated_without_approved_identity,,,,[],[],Obtain hospital or regulator evidence connecting the reported name to a filing; reference labels alone are insufficient,deterministic reconciliation of source-reviewed assertions; not a new manual source review
641,The First Hospital of Lanzhou University,,Lanzhou,24,https://clinicaltrials.gov/study/NCT02448524,unverified_no_approved_evidence,not_evaluated_without_approved_identity,,,,[],[],Obtain hospital or regulator evidence connecting the reported name to a filing; reference labels alone are insufficient,deterministic reconciliation of source-reviewed assertions; not a new manual source review
642,The Sixth People's Hospital of Shenyang,Liaoning,Shenyang,24,https://clinicaltrials.gov/study/NCT01903278,unverified_reference_only,not_evaluated_without_approved_identity,,,,[],"[{""hospital_id"": ""cnha-cfdi-6871630cc0a803330daafd3f80189bd7"", ""official_name"": ""沈阳市第六人民医院（沈阳市传染病医院）"", ""candidate_alias"": ""The Sixth People's Hospital of Shenyang"", ""source_url"": ""https://ror.org/0524grj14"", ""status"": ""review_required"", ""reason"": ""Reference-only name; not approved for resolution""}]",Obtain hospital or regulator evidence connecting the reported name to a filing; reference labels alone are insufficient,deterministic reconciliation of source-reviewed assertions; not a new manual source review
643,Third Affiliated Hospital of Sun Yat-sen University,Guangdong,Guangzhou,24,https://clinicaltrials.gov/study/NCT00936143,unverified_no_approved_evidence,not_evaluated_without_approved_identity,,,,[],[],Obtain hospital or regulator evidence connecting the reported name to a filing; reference labels alone are insufficient,deterministic reconciliation of source-reviewed assertions; not a new manual source review
644,Tongji Hospital of Tongji Medical College of Huazhong University of Science and Technology,Hubei,Wuhan,24,https://clinicaltrials.gov/study/NCT00962533,unverified_no_approved_evidence,not_evaluated_without_approved_identity,,,,[],[],Obtain hospital or regulator evidence connecting the reported name to a filing; reference labels alone are insufficient,deterministic reconciliation of source-reviewed assertions; not a new manual source review
645,"Xijing Hospital, Fourth Military Medical University",Shaanxi,Xi'an,24,https://clinicaltrials.gov/study/NCT00604435,unverified_no_approved_evidence,not_evaluated_without_approved_identity,,,,[],[],Obtain hospital or regulator evidence connecting the reported name to a filing; reference labels alone are insufficient,deterministic reconciliation of source-reviewed assertions; not a new manual source review
646,Beijing HuiLongGuan Hospital,,Beijing,23,https://clinicaltrials.gov/study/NCT00435370,unverified_no_approved_evidence,not_evaluated_without_approved_identity,,,,[],[],Obtain hospital or regulator evidence connecting the reported name to a filing; reference labels alone are insufficient,deterministic reconciliation of source-reviewed assertions; not a new manual source review
647,Breast cancer institute of Fudan University Cancer Hospital,Shanghai Municipality,Shanghai,23,https://clinicaltrials.gov/study/NCT01428414,unverified_no_approved_evidence,not_evaluated_without_approved_identity,,,,[],[],Obtain hospital or regulator evidence connecting the reported name to a filing; reference labels alone are insufficient,deterministic reconciliation of source-reviewed assertions; not a new manual source review
648,Chinese Academy of Medical Science and Blood Disease Hospital,Tianjin Municipality,Tianjin,23,https://clinicaltrials.gov/study/NCT04600960,unverified_no_approved_evidence,not_evaluated_without_approved_identity,,,,[],[],Obtain hospital or regulator evidence connecting the reported name to a filing; reference labels alone are insufficient,deterministic reconciliation of source-reviewed assertions; not a new manual source review
649,Dermatology Hospital of Jiangxi Province,Jiangxi,Nanchang,23,https://clinicaltrials.gov/study/NCT03422822,unverified_no_approved_evidence,not_evaluated_without_approved_identity,,,,[],[],Obtain hospital or regulator evidence connecting the reported name to a filing; reference labels alone are insufficient,deterministic reconciliation of source-reviewed assertions; not a new manual source review
650,Eastern Hepatobiliary Surgery Hospital,Shanghai Municipality,Shanghai,23,https://clinicaltrials.gov/study/NCT00814242,unverified_no_approved_evidence,not_evaluated_without_approved_identity,,,,[],[],Obtain hospital or regulator evidence connecting the reported name to a filing; reference labels alone are insufficient,deterministic reconciliation of source-reviewed assertions; not a new manual source review
651,First Affiliated Hospital of Xi'an JiaoTong University,,Xi'an,23,https://clinicaltrials.gov/study/NCT01897532,verified_name_relation,requires_location_review,,,,"[{""hospital_id"": ""cnha-cfdi-f4f98652c0a803335f197e2df8ec0b2e"", ""official_name"": ""西安交通大学第一附属医院"", ""filing_number"": ""药临床机构备字2020000167"", ""alias"": ""First Affiliated Hospital of Xi'an Jiaotong University"", ""normalized_alias"": ""firstaffiliatedhospitalofxianjiaotonguniversity"", ""kind"": ""english_name"", ""evidence_status"": ""official_source_reviewed"", ""source_url"": ""https://en.xjtu.edu.cn/affiliateunits.html"", ""accessed_at"": ""2026-09-05"", ""valid_from"": """", ""valid_to"": """"}]",[],"Verify reported province, city and campus against the study record before assigning an institution ID",deterministic reconciliation of source-reviewed assertions; not a new manual source review
652,First Affiliated Hospital of Xinjiang Medical University,Xinjiang,Ürümqi,23,https://clinicaltrials.gov/study/NCT01039467,unverified_reference_only,not_evaluated_without_approved_identity,,,,[],"[{""hospital_id"": ""cnha-cfdi-c96cb6cfc0a80333106c5822b7f9113e"", ""official_name"": ""新疆医科大学第一附属医院"", ""candidate_alias"": ""First Affiliated Hospital of Xinjiang Medical University"", ""source_url"": ""https://ror.org/02qx1ae98"", ""status"": ""review_required"", ""reason"": ""Reference-only name; not approved for resolution""}]",Obtain hospital or regulator evidence connecting the reported name to a filing; reference labels alone are insufficient,deterministic reconciliation of source-reviewed assertions; not a new manual source review
653,Foshan First People's Hospital,Guangdong,Foshan,23,https://clinicaltrials.gov/study/NCT00548223,unverified_no_approved_evidence,not_evaluated_without_approved_identity,,,,[],[],Obtain hospital or regulator evidence connecting the reported name to a filing; reference labels alone are insufficient,deterministic reconciliation of source-reviewed assertions; not a new manual source review
654,Fuda cancer institute of Fuda cancer hospital,Guangdong,Guangzhou,23,https://clinicaltrials.gov/study/NCT02849314,unverified_no_approved_evidence,not_evaluated_without_approved_identity,,,,[],[],Obtain hospital or regulator evidence connecting the reported name to a filing; reference labels alone are insufficient,deterministic reconciliation of source-reviewed assertions; not a new manual source review
655,Inner Mongolia People's Hospital,Inner Mongolia,Hohhot,23,https://clinicaltrials.gov/study/NCT01560052,unverified_reference_only,not_evaluated_without_approved_identity,,,,[],"[{""hospital_id"": ""cnha-cfdi-558f64c8c0a803333b2960fdbcb95bb7"", ""official_name"": ""内蒙古自治区人民医院"", ""candidate_alias"": ""Inner Mongolia People's Hospital"", ""source_url"": ""https://ror.org/02yng3249"", ""status"": ""review_required"", ""reason"": ""Reference-only name; not approved for resolution""}]",Obtain hospital or regulator evidence connecting the reported name to a filing; reference labels alone are insufficient,deterministic reconciliation of source-reviewed assertions; not a new manual source review
656,Institute of Hematology & Blood Diseases Hospital Chinese Academy of Medical Sciences & Peking Union Medical College,Tianjin Municipality,Tianjin,23,https://clinicaltrials.gov/study/NCT01503502,unverified_no_approved_evidence,not_evaluated_without_approved_identity,,,,[],[],Obtain hospital or regulator evidence connecting the reported name to a filing; reference labels alone are insufficient,deterministic reconciliation of source-reviewed assertions; not a new manual source review
657,Luoyang Third People's Hospital,He'nan,Luoyang,23,https://clinicaltrials.gov/study/NCT04983043,unverified_no_approved_evidence,not_evaluated_without_approved_identity,,,,[],[],Obtain hospital or regulator evidence connecting the reported name to a filing; reference labels alone are insufficient,deterministic reconciliation of source-reviewed assertions; not a new manual source review
658,"Medical Center for Digestive Diseases, The Second Affiliated Hospital of Nanjing Medical University",Jiangsu,Nanjing,23,https://clinicaltrials.gov/study/NCT01790061,unverified_no_approved_evidence,not_evaluated_without_approved_identity,,,,[],[],Obtain hospital or regulator evidence connecting the reported name to a filing; reference labels alone are insufficient,deterministic reconciliation of source-reviewed assertions; not a new manual source review
659,PLA General Hospital,Beijing Municipality,Beijing,23,https://clinicaltrials.gov/study/NCT00829660,unverified_no_approved_evidence,not_evaluated_without_approved_identity,,,,[],[],Obtain hospital or regulator evidence connecting the reported name to a filing; reference labels alone are insufficient,deterministic reconciliation of source-reviewed assertions; not a new manual source review
660,Renji Hospital Affiliated to Shanghai Jiao Tong University School of Medicine,,Shanghai,23,https://clinicaltrials.gov/study/NCT00486759,unverified_no_approved_evidence,not_evaluated_without_approved_identity,,,,[],[],Obtain hospital or regulator evidence connecting the reported name to a filing; reference labels alone are insufficient,deterministic reconciliation of source-reviewed assertions; not a new manual source review
661,Shanghai Children's Medical Center,Shanghai Municipality,Shanghai,23,https://clinicaltrials.gov/study/NCT02314273,unverified_reference_only,not_evaluated_without_approved_identity,,,,[],"[{""hospital_id"": ""cnha-cfdi-44259fd7c0a80333772e83dcfca7e60f"", ""official_name"": ""上海交通大学医学院附属上海儿童医学中心"", ""candidate_alias"": ""Shanghai Children's Medical Center"", ""source_url"": ""https://ror.org/00cd9s024"", ""status"": ""review_required"", ""reason"": ""Reference-only name; not approved for resolution""}]",Obtain hospital or regulator evidence connecting the reported name to a filing; reference labels alone are insufficient,deterministic reconciliation of source-reviewed assertions; not a new manual source review
662,Shanghai Jiaotong University School of Medicine Ruijin Hospital,Shanghai Municipality,Shanghai,23,https://clinicaltrials.gov/study/NCT02455141,unverified_no_approved_evidence,not_evaluated_without_approved_identity,,,,[],[],Obtain hospital or regulator evidence connecting the reported name to a filing; reference labels alone are insufficient,deterministic reconciliation of source-reviewed assertions; not a new manual source review
663,Shanghai Tongren Hospital,Shanghai Municipality,Shanghai,23,https://clinicaltrials.gov/study/NCT02764281,unverified_no_approved_evidence,not_evaluated_without_approved_identity,,,,[],[],Obtain hospital or regulator evidence connecting the reported name to a filing; reference labels alone are insufficient,deterministic reconciliation of source-reviewed assertions; not a new manual source review
664,Shaoxing People's Hospital,Zhejiang,Shaoxing,23,https://clinicaltrials.gov/study/NCT04093752,unverified_reference_only,not_evaluated_without_approved_identity,,,,[],"[{""hospital_id"": ""cnha-cfdi-12ae2e13c0a803333503d61b7562910d"", ""official_name"": ""绍兴市人民医院"", ""candidate_alias"": ""Shaoxing People's Hospital"", ""source_url"": ""https://ror.org/05v58y004"", ""status"": ""review_required"", ""reason"": ""Reference-only name; not approved for resolution""}]",Obtain hospital or regulator evidence connecting the reported name to a filing; reference labels alone are insufficient,deterministic reconciliation of source-reviewed assertions; not a new manual source review
665,Shulan (Hangzhou) Hospital,Zhejiang,Hangzhou,23,https://clinicaltrials.gov/study/NCT03388593,unverified_no_approved_evidence,not_evaluated_without_approved_identity,,,,[],[],Obtain hospital or regulator evidence connecting the reported name to a filing; reference labels alone are insufficient,deterministic reconciliation of source-reviewed assertions; not a new manual source review
666,Sir Run Run Shaw Hospital,,Hangzhou,23,https://clinicaltrials.gov/study/NCT00805194,unverified_reference_only,not_evaluated_without_approved_identity,,,,[],"[{""hospital_id"": ""cnha-cfdi-f8b6f2b9c0a8033316cd39eead68296b"", ""official_name"": ""浙江大学医学院附属邵逸夫医院"", ""candidate_alias"": ""Sir Run Run Shaw Hospital"", ""source_url"": ""https://ror.org/00ka6rp58"", ""status"": ""review_required"", ""reason"": ""Reference-only name; not approved for resolution""}]",Obtain hospital or regulator evidence connecting the reported name to a filing; reference labels alone are insufficient,deterministic reconciliation of source-reviewed assertions; not a new manual source review
667,Taihe Hospital,Hubei,Shiyan,23,https://clinicaltrials.gov/study/NCT01897805,unverified_reference_only,not_evaluated_without_approved_identity,,,,[],"[{""hospital_id"": ""cnha-cfdi-e9cabd3dc0a803335c3d6f6cf27e207c"", ""official_name"": ""十堰市太和医院"", ""candidate_alias"": ""Taihe Hospital"", ""source_url"": ""https://ror.org/02ftdsn70"", ""status"": ""review_required"", ""reason"": ""Reference-only name; not approved for resolution""}]",Obtain hospital or regulator evidence connecting the reported name to a filing; reference labels alone are insufficient,deterministic reconciliation of source-reviewed assertions; not a new manual source review
668,The First Bethune Hospital of Jilin University,,Changchun,23,https://clinicaltrials.gov/study/NCT03390504,unverified_no_approved_evidence,not_evaluated_without_approved_identity,,,,[],[],Obtain hospital or regulator evidence connecting the reported name to a filing; reference labels alone are insufficient,deterministic reconciliation of source-reviewed assertions; not a new manual source review
669,The First People's Hospital of Changde City,Hunan,Changde,23,https://clinicaltrials.gov/study/NCT03363035,unverified_no_approved_evidence,not_evaluated_without_approved_identity,,,,[],[],Obtain hospital or regulator evidence connecting the reported name to a filing; reference labels alone are insufficient,deterministic reconciliation of source-reviewed assertions; not a new manual source review
670,The Fourth Affiliated Hospital of Harbin Medical University,,Harbin,23,https://clinicaltrials.gov/study/NCT04382937,unverified_no_approved_evidence,not_evaluated_without_approved_identity,,,,[],[],Obtain hospital or regulator evidence connecting the reported name to a filing; reference labels alone are insufficient,deterministic reconciliation of source-reviewed assertions; not a new manual source review
671,The Second People's Hospital of Hefei,Anhui,Hefei,23,https://clinicaltrials.gov/study/NCT03667690,unverified_no_approved_evidence,not_evaluated_without_approved_identity,,,,[],[],Obtain hospital or regulator evidence connecting the reported name to a filing; reference labels alone are insufficient,deterministic reconciliation of source-reviewed assertions; not a new manual source review
672,The Second People's Hospital of Yibin,Sichuan,Yibin,23,https://clinicaltrials.gov/study/NCT02135835,unverified_no_approved_evidence,not_evaluated_without_approved_identity,,,,[],[],Obtain hospital or regulator evidence connecting the reported name to a filing; reference labels alone are insufficient,deterministic reconciliation of source-reviewed assertions; not a new manual source review
673,The Third Hospital of Nanchang,Jiangxi,Nanchang,23,https://clinicaltrials.gov/study/NCT00912444,unverified_no_approved_evidence,not_evaluated_without_approved_identity,,,,[],[],Obtain hospital or regulator evidence connecting the reported name to a filing; reference labels alone are insufficient,deterministic reconciliation of source-reviewed assertions; not a new manual source review
674,Tianjin Eye Hospital,,Tianjin,23,https://clinicaltrials.gov/study/NCT02341560,unverified_no_approved_evidence,not_evaluated_without_approved_identity,,,,[],[],Obtain hospital or regulator evidence connecting the reported name to a filing; reference labels alone are insufficient,deterministic reconciliation of source-reviewed assertions; not a new manual source review
675,Tianjin Eye Hospital,Tianjin Municipality,Tianjin,23,https://clinicaltrials.gov/study/NCT00485199,unverified_no_approved_evidence,not_evaluated_without_approved_identity,,,,[],[],Obtain hospital or regulator evidence connecting the reported name to a filing; reference labels alone are insufficient,deterministic reconciliation of source-reviewed assertions; not a new manual source review
676,Tongji Hospital of Tongji University,,Shanghai,23,https://clinicaltrials.gov/study/NCT01192880,unverified_no_approved_evidence,not_evaluated_without_approved_identity,,,,[],[],Obtain hospital or regulator evidence connecting the reported name to a filing; reference labels alone are insufficient,deterministic reconciliation of source-reviewed assertions; not a new manual source review
677,Yibin Second People's Hospital,Sichuan,Yibin,23,https://clinicaltrials.gov/study/NCT04152499,unverified_no_approved_evidence,not_evaluated_without_approved_identity,,,,[],[],Obtain hospital or regulator evidence connecting the reported name to a filing; reference labels alone are insufficient,deterministic reconciliation of source-reviewed assertions; not a new manual source review
678,Zhoukou Central Hospital,Henan,Zhoukou,23,https://clinicaltrials.gov/study/NCT03406819,unverified_no_approved_evidence,not_evaluated_without_approved_identity,,,,[],[],Obtain hospital or regulator evidence connecting the reported name to a filing; reference labels alone are insufficient,deterministic reconciliation of source-reviewed assertions; not a new manual source review
679,Anhui Provincial Cancer Hospital,,Hefei,22,https://clinicaltrials.gov/study/NCT03704246,unverified_no_approved_evidence,not_evaluated_without_approved_identity,,,,[],[],Obtain hospital or regulator evidence connecting the reported name to a filing; reference labels alone are insufficient,deterministic reconciliation of source-reviewed assertions; not a new manual source review
680,Beijing Chest Hospital,Beijing Municipality,Beijing,22,https://clinicaltrials.gov/study/NCT01040780,unverified_no_approved_evidence,not_evaluated_without_approved_identity,,,,[],[],Obtain hospital or regulator evidence connecting the reported name to a filing; reference labels alone are insufficient,deterministic reconciliation of source-reviewed assertions; not a new manual source review
681,Beijing Jishuitan Hospital,,Beijing,22,https://clinicaltrials.gov/study/NCT01075503,unverified_no_approved_evidence,not_evaluated_without_approved_identity,,,,[],[],Obtain hospital or regulator evidence connecting the reported name to a filing; reference labels alone are insufficient,deterministic reconciliation of source-reviewed assertions; not a new manual source review
682,Beijing Shijitan Hospital,,Beijing,22,https://clinicaltrials.gov/study/NCT00325403,unverified_no_approved_evidence,not_evaluated_without_approved_identity,,,,[],[],Obtain hospital or regulator evidence connecting the reported name to a filing; reference labels alone are insufficient,deterministic reconciliation of source-reviewed assertions; not a new manual source review
683,Hebei Medical University Third Hospital,Hebei,Shijiazhuang,22,https://clinicaltrials.gov/study/NCT02327949,unverified_no_approved_evidence,not_evaluated_without_approved_identity,,,,[],[],Obtain hospital or regulator evidence connecting the reported name to a filing; reference labels alone are insufficient,deterministic reconciliation of source-reviewed assertions; not a new manual source review
684,Henan Cancer Hospital/The affiliated Cancer Hospital of ZhengZhou university,Henan,Zhengzhou,22,https://clinicaltrials.gov/study/NCT01998230,unverified_no_approved_evidence,not_evaluated_without_approved_identity,,,,[],[],Obtain hospital or regulator evidence connecting the reported name to a filing; reference labels alone are insufficient,deterministic reconciliation of source-reviewed assertions; not a new manual source review
685,Huizhou Central People's Hospital,,Huizhou,22,https://clinicaltrials.gov/study/NCT05595642,unverified_reference_only,not_evaluated_without_approved_identity,,,,[],"[{""hospital_id"": ""cnha-cfdi-37b9443cc0a803331404f539fffb780c"", ""official_name"": ""惠州市中心人民医院"", ""candidate_alias"": ""Huizhou Central People's Hospital"", ""source_url"": ""https://ror.org/04bwajd86"", ""status"": ""review_required"", ""reason"": ""Reference-only name; not approved for resolution""}]",Obtain hospital or regulator evidence connecting the reported name to a filing; reference labels alone are insufficient,deterministic reconciliation of source-reviewed assertions; not a new manual source review
686,Jiangxi Maternal and Child Health Hospital,Jiangxi,Nanchang,22,https://clinicaltrials.gov/study/NCT01841528,unverified_no_approved_evidence,not_evaluated_without_approved_identity,,,,[],[],Obtain hospital or regulator evidence connecting the reported name to a filing; reference labels alone are insufficient,deterministic reconciliation of source-reviewed assertions; not a new manual source review
687,People's Hospital of Zhengzhou,Henan,Zhengzhou,22,https://clinicaltrials.gov/study/NCT01677208,unverified_no_approved_evidence,not_evaluated_without_approved_identity,,,,[],[],Obtain hospital or regulator evidence connecting the reported name to a filing; reference labels alone are insufficient,deterministic reconciliation of source-reviewed assertions; not a new manual source review
688,Qingyuan People's Hospital,Guangdong,Qingyuan,22,https://clinicaltrials.gov/study/NCT01147627,unverified_no_approved_evidence,not_evaluated_without_approved_identity,,,,[],[],Obtain hospital or regulator evidence connecting the reported name to a filing; reference labels alone are insufficient,deterministic reconciliation of source-reviewed assertions; not a new manual source review
689,Shanxi Cancer Hospital,,Taiyuan,22,https://clinicaltrials.gov/study/NCT03500380,unverified_no_approved_evidence,not_evaluated_without_approved_identity,,,,[],[],Obtain hospital or regulator evidence connecting the reported name to a filing; reference labels alone are insufficient,deterministic reconciliation of source-reviewed assertions; not a new manual source review
690,Sun Yat-sen Memorial Hospital,,Guangzhou,22,https://clinicaltrials.gov/study/NCT01702571,unverified_reference_only,not_evaluated_without_approved_identity,,,,[],"[{""hospital_id"": ""cnha-cfdi-cf7fafe0c0a803337c221769696693dc"", ""official_name"": ""中山大学孙逸仙纪念医院"", ""candidate_alias"": ""Sun Yat-sen Memorial Hospital"", ""source_url"": ""https://ror.org/01px77p81"", ""status"": ""review_required"", ""reason"": ""Reference-only name; not approved for resolution""}]",Obtain hospital or regulator evidence connecting the reported name to a filing; reference labels alone are insufficient,deterministic reconciliation of source-reviewed assertions; not a new manual source review
691,Taizhou Hospital of Zhejiang Province,,Taizhou,22,https://clinicaltrials.gov/study/NCT03974022,unverified_no_approved_evidence,not_evaluated_without_approved_identity,,,,[],[],Obtain hospital or regulator evidence connecting the reported name to a filing; reference labels alone are insufficient,deterministic reconciliation of source-reviewed assertions; not a new manual source review
692,The First Affiliated Hospital of University of Science and Technology of China (Anhui Provincial Hospital),Anhui,Hefei,22,https://clinicaltrials.gov/study/NCT03792932,unverified_no_approved_evidence,not_evaluated_without_approved_identity,,,,[],[],Obtain hospital or regulator evidence connecting the reported name to a filing; reference labels alone are insufficient,deterministic reconciliation of source-reviewed assertions; not a new manual source review
693,The First Affiliated Hospital of Xinxiang Medical College,Henan,Xinxiang,22,https://clinicaltrials.gov/study/NCT02319187,unverified_no_approved_evidence,not_evaluated_without_approved_identity,,,,[],[],Obtain hospital or regulator evidence connecting the reported name to a filing; reference labels alone are insufficient,deterministic reconciliation of source-reviewed assertions; not a new manual source review
694,"Union Hospital Affiliated to Tongji Medical College, Huazhong University of Science and Technology",Hubei,Wuhan,22,https://clinicaltrials.gov/study/NCT01560052,unverified_no_approved_evidence,not_evaluated_without_approved_identity,,,,[],[],Obtain hospital or regulator evidence connecting the reported name to a filing; reference labels alone are insufficient,deterministic reconciliation of source-reviewed assertions; not a new manual source review
695,Xi'an International Medical Center Hospital,Shaanxi,Xi'an,22,https://clinicaltrials.gov/study/NCT02485184,unverified_no_approved_evidence,not_evaluated_without_approved_identity,,,,[],[],Obtain hospital or regulator evidence connecting the reported name to a filing; reference labels alone are insufficient,deterministic reconciliation of source-reviewed assertions; not a new manual source review
696,Xiangyang Central Hospital,,Xiangyang,22,https://clinicaltrials.gov/study/NCT04085276,unverified_no_approved_evidence,not_evaluated_without_approved_identity,,,,[],[],Obtain hospital or regulator evidence connecting the reported name to a filing; reference labels alone are insufficient,deterministic reconciliation of source-reviewed assertions; not a new manual source review
697,"Xinhua Hospital, Shanghai Jiao Tong University School of Medicine",Shanghai Municipality,Shanghai,22,https://clinicaltrials.gov/study/NCT00912444,unverified_no_approved_evidence,not_evaluated_without_approved_identity,,,,[],[],Obtain hospital or regulator evidence connecting the reported name to a filing; reference labels alone are insufficient,deterministic reconciliation of source-reviewed assertions; not a new manual source review
698,Zhujiang Hospital,Guangdong,Guangzhou,22,https://clinicaltrials.gov/study/NCT00549159,unverified_no_approved_evidence,not_evaluated_without_approved_identity,,,,[],[],Obtain hospital or regulator evidence connecting the reported name to a filing; reference labels alone are insufficient,deterministic reconciliation of source-reviewed assertions; not a new manual source review
699,Beijing Anding Hospital Capital Medical University,Beijing Municipality,Beijing,21,https://clinicaltrials.gov/study/NCT01263080,unverified_no_approved_evidence,not_evaluated_without_approved_identity,,,,[],[],Obtain hospital or regulator evidence connecting the reported name to a filing; reference labels alone are insufficient,deterministic reconciliation of source-reviewed assertions; not a new manual source review
700,Beijing Huilongguan Hospital,Beijing Municipality,Beijing,21,https://clinicaltrials.gov/study/NCT01057849,unverified_no_approved_evidence,not_evaluated_without_approved_identity,,,,[],[],Obtain hospital or regulator evidence connecting the reported name to a filing; reference labels alone are insufficient,deterministic reconciliation of source-reviewed assertions; not a new manual source review
701,Beijing Pinggu Hospital,,Beijing,21,https://clinicaltrials.gov/study/NCT02985918,unverified_no_approved_evidence,not_evaluated_without_approved_identity,,,,[],[],Obtain hospital or regulator evidence connecting the reported name to a filing; reference labels alone are insufficient,deterministic reconciliation of source-reviewed assertions; not a new manual source review
702,Beijing Tiantan Hospital Affiliated to Capital Medical University,Beijing Municipality,Beijing,21,https://clinicaltrials.gov/study/NCT01656980,unverified_no_approved_evidence,not_evaluated_without_approved_identity,,,,[],[],Obtain hospital or regulator evidence connecting the reported name to a filing; reference labels alone are insufficient,deterministic reconciliation of source-reviewed assertions; not a new manual source review
703,"Department of Nasopharyngeal Carcinoma, Sun Yat-sen University Cancer Center",Guangdong,Guangzhou,21,https://clinicaltrials.gov/study/NCT00705627,unverified_no_approved_evidence,not_evaluated_without_approved_identity,,,,[],[],Obtain hospital or regulator evidence connecting the reported name to a filing; reference labels alone are insufficient,deterministic reconciliation of source-reviewed assertions; not a new manual source review
704,First Affiliated Hospital of Zhejiang University,Zhejiang,Hangzhou,21,https://clinicaltrials.gov/study/NCT02401373,unverified_no_approved_evidence,not_evaluated_without_approved_identity,,,,[],[],Obtain hospital or regulator evidence connecting the reported name to a filing; reference labels alone are insufficient,deterministic reconciliation of source-reviewed assertions; not a new manual source review
705,"First Affiliated Hospital, Sun Yat-Sen University",Guangdong,Guangzhou,21,https://clinicaltrials.gov/study/NCT01048463,unverified_reference_only,not_evaluated_without_approved_identity,,,,[],"[{""hospital_id"": ""cnha-cfdi-3ce595d2c0a803333acc798da7cf0c71"", ""official_name"": ""中山大学附属第一医院"", ""candidate_alias"": ""First Affiliated Hospital, Sun Yat-sen University"", ""source_url"": ""https://ror.org/037p24858"", ""status"": ""review_required"", ""reason"": ""Reference-only name; not approved for resolution""}]",Obtain hospital or regulator evidence connecting the reported name to a filing; reference labels alone are insufficient,deterministic reconciliation of source-reviewed assertions; not a new manual source review
706,Guang'anmen Hospital of China Academy of Chinese Medical Sciences,Beijing Municipality,Beijing,21,https://clinicaltrials.gov/study/NCT00974454,unverified_no_approved_evidence,not_evaluated_without_approved_identity,,,,[],[],Obtain hospital or regulator evidence connecting the reported name to a filing; reference labels alone are insufficient,deterministic reconciliation of source-reviewed assertions; not a new manual source review
707,Guangzhou First Municipal People's Hospital,,Guangzhou,21,https://clinicaltrials.gov/study/NCT01332149,unverified_no_approved_evidence,not_evaluated_without_approved_identity,,,,[],[],Obtain hospital or regulator evidence connecting the reported name to a filing; reference labels alone are insufficient,deterministic reconciliation of source-reviewed assertions; not a new manual source review
708,Institute of Hematology and Hospital of Blood Disease,Tianjin Municipality,Tianjin,21,https://clinicaltrials.gov/study/NCT03145064,unverified_no_approved_evidence,not_evaluated_without_approved_identity,,,,[],[],Obtain hospital or regulator evidence connecting the reported name to a filing; reference labels alone are insufficient,deterministic reconciliation of source-reviewed assertions; not a new manual source review
709,Jining No.1 People's Hospital,Shandong,Jining,21,https://clinicaltrials.gov/study/NCT02231125,unverified_no_approved_evidence,not_evaluated_without_approved_identity,,,,[],[],Obtain hospital or regulator evidence connecting the reported name to a filing; reference labels alone are insufficient,deterministic reconciliation of source-reviewed assertions; not a new manual source review
710,Nanfang Hospital of Southern Medical University,,Guangzhou,21,https://clinicaltrials.gov/study/NCT01593410,unverified_no_approved_evidence,not_evaluated_without_approved_identity,,,,[],[],Obtain hospital or regulator evidence connecting the reported name to a filing; reference labels alone are insufficient,deterministic reconciliation of source-reviewed assertions; not a new manual source review
711,Nanjing Jiangning Hospital,Jiangsu,Nanjing,21,https://clinicaltrials.gov/study/NCT00829660,unverified_no_approved_evidence,not_evaluated_without_approved_identity,,,,[],[],Obtain hospital or regulator evidence connecting the reported name to a filing; reference labels alone are insufficient,deterministic reconciliation of source-reviewed assertions; not a new manual source review
712,Nanyang Second General Hospital,Henan,Nanyang,21,https://clinicaltrials.gov/study/NCT04491695,unverified_no_approved_evidence,not_evaluated_without_approved_identity,,,,[],[],Obtain hospital or regulator evidence connecting the reported name to a filing; reference labels alone are insufficient,deterministic reconciliation of source-reviewed assertions; not a new manual source review
713,Navy General Hospital,Beijing Municipality,Beijing,21,https://clinicaltrials.gov/study/NCT01690507,unverified_no_approved_evidence,not_evaluated_without_approved_identity,,,,[],[],Obtain hospital or regulator evidence connecting the reported name to a filing; reference labels alone are insufficient,deterministic reconciliation of source-reviewed assertions; not a new manual source review
714,"Peking University Insititute of Hematology, Peking University People's Hospital",Beijing Municipality,Beijing,21,https://clinicaltrials.gov/study/NCT03304288,unverified_no_approved_evidence,not_evaluated_without_approved_identity,,,,[],[],Obtain hospital or regulator evidence connecting the reported name to a filing; reference labels alone are insufficient,deterministic reconciliation of source-reviewed assertions; not a new manual source review
715,Shanghai 6th People's Hospital,Shanghai Municipality,Shanghai,21,https://clinicaltrials.gov/study/NCT01417767,unverified_no_approved_evidence,not_evaluated_without_approved_identity,,,,[],[],Obtain hospital or regulator evidence connecting the reported name to a filing; reference labels alone are insufficient,deterministic reconciliation of source-reviewed assertions; not a new manual source review
716,Shengjing Hospital,Liaoning,Shenyang,21,https://clinicaltrials.gov/study/NCT01269437,unverified_reference_only,not_evaluated_without_approved_identity,,,,[],"[{""hospital_id"": ""cnha-cfdi-da50e69ac0a8033314c4be56ac99fa22"", ""official_name"": ""中国医科大学附属盛京医院"", ""candidate_alias"": ""Sheng Jing Hospital"", ""source_url"": ""https://ror.org/0202bj006"", ""status"": ""review_required"", ""reason"": ""Reference-only name; not approved for resolution""}]",Obtain hospital or regulator evidence connecting the reported name to a filing; reference labels alone are insufficient,deterministic reconciliation of source-reviewed assertions; not a new manual source review
717,Shengjing Hospital of China Medical University,Liaoning,Shengyang,21,https://clinicaltrials.gov/study/NCT01529255,verified_name_relation,requires_location_review,,,,"[{""hospital_id"": ""cnha-cfdi-da50e69ac0a8033314c4be56ac99fa22"", ""official_name"": ""中国医科大学附属盛京医院"", ""filing_number"": ""药临床机构备字2020000525"", ""alias"": ""Shengjing Hospital of China Medical University"", ""normalized_alias"": ""shengjinghospitalofchinamedicaluniversity"", ""kind"": ""english_name"", ""evidence_status"": ""official_source_reviewed"", ""source_url"": ""https://www.sj-hospital.org/shangchuan/lcyjzxgzzy.pdf"", ""accessed_at"": ""2026-09-05"", ""valid_from"": """", ""valid_to"": """"}]",[],"Verify reported province, city and campus against the study record before assigning an institution ID",deterministic reconciliation of source-reviewed assertions; not a new manual source review
718,Sichuan Academy of Medical Sciences & Sichuan Provincial People's Hospital,Sichuan,Chengdu,21,https://clinicaltrials.gov/study/NCT05589454,unverified_no_approved_evidence,not_evaluated_without_approved_identity,,,,[],[],Obtain hospital or regulator evidence connecting the reported name to a filing; reference labels alone are insufficient,deterministic reconciliation of source-reviewed assertions; not a new manual source review
719,Sun Yat-sen University Cancer Center,Guangdong,Guanzhou,21,https://clinicaltrials.gov/study/NCT03084237,verified_name_relation,requires_location_review,,,,"[{""hospital_id"": ""cnha-cfdi-5aade771c0a803334595b5c3428d53c9"", ""official_name"": ""中山大学肿瘤防治中心、中山大学附属肿瘤医院"", ""filing_number"": ""药临床机构备字2020000213"", ""alias"": ""Sun Yat-sen University Cancer Center"", ""normalized_alias"": ""sunyatsenuniversitycancercenter"", ""kind"": ""english_name"", ""evidence_status"": ""official_source_reviewed"", ""source_url"": ""https://english.sysucc.org.cn/index.aspx"", ""accessed_at"": ""2026-09-05"", ""valid_from"": """", ""valid_to"": """"}]",[],"Verify reported province, city and campus against the study record before assigning an institution ID",deterministic reconciliation of source-reviewed assertions; not a new manual source review
720,The First Affiliated Hospital of Baotou Medical College,Inner Mongolia,Baotou,21,https://clinicaltrials.gov/study/NCT00829660,unverified_no_approved_evidence,not_evaluated_without_approved_identity,,,,[],[],Obtain hospital or regulator evidence connecting the reported name to a filing; reference labels alone are insufficient,deterministic reconciliation of source-reviewed assertions; not a new manual source review
721,The First Affiliated Hospital of Xinjiang Medical University,,Ürümqi,21,https://clinicaltrials.gov/study/NCT02485184,unverified_no_approved_evidence,not_evaluated_without_approved_identity,,,,[],[],Obtain hospital or regulator evidence connecting the reported name to a filing; reference labels alone are insufficient,deterministic reconciliation of source-reviewed assertions; not a new manual source review
722,The First People's Hospital of Changzhou,,Changzhou,21,https://clinicaltrials.gov/study/NCT02737189,unverified_reference_only,not_evaluated_without_approved_identity,,,,[],"[{""hospital_id"": ""cnha-cfdi-f37348c4c0a803336341ac6f21808c84"", ""official_name"": ""常州市第一人民医院"", ""candidate_alias"": ""The First People's Hospital of Changzhou"", ""source_url"": ""https://ror.org/01gaj0s81"", ""status"": ""review_required"", ""reason"": ""Reference-only name; not approved for resolution""}]",Obtain hospital or regulator evidence connecting the reported name to a filing; reference labels alone are insufficient,deterministic reconciliation of source-reviewed assertions; not a new manual source review
723,The Second People's Hospital of Hefei,,Hefei,21,https://clinicaltrials.gov/study/NCT06292013,unverified_no_approved_evidence,not_evaluated_without_approved_identity,,,,[],[],Obtain hospital or regulator evidence connecting the reported name to a filing; reference labels alone are insufficient,deterministic reconciliation of source-reviewed assertions; not a new manual source review
724,Tianjin Anding Hospital,,Tianjin,21,https://clinicaltrials.gov/study/NCT01404169,unverified_reference_only,not_evaluated_without_approved_identity,,,,[],"[{""hospital_id"": ""cnha-cfdi-4513d0e5c0a80333752f89bce81d221b"", ""official_name"": ""天津市安定医院"", ""candidate_alias"": ""Tianjin Anding Hospital"", ""source_url"": ""https://ror.org/011n2s048"", ""status"": ""review_required"", ""reason"": ""Reference-only name; not approved for resolution""}]",Obtain hospital or regulator evidence connecting the reported name to a filing; reference labels alone are insufficient,deterministic reconciliation of source-reviewed assertions; not a new manual source review
725,"Tongji Hospital, Tongji Medical College of Huazhong University of Science and Technology",Hubei,Wuhan,21,https://clinicaltrials.gov/study/NCT03377491,unverified_no_approved_evidence,not_evaluated_without_approved_identity,,,,[],[],Obtain hospital or regulator evidence connecting the reported name to a filing; reference labels alone are insufficient,deterministic reconciliation of source-reviewed assertions; not a new manual source review
726,Wuhan Children's Hospital,Hubei,Wuhan,21,https://clinicaltrials.gov/study/NCT03201848,unverified_no_approved_evidence,not_evaluated_without_approved_identity,,,,[],[],Obtain hospital or regulator evidence connecting the reported name to a filing; reference labels alone are insufficient,deterministic reconciliation of source-reviewed assertions; not a new manual source review
727,Yueyang Central Hospital,Hunan,Yueyang,21,https://clinicaltrials.gov/study/NCT03822975,unverified_no_approved_evidence,not_evaluated_without_approved_identity,,,,[],[],Obtain hospital or regulator evidence connecting the reported name to a filing; reference labels alone are insufficient,deterministic reconciliation of source-reviewed assertions; not a new manual source review
728,Zhangzhou Municipal Hospital of Fujian Province,Fujian,Zhangzhou,21,https://clinicaltrials.gov/study/NCT01721408,unverified_reference_only,not_evaluated_without_approved_identity,,,,[],"[{""hospital_id"": ""cnha-cfdi-26c490e9c0a8033323c1e1fc3cc3cb1a"", ""official_name"": ""福建省漳州市医院"", ""candidate_alias"": ""Zhangzhou Municipal Hospital of Fujian Province"", ""source_url"": ""https://ror.org/01cny4f98"", ""status"": ""review_required"", ""reason"": ""Reference-only name; not approved for resolution""}]",Obtain hospital or regulator evidence connecting the reported name to a filing; reference labels alone are insufficient,deterministic reconciliation of source-reviewed assertions; not a new manual source review
729,Zibo Municipal Hospital,Shandong,Zibo,21,https://clinicaltrials.gov/study/NCT03872791,unverified_no_approved_evidence,not_evaluated_without_approved_identity,,,,[],[],Obtain hospital or regulator evidence connecting the reported name to a filing; reference labels alone are insufficient,deterministic reconciliation of source-reviewed assertions; not a new manual source review
730,Affiliated Cancer Hospital of Xinjiang Medical University,Xinjiang,Ürümqi,20,https://clinicaltrials.gov/study/NCT01176916,unverified_no_approved_evidence,not_evaluated_without_approved_identity,,,,[],[],Obtain hospital or regulator evidence connecting the reported name to a filing; reference labels alone are insufficient,deterministic reconciliation of source-reviewed assertions; not a new manual source review
731,"Affiliated Hangzhou First People's Hospital, School of Medicine, Westlake University",Zhejiang,Hangzhou,20,https://clinicaltrials.gov/study/NCT05704738,unverified_reference_only,not_evaluated_without_approved_identity,,,,[],"[{""hospital_id"": ""cnha-cfdi-e9931cafc0a80333076533365daf5152"", ""official_name"": ""杭州市第一人民医院（西湖大学附属杭州市第一人民医院）"", ""candidate_alias"": ""Affiliated Hangzhou First People's Hospital, School of Medicine, Westlake University"", ""source_url"": ""https://ror.org/05pwsw714"", ""status"": ""review_required"", ""reason"": ""Reference-only name; not approved for resolution""}]",Obtain hospital or regulator evidence connecting the reported name to a filing; reference labels alone are insufficient,deterministic reconciliation of source-reviewed assertions; not a new manual source review
732,Affiliated Hospital of Jiangnan University,,Wuxi,20,https://clinicaltrials.gov/study/NCT04807166,unverified_no_approved_evidence,not_evaluated_without_approved_identity,,,,[],[],Obtain hospital or regulator evidence connecting the reported name to a filing; reference labels alone are insufficient,deterministic reconciliation of source-reviewed assertions; not a new manual source review
733,Affiliated Hospital of Jining Medical University,,Jining,20,https://clinicaltrials.gov/study/NCT04543617,unverified_reference_only,not_evaluated_without_approved_identity,,,,[],"[{""hospital_id"": ""cnha-cfdi-efcef543c0a803333bac3cae8cf3a7ca"", ""official_name"": ""济宁医学院附属医院"", ""candidate_alias"": ""Affiliated Hospital of Jining Medical University"", ""source_url"": ""https://ror.org/05e8kbn88"", ""status"": ""review_required"", ""reason"": ""Reference-only name; not approved for resolution""}]",Obtain hospital or regulator evidence connecting the reported name to a filing; reference labels alone are insufficient,deterministic reconciliation of source-reviewed assertions; not a new manual source review
734,"Beijing Luhe Hospital, Capital Medical University",,Beijing,20,https://clinicaltrials.gov/study/NCT02534545,unverified_no_approved_evidence,not_evaluated_without_approved_identity,,,,[],[],Obtain hospital or regulator evidence connecting the reported name to a filing; reference labels alone are insufficient,deterministic reconciliation of source-reviewed assertions; not a new manual source review
735,Beijing Tongren Hospital Affiliated to Capital Medical University,Beijing Municipality,Beijing,20,https://clinicaltrials.gov/study/NCT01809223,unverified_no_approved_evidence,not_evaluated_without_approved_identity,,,,[],[],Obtain hospital or regulator evidence connecting the reported name to a filing; reference labels alone are insufficient,deterministic reconciliation of source-reviewed assertions; not a new manual source review
736,Cancer Hospital of Shantou University Medical College,,Shantou,20,https://clinicaltrials.gov/study/NCT01015443,unverified_reference_only,not_evaluated_without_approved_identity,,,,[],"[{""hospital_id"": ""cnha-cfdi-8e20a2dac0a80333543d3dd8675674e1"", ""official_name"": ""汕头大学医学院附属肿瘤医院"", ""candidate_alias"": ""Cancer Hospital of Shantou University Medical College"", ""source_url"": ""https://ror.org/00a53nq42"", ""status"": ""review_required"", ""reason"": ""Reference-only name; not approved for resolution""}]",Obtain hospital or regulator evidence connecting the reported name to a filing; reference labels alone are insufficient,deterministic reconciliation of source-reviewed assertions; not a new manual source review
737,"Chinese Academy of Medical Sciences, Fuwai Hospital",Beijing Municipality,Beijing,20,https://clinicaltrials.gov/study/NCT01471522,unverified_no_approved_evidence,not_evaluated_without_approved_identity,,,,[],[],Obtain hospital or regulator evidence connecting the reported name to a filing; reference labels alone are insufficient,deterministic reconciliation of source-reviewed assertions; not a new manual source review
738,Chongqing University Three Gorges Hospital,,Chongqing,20,https://clinicaltrials.gov/study/NCT03500380,unverified_no_approved_evidence,not_evaluated_without_approved_identity,,,,[],[],Obtain hospital or regulator evidence connecting the reported name to a filing; reference labels alone are insufficient,deterministic reconciliation of source-reviewed assertions; not a new manual source review
739,Daping Hospital,Chongqing Municipality,Chongqing,20,https://clinicaltrials.gov/study/NCT00664846,unverified_no_approved_evidence,not_evaluated_without_approved_identity,,,,[],[],Obtain hospital or regulator evidence connecting the reported name to a filing; reference labels alone are insufficient,deterministic reconciliation of source-reviewed assertions; not a new manual source review
740,First Affiliated Hospital of Guangzhou Medical University,Guangdong,Guangzhou,20,https://clinicaltrials.gov/study/NCT02388919,unverified_reference_only,not_evaluated_without_approved_identity,,,,[],"[{""hospital_id"": ""cnha-cfdi-3bbe3ceec0a803331320f715d583ef2c"", ""official_name"": ""广州医科大学附属第一医院"", ""candidate_alias"": ""First Affiliated Hospital of Guangzhou Medical University"", ""source_url"": ""https://ror.org/00z0j0d77"", ""status"": ""review_required"", ""reason"": ""Reference-only name; not approved for resolution""}]",Obtain hospital or regulator evidence connecting the reported name to a filing; reference labels alone are insufficient,deterministic reconciliation of source-reviewed assertions; not a new manual source review
741,First Affiliated Hospital of Nanchang University,Jiangxi,Nanchang,20,https://clinicaltrials.gov/study/NCT01903278,unverified_reference_only,not_evaluated_without_approved_identity,,,,[],"[{""hospital_id"": ""cnha-cfdi-56984763c0a803336779babb6fc8fa42"", ""official_name"": ""南昌大学第一附属医院"", ""candidate_alias"": ""First Affiliated Hospital of Nanchang University"", ""source_url"": ""https://ror.org/05gbwr869"", ""status"": ""review_required"", ""reason"": ""Reference-only name; not approved for resolution""}]",Obtain hospital or regulator evidence connecting the reported name to a filing; reference labels alone are insufficient,deterministic reconciliation of source-reviewed assertions; not a new manual source review
742,First Affiliated Hospital of Wenzhou Medical University,Zhejiang,Wenzhou,20,https://clinicaltrials.gov/study/NCT03302403,unverified_no_approved_evidence,not_evaluated_without_approved_identity,,,,[],[],Obtain hospital or regulator evidence connecting the reported name to a filing; reference labels alone are insufficient,deterministic reconciliation of source-reviewed assertions; not a new manual source review
743,General Hospital of Tianjin Medical University,,Tianjin,20,https://clinicaltrials.gov/study/NCT00492843,unverified_no_approved_evidence,not_evaluated_without_approved_identity,,,,[],[],Obtain hospital or regulator evidence connecting the reported name to a filing; reference labels alone are insufficient,deterministic reconciliation of source-reviewed assertions; not a new manual source review
744,General Hospital of Tianjin Medical University,Tianjin Municipality,Tianjin,20,https://clinicaltrials.gov/study/NCT01039467,unverified_no_approved_evidence,not_evaluated_without_approved_identity,,,,[],[],Obtain hospital or regulator evidence connecting the reported name to a filing; reference labels alone are insufficient,deterministic reconciliation of source-reviewed assertions; not a new manual source review
745,Guangdong Second Provincial General Hospital,Guangdong,Guangzhou,20,https://clinicaltrials.gov/study/NCT03416179,unverified_no_approved_evidence,not_evaluated_without_approved_identity,,,,[],[],Obtain hospital or regulator evidence connecting the reported name to a filing; reference labels alone are insufficient,deterministic reconciliation of source-reviewed assertions; not a new manual source review
746,Guangxi Cancer Hospital of Guangxi Medical University,,Nanning,20,https://clinicaltrials.gov/study/NCT01364012,unverified_no_approved_evidence,not_evaluated_without_approved_identity,,,,[],[],Obtain hospital or regulator evidence connecting the reported name to a filing; reference labels alone are insufficient,deterministic reconciliation of source-reviewed assertions; not a new manual source review
747,Huadong Hospital Affiliated to Fudan University,Shanghai Municipality,Shanghai,20,https://clinicaltrials.gov/study/NCT01665651,verified_name_relation,requires_location_review,,,,"[{""hospital_id"": ""cnha-cfdi-fd54bff1c0a803330407365647d0fcea"", ""official_name"": ""华东医院"", ""filing_number"": ""药临床机构备字2020000628"", ""alias"": ""Huadong Hospital Affiliated to Fudan University"", ""normalized_alias"": ""huadonghospitalaffiliatedtofudanuniversity"", ""kind"": ""english_name"", ""evidence_status"": ""official_source_reviewed"", ""source_url"": ""https://shmc.fudan.edu.cn/eng/2094/list.htm"", ""accessed_at"": ""2026-09-05"", ""valid_from"": """", ""valid_to"": """"}]",[],"Verify reported province, city and campus against the study record before assigning an institution ID",deterministic reconciliation of source-reviewed assertions; not a new manual source review
748,Liaocheng People's Hospital,,Liaocheng,20,https://clinicaltrials.gov/study/NCT03519945,unverified_reference_only,not_evaluated_without_approved_identity,,,,[],"[{""hospital_id"": ""cnha-cfdi-d624272dc0a80333145e4fbaf6f26c0a"", ""official_name"": ""聊城市人民医院"", ""candidate_alias"": ""Liaocheng People's Hospital"", ""source_url"": ""https://ror.org/052vn2478"", ""status"": ""review_required"", ""reason"": ""Reference-only name; not approved for resolution""}]",Obtain hospital or regulator evidence connecting the reported name to a filing; reference labels alone are insufficient,deterministic reconciliation of source-reviewed assertions; not a new manual source review
749,Liaoning Cancer Hospital,,Shenyang,20,https://clinicaltrials.gov/study/NCT03399110,unverified_no_approved_evidence,not_evaluated_without_approved_identity,,,,[],[],Obtain hospital or regulator evidence connecting the reported name to a filing; reference labels alone are insufficient,deterministic reconciliation of source-reviewed assertions; not a new manual source review
750,Loudi Central Hospital,Hunan,Loudi,20,https://clinicaltrials.gov/study/NCT03342456,unverified_reference_only,not_evaluated_without_approved_identity,,,,[],"[{""hospital_id"": ""cnha-cfdi-a68dae61c0a803330aa87c8efde9c72b"", ""official_name"": ""娄底市中心医院"", ""candidate_alias"": ""Loudi Central Hospital"", ""source_url"": ""https://ror.org/04jref587"", ""status"": ""review_required"", ""reason"": ""Reference-only name; not approved for resolution""}]",Obtain hospital or regulator evidence connecting the reported name to a filing; reference labels alone are insufficient,deterministic reconciliation of source-reviewed assertions; not a new manual source review
751,"Nanjing First Hospital, Nanjing Medical University",Jiangsu,Nanjing,20,https://clinicaltrials.gov/study/NCT01171911,unverified_no_approved_evidence,not_evaluated_without_approved_identity,,,,[],[],Obtain hospital or regulator evidence connecting the reported name to a filing; reference labels alone are insufficient,deterministic reconciliation of source-reviewed assertions; not a new manual source review
752,Obstetrics & Gynecology Hospital of Fudan University,Shanghai Municipality,Shanghai,20,https://clinicaltrials.gov/study/NCT02455141,verified_name_relation,passes_available_location_filters,cnha-cfdi-87425d16c0a803332cf760b3931ed20b,复旦大学附属妇产科医院,药临床机构备字2020000435,"[{""hospital_id"": ""cnha-cfdi-87425d16c0a803332cf760b3931ed20b"", ""official_name"": ""复旦大学附属妇产科医院"", ""filing_number"": ""药临床机构备字2020000435"", ""alias"": ""Obstetrics & Gynecology Hospital of Fudan University"", ""normalized_alias"": ""obstetrics&gynecologyhospitaloffudanuniversity"", ""kind"": ""english_name"", ""evidence_status"": ""official_source_reviewed"", ""source_url"": ""https://shmc.fudan.edu.cn/eng/2094/list.htm"", ""accessed_at"": ""2026-09-05"", ""valid_from"": """", ""valid_to"": """"}]",[],Retain source-backed name mapping; assess actual study/campus scope separately when needed,deterministic reconciliation of source-reviewed assertions; not a new manual source review
753,PKUCare Luzhong Hospital,Shandong,Zibo,20,https://clinicaltrials.gov/study/NCT02973789,unverified_no_approved_evidence,not_evaluated_without_approved_identity,,,,[],[],Obtain hospital or regulator evidence connecting the reported name to a filing; reference labels alone are insufficient,deterministic reconciliation of source-reviewed assertions; not a new manual source review
754,"Peking Union Medical College Hospital, Chinese Academy of Medical Sciences",,Beijing,20,https://clinicaltrials.gov/study/NCT02754284,unverified_no_approved_evidence,not_evaluated_without_approved_identity,,,,[],[],Obtain hospital or regulator evidence connecting the reported name to a filing; reference labels alone are insufficient,deterministic reconciliation of source-reviewed assertions; not a new manual source review
755,Second Xiangya Hospital of Central South University,Hunan,Changsha,20,https://clinicaltrials.gov/study/NCT01147627,unverified_no_approved_evidence,not_evaluated_without_approved_identity,,,,[],[],Obtain hospital or regulator evidence connecting the reported name to a filing; reference labels alone are insufficient,deterministic reconciliation of source-reviewed assertions; not a new manual source review
756,Shandong Provincial Hospital Affiliated to Shandong First Medical University,Shandong,Jinan,20,https://clinicaltrials.gov/study/NCT04835870,unverified_no_approved_evidence,not_evaluated_without_approved_identity,,,,[],[],Obtain hospital or regulator evidence connecting the reported name to a filing; reference labels alone are insufficient,deterministic reconciliation of source-reviewed assertions; not a new manual source review
757,Shanghai Children's Hospital,,Shanghai,20,https://clinicaltrials.gov/study/NCT02523144,unverified_reference_only,not_evaluated_without_approved_identity,,,,[],"[{""hospital_id"": ""cnha-cfdi-12ccb55bc0a80333400cfcf6fc52306b"", ""official_name"": ""上海市儿童医院"", ""candidate_alias"": ""Shanghai Children's Hospital"", ""source_url"": ""https://ror.org/05pea1m70"", ""status"": ""review_required"", ""reason"": ""Reference-only name; not approved for resolution""}]",Obtain hospital or regulator evidence connecting the reported name to a filing; reference labels alone are insufficient,deterministic reconciliation of source-reviewed assertions; not a new manual source review
758,"Shanghai General Hospital, Shanghai Jiao Tong University School of Medicine",Shanghai Municipality,Shanghai,20,https://clinicaltrials.gov/study/NCT02707484,unverified_no_approved_evidence,not_evaluated_without_approved_identity,,,,[],[],Obtain hospital or regulator evidence connecting the reported name to a filing; reference labels alone are insufficient,deterministic reconciliation of source-reviewed assertions; not a new manual source review
759,Shenzhen University General Hospital,Guangdong,Shenzhen,20,https://clinicaltrials.gov/study/NCT03485404,unverified_no_approved_evidence,not_evaluated_without_approved_identity,,,,[],[],Obtain hospital or regulator evidence connecting the reported name to a filing; reference labels alone are insufficient,deterministic reconciliation of source-reviewed assertions; not a new manual source review
760,"Sir Run Run Shaw Hospital, School of Medicine, Zhejiang University",,Hangzhou,20,https://clinicaltrials.gov/study/NCT01364012,unverified_no_approved_evidence,not_evaluated_without_approved_identity,,,,[],[],Obtain hospital or regulator evidence connecting the reported name to a filing; reference labels alone are insufficient,deterministic reconciliation of source-reviewed assertions; not a new manual source review
761,Subei People's Hospital of Jiangsu province,Jiangsu,Yangzhou,20,https://clinicaltrials.gov/study/NCT02071407,unverified_no_approved_evidence,not_evaluated_without_approved_identity,,,,[],[],Obtain hospital or regulator evidence connecting the reported name to a filing; reference labels alone are insufficient,deterministic reconciliation of source-reviewed assertions; not a new manual source review
762,The Affiliated People's Hospital of Ningbo University,Zhejiang,Ningbo,20,https://clinicaltrials.gov/study/NCT04682795,unverified_no_approved_evidence,not_evaluated_without_approved_identity,,,,[],[],Obtain hospital or regulator evidence connecting the reported name to a filing; reference labels alone are insufficient,deterministic reconciliation of source-reviewed assertions; not a new manual source review
763,The Central Hospital of Wuhan,,Wuhan,20,https://clinicaltrials.gov/study/NCT01918098,unverified_no_approved_evidence,not_evaluated_without_approved_identity,,,,[],[],Obtain hospital or regulator evidence connecting the reported name to a filing; reference labels alone are insufficient,deterministic reconciliation of source-reviewed assertions; not a new manual source review
764,The First Affiliated Hospital of Dalian Medical University,,Dalian,20,https://clinicaltrials.gov/study/NCT02137577,unverified_no_approved_evidence,not_evaluated_without_approved_identity,,,,[],[],Obtain hospital or regulator evidence connecting the reported name to a filing; reference labels alone are insufficient,deterministic reconciliation of source-reviewed assertions; not a new manual source review
765,The Second Affiliated Hospital of Guangzhou Medical University,,Guangzhou,20,https://clinicaltrials.gov/study/NCT02914158,unverified_no_approved_evidence,not_evaluated_without_approved_identity,,,,[],[],Obtain hospital or regulator evidence connecting the reported name to a filing; reference labels alone are insufficient,deterministic reconciliation of source-reviewed assertions; not a new manual source review
766,The Second Hospital of Lanzhou University,Gansu,Lanzhou,20,https://clinicaltrials.gov/study/NCT01238705,unverified_no_approved_evidence,not_evaluated_without_approved_identity,,,,[],[],Obtain hospital or regulator evidence connecting the reported name to a filing; reference labels alone are insufficient,deterministic reconciliation of source-reviewed assertions; not a new manual source review
767,The Second People's Hospital of Neijiang,Sichuan,Neijiang,20,https://clinicaltrials.gov/study/NCT03388593,unverified_no_approved_evidence,not_evaluated_without_approved_identity,,,,[],[],Obtain hospital or regulator evidence connecting the reported name to a filing; reference labels alone are insufficient,deterministic reconciliation of source-reviewed assertions; not a new manual source review
768,The Second People's Hospital of Shenzhen,Guangdong,Shenzhen,20,https://clinicaltrials.gov/study/NCT01677208,unverified_no_approved_evidence,not_evaluated_without_approved_identity,,,,[],[],Obtain hospital or regulator evidence connecting the reported name to a filing; reference labels alone are insufficient,deterministic reconciliation of source-reviewed assertions; not a new manual source review
769,The Sixth People's Hospital of Zhengzhou,Henan,Zhengzhou,20,https://clinicaltrials.gov/study/NCT02120638,unverified_reference_only,not_evaluated_without_approved_identity,,,,[],"[{""hospital_id"": ""cnha-cfdi-a142e98bc0a803336a3b193e17e91236"", ""official_name"": ""河南省传染病医院（郑州市第六人民医院）"", ""candidate_alias"": ""The Sixth People's Hospital of Zhengzhou"", ""source_url"": ""https://ror.org/046znv447"", ""status"": ""review_required"", ""reason"": ""Reference-only name; not approved for resolution""}]",Obtain hospital or regulator evidence connecting the reported name to a filing; reference labels alone are insufficient,deterministic reconciliation of source-reviewed assertions; not a new manual source review
770,The Third Affiliated Hospital of Southern Medical University,Guangdong,Guangzhou,20,https://clinicaltrials.gov/study/NCT02796079,unverified_no_approved_evidence,not_evaluated_without_approved_identity,,,,[],[],Obtain hospital or regulator evidence connecting the reported name to a filing; reference labels alone are insufficient,deterministic reconciliation of source-reviewed assertions; not a new manual source review
771,The University of Hong Kong-Shenzhen Hospital,,Shenzhen,20,https://clinicaltrials.gov/study/NCT02831959,unverified_no_approved_evidence,not_evaluated_without_approved_identity,,,,[],[],Obtain hospital or regulator evidence connecting the reported name to a filing; reference labels alone are insufficient,deterministic reconciliation of source-reviewed assertions; not a new manual source review
772,Tianjin Academy of Traditional Chinese Medicine Affiliated Hospital,Tianjin Municipality,Tianjin,20,https://clinicaltrials.gov/study/NCT04162899,unverified_no_approved_evidence,not_evaluated_without_approved_identity,,,,[],[],Obtain hospital or regulator evidence connecting the reported name to a filing; reference labels alone are insufficient,deterministic reconciliation of source-reviewed assertions; not a new manual source review
773,Tianjin Anding Hospital,Tianjin Municipality,Tianjin,20,https://clinicaltrials.gov/study/NCT01516424,unverified_reference_only,not_evaluated_without_approved_identity,,,,[],"[{""hospital_id"": ""cnha-cfdi-4513d0e5c0a80333752f89bce81d221b"", ""official_name"": ""天津市安定医院"", ""candidate_alias"": ""Tianjin Anding Hospital"", ""source_url"": ""https://ror.org/011n2s048"", ""status"": ""review_required"", ""reason"": ""Reference-only name; not approved for resolution""}]",Obtain hospital or regulator evidence connecting the reported name to a filing; reference labels alone are insufficient,deterministic reconciliation of source-reviewed assertions; not a new manual source review
774,Tianjin Medical University Eye Hospital,,Tianjin,20,https://clinicaltrials.gov/study/NCT03159884,verified_name_relation,requires_location_review,,,,"[{""hospital_id"": ""cnha-cfdi-4334524bc0a8033354020bfe4fd76b68"", ""official_name"": ""天津医科大学眼科医院"", ""filing_number"": ""药临床机构备字2019000034"", ""alias"": ""Tianjin Medical University Eye Hospital"", ""normalized_alias"": ""tianjinmedicaluniversityeyehospital"", ""kind"": ""english_name"", ""evidence_status"": ""official_source_reviewed"", ""source_url"": ""https://gs.tmu.edu.cn/_upload/article/files/25/92/b1ddeac8440d816796748f7f9544/6b270462-3758-4b0a-85f4-f306c880f31e.pdf"", ""accessed_at"": ""2026-09-05"", ""valid_from"": """", ""valid_to"": """"}]",[],"Verify reported province, city and campus against the study record before assigning an institution ID",deterministic reconciliation of source-reviewed assertions; not a new manual source review
775,Tianjin Third Central Hospital,Tianjin Municipality,Tianjin,20,https://clinicaltrials.gov/study/NCT00664846,unverified_reference_only,not_evaluated_without_approved_identity,,,,[],"[{""hospital_id"": ""cnha-cfdi-207c0e3cc0a80333422f4492f05bd844"", ""official_name"": ""天津市第三中心医院"", ""candidate_alias"": ""Tianjin Third Central Hospital"", ""source_url"": ""https://ror.org/00911j719"", ""status"": ""review_required"", ""reason"": ""Reference-only name; not approved for resolution""}]",Obtain hospital or regulator evidence connecting the reported name to a filing; reference labels alone are insufficient,deterministic reconciliation of source-reviewed assertions; not a new manual source review
776,Tongji Hospital,,Wuhan,20,https://clinicaltrials.gov/study/NCT01431781,unverified_no_approved_evidence,not_evaluated_without_approved_identity,,,,[],[],Obtain hospital or regulator evidence connecting the reported name to a filing; reference labels alone are insufficient,deterministic reconciliation of source-reviewed assertions; not a new manual source review
777,Weihai Municipal Hospital,Shandong,Weihai,20,https://clinicaltrials.gov/study/NCT03189901,unverified_reference_only,not_evaluated_without_approved_identity,,,,[],"[{""hospital_id"": ""cnha-cfdi-4b83d9e7c0a803334076ba9db495e4b9"", ""official_name"": ""威海市立医院"", ""candidate_alias"": ""Weihai Municipal Hospital"", ""source_url"": ""https://ror.org/03vpa9q11"", ""status"": ""review_required"", ""reason"": ""Reference-only name; not approved for resolution""}]",Obtain hospital or regulator evidence connecting the reported name to a filing; reference labels alone are insufficient,deterministic reconciliation of source-reviewed assertions; not a new manual source review
778,Xiangya Hospital,Hunan,Changsha,20,https://clinicaltrials.gov/study/NCT01192854,unverified_no_approved_evidence,not_evaluated_without_approved_identity,,,,[],[],Obtain hospital or regulator evidence connecting the reported name to a filing; reference labels alone are insufficient,deterministic reconciliation of source-reviewed assertions; not a new manual source review
779,Xinhua Hospital,Shanghai Municipality,Shanghai,20,https://clinicaltrials.gov/study/NCT01786759,unverified_reference_only,not_evaluated_without_approved_identity,,,,[],"[{""hospital_id"": ""cnha-cfdi-ea2747e5c0a80333638fd0970d6d734c"", ""official_name"": ""上海交通大学医学院附属新华医院"", ""candidate_alias"": ""XinHua Hospital"", ""source_url"": ""https://ror.org/04dzvks42"", ""status"": ""review_required"", ""reason"": ""Reference-only name; not approved for resolution""}]",Obtain hospital or regulator evidence connecting the reported name to a filing; reference labels alone are insufficient,deterministic reconciliation of source-reviewed assertions; not a new manual source review
780,Zhejiang Hospital,,Hangzhou,20,https://clinicaltrials.gov/study/NCT02239120,unverified_reference_only,not_evaluated_without_approved_identity,,,,[],"[{""hospital_id"": ""cnha-cfdi-f338e66cc0a803337adcdf3ac9b68fa1"", ""official_name"": ""浙江医院"", ""candidate_alias"": ""Zhejiang Hospital"", ""source_url"": ""https://ror.org/02kzr5g33"", ""status"": ""review_required"", ""reason"": ""Reference-only name; not approved for resolution""}]",Obtain hospital or regulator evidence connecting the reported name to a filing; reference labels alone are insufficient,deterministic reconciliation of source-reviewed assertions; not a new manual source review
781,Zhujiang Hospital of Southern Medical University,,Guangzhou,20,https://clinicaltrials.gov/study/NCT03466411,unverified_no_approved_evidence,not_evaluated_without_approved_identity,,,,[],[],Obtain hospital or regulator evidence connecting the reported name to a filing; reference labels alone are insufficient,deterministic reconciliation of source-reviewed assertions; not a new manual source review
782,"Affiliated Hangzhou First People's Hospital, Zhejiang University School of Medicine",Zhejiang,Hangzhou,19,https://clinicaltrials.gov/study/NCT03589924,unverified_no_approved_evidence,not_evaluated_without_approved_identity,,,,[],[],Obtain hospital or regulator evidence connecting the reported name to a filing; reference labels alone are insufficient,deterministic reconciliation of source-reviewed assertions; not a new manual source review
783,Affiliated Hospital of Inner Mongolia Medical University,Inner Mongolia,Hohhot,19,https://clinicaltrials.gov/study/NCT02430350,unverified_no_approved_evidence,not_evaluated_without_approved_identity,,,,[],[],Obtain hospital or regulator evidence connecting the reported name to a filing; reference labels alone are insufficient,deterministic reconciliation of source-reviewed assertions; not a new manual source review
784,Affiliated Hospital of Shandong University of Traditional Chinese Medicine,Shandong,Ji'nan,19,https://clinicaltrials.gov/study/NCT02701231,unverified_reference_only,not_evaluated_without_approved_identity,,,,[],"[{""hospital_id"": ""cnha-cfdi-601a3506c0a803332c09e912a6ed6a6f"", ""official_name"": ""山东中医药大学附属医院"", ""candidate_alias"": ""Affiliated Hospital of Shandong University of Traditional Chinese Medicine"", ""source_url"": ""https://ror.org/052q26725"", ""status"": ""review_required"", ""reason"": ""Reference-only name; not approved for resolution""}]",Obtain hospital or regulator evidence connecting the reported name to a filing; reference labels alone are insufficient,deterministic reconciliation of source-reviewed assertions; not a new manual source review
785,Affiliated Hospital of Southwest Medical University,Sichuan,Luzhou,19,https://clinicaltrials.gov/study/NCT03599284,unverified_reference_only,not_evaluated_without_approved_identity,,,,[],"[{""hospital_id"": ""cnha-cfdi-d00dfa19c0a8033361c9f822dde08acc"", ""official_name"": ""西南医科大学附属中医医院"", ""candidate_alias"": ""Affiliated Hospital of Southwest Medical University"", ""source_url"": ""https://ror.org/0014a0n68"", ""status"": ""review_required"", ""reason"": ""Reference-only name; not approved for resolution""}]",Obtain hospital or regulator evidence connecting the reported name to a filing; reference labels alone are insufficient,deterministic reconciliation of source-reviewed assertions; not a new manual source review
786,"Beijing Shijitan Hospital, Capital Medical University",Beijing Municipality,Beijing,19,https://clinicaltrials.gov/study/NCT03177499,unverified_no_approved_evidence,not_evaluated_without_approved_identity,,,,[],[],Obtain hospital or regulator evidence connecting the reported name to a filing; reference labels alone are insufficient,deterministic reconciliation of source-reviewed assertions; not a new manual source review
787,Chengdu Xinhua Hospital,Sichuan,Chengdu,19,https://clinicaltrials.gov/study/NCT04683406,unverified_no_approved_evidence,not_evaluated_without_approved_identity,,,,[],[],Obtain hospital or regulator evidence connecting the reported name to a filing; reference labels alone are insufficient,deterministic reconciliation of source-reviewed assertions; not a new manual source review
788,Chenzhou First People's Hospital,Hunan,Chenzhou,19,https://clinicaltrials.gov/study/NCT02121717,unverified_no_approved_evidence,not_evaluated_without_approved_identity,,,,[],[],Obtain hospital or regulator evidence connecting the reported name to a filing; reference labels alone are insufficient,deterministic reconciliation of source-reviewed assertions; not a new manual source review
789,Children's Hospital of Nanjing Medical University,Jiangsu,Nanjing,19,https://clinicaltrials.gov/study/NCT03201848,unverified_no_approved_evidence,not_evaluated_without_approved_identity,,,,[],[],Obtain hospital or regulator evidence connecting the reported name to a filing; reference labels alone are insufficient,deterministic reconciliation of source-reviewed assertions; not a new manual source review
790,"Department of Neurology, General Hospital of Northern Theater Command",,Shenyang,19,https://clinicaltrials.gov/study/NCT04664933,unverified_no_approved_evidence,not_evaluated_without_approved_identity,,,,[],[],Obtain hospital or regulator evidence connecting the reported name to a filing; reference labels alone are insufficient,deterministic reconciliation of source-reviewed assertions; not a new manual source review
791,Deyang People's Hospital,Sichuan,Deyang,19,https://clinicaltrials.gov/study/NCT03541668,unverified_no_approved_evidence,not_evaluated_without_approved_identity,,,,[],[],Obtain hospital or regulator evidence connecting the reported name to a filing; reference labels alone are insufficient,deterministic reconciliation of source-reviewed assertions; not a new manual source review
792,First Hospital of Shanxi Medical University,,Taiyuan,19,https://clinicaltrials.gov/study/NCT02205112,unverified_no_approved_evidence,not_evaluated_without_approved_identity,,,,[],[],Obtain hospital or regulator evidence connecting the reported name to a filing; reference labels alone are insufficient,deterministic reconciliation of source-reviewed assertions; not a new manual source review
793,"Guangzhou Military Region General Hospital, Department of Anesthesiology",Guangdong,Guangzhou,19,https://clinicaltrials.gov/study/NCT01864187,unverified_no_approved_evidence,not_evaluated_without_approved_identity,,,,[],[],Obtain hospital or regulator evidence connecting the reported name to a filing; reference labels alone are insufficient,deterministic reconciliation of source-reviewed assertions; not a new manual source review
794,Handan Central Hospital,Hebei,Handan,19,https://clinicaltrials.gov/study/NCT01677208,unverified_no_approved_evidence,not_evaluated_without_approved_identity,,,,[],[],Obtain hospital or regulator evidence connecting the reported name to a filing; reference labels alone are insufficient,deterministic reconciliation of source-reviewed assertions; not a new manual source review
795,Jiangxi Provincial Children's Hospital,Jiangxi,Nanchang,19,https://clinicaltrials.gov/study/NCT01182025,unverified_reference_only,not_evaluated_without_approved_identity,,,,[],"[{""hospital_id"": ""cnha-cfdi-31c31344c0a803337cc19b734c5cf1ef"", ""official_name"": ""江西省儿童医院"", ""candidate_alias"": ""Jiangxi Provincial Children's Hospital"", ""source_url"": ""https://ror.org/03tws3217"", ""status"": ""review_required"", ""reason"": ""Reference-only name; not approved for resolution""}]",Obtain hospital or regulator evidence connecting the reported name to a filing; reference labels alone are insufficient,deterministic reconciliation of source-reviewed assertions; not a new manual source review
796,Meihekou Central Hospital,Jilin,Meihekou,19,https://clinicaltrials.gov/study/NCT03388593,unverified_no_approved_evidence,not_evaluated_without_approved_identity,,,,[],[],Obtain hospital or regulator evidence connecting the reported name to a filing; reference labels alone are insufficient,deterministic reconciliation of source-reviewed assertions; not a new manual source review
797,Nanjing Maternity and Child Health Care Hospital,Jiangsu,Nanjing,19,https://clinicaltrials.gov/study/NCT01013090,unverified_no_approved_evidence,not_evaluated_without_approved_identity,,,,[],[],Obtain hospital or regulator evidence connecting the reported name to a filing; reference labels alone are insufficient,deterministic reconciliation of source-reviewed assertions; not a new manual source review
798,Ruijin Hospital Shanghai Jiao Tong University,,Shanghai,19,https://clinicaltrials.gov/study/NCT00689936,unverified_no_approved_evidence,not_evaluated_without_approved_identity,,,,[],[],Obtain hospital or regulator evidence connecting the reported name to a filing; reference labels alone are insufficient,deterministic reconciliation of source-reviewed assertions; not a new manual source review
799,"Shanghai Ninth People's Hospital, Shanghai Jiao Tong University School of Medicine",,Shanghai,19,https://clinicaltrials.gov/study/NCT02944071,unverified_no_approved_evidence,not_evaluated_without_approved_identity,,,,[],[],Obtain hospital or regulator evidence connecting the reported name to a filing; reference labels alone are insufficient,deterministic reconciliation of source-reviewed assertions; not a new manual source review
800,Shanxi Bethune Hospital,,Taiyuan,19,https://clinicaltrials.gov/study/NCT03500380,unverified_no_approved_evidence,not_evaluated_without_approved_identity,,,,[],[],Obtain hospital or regulator evidence connecting the reported name to a filing; reference labels alone are insufficient,deterministic reconciliation of source-reviewed assertions; not a new manual source review
801,Shengli Oilfield Central Hospital,Shandong,Dongying,19,https://clinicaltrials.gov/study/NCT02534545,unverified_no_approved_evidence,not_evaluated_without_approved_identity,,,,[],[],Obtain hospital or regulator evidence connecting the reported name to a filing; reference labels alone are insufficient,deterministic reconciliation of source-reviewed assertions; not a new manual source review
802,Sichuan Academy of Medical Sciences and Sichuan Provincial Peoples Hospital,Sichuan,Chengdu,19,https://clinicaltrials.gov/study/NCT03358875,unverified_no_approved_evidence,not_evaluated_without_approved_identity,,,,[],[],Obtain hospital or regulator evidence connecting the reported name to a filing; reference labels alone are insufficient,deterministic reconciliation of source-reviewed assertions; not a new manual source review
803,Taizhou Hospital of Zhejiang Province,Zhejiang,Linhai,19,https://clinicaltrials.gov/study/NCT01537276,unverified_no_approved_evidence,not_evaluated_without_approved_identity,,,,[],[],Obtain hospital or regulator evidence connecting the reported name to a filing; reference labels alone are insufficient,deterministic reconciliation of source-reviewed assertions; not a new manual source review
804,Taizhou People's Hospital,Jiangsu,Taizhou,19,https://clinicaltrials.gov/study/NCT00565396,unverified_no_approved_evidence,not_evaluated_without_approved_identity,,,,[],[],Obtain hospital or regulator evidence connecting the reported name to a filing; reference labels alone are insufficient,deterministic reconciliation of source-reviewed assertions; not a new manual source review
805,The Affiliated Hospital of Hangzhou Normal University,Zhejiang,Hangzhou,19,https://clinicaltrials.gov/study/NCT01897805,unverified_no_approved_evidence,not_evaluated_without_approved_identity,,,,[],[],Obtain hospital or regulator evidence connecting the reported name to a filing; reference labels alone are insufficient,deterministic reconciliation of source-reviewed assertions; not a new manual source review
806,The Children's Hospital Zhejiang University School of Medicine,Zhejiang,Hangzhou,19,https://clinicaltrials.gov/study/NCT01500551,unverified_no_approved_evidence,not_evaluated_without_approved_identity,,,,[],[],Obtain hospital or regulator evidence connecting the reported name to a filing; reference labels alone are insufficient,deterministic reconciliation of source-reviewed assertions; not a new manual source review
807,The First Affiliated Hospital of Jilin University,Jilin,Changchun,19,https://clinicaltrials.gov/study/NCT01569516,unverified_no_approved_evidence,not_evaluated_without_approved_identity,,,,[],[],Obtain hospital or regulator evidence connecting the reported name to a filing; reference labels alone are insufficient,deterministic reconciliation of source-reviewed assertions; not a new manual source review
808,The First Hospital of Changsha,Hunan,Changsha,19,https://clinicaltrials.gov/study/NCT01677208,unverified_reference_only,not_evaluated_without_approved_identity,,,,[],"[{""hospital_id"": ""cnha-cfdi-13cd3688c0a8033335a695c8d55c6e3d"", ""official_name"": ""长沙市第一医院"", ""candidate_alias"": ""The First Hospital of Changsha"", ""source_url"": ""https://ror.org/01sy5t684"", ""status"": ""review_required"", ""reason"": ""Reference-only name; not approved for resolution""}]",Obtain hospital or regulator evidence connecting the reported name to a filing; reference labels alone are insufficient,deterministic reconciliation of source-reviewed assertions; not a new manual source review
809,The Second Affiliated Hospital of Fujian Medical University,Fujian,Quanzhou,19,https://clinicaltrials.gov/study/NCT02959333,unverified_no_approved_evidence,not_evaluated_without_approved_identity,,,,[],[],Obtain hospital or regulator evidence connecting the reported name to a filing; reference labels alone are insufficient,deterministic reconciliation of source-reviewed assertions; not a new manual source review
810,The Southwest Hospital of Amu,Chongqing Municipality,Chongqing,19,https://clinicaltrials.gov/study/NCT04723004,unverified_no_approved_evidence,not_evaluated_without_approved_identity,,,,[],[],Obtain hospital or regulator evidence connecting the reported name to a filing; reference labels alone are insufficient,deterministic reconciliation of source-reviewed assertions; not a new manual source review
811,The Third Affiliated Hospital of Sun Yat-sen University,,Guangzhou,19,https://clinicaltrials.gov/study/NCT00773461,unverified_no_approved_evidence,not_evaluated_without_approved_identity,,,,[],[],Obtain hospital or regulator evidence connecting the reported name to a filing; reference labels alone are insufficient,deterministic reconciliation of source-reviewed assertions; not a new manual source review
812,Tonghua Central Hospital,Jilin,Tonghua,19,https://clinicaltrials.gov/study/NCT02832544,unverified_no_approved_evidence,not_evaluated_without_approved_identity,,,,[],[],Obtain hospital or regulator evidence connecting the reported name to a filing; reference labels alone are insufficient,deterministic reconciliation of source-reviewed assertions; not a new manual source review
813,Weihai Central Hospital,Shandong,Weihai,19,https://clinicaltrials.gov/study/NCT03753061,unverified_no_approved_evidence,not_evaluated_without_approved_identity,,,,[],[],Obtain hospital or regulator evidence connecting the reported name to a filing; reference labels alone are insufficient,deterministic reconciliation of source-reviewed assertions; not a new manual source review
814,West China Second University Hospital,Sichuan,Chengdu,19,https://clinicaltrials.gov/study/NCT02316730,unverified_no_approved_evidence,not_evaluated_without_approved_identity,,,,[],[],Obtain hospital or regulator evidence connecting the reported name to a filing; reference labels alone are insufficient,deterministic reconciliation of source-reviewed assertions; not a new manual source review
815,Wuzhou Red Cross Hospital,Guangxi,Wuzhou,19,https://clinicaltrials.gov/study/NCT02434614,unverified_reference_only,not_evaluated_without_approved_identity,,,,[],"[{""hospital_id"": ""cnha-cfdi-87a361ebc0a8033332c5e8986e853e18"", ""official_name"": ""梧州市红十字会医院"", ""candidate_alias"": ""Wuzhou Red Cross Hospital"", ""source_url"": ""https://ror.org/059wqqf58"", ""status"": ""review_required"", ""reason"": ""Reference-only name; not approved for resolution""}]",Obtain hospital or regulator evidence connecting the reported name to a filing; reference labels alone are insufficient,deterministic reconciliation of source-reviewed assertions; not a new manual source review
816,Zhongda Hospital Affiliated to Southeast University,Jiangsu,Nanjing,19,https://clinicaltrials.gov/study/NCT04099927,unverified_no_approved_evidence,not_evaluated_without_approved_identity,,,,[],[],Obtain hospital or regulator evidence connecting the reported name to a filing; reference labels alone are insufficient,deterministic reconciliation of source-reviewed assertions; not a new manual source review
817,Zhongshan Hospital of Fudan University,Shanghai Municipality,Shanghai,19,https://clinicaltrials.gov/study/NCT00642239,unverified_no_approved_evidence,not_evaluated_without_approved_identity,,,,[],[],Obtain hospital or regulator evidence connecting the reported name to a filing; reference labels alone are insufficient,deterministic reconciliation of source-reviewed assertions; not a new manual source review
818,Affiliated Cancer Hospital and Institute of Guangzhou Medical University,Guangdong,Guangzhou,18,https://clinicaltrials.gov/study/NCT03084237,unverified_no_approved_evidence,not_evaluated_without_approved_identity,,,,[],[],Obtain hospital or regulator evidence connecting the reported name to a filing; reference labels alone are insufficient,deterministic reconciliation of source-reviewed assertions; not a new manual source review
819,Beijing Boren Hospital,Beijing Municipality,Beijing,18,https://clinicaltrials.gov/study/NCT03952078,unverified_no_approved_evidence,not_evaluated_without_approved_identity,,,,[],[],Obtain hospital or regulator evidence connecting the reported name to a filing; reference labels alone are insufficient,deterministic reconciliation of source-reviewed assertions; not a new manual source review
820,"Changhai Hospital, Second Military Medical University",,Shanghai,18,https://clinicaltrials.gov/study/NCT00653978,unverified_no_approved_evidence,not_evaluated_without_approved_identity,,,,[],[],Obtain hospital or regulator evidence connecting the reported name to a filing; reference labels alone are insufficient,deterministic reconciliation of source-reviewed assertions; not a new manual source review
821,Chinese Academy of Medical Sciences Cancer Hospital,Beijing Municipality,Beijing,18,https://clinicaltrials.gov/study/NCT01232374,unverified_no_approved_evidence,not_evaluated_without_approved_identity,,,,[],[],Obtain hospital or regulator evidence connecting the reported name to a filing; reference labels alone are insufficient,deterministic reconciliation of source-reviewed assertions; not a new manual source review
822,Chongqing General Hospital,,Chongqing,18,https://clinicaltrials.gov/study/NCT03338010,unverified_no_approved_evidence,not_evaluated_without_approved_identity,,,,[],[],Obtain hospital or regulator evidence connecting the reported name to a filing; reference labels alone are insufficient,deterministic reconciliation of source-reviewed assertions; not a new manual source review
823,First Affiliated Hospital of Xiamen University,Fujian,Xiamen,18,https://clinicaltrials.gov/study/NCT01924624,unverified_reference_only,not_evaluated_without_approved_identity,,,,[],"[{""hospital_id"": ""cnha-cfdi-f54478f4c0a803337f778cd3b4849179"", ""official_name"": ""厦门大学附属第一医院"", ""candidate_alias"": ""First Affiliated Hospital of Xiamen University"", ""source_url"": ""https://ror.org/0006swh35"", ""status"": ""review_required"", ""reason"": ""Reference-only name; not approved for resolution""}]",Obtain hospital or regulator evidence connecting the reported name to a filing; reference labels alone are insufficient,deterministic reconciliation of source-reviewed assertions; not a new manual source review
824,Gansu Wuwei Tumour Hospital,Gansu,Wuwei,18,https://clinicaltrials.gov/study/NCT04033354,unverified_no_approved_evidence,not_evaluated_without_approved_identity,,,,[],[],Obtain hospital or regulator evidence connecting the reported name to a filing; reference labels alone are insufficient,deterministic reconciliation of source-reviewed assertions; not a new manual source review
825,Guizhou Cancer Hospital,Guizhou,Guiyang,18,https://clinicaltrials.gov/study/NCT01516996,unverified_no_approved_evidence,not_evaluated_without_approved_identity,,,,[],[],Obtain hospital or regulator evidence connecting the reported name to a filing; reference labels alone are insufficient,deterministic reconciliation of source-reviewed assertions; not a new manual source review
826,Haikou People's Hospital,Hainan,Haikou,18,https://clinicaltrials.gov/study/NCT01975376,unverified_no_approved_evidence,not_evaluated_without_approved_identity,,,,[],[],Obtain hospital or regulator evidence connecting the reported name to a filing; reference labels alone are insufficient,deterministic reconciliation of source-reviewed assertions; not a new manual source review
827,Hainan Cancer Hospital,Hainan,Haikou,18,https://clinicaltrials.gov/study/NCT03649529,unverified_no_approved_evidence,not_evaluated_without_approved_identity,,,,[],[],Obtain hospital or regulator evidence connecting the reported name to a filing; reference labels alone are insufficient,deterministic reconciliation of source-reviewed assertions; not a new manual source review
828,Hainan Provincial People's Hospital,Hainan,Haikou,18,https://clinicaltrials.gov/study/NCT01721408,unverified_no_approved_evidence,not_evaluated_without_approved_identity,,,,[],[],Obtain hospital or regulator evidence connecting the reported name to a filing; reference labels alone are insufficient,deterministic reconciliation of source-reviewed assertions; not a new manual source review
829,Hebei Yanda Ludaopei Hospital,Hebei,Sanhe,18,https://clinicaltrials.gov/study/NCT02546739,unverified_no_approved_evidence,not_evaluated_without_approved_identity,,,,[],[],Obtain hospital or regulator evidence connecting the reported name to a filing; reference labels alone are insufficient,deterministic reconciliation of source-reviewed assertions; not a new manual source review
830,Huai'an First People's Hospital,,Huai'an,18,https://clinicaltrials.gov/study/NCT03020303,unverified_reference_only,not_evaluated_without_approved_identity,,,,[],"[{""hospital_id"": ""cnha-cfdi-87bad074c0a80333038e13e2148ea3da"", ""official_name"": ""南京医科大学附属淮安第一医院（淮安市第一人民医院）"", ""candidate_alias"": ""Huaian First People’s Hospital"", ""source_url"": ""https://ror.org/00xpfw690"", ""status"": ""review_required"", ""reason"": ""Reference-only name; not approved for resolution""}]",Obtain hospital or regulator evidence connecting the reported name to a filing; reference labels alone are insufficient,deterministic reconciliation of source-reviewed assertions; not a new manual source review
831,Huai'an Second People's Hospital,Jiangsu,Huai'an,18,https://clinicaltrials.gov/study/NCT03430843,unverified_no_approved_evidence,not_evaluated_without_approved_identity,,,,[],[],Obtain hospital or regulator evidence connecting the reported name to a filing; reference labels alone are insufficient,deterministic reconciliation of source-reviewed assertions; not a new manual source review
832,Jieyang People's Hospital,Guangdong,Jieyang,18,https://clinicaltrials.gov/study/NCT03668496,unverified_reference_only,not_evaluated_without_approved_identity,,,,[],"[{""hospital_id"": ""cnha-cfdi-4754f3d4c0a803331cd8fdb4f4406ac0"", ""official_name"": ""揭阳市人民医院（中山大学附属揭阳医院）"", ""candidate_alias"": ""Jieyang People's Hospital"", ""source_url"": ""https://ror.org/03mpy3k07"", ""status"": ""review_required"", ""reason"": ""Reference-only name; not approved for resolution""}]",Obtain hospital or regulator evidence connecting the reported name to a filing; reference labels alone are insufficient,deterministic reconciliation of source-reviewed assertions; not a new manual source review
833,Kaifeng Central Hospital,Henan,Kaifeng,18,https://clinicaltrials.gov/study/NCT01897805,unverified_no_approved_evidence,not_evaluated_without_approved_identity,,,,[],[],Obtain hospital or regulator evidence connecting the reported name to a filing; reference labels alone are insufficient,deterministic reconciliation of source-reviewed assertions; not a new manual source review
834,Nantong First People's Hospital,Jiangsu,Nantong,18,https://clinicaltrials.gov/study/NCT03547232,unverified_reference_only,not_evaluated_without_approved_identity,,,,[],"[{""hospital_id"": ""cnha-cfdi-95a4d38cc0a803333e4235f2ddb5c2f6"", ""official_name"": ""南通市第一人民医院"", ""candidate_alias"": ""Nantong First People’s Hospital"", ""source_url"": ""https://ror.org/05pdn2z45"", ""status"": ""review_required"", ""reason"": ""Reference-only name; not approved for resolution""}]",Obtain hospital or regulator evidence connecting the reported name to a filing; reference labels alone are insufficient,deterministic reconciliation of source-reviewed assertions; not a new manual source review
835,North China University of Science and Technology Affiliated Hospital,Hebei,Tangshan,18,https://clinicaltrials.gov/study/NCT02506140,unverified_reference_only,not_evaluated_without_approved_identity,,,,[],"[{""hospital_id"": ""cnha-cfdi-26ddbb23c0a803332da8fc9bf4f5384a"", ""official_name"": ""华北理工大学附属医院"", ""candidate_alias"": ""North China University of Science and Technology Affiliated Hospital"", ""source_url"": ""https://ror.org/015kdfj59"", ""status"": ""review_required"", ""reason"": ""Reference-only name; not approved for resolution""}]",Obtain hospital or regulator evidence connecting the reported name to a filing; reference labels alone are insufficient,deterministic reconciliation of source-reviewed assertions; not a new manual source review
836,People's Hospital of Ningxia Hui Autonomous Region,Ningxia,Yinchuan,18,https://clinicaltrials.gov/study/NCT04078737,unverified_no_approved_evidence,not_evaluated_without_approved_identity,,,,[],[],Obtain hospital or regulator evidence connecting the reported name to a filing; reference labels alone are insufficient,deterministic reconciliation of source-reviewed assertions; not a new manual source review
837,Reproductive & Genetic Hospital of CITIC-XIANGYA,Hunan,Changsha,18,https://clinicaltrials.gov/study/NCT02868528,unverified_no_approved_evidence,not_evaluated_without_approved_identity,,,,[],[],Obtain hospital or regulator evidence connecting the reported name to a filing; reference labels alone are insufficient,deterministic reconciliation of source-reviewed assertions; not a new manual source review
838,Shaanxi provincial people's hospital,,Xi'an,18,https://clinicaltrials.gov/study/NCT03990272,unverified_reference_only,not_evaluated_without_approved_identity,,,,[],"[{""hospital_id"": ""cnha-cfdi-637b975dc0a803333264020224c4f75d"", ""official_name"": ""陕西省人民医院"", ""candidate_alias"": ""Shaanxi Provincial People's Hospital"", ""source_url"": ""https://ror.org/009czp143"", ""status"": ""review_required"", ""reason"": ""Reference-only name; not approved for resolution""}]",Obtain hospital or regulator evidence connecting the reported name to a filing; reference labels alone are insufficient,deterministic reconciliation of source-reviewed assertions; not a new manual source review
839,Shandong University Qilu Hospital,Shandong,Jinan,18,https://clinicaltrials.gov/study/NCT01568333,unverified_no_approved_evidence,not_evaluated_without_approved_identity,,,,[],[],Obtain hospital or regulator evidence connecting the reported name to a filing; reference labels alone are insufficient,deterministic reconciliation of source-reviewed assertions; not a new manual source review
840,Shanghai Oriental Hospital,Shanghai Municipality,Shanghai,18,https://clinicaltrials.gov/study/NCT03166553,unverified_no_approved_evidence,not_evaluated_without_approved_identity,,,,[],[],Obtain hospital or regulator evidence connecting the reported name to a filing; reference labels alone are insufficient,deterministic reconciliation of source-reviewed assertions; not a new manual source review
841,Shanxi Provincial Cancer Hospital,,Taiyuan,18,https://clinicaltrials.gov/study/NCT04208347,unverified_no_approved_evidence,not_evaluated_without_approved_identity,,,,[],[],Obtain hospital or regulator evidence connecting the reported name to a filing; reference labels alone are insufficient,deterministic reconciliation of source-reviewed assertions; not a new manual source review
842,Sir Run Run Shaw Hospital of Zhejiang University School of Medicine,Zhejiang,Hangzhou,18,https://clinicaltrials.gov/study/NCT04960930,unverified_no_approved_evidence,not_evaluated_without_approved_identity,,,,[],[],Obtain hospital or regulator evidence connecting the reported name to a filing; reference labels alone are insufficient,deterministic reconciliation of source-reviewed assertions; not a new manual source review
843,The Central Hospital of Yongzhou,Hunan,Yongzhou,18,https://clinicaltrials.gov/study/NCT04237805,unverified_no_approved_evidence,not_evaluated_without_approved_identity,,,,[],[],Obtain hospital or regulator evidence connecting the reported name to a filing; reference labels alone are insufficient,deterministic reconciliation of source-reviewed assertions; not a new manual source review
844,The First Affiliated Hospital of Guangzhou Medical College,Guangdong,Guangzhou,18,https://clinicaltrials.gov/study/NCT00548223,unverified_no_approved_evidence,not_evaluated_without_approved_identity,,,,[],[],Obtain hospital or regulator evidence connecting the reported name to a filing; reference labels alone are insufficient,deterministic reconciliation of source-reviewed assertions; not a new manual source review
845,The First Affiliated Hospital of Hebei North University,Hebei,Zhangjiakou,18,https://clinicaltrials.gov/study/NCT03015311,unverified_no_approved_evidence,not_evaluated_without_approved_identity,,,,[],[],Obtain hospital or regulator evidence connecting the reported name to a filing; reference labels alone are insufficient,deterministic reconciliation of source-reviewed assertions; not a new manual source review
846,The First Affiliated Hospital of Henan University of Science &Technology,,Luoyang,18,https://clinicaltrials.gov/study/NCT03500380,unverified_no_approved_evidence,not_evaluated_without_approved_identity,,,,[],[],Obtain hospital or regulator evidence connecting the reported name to a filing; reference labels alone are insufficient,deterministic reconciliation of source-reviewed assertions; not a new manual source review
847,The First Affiliated Hospital of Henan University of Science &Technology,,Luoyang Shi,18,https://clinicaltrials.gov/study/NCT05556512,unverified_no_approved_evidence,not_evaluated_without_approved_identity,,,,[],[],Obtain hospital or regulator evidence connecting the reported name to a filing; reference labels alone are insufficient,deterministic reconciliation of source-reviewed assertions; not a new manual source review
848,The People's Hospital of Guangxi Zhuang Autonomous Region,,Nanning,18,https://clinicaltrials.gov/study/NCT02132143,unverified_reference_only,not_evaluated_without_approved_identity,,,,[],"[{""hospital_id"": ""cnha-cfdi-178e4af7c0a80333007a1e99b7a2da53"", ""official_name"": ""广西壮族自治区人民医院"", ""candidate_alias"": ""The People's Hospital of Guangxi Zhuang Autonomous Region"", ""source_url"": ""https://ror.org/02aa8kj12"", ""status"": ""review_required"", ""reason"": ""Reference-only name; not approved for resolution""}]",Obtain hospital or regulator evidence connecting the reported name to a filing; reference labels alone are insufficient,deterministic reconciliation of source-reviewed assertions; not a new manual source review
849,The Second Affiliated Hospital of Dalian Medical University,,Dalian,18,https://clinicaltrials.gov/study/NCT00805194,unverified_no_approved_evidence,not_evaluated_without_approved_identity,,,,[],[],Obtain hospital or regulator evidence connecting the reported name to a filing; reference labels alone are insufficient,deterministic reconciliation of source-reviewed assertions; not a new manual source review
850,The Second Affiliated Hospital of Guangxi Medical University,Guangxi,Nanning,18,https://clinicaltrials.gov/study/NCT04830644,unverified_no_approved_evidence,not_evaluated_without_approved_identity,,,,[],[],Obtain hospital or regulator evidence connecting the reported name to a filing; reference labels alone are insufficient,deterministic reconciliation of source-reviewed assertions; not a new manual source review
851,The Second Affiliated Hospital of Guilin Medical University,Guangxi,Guilin,18,https://clinicaltrials.gov/study/NCT04152499,unverified_no_approved_evidence,not_evaluated_without_approved_identity,,,,[],[],Obtain hospital or regulator evidence connecting the reported name to a filing; reference labels alone are insufficient,deterministic reconciliation of source-reviewed assertions; not a new manual source review
852,The Second Affiliated Hospital to Nanchang University,,Nanchang,18,https://clinicaltrials.gov/study/NCT01287741,unverified_no_approved_evidence,not_evaluated_without_approved_identity,,,,[],[],Obtain hospital or regulator evidence connecting the reported name to a filing; reference labels alone are insufficient,deterministic reconciliation of source-reviewed assertions; not a new manual source review
853,"The Second Xiangya Hospital, Central South University",Hunan,Changsha,18,https://clinicaltrials.gov/study/NCT01040780,unverified_no_approved_evidence,not_evaluated_without_approved_identity,,,,[],[],Obtain hospital or regulator evidence connecting the reported name to a filing; reference labels alone are insufficient,deterministic reconciliation of source-reviewed assertions; not a new manual source review
854,Tianjin Chest Hospital,,Tianjin,18,https://clinicaltrials.gov/study/NCT03169335,unverified_reference_only,not_evaluated_without_approved_identity,,,,[],"[{""hospital_id"": ""cnha-cfdi-f3c097fec0a803334a989b63c800827f"", ""official_name"": ""天津市胸科医院"", ""candidate_alias"": ""Tianjin Chest Hospital"", ""source_url"": ""https://ror.org/05r9v1368"", ""status"": ""review_required"", ""reason"": ""Reference-only name; not approved for resolution""}]",Obtain hospital or regulator evidence connecting the reported name to a filing; reference labels alone are insufficient,deterministic reconciliation of source-reviewed assertions; not a new manual source review
855,"Tongji Hospital, Tongji Medical College of HUST",,Wuhan,18,https://clinicaltrials.gov/study/NCT03217812,unverified_no_approved_evidence,not_evaluated_without_approved_identity,,,,[],[],Obtain hospital or regulator evidence connecting the reported name to a filing; reference labels alone are insufficient,deterministic reconciliation of source-reviewed assertions; not a new manual source review
856,Wuhan Union Hospital of China,Hubei,Wuhan,18,https://clinicaltrials.gov/study/NCT00786136,unverified_no_approved_evidence,not_evaluated_without_approved_identity,,,,[],[],Obtain hospital or regulator evidence connecting the reported name to a filing; reference labels alone are insufficient,deterministic reconciliation of source-reviewed assertions; not a new manual source review
857,Xuanwu Hospital of Capital Medical University,Beijing Municipality,Beijing,18,https://clinicaltrials.gov/study/NCT01978730,unverified_no_approved_evidence,not_evaluated_without_approved_identity,,,,[],[],Obtain hospital or regulator evidence connecting the reported name to a filing; reference labels alone are insufficient,deterministic reconciliation of source-reviewed assertions; not a new manual source review
858,Zaozhuang Municipal Hospital,Shandong,Zaozhuang,18,https://clinicaltrials.gov/study/NCT02231125,unverified_reference_only,not_evaluated_without_approved_identity,,,,[],"[{""hospital_id"": ""cnha-cfdi-0cf24949c0a803332821abbd34763079"", ""official_name"": ""枣庄市立医院"", ""candidate_alias"": ""Zaozhuang Municipal Hospital"", ""source_url"": ""https://ror.org/01nvdh647"", ""status"": ""review_required"", ""reason"": ""Reference-only name; not approved for resolution""}]",Obtain hospital or regulator evidence connecting the reported name to a filing; reference labels alone are insufficient,deterministic reconciliation of source-reviewed assertions; not a new manual source review
859,Zhuhai People's Hospital,Guangdong,Zhuhai,18,https://clinicaltrials.gov/study/NCT02867267,unverified_reference_only,not_evaluated_without_approved_identity,,,,[],"[{""hospital_id"": ""cnha-cfdi-b0e294e2c0a8033365254668ebd20dbc"", ""official_name"": ""珠海市人民医院"", ""candidate_alias"": ""Zhuhai People's Hospital"", ""source_url"": ""https://ror.org/01k1x3b35"", ""status"": ""review_required"", ""reason"": ""Reference-only name; not approved for resolution""}]",Obtain hospital or regulator evidence connecting the reported name to a filing; reference labels alone are insufficient,deterministic reconciliation of source-reviewed assertions; not a new manual source review
860,Affiliated Cancer Hospital of Shandong First Medical University,Shandong,Jinan,17,https://clinicaltrials.gov/study/NCT04685226,unverified_no_approved_evidence,not_evaluated_without_approved_identity,,,,[],[],Obtain hospital or regulator evidence connecting the reported name to a filing; reference labels alone are insufficient,deterministic reconciliation of source-reviewed assertions; not a new manual source review
861,Affiliated Hospital of Qinghai University,Qinghai,Xining,17,https://clinicaltrials.gov/study/NCT02660411,unverified_no_approved_evidence,not_evaluated_without_approved_identity,,,,[],[],Obtain hospital or regulator evidence connecting the reported name to a filing; reference labels alone are insufficient,deterministic reconciliation of source-reviewed assertions; not a new manual source review
862,Anyang People's Hospital,Henan,Anyang,17,https://clinicaltrials.gov/study/NCT04078737,unverified_no_approved_evidence,not_evaluated_without_approved_identity,,,,[],[],Obtain hospital or regulator evidence connecting the reported name to a filing; reference labels alone are insufficient,deterministic reconciliation of source-reviewed assertions; not a new manual source review
863,Beijing Chest Hospital,,Beijing,17,https://clinicaltrials.gov/study/NCT00685360,unverified_no_approved_evidence,not_evaluated_without_approved_identity,,,,[],[],Obtain hospital or regulator evidence connecting the reported name to a filing; reference labels alone are insufficient,deterministic reconciliation of source-reviewed assertions; not a new manual source review
864,Beijing GoBroad Hospital,,Beijing,17,https://clinicaltrials.gov/study/NCT05718895,unverified_no_approved_evidence,not_evaluated_without_approved_identity,,,,[],[],Obtain hospital or regulator evidence connecting the reported name to a filing; reference labels alone are insufficient,deterministic reconciliation of source-reviewed assertions; not a new manual source review
865,"Beijing Tiantan Hospital, Beijing, Beijing 100070",,Beijing,17,https://clinicaltrials.gov/study/NCT07157852,unverified_no_approved_evidence,not_evaluated_without_approved_identity,,,,[],[],Obtain hospital or regulator evidence connecting the reported name to a filing; reference labels alone are insufficient,deterministic reconciliation of source-reviewed assertions; not a new manual source review
866,Cancer Hospital of Guizhou Medical University,Guizhou,Guiyang,17,https://clinicaltrials.gov/study/NCT02937519,unverified_no_approved_evidence,not_evaluated_without_approved_identity,,,,[],[],Obtain hospital or regulator evidence connecting the reported name to a filing; reference labels alone are insufficient,deterministic reconciliation of source-reviewed assertions; not a new manual source review
867,"Cancer Institute & Hospital, Chinese Academy of Medical Sciences",Beijing Municipality,Beijing,17,https://clinicaltrials.gov/study/NCT00985998,unverified_no_approved_evidence,not_evaluated_without_approved_identity,,,,[],[],Obtain hospital or regulator evidence connecting the reported name to a filing; reference labels alone are insufficient,deterministic reconciliation of source-reviewed assertions; not a new manual source review
868,Changzheng Hospital,Shanghai Municipality,Shanghai,17,https://clinicaltrials.gov/study/NCT00749463,unverified_no_approved_evidence,not_evaluated_without_approved_identity,,,,[],[],Obtain hospital or regulator evidence connecting the reported name to a filing; reference labels alone are insufficient,deterministic reconciliation of source-reviewed assertions; not a new manual source review
869,Chinese People's Liberation Army General Hospital,Beijing Municipality,Beijing,17,https://clinicaltrials.gov/study/NCT00445458,unverified_no_approved_evidence,not_evaluated_without_approved_identity,,,,[],[],Obtain hospital or regulator evidence connecting the reported name to a filing; reference labels alone are insufficient,deterministic reconciliation of source-reviewed assertions; not a new manual source review
870,Chongqing Traditional Chinese Medicine Hospital,Chongqing Municipality,Chongqing,17,https://clinicaltrials.gov/study/NCT02306421,unverified_no_approved_evidence,not_evaluated_without_approved_identity,,,,[],[],Obtain hospital or regulator evidence connecting the reported name to a filing; reference labels alone are insufficient,deterministic reconciliation of source-reviewed assertions; not a new manual source review
871,"Department of Medical Oncology, Sun Yat-sen University Cancer Center,",Guangdong,Guangzhou,17,https://clinicaltrials.gov/study/NCT01921790,unverified_no_approved_evidence,not_evaluated_without_approved_identity,,,,[],[],Obtain hospital or regulator evidence connecting the reported name to a filing; reference labels alone are insufficient,deterministic reconciliation of source-reviewed assertions; not a new manual source review
872,District One Hospital,Beijing Municipality,Beijing,17,https://clinicaltrials.gov/study/NCT06213636,unverified_no_approved_evidence,not_evaluated_without_approved_identity,,,,[],[],Obtain hospital or regulator evidence connecting the reported name to a filing; reference labels alone are insufficient,deterministic reconciliation of source-reviewed assertions; not a new manual source review
873,Eastern Hepatobiliary Surgery Hospital,,Shanghai,17,https://clinicaltrials.gov/study/NCT00834158,unverified_no_approved_evidence,not_evaluated_without_approved_identity,,,,[],[],Obtain hospital or regulator evidence connecting the reported name to a filing; reference labels alone are insufficient,deterministic reconciliation of source-reviewed assertions; not a new manual source review
874,Fuzhou General Hospital,Fujian,Fuzhou,17,https://clinicaltrials.gov/study/NCT00646724,unverified_no_approved_evidence,not_evaluated_without_approved_identity,,,,[],[],Obtain hospital or regulator evidence connecting the reported name to a filing; reference labels alone are insufficient,deterministic reconciliation of source-reviewed assertions; not a new manual source review
875,"Gastrointestinal Hospital, Sun Yat-sen University",Guangdong,Guangzhou,17,https://clinicaltrials.gov/study/NCT01211210,unverified_no_approved_evidence,not_evaluated_without_approved_identity,,,,[],[],Obtain hospital or regulator evidence connecting the reported name to a filing; reference labels alone are insufficient,deterministic reconciliation of source-reviewed assertions; not a new manual source review
876,Guizhou Provincial People's Hospital,,Guiyang,17,https://clinicaltrials.gov/study/NCT02568722,unverified_reference_only,not_evaluated_without_approved_identity,,,,[],"[{""hospital_id"": ""cnha-cfdi-443b6fddc0a803334e068a5722e251fc"", ""official_name"": ""贵州省人民医院"", ""candidate_alias"": ""Guizhou Provincial People's Hospital"", ""source_url"": ""https://ror.org/046q1bp69"", ""status"": ""review_required"", ""reason"": ""Reference-only name; not approved for resolution""}]",Obtain hospital or regulator evidence connecting the reported name to a filing; reference labels alone are insufficient,deterministic reconciliation of source-reviewed assertions; not a new manual source review
877,Huashan Hospital of Fudan University,Shanghai Municipality,Shanghai,17,https://clinicaltrials.gov/study/NCT02652806,unverified_no_approved_evidence,not_evaluated_without_approved_identity,,,,[],[],Obtain hospital or regulator evidence connecting the reported name to a filing; reference labels alone are insufficient,deterministic reconciliation of source-reviewed assertions; not a new manual source review
878,Linfen People's Hospital,Shanxi,Linfen,17,https://clinicaltrials.gov/study/NCT04797013,unverified_no_approved_evidence,not_evaluated_without_approved_identity,,,,[],[],Obtain hospital or regulator evidence connecting the reported name to a filing; reference labels alone are insufficient,deterministic reconciliation of source-reviewed assertions; not a new manual source review
879,Lishui People's Hospital,Zhejiang,Lishui,17,https://clinicaltrials.gov/study/NCT02430350,unverified_no_approved_evidence,not_evaluated_without_approved_identity,,,,[],[],Obtain hospital or regulator evidence connecting the reported name to a filing; reference labels alone are insufficient,deterministic reconciliation of source-reviewed assertions; not a new manual source review
880,Maoming People's Hospital,Guangdong,Maoming,17,https://clinicaltrials.gov/study/NCT02441556,unverified_no_approved_evidence,not_evaluated_without_approved_identity,,,,[],[],Obtain hospital or regulator evidence connecting the reported name to a filing; reference labels alone are insufficient,deterministic reconciliation of source-reviewed assertions; not a new manual source review
881,Nanjing Children's Hospital,Jiangsu,Nanjing,17,https://clinicaltrials.gov/study/NCT02314273,unverified_reference_only,not_evaluated_without_approved_identity,,,,[],"[{""hospital_id"": ""cnha-cfdi-3a82f5aec0a80333558d48cdf85b8d1e"", ""official_name"": ""南京市儿童医院"", ""candidate_alias"": ""Nanjing Children's Hospital"", ""source_url"": ""https://ror.org/000xvke80"", ""status"": ""review_required"", ""reason"": ""Reference-only name; not approved for resolution""}]",Obtain hospital or regulator evidence connecting the reported name to a filing; reference labels alone are insufficient,deterministic reconciliation of source-reviewed assertions; not a new manual source review
882,Peking University Cancer Hospital & Institute,,Beijing,17,https://clinicaltrials.gov/study/NCT03575637,unverified_no_approved_evidence,not_evaluated_without_approved_identity,,,,[],[],Obtain hospital or regulator evidence connecting the reported name to a filing; reference labels alone are insufficient,deterministic reconciliation of source-reviewed assertions; not a new manual source review
883,Second Affiliated Hospital of Zhejiang University School of Medicine,,Hangzhou,17,https://clinicaltrials.gov/study/NCT04213196,unverified_no_approved_evidence,not_evaluated_without_approved_identity,,,,[],[],Obtain hospital or regulator evidence connecting the reported name to a filing; reference labels alone are insufficient,deterministic reconciliation of source-reviewed assertions; not a new manual source review
884,Shanghai Dermatology Hospital,Shanghai Municipality,Shanghai,17,https://clinicaltrials.gov/study/NCT03942185,unverified_no_approved_evidence,not_evaluated_without_approved_identity,,,,[],[],Obtain hospital or regulator evidence connecting the reported name to a filing; reference labels alone are insufficient,deterministic reconciliation of source-reviewed assertions; not a new manual source review
885,Shantou Central Hospital,Guangdong,Shantou,17,https://clinicaltrials.gov/study/NCT03494920,unverified_reference_only,not_evaluated_without_approved_identity,,,,[],"[{""hospital_id"": ""cnha-cfdi-473fe7d4c0a80333369e1812752d6f58"", ""official_name"": ""汕头市中心医院"", ""candidate_alias"": ""Shantou Central Hospital"", ""source_url"": ""https://ror.org/04jmrra88"", ""status"": ""review_required"", ""reason"": ""Reference-only name; not approved for resolution""}]",Obtain hospital or regulator evidence connecting the reported name to a filing; reference labels alone are insufficient,deterministic reconciliation of source-reviewed assertions; not a new manual source review
886,Shenzhen Second People's Hospital,,Shenzhen,17,https://clinicaltrials.gov/study/NCT03589378,unverified_no_approved_evidence,not_evaluated_without_approved_identity,,,,[],[],Obtain hospital or regulator evidence connecting the reported name to a filing; reference labels alone are insufficient,deterministic reconciliation of source-reviewed assertions; not a new manual source review
887,Sichuan Cancer Hospital & Institute,Sichuan,Chengdu,17,https://clinicaltrials.gov/study/NCT02076477,unverified_no_approved_evidence,not_evaluated_without_approved_identity,,,,[],[],Obtain hospital or regulator evidence connecting the reported name to a filing; reference labels alone are insufficient,deterministic reconciliation of source-reviewed assertions; not a new manual source review
888,The Fifth Affiliated Hospital of Guangzhou Medical University,Guangdong,Guangzhou,17,https://clinicaltrials.gov/study/NCT03007160,unverified_no_approved_evidence,not_evaluated_without_approved_identity,,,,[],[],Obtain hospital or regulator evidence connecting the reported name to a filing; reference labels alone are insufficient,deterministic reconciliation of source-reviewed assertions; not a new manual source review
889,The First People's Hospital of Yunnan Province,,Kunming,17,https://clinicaltrials.gov/study/NCT03519945,unverified_no_approved_evidence,not_evaluated_without_approved_identity,,,,[],[],Obtain hospital or regulator evidence connecting the reported name to a filing; reference labels alone are insufficient,deterministic reconciliation of source-reviewed assertions; not a new manual source review
890,The Fourth Affiliated Hospital of China Medical University,Liaoning,Shenyang,17,https://clinicaltrials.gov/study/NCT00786136,unverified_no_approved_evidence,not_evaluated_without_approved_identity,,,,[],[],Obtain hospital or regulator evidence connecting the reported name to a filing; reference labels alone are insufficient,deterministic reconciliation of source-reviewed assertions; not a new manual source review
891,The Second Affiliated Hospital of Henan University of Science and Technology,Henan,Luoyang,17,https://clinicaltrials.gov/study/NCT04078737,unverified_no_approved_evidence,not_evaluated_without_approved_identity,,,,[],[],Obtain hospital or regulator evidence connecting the reported name to a filing; reference labels alone are insufficient,deterministic reconciliation of source-reviewed assertions; not a new manual source review
892,The Second Affiliated Hospital of Wannan Medical College,Anhui,Wuhu,17,https://clinicaltrials.gov/study/NCT06192264,unverified_no_approved_evidence,not_evaluated_without_approved_identity,,,,[],[],Obtain hospital or regulator evidence connecting the reported name to a filing; reference labels alone are insufficient,deterministic reconciliation of source-reviewed assertions; not a new manual source review
893,The Second Hospital of Dalian Medical University,,Dalian,17,https://clinicaltrials.gov/study/NCT02112656,unverified_no_approved_evidence,not_evaluated_without_approved_identity,,,,[],[],Obtain hospital or regulator evidence connecting the reported name to a filing; reference labels alone are insufficient,deterministic reconciliation of source-reviewed assertions; not a new manual source review
894,The Third People's Hospital of Chengdu,Sichuan,Chengdu,17,https://clinicaltrials.gov/study/NCT01437514,unverified_no_approved_evidence,not_evaluated_without_approved_identity,,,,[],[],Obtain hospital or regulator evidence connecting the reported name to a filing; reference labels alone are insufficient,deterministic reconciliation of source-reviewed assertions; not a new manual source review
895,Tianjin Medical University Second Hospital,Tianjin Municipality,Tianjin,17,https://clinicaltrials.gov/study/NCT03786848,unverified_no_approved_evidence,not_evaluated_without_approved_identity,,,,[],[],Obtain hospital or regulator evidence connecting the reported name to a filing; reference labels alone are insufficient,deterministic reconciliation of source-reviewed assertions; not a new manual source review
896,Tianjin Third Central Hospital,,Tianjin,17,https://clinicaltrials.gov/study/NCT01140997,unverified_reference_only,not_evaluated_without_approved_identity,,,,[],"[{""hospital_id"": ""cnha-cfdi-207c0e3cc0a80333422f4492f05bd844"", ""official_name"": ""天津市第三中心医院"", ""candidate_alias"": ""Tianjin Third Central Hospital"", ""source_url"": ""https://ror.org/00911j719"", ""status"": ""review_required"", ""reason"": ""Reference-only name; not approved for resolution""}]",Obtain hospital or regulator evidence connecting the reported name to a filing; reference labels alone are insufficient,deterministic reconciliation of source-reviewed assertions; not a new manual source review
897,Union Hospital Tongji Medical College of Huazhong University of Science and Technology,,Wuhan,17,https://clinicaltrials.gov/study/NCT03617016,unverified_no_approved_evidence,not_evaluated_without_approved_identity,,,,[],[],Obtain hospital or regulator evidence connecting the reported name to a filing; reference labels alone are insufficient,deterministic reconciliation of source-reviewed assertions; not a new manual source review
898,Weifang People's Hospital,,Weifang,17,https://clinicaltrials.gov/study/NCT02584478,unverified_reference_only,not_evaluated_without_approved_identity,,,,[],"[{""hospital_id"": ""cnha-cfdi-0b707dd0c0a8033311cd017b78273291"", ""official_name"": ""潍坊市人民医院"", ""candidate_alias"": ""Weifang People's Hospital"", ""source_url"": ""https://ror.org/01xd2tj29"", ""status"": ""review_required"", ""reason"": ""Reference-only name; not approved for resolution""}]",Obtain hospital or regulator evidence connecting the reported name to a filing; reference labels alone are insufficient,deterministic reconciliation of source-reviewed assertions; not a new manual source review
899,Xianyang Hospital of Yan'an University,,Xianyang,17,https://clinicaltrials.gov/study/NCT04915729,unverified_no_approved_evidence,not_evaluated_without_approved_identity,,,,[],[],Obtain hospital or regulator evidence connecting the reported name to a filing; reference labels alone are insufficient,deterministic reconciliation of source-reviewed assertions; not a new manual source review
900,"Xinhua Hospital, Shanghai Jiao Tong University School of Medicine",,Shanghai,17,https://clinicaltrials.gov/study/NCT02099721,unverified_no_approved_evidence,not_evaluated_without_approved_identity,,,,[],[],Obtain hospital or regulator evidence connecting the reported name to a filing; reference labels alone are insufficient,deterministic reconciliation of source-reviewed assertions; not a new manual source review
901,Zhongshan Hospital Xiamen University,,Xiamen,17,https://clinicaltrials.gov/study/NCT03466411,unverified_no_approved_evidence,not_evaluated_without_approved_identity,,,,[],[],Obtain hospital or regulator evidence connecting the reported name to a filing; reference labels alone are insufficient,deterministic reconciliation of source-reviewed assertions; not a new manual source review
902,Zhujiang Hospital,,Guangzhou,17,https://clinicaltrials.gov/study/NCT05034029,unverified_no_approved_evidence,not_evaluated_without_approved_identity,,,,[],[],Obtain hospital or regulator evidence connecting the reported name to a filing; reference labels alone are insufficient,deterministic reconciliation of source-reviewed assertions; not a new manual source review
903,920th Hospital of Joint Logistics Support Force of People's Liberation Army of China,Yunnan,Kunming,16,https://clinicaltrials.gov/study/NCT04860817,unverified_no_approved_evidence,not_evaluated_without_approved_identity,,,,[],[],Obtain hospital or regulator evidence connecting the reported name to a filing; reference labels alone are insufficient,deterministic reconciliation of source-reviewed assertions; not a new manual source review
904,Affiliated Hospital of Yangzhou University,Jiangsu,Yangzhou,16,https://clinicaltrials.gov/study/NCT04078737,unverified_no_approved_evidence,not_evaluated_without_approved_identity,,,,[],[],Obtain hospital or regulator evidence connecting the reported name to a filing; reference labels alone are insufficient,deterministic reconciliation of source-reviewed assertions; not a new manual source review
905,Cancer Hospital Chinese Academy of Medical Science,,Beijing,16,https://clinicaltrials.gov/study/NCT03349203,unverified_no_approved_evidence,not_evaluated_without_approved_identity,,,,[],[],Obtain hospital or regulator evidence connecting the reported name to a filing; reference labels alone are insufficient,deterministic reconciliation of source-reviewed assertions; not a new manual source review
906,"Cancer Hospital, Chinese Academy of Medical Sciences and Peking Union Medical College",Beijing Municipality,Beijing,16,https://clinicaltrials.gov/study/NCT03944499,unverified_no_approved_evidence,not_evaluated_without_approved_identity,,,,[],[],Obtain hospital or regulator evidence connecting the reported name to a filing; reference labels alone are insufficient,deterministic reconciliation of source-reviewed assertions; not a new manual source review
907,Central laboratory in Fuda cancer hospital,Guangdong,Guangzhou,16,https://clinicaltrials.gov/study/NCT02447263,unverified_no_approved_evidence,not_evaluated_without_approved_identity,,,,[],[],Obtain hospital or regulator evidence connecting the reported name to a filing; reference labels alone are insufficient,deterministic reconciliation of source-reviewed assertions; not a new manual source review
908,Changzhou Second People's Hospital,,Changzhou,16,https://clinicaltrials.gov/study/NCT03635749,unverified_no_approved_evidence,not_evaluated_without_approved_identity,,,,[],[],Obtain hospital or regulator evidence connecting the reported name to a filing; reference labels alone are insufficient,deterministic reconciliation of source-reviewed assertions; not a new manual source review
909,Chifeng Municipal Hospital,Inner Mongolia,Chifeng,16,https://clinicaltrials.gov/study/NCT00829660,unverified_reference_only,not_evaluated_without_approved_identity,,,,[],"[{""hospital_id"": ""cnha-cfdi-5688a594c0a8033332d74ef231918790"", ""official_name"": ""赤峰市医院"", ""candidate_alias"": ""Chifeng Municipal Hospital"", ""source_url"": ""https://ror.org/02j136k79"", ""status"": ""review_required"", ""reason"": ""Reference-only name; not approved for resolution""}]",Obtain hospital or regulator evidence connecting the reported name to a filing; reference labels alone are insufficient,deterministic reconciliation of source-reviewed assertions; not a new manual source review
910,Children's Hospital of Chongqing Medical University,,Chongqing,16,https://clinicaltrials.gov/study/NCT02336178,unverified_no_approved_evidence,not_evaluated_without_approved_identity,,,,[],[],Obtain hospital or regulator evidence connecting the reported name to a filing; reference labels alone are insufficient,deterministic reconciliation of source-reviewed assertions; not a new manual source review
911,Children's Hospital of Shanghai,,Shanghai,16,https://clinicaltrials.gov/study/NCT02932410,unverified_no_approved_evidence,not_evaluated_without_approved_identity,,,,[],[],Obtain hospital or regulator evidence connecting the reported name to a filing; reference labels alone are insufficient,deterministic reconciliation of source-reviewed assertions; not a new manual source review
912,Chongqing General Hospital,Chongqing Municipality,Chongqing,16,https://clinicaltrials.gov/study/NCT03926130,unverified_no_approved_evidence,not_evaluated_without_approved_identity,,,,[],[],Obtain hospital or regulator evidence connecting the reported name to a filing; reference labels alone are insufficient,deterministic reconciliation of source-reviewed assertions; not a new manual source review
913,Dalian Municipal Central Hospital,Liaoning,Dalian,16,https://clinicaltrials.gov/study/NCT03110172,unverified_reference_only,not_evaluated_without_approved_identity,,,,[],"[{""hospital_id"": ""cnha-cfdi-41bce0e2c0a8033315f29b2a61cee434"", ""official_name"": ""大连理工大学附属中心医院（大连市中心医院）"", ""candidate_alias"": ""Dalian Municipal Central Hospital"", ""source_url"": ""https://ror.org/01n6v0a11"", ""status"": ""review_required"", ""reason"": ""Reference-only name; not approved for resolution""}]",Obtain hospital or regulator evidence connecting the reported name to a filing; reference labels alone are insufficient,deterministic reconciliation of source-reviewed assertions; not a new manual source review
914,Daqing People's Hospital,Heilongjiang,Daqing,16,https://clinicaltrials.gov/study/NCT02135835,unverified_no_approved_evidence,not_evaluated_without_approved_identity,,,,[],[],Obtain hospital or regulator evidence connecting the reported name to a filing; reference labels alone are insufficient,deterministic reconciliation of source-reviewed assertions; not a new manual source review
915,"Department of Rheumatology and Immunology, Peking University People's Hospital",Beijing Municipality,Beijing,16,https://clinicaltrials.gov/study/NCT02084238,unverified_no_approved_evidence,not_evaluated_without_approved_identity,,,,[],[],Obtain hospital or regulator evidence connecting the reported name to a filing; reference labels alone are insufficient,deterministic reconciliation of source-reviewed assertions; not a new manual source review
916,Dongyang People's Hospital,Zhejiang,Dongyang,16,https://clinicaltrials.gov/study/NCT04578613,unverified_no_approved_evidence,not_evaluated_without_approved_identity,,,,[],[],Obtain hospital or regulator evidence connecting the reported name to a filing; reference labels alone are insufficient,deterministic reconciliation of source-reviewed assertions; not a new manual source review
917,First Affiliated Hospital of Dalian Medical University,Liaoning,Dalian,16,https://clinicaltrials.gov/study/NCT00911508,unverified_reference_only,not_evaluated_without_approved_identity,,,,[],"[{""hospital_id"": ""cnha-cfdi-4a7f74e8c0a8033314a7aadf1c8aa2b7"", ""official_name"": ""大连医科大学附属第一医院"", ""candidate_alias"": ""First Affiliated Hospital of Dalian Medical University"", ""source_url"": ""https://ror.org/055w74b96"", ""status"": ""review_required"", ""reason"": ""Reference-only name; not approved for resolution""}]",Obtain hospital or regulator evidence connecting the reported name to a filing; reference labels alone are insufficient,deterministic reconciliation of source-reviewed assertions; not a new manual source review
918,"First Affiliated Hospital, Soochow University",Jiangsu,Suzhou,16,https://clinicaltrials.gov/study/NCT01809392,unverified_no_approved_evidence,not_evaluated_without_approved_identity,,,,[],[],Obtain hospital or regulator evidence connecting the reported name to a filing; reference labels alone are insufficient,deterministic reconciliation of source-reviewed assertions; not a new manual source review
919,First Teaching Hospital of Tianjin University of Traditional Chinese Medicine,Tianjin Municipality,Tianjin,16,https://clinicaltrials.gov/study/NCT01555320,unverified_no_approved_evidence,not_evaluated_without_approved_identity,,,,[],[],Obtain hospital or regulator evidence connecting the reported name to a filing; reference labels alone are insufficient,deterministic reconciliation of source-reviewed assertions; not a new manual source review
920,"First affiliated hospital, Zhejiang University",Zhejiang,Hangzhou,16,https://clinicaltrials.gov/study/NCT02131493,unverified_no_approved_evidence,not_evaluated_without_approved_identity,,,,[],[],Obtain hospital or regulator evidence connecting the reported name to a filing; reference labels alone are insufficient,deterministic reconciliation of source-reviewed assertions; not a new manual source review
921,Fudan University Cancer Center,Shanghai Municipality,Shanghai,16,https://clinicaltrials.gov/study/NCT01047111,unverified_no_approved_evidence,not_evaluated_without_approved_identity,,,,[],[],Obtain hospital or regulator evidence connecting the reported name to a filing; reference labels alone are insufficient,deterministic reconciliation of source-reviewed assertions; not a new manual source review
922,General Hospital of Shenyang Military Region,Liaoning,Shenyang,16,https://clinicaltrials.gov/study/NCT02203253,unverified_no_approved_evidence,not_evaluated_without_approved_identity,,,,[],[],Obtain hospital or regulator evidence connecting the reported name to a filing; reference labels alone are insufficient,deterministic reconciliation of source-reviewed assertions; not a new manual source review
923,Guang'anmen Hospital,Beijing Municipality,Beijing,16,https://clinicaltrials.gov/study/NCT01558154,unverified_no_approved_evidence,not_evaluated_without_approved_identity,,,,[],[],Obtain hospital or regulator evidence connecting the reported name to a filing; reference labels alone are insufficient,deterministic reconciliation of source-reviewed assertions; not a new manual source review
924,Harrison International Peace Hospital,Hebei,Hengshui,16,https://clinicaltrials.gov/study/NCT02121717,unverified_reference_only,not_evaluated_without_approved_identity,,,,[],"[{""hospital_id"": ""cnha-cfdi-645d8541c0a8033356127b1b254f2668"", ""official_name"": ""衡水市人民医院（哈励逊国际和平医院）"", ""candidate_alias"": ""Harrison International Peace Hospital"", ""source_url"": ""https://ror.org/03kgydk02"", ""status"": ""review_required"", ""reason"": ""Reference-only name; not approved for resolution""}]",Obtain hospital or regulator evidence connecting the reported name to a filing; reference labels alone are insufficient,deterministic reconciliation of source-reviewed assertions; not a new manual source review
925,Hematology Hospital of Chinese Academy of Medical Sciences,Tianjin Municipality,Tianjin,16,https://clinicaltrials.gov/study/NCT03757000,unverified_no_approved_evidence,not_evaluated_without_approved_identity,,,,[],[],Obtain hospital or regulator evidence connecting the reported name to a filing; reference labels alone are insufficient,deterministic reconciliation of source-reviewed assertions; not a new manual source review
926,Huizhou Municipal Central Hospital,,Huizhou,16,https://clinicaltrials.gov/study/NCT04384484,unverified_no_approved_evidence,not_evaluated_without_approved_identity,,,,[],[],Obtain hospital or regulator evidence connecting the reported name to a filing; reference labels alone are insufficient,deterministic reconciliation of source-reviewed assertions; not a new manual source review
927,Liuzhou People's Hospital,,Liuzhou,16,https://clinicaltrials.gov/study/NCT04892173,unverified_no_approved_evidence,not_evaluated_without_approved_identity,,,,[],[],Obtain hospital or regulator evidence connecting the reported name to a filing; reference labels alone are insufficient,deterministic reconciliation of source-reviewed assertions; not a new manual source review
928,Nantong Tumor Hospital,,Nantong,16,https://clinicaltrials.gov/study/NCT03635489,unverified_reference_only,not_evaluated_without_approved_identity,,,,[],"[{""hospital_id"": ""cnha-cfdi-b797ac6ec0a8033377b0e5412a0d24da"", ""official_name"": ""南通市肿瘤医院"", ""candidate_alias"": ""Nantong Tumor Hospital"", ""source_url"": ""https://ror.org/01egmr022"", ""status"": ""review_required"", ""reason"": ""Reference-only name; not approved for resolution""}]",Obtain hospital or regulator evidence connecting the reported name to a filing; reference labels alone are insufficient,deterministic reconciliation of source-reviewed assertions; not a new manual source review
929,Oncology Department of The First Affiliated Hospital of Zhengzhou University,Henan,Zhengzhou,16,https://clinicaltrials.gov/study/NCT01501136,unverified_no_approved_evidence,not_evaluated_without_approved_identity,,,,[],[],Obtain hospital or regulator evidence connecting the reported name to a filing; reference labels alone are insufficient,deterministic reconciliation of source-reviewed assertions; not a new manual source review
930,Peking University Shougang Hospital,,Beijing,16,https://clinicaltrials.gov/study/NCT03359018,unverified_reference_only,not_evaluated_without_approved_identity,,,,[],"[{""hospital_id"": ""cnha-cfdi-1e4d48ddc0a803331fd38588d727499e"", ""official_name"": ""北京大学首钢医院"", ""candidate_alias"": ""Peking University Shougang Hospital"", ""source_url"": ""https://ror.org/040rwep31"", ""status"": ""review_required"", ""reason"": ""Reference-only name; not approved for resolution""}]",Obtain hospital or regulator evidence connecting the reported name to a filing; reference labels alone are insufficient,deterministic reconciliation of source-reviewed assertions; not a new manual source review
931,Peking University Sixth Hospital,,Beijing,16,https://clinicaltrials.gov/study/NCT03230097,unverified_reference_only,not_evaluated_without_approved_identity,,,,[],"[{""hospital_id"": ""cnha-cfdi-90e8bfbcc0a8033311829d2674af920d"", ""official_name"": ""北京大学第六医院"", ""candidate_alias"": ""Peking University Sixth Hospital"", ""source_url"": ""https://ror.org/05rzcwg85"", ""status"": ""review_required"", ""reason"": ""Reference-only name; not approved for resolution""}]",Obtain hospital or regulator evidence connecting the reported name to a filing; reference labels alone are insufficient,deterministic reconciliation of source-reviewed assertions; not a new manual source review
932,People's Hospital of Hunan Province,Hunan,Changsha,16,https://clinicaltrials.gov/study/NCT01541202,unverified_no_approved_evidence,not_evaluated_without_approved_identity,,,,[],[],Obtain hospital or regulator evidence connecting the reported name to a filing; reference labels alone are insufficient,deterministic reconciliation of source-reviewed assertions; not a new manual source review
933,Quanzhou First Hospital,Fujian,Quanzhou,16,https://clinicaltrials.gov/study/NCT01735656,unverified_no_approved_evidence,not_evaluated_without_approved_identity,,,,[],[],Obtain hospital or regulator evidence connecting the reported name to a filing; reference labels alone are insufficient,deterministic reconciliation of source-reviewed assertions; not a new manual source review
934,Second Hospital of Hebei Medical University,Hebei,Shijiazhuang,16,https://clinicaltrials.gov/study/NCT03303066,unverified_no_approved_evidence,not_evaluated_without_approved_identity,,,,[],[],Obtain hospital or regulator evidence connecting the reported name to a filing; reference labels alone are insufficient,deterministic reconciliation of source-reviewed assertions; not a new manual source review
935,Shandong Cancer Hospital & Institute,Shandong,Jinan,16,https://clinicaltrials.gov/study/NCT04704934,unverified_no_approved_evidence,not_evaluated_without_approved_identity,,,,[],[],Obtain hospital or regulator evidence connecting the reported name to a filing; reference labels alone are insufficient,deterministic reconciliation of source-reviewed assertions; not a new manual source review
936,Shanghai Cancer Center,Shanghai Municipality,Shanghai,16,https://clinicaltrials.gov/study/NCT01310478,unverified_no_approved_evidence,not_evaluated_without_approved_identity,,,,[],[],Obtain hospital or regulator evidence connecting the reported name to a filing; reference labels alone are insufficient,deterministic reconciliation of source-reviewed assertions; not a new manual source review
937,Shenzhen Third People's Hospital,Guangdong,Shenzhen,16,https://clinicaltrials.gov/study/NCT03575299,unverified_reference_only,not_evaluated_without_approved_identity,,,,[],"[{""hospital_id"": ""cnha-cfdi-f9ba3bf5c0a80333382b791d42fb79e1"", ""official_name"": ""深圳市第三人民医院"", ""candidate_alias"": ""Shenzhen Third People’s Hospital"", ""source_url"": ""https://ror.org/04xfsbk97"", ""status"": ""review_required"", ""reason"": ""Reference-only name; not approved for resolution""}]",Obtain hospital or regulator evidence connecting the reported name to a filing; reference labels alone are insufficient,deterministic reconciliation of source-reviewed assertions; not a new manual source review
938,Sichuan University West China Hospital,Sichuan,Chengdu,16,https://clinicaltrials.gov/study/NCT01531829,unverified_no_approved_evidence,not_evaluated_without_approved_identity,,,,[],[],Obtain hospital or regulator evidence connecting the reported name to a filing; reference labels alone are insufficient,deterministic reconciliation of source-reviewed assertions; not a new manual source review
939,TEDA International Cardiovascular Hospital,,Tianjin,16,https://clinicaltrials.gov/study/NCT01285999,unverified_reference_only,not_evaluated_without_approved_identity,,,,[],"[{""hospital_id"": ""cnha-cfdi-56aefbecc0a8033339b855884e059fac"", ""official_name"": ""泰达国际心血管病医院"", ""candidate_alias"": ""TEDA International Cardiovascular Hospital"", ""source_url"": ""https://ror.org/0247xav12"", ""status"": ""review_required"", ""reason"": ""Reference-only name; not approved for resolution""}]",Obtain hospital or regulator evidence connecting the reported name to a filing; reference labels alone are insufficient,deterministic reconciliation of source-reviewed assertions; not a new manual source review
940,Tangshan Gongren Hospital,Hebei,Tangshan,16,https://clinicaltrials.gov/study/NCT01471522,unverified_no_approved_evidence,not_evaluated_without_approved_identity,,,,[],[],Obtain hospital or regulator evidence connecting the reported name to a filing; reference labels alone are insufficient,deterministic reconciliation of source-reviewed assertions; not a new manual source review
941,The Affiliated Hospital of Nanjing University Medical School,Jiangsu,Nanjing,16,https://clinicaltrials.gov/study/NCT02489214,unverified_no_approved_evidence,not_evaluated_without_approved_identity,,,,[],[],Obtain hospital or regulator evidence connecting the reported name to a filing; reference labels alone are insufficient,deterministic reconciliation of source-reviewed assertions; not a new manual source review
942,The First Affiliated Hospital of Medical School of Zhejiang University,Zhejiang,Hangzhou,16,https://clinicaltrials.gov/study/NCT01364376,unverified_no_approved_evidence,not_evaluated_without_approved_identity,,,,[],[],Obtain hospital or regulator evidence connecting the reported name to a filing; reference labels alone are insufficient,deterministic reconciliation of source-reviewed assertions; not a new manual source review
943,The First Affiliated Hospital of Nanyang Medical College,,Nanyang,16,https://clinicaltrials.gov/study/NCT04998032,unverified_no_approved_evidence,not_evaluated_without_approved_identity,,,,[],[],Obtain hospital or regulator evidence connecting the reported name to a filing; reference labels alone are insufficient,deterministic reconciliation of source-reviewed assertions; not a new manual source review
944,The First Affiliated Hospital of Wenzhou Medical College,Zhejiang,Wenzhou,16,https://clinicaltrials.gov/study/NCT00565396,unverified_no_approved_evidence,not_evaluated_without_approved_identity,,,,[],[],Obtain hospital or regulator evidence connecting the reported name to a filing; reference labels alone are insufficient,deterministic reconciliation of source-reviewed assertions; not a new manual source review
945,The First Affiliated Hospital of Xinxiang Medical University,,Xinxiang,16,https://clinicaltrials.gov/study/NCT03500380,unverified_no_approved_evidence,not_evaluated_without_approved_identity,,,,[],[],Obtain hospital or regulator evidence connecting the reported name to a filing; reference labels alone are insufficient,deterministic reconciliation of source-reviewed assertions; not a new manual source review
946,The First Affiliated Hospital of Zhejiang University,,Hangzhou,16,https://clinicaltrials.gov/study/NCT01976208,unverified_no_approved_evidence,not_evaluated_without_approved_identity,,,,[],[],Obtain hospital or regulator evidence connecting the reported name to a filing; reference labels alone are insufficient,deterministic reconciliation of source-reviewed assertions; not a new manual source review
947,The Second Affiliated Hospital of Harbin Medical University,,Harbin,16,https://clinicaltrials.gov/study/NCT01918098,unverified_no_approved_evidence,not_evaluated_without_approved_identity,,,,[],[],Obtain hospital or regulator evidence connecting the reported name to a filing; reference labels alone are insufficient,deterministic reconciliation of source-reviewed assertions; not a new manual source review
948,The Second Affiliated Hospital of Wenzhou Medical University,,Wenzhou,16,https://clinicaltrials.gov/study/NCT03709056,unverified_no_approved_evidence,not_evaluated_without_approved_identity,,,,[],[],Obtain hospital or regulator evidence connecting the reported name to a filing; reference labels alone are insufficient,deterministic reconciliation of source-reviewed assertions; not a new manual source review
949,The Second Affiliated Hospital of Zhengzhou University,,Zhengzhou,16,https://clinicaltrials.gov/study/NCT03519945,unverified_no_approved_evidence,not_evaluated_without_approved_identity,,,,[],[],Obtain hospital or regulator evidence connecting the reported name to a filing; reference labels alone are insufficient,deterministic reconciliation of source-reviewed assertions; not a new manual source review
950,The Sixth Affiliated Hospital Sun Yat sen University,,Guangzhou,16,https://clinicaltrials.gov/study/NCT04033445,unverified_no_approved_evidence,not_evaluated_without_approved_identity,,,,[],[],Obtain hospital or regulator evidence connecting the reported name to a filing; reference labels alone are insufficient,deterministic reconciliation of source-reviewed assertions; not a new manual source review
951,Wenzhou People's Hospital,Zhejiang,Wenzhou,16,https://clinicaltrials.gov/study/NCT02455141,unverified_no_approved_evidence,not_evaluated_without_approved_identity,,,,[],[],Obtain hospital or regulator evidence connecting the reported name to a filing; reference labels alone are insufficient,deterministic reconciliation of source-reviewed assertions; not a new manual source review
952,Wuxi No.2 People's Hospital,Jiangsu,Wuxi,16,https://clinicaltrials.gov/study/NCT00829660,unverified_reference_only,not_evaluated_without_approved_identity,,,,[],"[{""hospital_id"": ""cnha-cfdi-b1b916e1c0a803337959d7fcacbd5db1"", ""official_name"": ""无锡市第二人民医院"", ""candidate_alias"": ""Wuxi No.2 People's Hospital"", ""source_url"": ""https://ror.org/0399zkh42"", ""status"": ""review_required"", ""reason"": ""Reference-only name; not approved for resolution""}]",Obtain hospital or regulator evidence connecting the reported name to a filing; reference labels alone are insufficient,deterministic reconciliation of source-reviewed assertions; not a new manual source review
953,Yancheng First People's Hospital,Jiangsu,Yancheng,16,https://clinicaltrials.gov/study/NCT01885078,unverified_reference_only,not_evaluated_without_approved_identity,,,,[],"[{""hospital_id"": ""cnha-cfdi-8cc8acb7c0a803337d9c8f8bc4ae361c"", ""official_name"": ""盐城市第一人民医院"", ""candidate_alias"": ""Yancheng First People's Hospital"", ""source_url"": ""https://ror.org/02rbkz523"", ""status"": ""review_required"", ""reason"": ""Reference-only name; not approved for resolution""}]",Obtain hospital or regulator evidence connecting the reported name to a filing; reference labels alone are insufficient,deterministic reconciliation of source-reviewed assertions; not a new manual source review
954,"the Affiliated Hospital of Yangzhou University, Yangzhou University",Jiangsu,Yangzhou,16,https://clinicaltrials.gov/study/NCT03126422,unverified_no_approved_evidence,not_evaluated_without_approved_identity,,,,[],[],Obtain hospital or regulator evidence connecting the reported name to a filing; reference labels alone are insufficient,deterministic reconciliation of source-reviewed assertions; not a new manual source review
955,307 Hospital of PLA,,Beijing,15,https://clinicaltrials.gov/study/NCT00793871,unverified_no_approved_evidence,not_evaluated_without_approved_identity,,,,[],[],Obtain hospital or regulator evidence connecting the reported name to a filing; reference labels alone are insufficient,deterministic reconciliation of source-reviewed assertions; not a new manual source review
956,Beijing Children's Hospital,Beijing Municipality,Beijing,15,https://clinicaltrials.gov/study/NCT00221247,unverified_reference_only,not_evaluated_without_approved_identity,,,,[],"[{""hospital_id"": ""cnha-cfdi-42d95032c0a80333133ed997a11b066f"", ""official_name"": ""首都医科大学附属北京儿童医院"", ""candidate_alias"": ""Beijing Children’s Hospital"", ""source_url"": ""https://ror.org/04skmn292"", ""status"": ""review_required"", ""reason"": ""Reference-only name; not approved for resolution""}]",Obtain hospital or regulator evidence connecting the reported name to a filing; reference labels alone are insufficient,deterministic reconciliation of source-reviewed assertions; not a new manual source review
957,Cancer Hospital of Guangxi Medical University,Guangxi,Nanning,15,https://clinicaltrials.gov/study/NCT02116231,unverified_no_approved_evidence,not_evaluated_without_approved_identity,,,,[],[],Obtain hospital or regulator evidence connecting the reported name to a filing; reference labels alone are insufficient,deterministic reconciliation of source-reviewed assertions; not a new manual source review
958,Cardiovascular Institute and Fu Wai Hospital,,Beijing,15,https://clinicaltrials.gov/study/NCT01064167,unverified_no_approved_evidence,not_evaluated_without_approved_identity,,,,[],[],Obtain hospital or regulator evidence connecting the reported name to a filing; reference labels alone are insufficient,deterministic reconciliation of source-reviewed assertions; not a new manual source review
959,Changzhou First People's Hospital,Jiangsu,Changzhou,15,https://clinicaltrials.gov/study/NCT01670812,unverified_no_approved_evidence,not_evaluated_without_approved_identity,,,,[],[],Obtain hospital or regulator evidence connecting the reported name to a filing; reference labels alone are insufficient,deterministic reconciliation of source-reviewed assertions; not a new manual source review
960,Chenzhou No.1 People's Hospital,Hu'nan,Chenzhou,15,https://clinicaltrials.gov/study/NCT02388724,unverified_no_approved_evidence,not_evaluated_without_approved_identity,,,,[],[],Obtain hospital or regulator evidence connecting the reported name to a filing; reference labels alone are insufficient,deterministic reconciliation of source-reviewed assertions; not a new manual source review
961,Chongqing Three Gorges Central Hospital,Chongqing Municipality,Chongqing,15,https://clinicaltrials.gov/study/NCT01677208,unverified_no_approved_evidence,not_evaluated_without_approved_identity,,,,[],[],Obtain hospital or regulator evidence connecting the reported name to a filing; reference labels alone are insufficient,deterministic reconciliation of source-reviewed assertions; not a new manual source review
962,"Department of Urology, Minimally Invasive Surgery Center, The First Affiliated Hospital of Guangzhou Medical University",Guangdong,Guangzhou,15,https://clinicaltrials.gov/study/NCT02266381,unverified_no_approved_evidence,not_evaluated_without_approved_identity,,,,[],[],Obtain hospital or regulator evidence connecting the reported name to a filing; reference labels alone are insufficient,deterministic reconciliation of source-reviewed assertions; not a new manual source review
963,First Affiliated Hospital of Guangzhou Medical University,,Guangzhou,15,https://clinicaltrials.gov/study/NCT02205112,unverified_reference_only,not_evaluated_without_approved_identity,,,,[],"[{""hospital_id"": ""cnha-cfdi-3bbe3ceec0a803331320f715d583ef2c"", ""official_name"": ""广州医科大学附属第一医院"", ""candidate_alias"": ""First Affiliated Hospital of Guangzhou Medical University"", ""source_url"": ""https://ror.org/00z0j0d77"", ""status"": ""review_required"", ""reason"": ""Reference-only name; not approved for resolution""}]",Obtain hospital or regulator evidence connecting the reported name to a filing; reference labels alone are insufficient,deterministic reconciliation of source-reviewed assertions; not a new manual source review
964,First Affiliated Hospital of Soochow University,Jiangsu,Suzhou,15,https://clinicaltrials.gov/study/NCT01233102,unverified_reference_only,not_evaluated_without_approved_identity,,,,[],"[{""hospital_id"": ""cnha-cfdi-b5cd6543c0a803330d96755e77d8daa5"", ""official_name"": ""苏州大学附属第一医院"", ""candidate_alias"": ""First Affiliated Hospital of Soochow University"", ""source_url"": ""https://ror.org/051jg5p78"", ""status"": ""review_required"", ""reason"": ""Reference-only name; not approved for resolution""}]",Obtain hospital or regulator evidence connecting the reported name to a filing; reference labels alone are insufficient,deterministic reconciliation of source-reviewed assertions; not a new manual source review
965,First Hospital of Jilin University,,Changchun,15,https://clinicaltrials.gov/study/NCT00805194,unverified_reference_only,not_evaluated_without_approved_identity,,,,[],"[{""hospital_id"": ""cnha-cfdi-28c180c3c0a803337c9a4eaf72b893ea"", ""official_name"": ""吉林大学第一医院"", ""candidate_alias"": ""First Hospital of Jilin University"", ""source_url"": ""https://ror.org/034haf133"", ""status"": ""review_required"", ""reason"": ""Reference-only name; not approved for resolution""}]",Obtain hospital or regulator evidence connecting the reported name to a filing; reference labels alone are insufficient,deterministic reconciliation of source-reviewed assertions; not a new manual source review
966,Fujian Provincial Cancer Hospital,,Fuzhou,15,https://clinicaltrials.gov/study/NCT03037385,unverified_reference_only,not_evaluated_without_approved_identity,,,,[],"[{""hospital_id"": ""cnha-cfdi-8943f31ac0a80333354a0df6962a1108"", ""official_name"": ""福建省肿瘤医院"", ""candidate_alias"": ""Fujian Provincial Cancer Hospital"", ""source_url"": ""https://ror.org/058ms9w43"", ""status"": ""review_required"", ""reason"": ""Reference-only name; not approved for resolution""}]",Obtain hospital or regulator evidence connecting the reported name to a filing; reference labels alone are insufficient,deterministic reconciliation of source-reviewed assertions; not a new manual source review
967,Handan First Hospital,Hebei,Handan,15,https://clinicaltrials.gov/study/NCT02534545,unverified_no_approved_evidence,not_evaluated_without_approved_identity,,,,[],[],Obtain hospital or regulator evidence connecting the reported name to a filing; reference labels alone are insufficient,deterministic reconciliation of source-reviewed assertions; not a new manual source review
968,Henan Cancer Hospital,,Henan,15,https://clinicaltrials.gov/study/NCT02753127,verified_name_relation,requires_location_review,,,,"[{""hospital_id"": ""cnha-cfdi-0eb581dec0a80333092f49dd1bd60215"", ""official_name"": ""河南省肿瘤医院"", ""filing_number"": ""药临床机构备字2020000172"", ""alias"": ""Henan Cancer Hospital"", ""normalized_alias"": ""henancancerhospital"", ""kind"": ""english_name"", ""evidence_status"": ""official_source_reviewed"", ""source_url"": ""https://sph.zzu.edu.cn/__local/8/D2/E4/B40A50DD335F88E127634992A9C_5D5E4F16_13B55B.pdf"", ""accessed_at"": ""2026-09-05"", ""valid_from"": """", ""valid_to"": """"}]",[],"Verify reported province, city and campus against the study record before assigning an institution ID",deterministic reconciliation of source-reviewed assertions; not a new manual source review
969,Inner Mongolia Autonomous Region People's Hospital,Inner Mongolia,Hohhot,15,https://clinicaltrials.gov/study/NCT01975376,unverified_reference_only,not_evaluated_without_approved_identity,,,,[],"[{""hospital_id"": ""cnha-cfdi-558f64c8c0a803333b2960fdbcb95bb7"", ""official_name"": ""内蒙古自治区人民医院"", ""candidate_alias"": ""Inner Mongolia Autonomous Region People's Hospital"", ""source_url"": ""https://ror.org/02yng3249"", ""status"": ""review_required"", ""reason"": ""Reference-only name; not approved for resolution""}]",Obtain hospital or regulator evidence connecting the reported name to a filing; reference labels alone are insufficient,deterministic reconciliation of source-reviewed assertions; not a new manual source review
970,Lishui Central Hospital,,Lishui,15,https://clinicaltrials.gov/study/NCT04543617,unverified_reference_only,not_evaluated_without_approved_identity,,,,[],"[{""hospital_id"": ""cnha-cfdi-a19cdcf4c0a8033304a04100126047c3"", ""official_name"": ""丽水市中心医院"", ""candidate_alias"": ""Lishui Central Hospital"", ""source_url"": ""https://ror.org/023e72x78"", ""status"": ""review_required"", ""reason"": ""Reference-only name; not approved for resolution""}]",Obtain hospital or regulator evidence connecting the reported name to a filing; reference labels alone are insufficient,deterministic reconciliation of source-reviewed assertions; not a new manual source review
971,Nanchong Central Hospital,Sichuan,Nanchong,15,https://clinicaltrials.gov/study/NCT03084237,unverified_reference_only,not_evaluated_without_approved_identity,,,,[],"[{""hospital_id"": ""cnha-cfdi-db373e4bc0a8033358aa9e0c82bd6c96"", ""official_name"": ""首都医科大学附属北京安贞医院南充医院 (南充市中心医院)"", ""candidate_alias"": ""Nanchong Central Hospital"", ""source_url"": ""https://ror.org/05n50qc07"", ""status"": ""review_required"", ""reason"": ""Reference-only name; not approved for resolution""}]",Obtain hospital or regulator evidence connecting the reported name to a filing; reference labels alone are insufficient,deterministic reconciliation of source-reviewed assertions; not a new manual source review
972,Nanjing Maternal and Child Health Care Hospital,Jiangsu,Nanjing,15,https://clinicaltrials.gov/study/NCT00638599,unverified_no_approved_evidence,not_evaluated_without_approved_identity,,,,[],[],Obtain hospital or regulator evidence connecting the reported name to a filing; reference labels alone are insufficient,deterministic reconciliation of source-reviewed assertions; not a new manual source review
973,Obstetrics and Gynecology Hospital of Fudan University,Shanghai Municipality,Shanghai,15,https://clinicaltrials.gov/study/NCT02031523,unverified_reference_only,not_evaluated_without_approved_identity,,,,[],"[{""hospital_id"": ""cnha-cfdi-87425d16c0a803332cf760b3931ed20b"", ""official_name"": ""复旦大学附属妇产科医院"", ""candidate_alias"": ""Obstetrics and Gynecology Hospital of Fudan University"", ""source_url"": ""https://ror.org/04rhdtb47"", ""status"": ""review_required"", ""reason"": ""Reference-only name; not approved for resolution""}]",Obtain hospital or regulator evidence connecting the reported name to a filing; reference labels alone are insufficient,deterministic reconciliation of source-reviewed assertions; not a new manual source review
974,Qilu Hospital of Shandong University,Shangdong,Jinan,15,https://clinicaltrials.gov/study/NCT00781378,verified_name_relation,requires_location_review,,,,"[{""hospital_id"": ""cnha-cfdi-3ca9ee0fc0a803331e2817e89dd297d8"", ""official_name"": ""山东大学齐鲁医院"", ""filing_number"": ""药临床机构备字2019000031"", ""alias"": ""Qilu Hospital of Shandong University"", ""normalized_alias"": ""qiluhospitalofshandonguniversity"", ""kind"": ""english_name"", ""evidence_status"": ""official_source_reviewed"", ""source_url"": ""https://qiluhospital.com/show-313-17491-1.html"", ""accessed_at"": ""2026-09-05"", ""valid_from"": """", ""valid_to"": """"}]",[],"Verify reported province, city and campus against the study record before assigning an institution ID",deterministic reconciliation of source-reviewed assertions; not a new manual source review
975,Qinghai Provincial People's Hospital,Qinghai,Xining,15,https://clinicaltrials.gov/study/NCT00664846,unverified_reference_only,not_evaluated_without_approved_identity,,,,[],"[{""hospital_id"": ""cnha-cfdi-fc8093c0c0a80333634c8842c417afb5"", ""official_name"": ""青海省人民医院"", ""candidate_alias"": ""Qinghai Provincial Peoples Hospital"", ""source_url"": ""https://ror.org/04vtzbx16"", ""status"": ""review_required"", ""reason"": ""Reference-only name; not approved for resolution""}]",Obtain hospital or regulator evidence connecting the reported name to a filing; reference labels alone are insufficient,deterministic reconciliation of source-reviewed assertions; not a new manual source review
976,Second Affiliated Hospital of Anhui Medical University,Anhui,Hefei,15,https://clinicaltrials.gov/study/NCT01176916,unverified_reference_only,not_evaluated_without_approved_identity,,,,[],"[{""hospital_id"": ""cnha-cfdi-6ef3ba1fc0a803335a951950d4a738de"", ""official_name"": ""安徽医科大学第二附属医院"", ""candidate_alias"": ""Second Affiliated Hospital of Anhui Medical University"", ""source_url"": ""https://ror.org/047aw1y82"", ""status"": ""review_required"", ""reason"": ""Reference-only name; not approved for resolution""}]",Obtain hospital or regulator evidence connecting the reported name to a filing; reference labels alone are insufficient,deterministic reconciliation of source-reviewed assertions; not a new manual source review
977,Shanghai 10th People's Hospital,Shanghai Municipality,Shanghai,15,https://clinicaltrials.gov/study/NCT02728414,unverified_no_approved_evidence,not_evaluated_without_approved_identity,,,,[],[],Obtain hospital or regulator evidence connecting the reported name to a filing; reference labels alone are insufficient,deterministic reconciliation of source-reviewed assertions; not a new manual source review
978,Shanghai First Maternity and Infant Hospital,Shanghai Municipality,Shanghai,15,https://clinicaltrials.gov/study/NCT02317406,unverified_no_approved_evidence,not_evaluated_without_approved_identity,,,,[],[],Obtain hospital or regulator evidence connecting the reported name to a filing; reference labels alone are insufficient,deterministic reconciliation of source-reviewed assertions; not a new manual source review
979,Shanxi Province Cancer Hospital,Shanxi,Taiyuan,15,https://clinicaltrials.gov/study/NCT02319187,unverified_no_approved_evidence,not_evaluated_without_approved_identity,,,,[],[],Obtain hospital or regulator evidence connecting the reported name to a filing; reference labels alone are insufficient,deterministic reconciliation of source-reviewed assertions; not a new manual source review
980,Shanxi Provincial People's Hospital,Shanxi,Xian,15,https://clinicaltrials.gov/study/NCT01131637,unverified_reference_only,not_evaluated_without_approved_identity,,,,[],"[{""hospital_id"": ""cnha-cfdi-5a9b087bc0a803337e94e03983195adc"", ""official_name"": ""山西省人民医院"", ""candidate_alias"": ""Shanxi Provincial People’s Hospital"", ""source_url"": ""https://ror.org/057ckzt47"", ""status"": ""review_required"", ""reason"": ""Reference-only name; not approved for resolution""}]",Obtain hospital or regulator evidence connecting the reported name to a filing; reference labels alone are insufficient,deterministic reconciliation of source-reviewed assertions; not a new manual source review
981,Shenzhen Children's Hospital,,Shenzhen,15,https://clinicaltrials.gov/study/NCT03179631,unverified_reference_only,not_evaluated_without_approved_identity,,,,[],"[{""hospital_id"": ""cnha-cfdi-ce825239c0a80333050e076a5993cb1e"", ""official_name"": ""深圳市儿童医院"", ""candidate_alias"": ""Shenzhen Children's Hospital"", ""source_url"": ""https://ror.org/0409k5a27"", ""status"": ""review_required"", ""reason"": ""Reference-only name; not approved for resolution""}]",Obtain hospital or regulator evidence connecting the reported name to a filing; reference labels alone are insufficient,deterministic reconciliation of source-reviewed assertions; not a new manual source review
982,Shenzhen Hospital of Southern Medical University,Guangdong,Shenzhen,15,https://clinicaltrials.gov/study/NCT03703635,unverified_no_approved_evidence,not_evaluated_without_approved_identity,,,,[],[],Obtain hospital or regulator evidence connecting the reported name to a filing; reference labels alone are insufficient,deterministic reconciliation of source-reviewed assertions; not a new manual source review
983,Shijiazhuang People's Hospital,Hebei,Shijiazhuang,15,https://clinicaltrials.gov/study/NCT03261375,unverified_no_approved_evidence,not_evaluated_without_approved_identity,,,,[],[],Obtain hospital or regulator evidence connecting the reported name to a filing; reference labels alone are insufficient,deterministic reconciliation of source-reviewed assertions; not a new manual source review
984,Sichuan Academy of Medical Sciences · Sichuan Provincial People's Hospital,Sichuan,Chengdu,15,https://clinicaltrials.gov/study/NCT00995098,unverified_no_approved_evidence,not_evaluated_without_approved_identity,,,,[],[],Obtain hospital or regulator evidence connecting the reported name to a filing; reference labels alone are insufficient,deterministic reconciliation of source-reviewed assertions; not a new manual source review
985,Sichuan Cancer Hospital and Research Institute,Sichuan,Chengdu,15,https://clinicaltrials.gov/study/NCT04177797,unverified_no_approved_evidence,not_evaluated_without_approved_identity,,,,[],[],Obtain hospital or regulator evidence connecting the reported name to a filing; reference labels alone are insufficient,deterministic reconciliation of source-reviewed assertions; not a new manual source review
986,Teda International Cardiovascular Hospital,Tianjin Municipality,Tianjin,15,https://clinicaltrials.gov/study/NCT00926562,unverified_reference_only,not_evaluated_without_approved_identity,,,,[],"[{""hospital_id"": ""cnha-cfdi-56aefbecc0a8033339b855884e059fac"", ""official_name"": ""泰达国际心血管病医院"", ""candidate_alias"": ""TEDA International Cardiovascular Hospital"", ""source_url"": ""https://ror.org/0247xav12"", ""status"": ""review_required"", ""reason"": ""Reference-only name; not approved for resolution""}]",Obtain hospital or regulator evidence connecting the reported name to a filing; reference labels alone are insufficient,deterministic reconciliation of source-reviewed assertions; not a new manual source review
987,The Affiliated Cancer Hospital of Guizhou Medical University,Guizhou,Guiyang,15,https://clinicaltrials.gov/study/NCT03581786,unverified_no_approved_evidence,not_evaluated_without_approved_identity,,,,[],[],Obtain hospital or regulator evidence connecting the reported name to a filing; reference labels alone are insufficient,deterministic reconciliation of source-reviewed assertions; not a new manual source review
988,The Affiliated Hospital of Hangzhou Normal University,,Hangzhou,15,https://clinicaltrials.gov/study/NCT02239120,unverified_no_approved_evidence,not_evaluated_without_approved_identity,,,,[],[],Obtain hospital or regulator evidence connecting the reported name to a filing; reference labels alone are insufficient,deterministic reconciliation of source-reviewed assertions; not a new manual source review
989,The First Affiliated Hospital of Bengbu Medical University,,Bengbu,15,https://clinicaltrials.gov/study/NCT04930432,unverified_no_approved_evidence,not_evaluated_without_approved_identity,,,,[],[],Obtain hospital or regulator evidence connecting the reported name to a filing; reference labels alone are insufficient,deterministic reconciliation of source-reviewed assertions; not a new manual source review
990,"The First Affiliated Hospital of College of Medicine, Zhejiang University",,Hangzhou,15,https://clinicaltrials.gov/study/NCT01287741,unverified_no_approved_evidence,not_evaluated_without_approved_identity,,,,[],[],Obtain hospital or regulator evidence connecting the reported name to a filing; reference labels alone are insufficient,deterministic reconciliation of source-reviewed assertions; not a new manual source review
991,The First Affiliated Hospital of Henan University of Traditional Chinese Medicine,Henan,Zhengzhou,15,https://clinicaltrials.gov/study/NCT01836016,unverified_no_approved_evidence,not_evaluated_without_approved_identity,,,,[],[],Obtain hospital or regulator evidence connecting the reported name to a filing; reference labels alone are insufficient,deterministic reconciliation of source-reviewed assertions; not a new manual source review
992,The First Affiliated Hospital of Shandong First Medical University (Shandong Provincial Qianfoshan Hospital),Shandong,Jinan,15,https://clinicaltrials.gov/study/NCT05585580,unverified_no_approved_evidence,not_evaluated_without_approved_identity,,,,[],[],Obtain hospital or regulator evidence connecting the reported name to a filing; reference labels alone are insufficient,deterministic reconciliation of source-reviewed assertions; not a new manual source review
993,The First Affiliated Hospital of Zhejiang University School of Medicine,,Hangzhou,15,https://clinicaltrials.gov/study/NCT04735575,unverified_no_approved_evidence,not_evaluated_without_approved_identity,,,,[],[],Obtain hospital or regulator evidence connecting the reported name to a filing; reference labels alone are insufficient,deterministic reconciliation of source-reviewed assertions; not a new manual source review
994,"The First Affiliated Hospital, Chongqing Medical University",,Chongqing,15,https://clinicaltrials.gov/study/NCT01529476,unverified_no_approved_evidence,not_evaluated_without_approved_identity,,,,[],[],Obtain hospital or regulator evidence connecting the reported name to a filing; reference labels alone are insufficient,deterministic reconciliation of source-reviewed assertions; not a new manual source review
995,The First Hospital of Jilin University,Changchun,Jilin City,15,https://clinicaltrials.gov/study/NCT03959397,verified_name_relation,requires_location_review,,,,"[{""hospital_id"": ""cnha-cfdi-28c180c3c0a803337c9a4eaf72b893ea"", ""official_name"": ""吉林大学第一医院"", ""filing_number"": ""药临床机构备字2020000193"", ""alias"": ""The First Hospital of Jilin University"", ""normalized_alias"": ""thefirsthospitalofjilinuniversity"", ""kind"": ""english_name"", ""evidence_status"": ""official_source_reviewed"", ""source_url"": ""https://cie.jlu.edu.cn/info/1137/1681.htm"", ""accessed_at"": ""2026-09-05"", ""valid_from"": """", ""valid_to"": """"}]",[],"Verify reported province, city and campus against the study record before assigning an institution ID",deterministic reconciliation of source-reviewed assertions; not a new manual source review
996,The First Teaching Hospital of Xinjiang Medical University,Xinjiang,Ürümqi,15,https://clinicaltrials.gov/study/NCT00829660,unverified_no_approved_evidence,not_evaluated_without_approved_identity,,,,[],[],Obtain hospital or regulator evidence connecting the reported name to a filing; reference labels alone are insufficient,deterministic reconciliation of source-reviewed assertions; not a new manual source review
997,The Second Affiliated Hospital of Xiamen Medical College,Fujian,Xiamen,15,https://clinicaltrials.gov/study/NCT05042375,unverified_no_approved_evidence,not_evaluated_without_approved_identity,,,,[],[],Obtain hospital or regulator evidence connecting the reported name to a filing; reference labels alone are insufficient,deterministic reconciliation of source-reviewed assertions; not a new manual source review
998,The Second People's Hospital of Neijiang,,Neijiang,15,https://clinicaltrials.gov/study/NCT03500380,unverified_no_approved_evidence,not_evaluated_without_approved_identity,,,,[],[],Obtain hospital or regulator evidence connecting the reported name to a filing; reference labels alone are insufficient,deterministic reconciliation of source-reviewed assertions; not a new manual source review
999,"Third Affiliated Hospital, Sun Yat-Sen University",Guangdong,Guangzhou,15,https://clinicaltrials.gov/study/NCT01379391,unverified_no_approved_evidence,not_evaluated_without_approved_identity,,,,[],[],Obtain hospital or regulator evidence connecting the reported name to a filing; reference labels alone are insufficient,deterministic reconciliation of source-reviewed assertions; not a new manual source review
1000,Tianjin Huanhu Hospital,,Tianjin,15,https://clinicaltrials.gov/study/NCT02506140,unverified_reference_only,not_evaluated_without_approved_identity,,,,[],"[{""hospital_id"": ""cnha-cfdi-13c9eaf7c0a8033352df6dbdc89113dd"", ""official_name"": ""天津市环湖医院"", ""candidate_alias"": ""Tianjin Huanhu Hospital"", ""source_url"": ""https://ror.org/00q6wbs64"", ""status"": ""review_required"", ""reason"": ""Reference-only name; not approved for resolution""}]",Obtain hospital or regulator evidence connecting the reported name to a filing; reference labels alone are insufficient,deterministic reconciliation of source-reviewed assertions; not a new manual source review
