priority_rank,ranking_basis,hospital_id,canonical_name,official_name_zh,reference_name_zh,english_name,short_names,historical_names,parallel_names,province,city,ctg_trial_count,nmpa_trial_count,nmpa_count_scope,filing_number,ror_id,unified_social_credit_code,verification_status,filing_status,ror_status,official_review_completed,website,source_url,accessed_at,review_status,fields_to_check,review_decision,review_evidence_url,review_notes
1,ctg,cnha-cfdi-1ee7cbacc0a803333781c82ae9b72a5d,四川大学华西医院,四川大学华西医院,,West China Hospital of Sichuan University,WCH | 华西医院,华西医科大学附属第一医院 | 华西协合大学医院 | 四川医学院附属医院,四川大学华西临床医学院 | 四川省国际医院,四川省,成都市,1310,,unavailable,药临床机构备字2020000142,https://ror.org/007mrxy13,12510000450756139Y,official_filing,filed,active,True,https://www.wchscu.cn/,https://beian.cfdi.org.cn/CTMDS/pub/PUB010100.do?method=handle06&curPage=3&pageSize=100,2026-09-05,requested_identity_fields_reviewed,,,,
2,ctg,cnha-cfdi-5aade771c0a803334595b5c3428d53c9,中山大学肿瘤防治中心,中山大学肿瘤防治中心,中山大学肿瘤防治中心,Sun Yat-sen University Cancer Center,SYSUCC,,中山大学附属肿瘤医院,广东省,广州市,1243,,unavailable,药临床机构备字2020000213,https://ror.org/0400g8r85,,official_filing,filed,active,False,http://english.sysucc.org.cn/,https://beian.cfdi.org.cn/CTMDS/pub/PUB010100.do?method=handle06&curPage=3&pageSize=100,2026-09-05,official_fields_partially_reviewed,historical_names | unified_social_credit_code,,,
3,ctg,cnha-cfdi-f4272ec5c0a80333460485425a122d1d,中国医学科学院北京协和医院,中国医学科学院北京协和医院,北京协和医院,Peking Union Medical College Hospital,PUMCH,,,北京市,北京市,1175,,unavailable,药临床机构备字2020000347,https://ror.org/04jztag35,,official_filing,filed,active,False,http://www.pumch.cn/index.html,https://beian.cfdi.org.cn/CTMDS/pub/PUB010100.do?method=handle06&curPage=5&pageSize=100,2026-09-05,official_fields_partially_reviewed,historical_names | unified_social_credit_code,,,
4,ctg,cnha-cfdi-6dbec404c0a803332f72931bc454ee4e,北京肿瘤医院,北京肿瘤医院,北京大学肿瘤医院,Peking University Cancer Hospital,,,北京大学肿瘤医院 | 北京大学肿瘤医院互联网医院,北京市,北京市,1128,,unavailable,药临床机构备字2019000050,https://ror.org/00nyxxr91,,official_filing,filed,active,False,http://www.bjcancer.org/_English/Service.html,https://beian.cfdi.org.cn/CTMDS/pub/PUB010100.do?method=handle06&curPage=1&pageSize=100,2026-09-05,automated_triage_only,short_names | historical_names | unified_social_credit_code,,,
5,ctg,cnha-cfdi-baf67b59c0a8033336a1a7228617e8b5,复旦大学附属肿瘤医院,复旦大学附属肿瘤医院,,Fudan University Shanghai Cancer Center,FUSCC,,,上海市,上海市,1117,,unavailable,药临床机构备字2020000084,https://ror.org/00my25942,,official_filing,filed,active,False,http://www.shca.org.cn/english,https://beian.cfdi.org.cn/CTMDS/pub/PUB010100.do?method=handle06&curPage=2&pageSize=100,2026-09-05,official_fields_partially_reviewed,historical_names | unified_social_credit_code,,,
6,ctg,cnha-cfdi-28c180c3c0a803337c9a4eaf72b893ea,吉林大学第一医院,吉林大学第一医院,吉林大学第一医院,The First Hospital of Jilin University,,,,吉林省,长春市,845,,unavailable,药临床机构备字2020000193,https://ror.org/034haf133,,official_filing,filed,active,False,http://www.bethune-jilin.cn/,https://beian.cfdi.org.cn/CTMDS/pub/PUB010100.do?method=handle06&curPage=3&pageSize=100,2026-09-05,official_fields_partially_reviewed,short_names | historical_names | unified_social_credit_code,,,
7,ctg,cnha-cfdi-0eb581dec0a80333092f49dd1bd60215,河南省肿瘤医院,河南省肿瘤医院,河南省肿瘤医院,Henan Cancer Hospital,,,,河南省,郑州市,806,,unavailable,药临床机构备字2020000172,https://ror.org/043ek5g31,,official_filing,filed,active,False,http://www.anti-cancer.com.cn/,https://beian.cfdi.org.cn/CTMDS/pub/PUB010100.do?method=handle06&curPage=3&pageSize=100,2026-09-05,automated_triage_only,short_names | historical_names | unified_social_credit_code,,,
8,ctg,cnha-cfdi-877dc8a7c0a803335e9cc239fa3a0b8d,浙江省肿瘤医院,浙江省肿瘤医院,浙江省肿瘤医院,Zhejiang Cancer Hospital,,,,浙江省,杭州市,759,,unavailable,药临床机构备字2020000300,https://ror.org/0144s0951,,official_filing,filed,active,False,http://www.zchospital.com/#,https://beian.cfdi.org.cn/CTMDS/pub/PUB010100.do?method=handle06&curPage=4&pageSize=100,2026-09-05,automated_triage_only,short_names | historical_names | unified_social_credit_code,,,
9,ctg,cnha-cfdi-d5d39237c0a80333089149662db7a5be,北京大学人民医院,北京大学人民医院,北京大学人民医院,Peking University People's Hospital,PKUPH,中央医院 | 北京中央医院,北京大学第二临床医学院,北京市,北京市,739,,unavailable,药临床机构备字2020000497,https://ror.org/035adwg89,,official_filing,filed,active,False,http://www.pkuph.cn/,https://beian.cfdi.org.cn/CTMDS/pub/PUB010100.do?method=handle06&curPage=6&pageSize=100,2026-09-05,automated_triage_only,unified_social_credit_code,,,
10,ctg,cnha-cfdi-37551ed6c0a803335a0094ca2f2a9999,北京大学第三医院,北京大学第三医院,北京大学第三医院,Peking University Third Hospital,PUTH,,,北京市,北京市,728,,unavailable,药临床机构备字2020000091,https://ror.org/04wwqze12,,official_filing,filed,active,False,http://www.med.monash.edu.au/sphc/mchi/partners/cn-h-pku3.html,https://beian.cfdi.org.cn/CTMDS/pub/PUB010100.do?method=handle06&curPage=2&pageSize=100,2026-09-05,automated_triage_only,historical_names | unified_social_credit_code,,,
11,ctg,cnha-cfdi-88d3b2b8c0a803331b12a6cc08d63a3f,北京大学第一医院,北京大学第一医院,,Peking University First Hospital,北大医院,北京医科大学校附属医院 | 北平大学医学院附属医院,,北京市,北京市,718,,unavailable,药临床机构备字2020000910,https://ror.org/02z1vqm45,,official_filing,filed,active,False,http://www.bddyyy.com.cn/english.shtml,https://beian.cfdi.org.cn/CTMDS/pub/PUB010100.do?method=handle06&curPage=10&pageSize=100,2026-09-05,official_fields_partially_reviewed,unified_social_credit_code,,,
12,ctg,cnha-cfdi-1cddfb03c0a803332664670577fb4a58,郑州大学第一附属医院,郑州大学第一附属医院,,First Affiliated Hospital of Zhengzhou University,,,,河南省,郑州市,709,,unavailable,药临床机构备字2020000110,https://ror.org/056swr059,,official_filing,filed,active,False,http://fcc.zzu.edu.cn/,https://beian.cfdi.org.cn/CTMDS/pub/PUB010100.do?method=handle06&curPage=2&pageSize=100,2026-09-05,official_fields_partially_reviewed,short_names | historical_names | unified_social_credit_code,,,
13,ctg,cnha-cfdi-cfc87cfdc0a8033370f2b59ea8bf5206,华中科技大学同济医学院附属协和医院,华中科技大学同济医学院附属协和医院,武汉协和医院,"Union Hospital, Tongji Medical College, Huazhong University of Science and Technology",,"Hankow Union Hospital | Union Hospital, Tongji Medical University",,湖北省,武汉市,664,,unavailable,药临床机构备字2019000009,https://ror.org/0371fqr87,,official_filing,filed,active,False,https://www.whuh.com/en/,https://beian.cfdi.org.cn/CTMDS/pub/PUB010100.do?method=handle06&curPage=1&pageSize=100,2026-09-05,official_fields_partially_reviewed,short_names | unified_social_credit_code,,,
14,ctg,cnha-cfdi-56da0c76c0a8033378166121ef596120,湖南省肿瘤医院,湖南省肿瘤医院,,Hunan Cancer Hospital,,,中南大学湘雅医学院附属肿瘤医院,湖南省,长沙市,644,,unavailable,药临床机构备字2020000150,https://ror.org/025020z88,,official_filing,filed,active,False,http://www.hnca.org.cn,https://beian.cfdi.org.cn/CTMDS/pub/PUB010100.do?method=handle06&curPage=3&pageSize=100,2026-09-05,official_fields_partially_reviewed,short_names | historical_names | unified_social_credit_code,,,
15,ctg,cnha-cfdi-56984763c0a803336779babb6fc8fa42,南昌大学第一附属医院,南昌大学第一附属医院,南昌大学第一附属医院,The First Affiliated Hospital of Nanchang University,,,,江西省,南昌市,539,,unavailable,药临床机构备字2019000065,https://ror.org/05gbwr869,,official_filing,filed,active,False,http://www.cdyfy.com/,https://beian.cfdi.org.cn/CTMDS/pub/PUB010100.do?method=handle06&curPage=1&pageSize=100,2026-09-05,official_fields_partially_reviewed,short_names | historical_names | unified_social_credit_code,,,
16,ctg,cnha-cfdi-4ab33e0bc0a8033302630a51547a45f3,哈尔滨医科大学附属肿瘤医院,哈尔滨医科大学附属肿瘤医院,哈尔滨医科大学第三临床医学院,Third Affiliated Hospital of Harbin Medical University,哈医大三院,,哈尔滨医科大学第三临床医学院 | 哈尔滨医科大学附属第三医院 | 黑龙江省肿瘤医院,黑龙江省,哈尔滨市,506,,unavailable,药临床机构备字2020000204,https://ror.org/01f77gp95,,official_filing,filed,active,False,http://www.hrbmutumour.cn/,https://beian.cfdi.org.cn/CTMDS/pub/PUB010100.do?method=handle06&curPage=3&pageSize=100,2026-09-05,automated_triage_only,historical_names | unified_social_credit_code,,,
17,ctg,cnha-cfdi-6142322cc0a80333778027a05e997a2f,广东省人民医院,广东省人民医院,,Guangdong Provincial People's Hospital,,,广东省医学科学院,广东省,广州市,476,,unavailable,药临床机构备字2020000044,,,official_filing,filed,,False,,https://beian.cfdi.org.cn/CTMDS/pub/PUB010100.do?method=handle06&curPage=2&pageSize=100,2026-09-05,official_fields_partially_reviewed,short_names | historical_names | unified_social_credit_code,,,
18,ctg,cnha-cfdi-382ba8b0c0a803335b4ce03a0dba2371,南京医科大学第一附属医院,南京医科大学第一附属医院,江苏省人民医院,Jiangsu Province Hospital,,,江苏省人民医院,江苏省,南京市,475,,unavailable,药临床机构备字2020000824,https://ror.org/04py1g812,,official_filing,filed,active,False,http://www.jsph.net/,https://beian.cfdi.org.cn/CTMDS/pub/PUB010100.do?method=handle06&curPage=9&pageSize=100,2026-09-05,automated_triage_only,short_names | historical_names | unified_social_credit_code,,,
19,ctg,cnha-ror-056ef9489,Qilu Hospital of Shandong University,,,Qilu Hospital of Shandong University,,,,山东省,Jinan,457,,unavailable,,https://ror.org/056ef9489,,reference_curated,not_linked,active,False,http://www.qiluhospital.com/site2/eng/09/10101.shtml,https://ror.org/056ef9489,2026-09-05,automated_triage_only,official_name_zh | short_names | historical_names | unified_social_credit_code,,,
20,ctg,cnha-ror-04gw3ra78,中国人民解放军总医院,,中国人民解放军总医院,Chinese PLA General Hospital,PLAGH,,,北京市,Beijing,454,,unavailable,,https://ror.org/04gw3ra78,,reference_curated,not_linked,active,False,http://www.301hospital.com.cn/en2012/web/Introduction.html,https://ror.org/04gw3ra78,2026-09-05,automated_triage_only,official_name_zh | historical_names | unified_social_credit_code,,,
21,ctg,cnha-ror-03fjc3817,Shanghai Chest Hospital,,,Shanghai Chest Hospital,,,,上海市,Shanghai,405,,unavailable,,https://ror.org/03fjc3817,,reference_curated,not_linked,active,False,http://www.shxkyy.net/pages/index.aspx,https://ror.org/03fjc3817,2026-09-05,automated_triage_only,official_name_zh | short_names | historical_names | unified_social_credit_code,,,
22,ctg,cnha-cfdi-3bb0a3b4c0a803332a9f6fc83950b0b0,中南大学湘雅医院,中南大学湘雅医院,中南大学湘雅医院,Xiangya Hospital Central South University,,,,湖南省,长沙市,395,,unavailable,药临床机构备字2020000125,https://ror.org/05c1yfj14,,official_filing,filed,active,False,http://www.xiangya.com.cn/web/#,https://beian.cfdi.org.cn/CTMDS/pub/PUB010100.do?method=handle06&curPage=2&pageSize=100,2026-09-05,automated_triage_only,short_names | historical_names | unified_social_credit_code,,,
23,ctg,cnha-cfdi-214a1071c0a8033329decd493fe7ec5e,天津医科大学总医院,天津医科大学总医院,天津医科大学总医院,Tianjin Medical University General Hospital,,,,天津市,天津市,383,,unavailable,药临床机构备字2019000017,https://ror.org/003sav965,,official_filing,filed,active,False,http://www.tjmugh.com.cn/,https://beian.cfdi.org.cn/CTMDS/pub/PUB010100.do?method=handle06&curPage=1&pageSize=100,2026-09-05,automated_triage_only,short_names | historical_names | unified_social_credit_code,,,
24,ctg,cnha-pending-865b65f77ddd694e,The First Affiliated Hospital of Soochow University,,,,,,,Jiangsu,Suzhou,383,,unavailable,,,,registry_reported,not_evaluated,,False,,https://clinicaltrials.gov/study/NCT01224353,2026-09-04,automated_triage_only,official_name_zh | english_name | short_names | historical_names | unified_social_credit_code,,,
25,ctg,cnha-ror-055gkcy74,Union Hospital,,,Union Hospital,,,,福建省,Fuzhou,378,,unavailable,,https://ror.org/055gkcy74,,reference_curated,not_linked,active,False,http://www.fjxiehe.com/english/index.jsp,https://ror.org/055gkcy74,2026-09-05,automated_triage_only,official_name_zh | short_names | historical_names | unified_social_credit_code,,,
26,ctg,cnha-cfdi-f38bbd78c0a80333056a73b8390ed2c2,天津市肿瘤医院,天津市肿瘤医院,天津医科大学肿瘤医院,Tianjin Medical University Cancer Institute and Hospital,TMUCIH,,天津医科大学肿瘤医院,天津市,天津市,352,,unavailable,药临床机构备字2020000803,https://ror.org/0152hn881,,official_filing,filed,active,False,http://www.tjmuch.com/,https://beian.cfdi.org.cn/CTMDS/pub/PUB010100.do?method=handle06&curPage=9&pageSize=100,2026-09-05,automated_triage_only,historical_names | unified_social_credit_code,,,
27,ctg,cnha-ror-04a46mh28,Shanghai First People's Hospital,,,Shanghai First People's Hospital,,,,上海市,Shanghai,342,,unavailable,,https://ror.org/04a46mh28,,reference_curated,not_linked,active,False,http://www.firsthospital.cn/,https://ror.org/04a46mh28,2026-09-05,automated_triage_only,official_name_zh | short_names | historical_names | unified_social_credit_code,,,
28,ctg,cnha-pending-ea44269cf5d0f2f6,"Zhongshan Hospital, Fudan University",,,,,,,Shanghai Municipality,Shanghai,336,,unavailable,,,,registry_reported,not_evaluated,,False,,https://clinicaltrials.gov/study/NCT00561522,2026-09-04,automated_triage_only,official_name_zh | english_name | short_names | historical_names | unified_social_credit_code,,,
29,ctg,cnha-pending-91a5a54e1f332bd6,"Cancer Hospital, Chinese Academy of Medical Sciences",,,,,,,Beijing Municipality,Beijing,331,,unavailable,,,,registry_reported,not_evaluated,,False,,https://clinicaltrials.gov/study/NCT00706030,2026-09-04,automated_triage_only,official_name_zh | english_name | short_names | historical_names | unified_social_credit_code,,,
30,ctg,cnha-cfdi-aa1ee30bc0a80333230b8748f2d0263c,中日友好医院,中日友好医院,中日友好医院,China-Japan Friendship Hospital,CJFH,,,北京市,北京市,324,,unavailable,药临床机构备字2020000419,https://ror.org/037cjxp13,,official_filing,filed,active,False,http://english.zryhyy.com.cn/,https://beian.cfdi.org.cn/CTMDS/pub/PUB010100.do?method=handle06&curPage=5&pageSize=100,2026-09-05,automated_triage_only,historical_names | unified_social_credit_code,,,
31,ctg,cnha-ror-033nbnf69,Shanghai Pulmonary Hospital,,,Shanghai Pulmonary Hospital,,,,上海市,Shanghai,314,,unavailable,,https://ror.org/033nbnf69,,reference_curated,not_linked,active,False,http://med.tongji.edu.cn/english/article.asp?article_id=6219&category_id=2098&root_id=2086,https://ror.org/033nbnf69,2026-09-05,automated_triage_only,official_name_zh | short_names | historical_names | unified_social_credit_code,,,
32,ctg,cnha-cfdi-f9225458c0a8033321f824bbb774a21f,安徽医科大学第一附属医院,安徽医科大学第一附属医院,,The First Affiliated Hospital of Anhui Medical University,AYFY | 安医 | 安医大一附院 | 安医附院,安徽医学院附属医院,,安徽省,合肥市,312,,unavailable,药临床机构备字2020000441,https://ror.org/03t1yn780,,official_filing,filed,active,False,http://www.ayfy.com/,https://beian.cfdi.org.cn/CTMDS/pub/PUB010100.do?method=handle06&curPage=5&pageSize=100,2026-09-05,official_fields_partially_reviewed,unified_social_credit_code,,,
33,ctg,cnha-ror-038xmzj21,Shanghai East Hospital,,,Shanghai East Hospital,,,,上海市,Shanghai,312,,unavailable,,https://ror.org/038xmzj21,,reference_curated,not_linked,active,False,http://www.shanghaieasthospital.com/,https://ror.org/038xmzj21,2026-09-05,automated_triage_only,official_name_zh | short_names | historical_names | unified_social_credit_code,,,
34,ctg,cnha-pending-85de4d882cda37e1,"The First Affiliated Hospital , Zhejiang University, School of Medicine",,,,,,,Zhejiang,Hangzhou,306,,unavailable,,,,registry_reported,not_evaluated,,False,,https://clinicaltrials.gov/study/NCT01413074,2026-09-04,automated_triage_only,official_name_zh | english_name | short_names | historical_names | unified_social_credit_code,,,
35,ctg,cnha-cfdi-85eb4b82c0a803331df18fb4918e3bf6,中国科学技术大学附属第一医院,中国科学技术大学附属第一医院,,Anhui Provincial Hospital,,,安徽省立医院,安徽省,合肥市,303,,unavailable,药临床机构备字2020000476,https://ror.org/03n5gdd09,,official_filing,filed,active,False,http://www.ahslyy.com.cn/,https://beian.cfdi.org.cn/CTMDS/pub/PUB010100.do?method=handle06&curPage=6&pageSize=100,2026-09-05,official_fields_partially_reviewed,short_names | historical_names | unified_social_credit_code,,,
36,ctg,cnha-cfdi-d096fe98c0a803333c5d67902f3d14b9,山东第一医科大学附属肿瘤医院,山东第一医科大学附属肿瘤医院,山东省肿瘤医院,Shandong Tumor Hospital,,,山东省肿瘤医院 | 山东省肿瘤防治研究院,山东省,济南市,303,,unavailable,药临床机构备字2020000045,https://ror.org/01413r497,,official_filing,filed,active,False,http://www.sd-cancer.com/,https://beian.cfdi.org.cn/CTMDS/pub/PUB010100.do?method=handle06&curPage=2&pageSize=100,2026-09-05,automated_triage_only,short_names | historical_names | unified_social_credit_code,,,
37,ctg,cnha-pending-7d6060d7b3cec138,The second Xiangya Hospital of Central South University,,,,,,,Hu'nan,Changsha,303,,unavailable,,,,registry_reported,not_evaluated,,False,,https://clinicaltrials.gov/study/NCT04961567,2026-09-04,automated_triage_only,official_name_zh | english_name | short_names | historical_names | unified_social_credit_code,,,
38,ctg,cnha-cfdi-3ce595d2c0a803333acc798da7cf0c71,中山大学附属第一医院,中山大学附属第一医院,中山大学附属第一医院,"The First Affiliated Hospital, Sun Yat-sen University",,,,广东省,广州市,302,,unavailable,药临床机构备字2019000093,https://ror.org/037p24858,,official_filing,filed,active,False,https://www.fahsysu.org.cn,https://beian.cfdi.org.cn/CTMDS/pub/PUB010100.do?method=handle06&curPage=1&pageSize=100,2026-09-05,automated_triage_only,short_names | historical_names | unified_social_credit_code,,,
39,ctg,cnha-ror-026axqv54,Nanjing Drum Tower Hospital,,,Nanjing Drum Tower Hospital,,,,江苏省,Nanjing,302,,unavailable,,https://ror.org/026axqv54,,reference_curated,not_linked,active,False,http://www.njglyy.com/en/,https://ror.org/026axqv54,2026-09-05,automated_triage_only,official_name_zh | short_names | historical_names | unified_social_credit_code,,,
40,ctg,cnha-pending-784a9c9811b22555,Fujian Cancer Hospital,,,,,,,Fujian,Fu'zhou,298,,unavailable,,,,registry_reported,not_evaluated,,False,,https://clinicaltrials.gov/study/NCT07253142,2026-09-04,automated_triage_only,official_name_zh | english_name | short_names | historical_names | unified_social_credit_code,,,
41,ctg,cnha-cfdi-5bc5271cc0a80333216d3eb98f39844f,湖北省肿瘤医院,湖北省肿瘤医院,湖北省肿瘤医院,Hubei Cancer Hospital,HBCH,,,湖北省,武汉市,293,,unavailable,药临床机构备字2020000334,https://ror.org/05p38yh32,,official_filing,filed,active,False,http://www.hbch.com.cn/en/,https://beian.cfdi.org.cn/CTMDS/pub/PUB010100.do?method=handle06&curPage=4&pageSize=100,2026-09-05,automated_triage_only,historical_names | unified_social_credit_code,,,
42,ctg,cnha-cfdi-cb7eef02c0a8033372362db264a58311,河南省人民医院,河南省人民医院,河南省人民医院,Henan Provincial People's Hospital,,,,河南省,郑州市,292,,unavailable,药临床机构备字2020000124,https://ror.org/03f72zw41,,official_filing,filed,active,False,http://www.hnsrmyy.net/,https://beian.cfdi.org.cn/CTMDS/pub/PUB010100.do?method=handle06&curPage=2&pageSize=100,2026-09-05,automated_triage_only,short_names | historical_names | unified_social_credit_code,,,
43,ctg,cnha-ror-02jwb5s28,Beijing Hospital,,,Beijing Hospital,,,,北京市,Beijing,290,,unavailable,,https://ror.org/02jwb5s28,,reference_curated,not_linked,active,False,https://www.bjhmoh.cn/,https://ror.org/02jwb5s28,2026-09-05,automated_triage_only,official_name_zh | short_names | historical_names | unified_social_credit_code,,,
44,ctg,cnha-cfdi-312ade48c0a803330dbbe4dc78900ab2,首都医科大学附属北京朝阳医院,首都医科大学附属北京朝阳医院,首都医科大学附属北京朝阳医院,"Beijing Chao-Yang Hospital, Capital Medical University",,,,北京市,北京市,278,,unavailable,药临床机构备字2020000268,https://ror.org/01eff5662,,official_filing,filed,active,False,http://www.bjcyh.com.cn,https://beian.cfdi.org.cn/CTMDS/pub/PUB010100.do?method=handle06&curPage=4&pageSize=100,2026-09-05,automated_triage_only,short_names | historical_names | unified_social_credit_code,,,
45,ctg,cnha-ror-03ekhbz91,Renmin Hospital of Wuhan University,,,Renmin Hospital of Wuhan University,RHWU,,,湖北省,Wuhan,269,,unavailable,,https://ror.org/03ekhbz91,,reference_curated,not_linked,active,False,http://www.rmhospital.com/,https://ror.org/03ekhbz91,2026-09-05,automated_triage_only,official_name_zh | historical_names | unified_social_credit_code,,,
46,ctg,cnha-pending-8a3ddf13ee8dd9a6,"Sun Yat-sen Memorial Hospital, Sun Yat-sen University",,,,,,,Guangdong,Gu'ang'zhou,268,,unavailable,,,,registry_reported,not_evaluated,,False,,https://clinicaltrials.gov/study/NCT07543393,2026-09-04,automated_triage_only,official_name_zh | english_name | short_names | historical_names | unified_social_credit_code,,,
47,ctg,cnha-ror-03k14e164,Zhejiang Provincial People's Hospital,,,Zhejiang Provincial People's Hospital,,,,浙江省,Hangzhou,268,,unavailable,,https://ror.org/03k14e164,,reference_curated,not_linked,active,False,http://wwwold.hospitalstar.com/,https://ror.org/03k14e164,2026-09-05,automated_triage_only,official_name_zh | short_names | historical_names | unified_social_credit_code,,,
48,ctg,cnha-pending-3b7237b90b6b9535,"Ruijin Hospital, Shanghai Jiaotong University School of Medicine",,,,,,,Shanghai Municipality,Shanghai,262,,unavailable,,,,registry_reported,not_evaluated,,False,,https://clinicaltrials.gov/study/NCT01328730,2026-09-04,automated_triage_only,official_name_zh | english_name | short_names | historical_names | unified_social_credit_code,,,
49,ctg,cnha-cfdi-377cbc83c0a8033328258152d0df5c96,济南市中心医院,济南市中心医院,济南市中心医院,Jinan Central Hospital,,,,山东省,济南市,257,,unavailable,药临床机构备字2020000229,https://ror.org/01fr19c68,,official_filing,filed,active,False,http://www.zxyy.cn/,https://beian.cfdi.org.cn/CTMDS/pub/PUB010100.do?method=handle06&curPage=3&pageSize=100,2026-09-05,automated_triage_only,short_names | historical_names | unified_social_credit_code,,,
50,ctg,cnha-pending-2c782256529ea671,The First Hospital of China Medical University,,,,,,,Liaoning,Shenyang,255,,unavailable,,,,registry_reported,not_evaluated,,False,,https://clinicaltrials.gov/study/NCT00796692,2026-09-04,automated_triage_only,official_name_zh | english_name | short_names | historical_names | unified_social_credit_code,,,
51,ctg,cnha-ror-01v5mqw79,Zhongnan Hospital of Wuhan University,,,Zhongnan Hospital of Wuhan University,,,,湖北省,Wuhan,250,,unavailable,,https://ror.org/01v5mqw79,,reference_curated,not_linked,active,False,http://www.znhospital.cn/,https://ror.org/01v5mqw79,2026-09-05,automated_triage_only,official_name_zh | short_names | historical_names | unified_social_credit_code,,,
52,ctg,cnha-pending-3618cbeac5624a9b,The Affiliated Hospital of Qingdao University,,,,,,,Shandong,Qingdao,247,,unavailable,,,,registry_reported,not_evaluated,,False,,https://clinicaltrials.gov/study/NCT01176916,2026-09-04,automated_triage_only,official_name_zh | english_name | short_names | historical_names | unified_social_credit_code,,,
53,ctg,cnha-pending-442794888d86af0b,The First Affiliated Hospital of Xiamen University,,,,,,,Fujian,Xiamen,244,,unavailable,,,,registry_reported,not_evaluated,,False,,https://clinicaltrials.gov/study/NCT01714908,2026-09-04,automated_triage_only,official_name_zh | english_name | short_names | historical_names | unified_social_credit_code,,,
54,ctg,cnha-ror-003regz62,北京市神经外科研究所,,北京市神经外科研究所,Beijing Tian Tan Hospital,,,,北京市,Beijing,231,,unavailable,,https://ror.org/003regz62,,reference_curated,not_linked,active,False,https://www.bjtth.org/,https://ror.org/003regz62,2026-09-05,automated_triage_only,official_name_zh | short_names | historical_names | unified_social_credit_code,,,
55,ctg,cnha-pending-ea3d9ddfd3280e6c,The Third Xiangya Hospital of Central South University,,,,,,,Hu'Nan,Changsha,230,,unavailable,,,,registry_reported,not_evaluated,,False,,https://clinicaltrials.gov/study/NCT06512584,2026-09-04,automated_triage_only,official_name_zh | english_name | short_names | historical_names | unified_social_credit_code,,,
56,ctg,cnha-cfdi-318dc62bc0a8033361606bba37a83140,南京市第一医院,南京市第一医院,南京市第一医院,Nanjing First Hospital,NFH,,,江苏省,南京市,227,,unavailable,药临床机构备字2020000715,https://ror.org/02hw73q19,,official_filing,filed,active,False,https://nfh.org.cn,https://beian.cfdi.org.cn/CTMDS/pub/PUB010100.do?method=handle06&curPage=8&pageSize=100,2026-09-05,automated_triage_only,historical_names | unified_social_credit_code,,,
57,ctg,cnha-pending-24326fb852c6aa28,The First Affiliated Hospital of Wenzhou Medical University,,,,,,,Zhejiang,Wenzhou,226,,unavailable,,,,registry_reported,not_evaluated,,False,,https://clinicaltrials.gov/study/NCT00869778,2026-09-04,automated_triage_only,official_name_zh | english_name | short_names | historical_names | unified_social_credit_code,,,
58,ctg,cnha-pending-cff05d3e522ba7b8,The First Affiliated Hospital of Chongqing Medical University,,,,,,,Chong Qing,Chongqing,226,,unavailable,,,,registry_reported,not_evaluated,,False,,https://clinicaltrials.gov/study/NCT05709093,2026-09-04,automated_triage_only,official_name_zh | english_name | short_names | historical_names | unified_social_credit_code,,,
59,ctg,cnha-cfdi-4b02cdbcc0a803336e9d94419358241e,上海市精神卫生中心,上海市精神卫生中心,上海市精神卫生中心,Shanghai Mental Health Center,SMHC,,,上海市,上海市,220,,unavailable,药临床机构备字2020000026,https://ror.org/05bd2wa15,,official_filing,filed,active,False,http://www.smhc.org.cn/index_en.aspx,https://beian.cfdi.org.cn/CTMDS/pub/PUB010100.do?method=handle06&curPage=2&pageSize=100,2026-09-05,automated_triage_only,historical_names | unified_social_credit_code,,,
60,ctg,cnha-ror-01k3hq685,Zhongda Hospital Southeast University,,,Zhongda Hospital Southeast University,,,,江苏省,Nanjing,219,,unavailable,,https://ror.org/01k3hq685,,reference_curated,not_linked,active,False,http://www.njzdyy.com/,https://ror.org/01k3hq685,2026-09-05,automated_triage_only,official_name_zh | short_names | historical_names | unified_social_credit_code,,,
61,ctg,cnha-pending-f7d3a85536f1aef9,Shengjing Hospital of China Medical University,,,,,,,Liaoning,Shenyang,218,,unavailable,,,,registry_reported,not_evaluated,,False,,https://clinicaltrials.gov/study/NCT00829660,2026-09-04,automated_triage_only,official_name_zh | english_name | short_names | historical_names | unified_social_credit_code,,,
62,ctg,cnha-pending-26777eb65b0e1042,The First Affiliated Hospital of Xi'an Jiaotong University,,,,,,,Shaanxi,Xi'an,215,,unavailable,,,,registry_reported,not_evaluated,,False,,https://clinicaltrials.gov/study/NCT00829660,2026-09-04,automated_triage_only,official_name_zh | english_name | short_names | historical_names | unified_social_credit_code,,,
63,ctg,cnha-pending-4ca02f5500643353,The Affiliated Hospital of Xuzhou Medical University,,,,,,,Jiangsu,Xuzhou,213,,unavailable,,,,registry_reported,not_evaluated,,False,,https://clinicaltrials.gov/study/NCT02761811,2026-09-04,automated_triage_only,official_name_zh | english_name | short_names | historical_names | unified_social_credit_code,,,
64,ctg,cnha-ror-029wq9x81,四川省肿瘤研究所,,四川省肿瘤研究所,Sichuan Cancer Hospital,,,,四川省,Chengdu,203,,unavailable,,https://ror.org/029wq9x81,,reference_curated,not_linked,active,False,http://www.sichuancancer.org/,https://ror.org/029wq9x81,2026-09-05,automated_triage_only,official_name_zh | short_names | historical_names | unified_social_credit_code,,,
65,ctg,cnha-pending-2a770a2dc9004ac8,"Beijing Friendship Hospital, Capital Medical University",,,,,,,Beijing Municipality,Beijing,198,,unavailable,,,,registry_reported,not_evaluated,,False,,https://clinicaltrials.gov/study/NCT00796692,2026-09-04,automated_triage_only,official_name_zh | english_name | short_names | historical_names | unified_social_credit_code,,,
66,ctg,cnha-pending-a4b5b42d548e68a3,"Nanfang Hospital, Southern Medical University",,,,,,,Guangdong,Guangzhou,198,,unavailable,,,,registry_reported,not_evaluated,,False,,https://clinicaltrials.gov/study/NCT00548223,2026-09-04,automated_triage_only,official_name_zh | english_name | short_names | historical_names | unified_social_credit_code,,,
67,ctg,cnha-cfdi-45e31950c0a80333157eaf9ead1b853b,北京大学深圳医院,北京大学深圳医院,北京大学深圳医院,Peking University Shenzhen Hospital,,,,广东省,深圳市,197,,unavailable,药临床机构备字2020000078,https://ror.org/03kkjyb15,,official_filing,filed,active,False,https://www.pkuszh.com.cn/,https://beian.cfdi.org.cn/CTMDS/pub/PUB010100.do?method=handle06&curPage=2&pageSize=100,2026-09-05,automated_triage_only,short_names | historical_names | unified_social_credit_code,,,
68,ctg,cnha-ror-02bjs0p66,Changhai Hospital,,,Changhai Hospital,,,,上海市,Shanghai,197,,unavailable,,https://ror.org/02bjs0p66,,reference_curated,not_linked,active,False,http://www.chhospital.com.cn/,https://ror.org/02bjs0p66,2026-09-05,automated_triage_only,official_name_zh | short_names | historical_names | unified_social_credit_code,,,
69,ctg,cnha-pending-77024d09e5021830,Tianjin Medical University Cancer Institute & Hospital,,,,,,,Tianjin Municipality,Tianjin,196,,unavailable,,,,registry_reported,not_evaluated,,False,,https://clinicaltrials.gov/study/NCT01836679,2026-09-04,automated_triage_only,official_name_zh | english_name | short_names | historical_names | unified_social_credit_code,,,
70,ctg,cnha-pending-2d56ba15d1ad639e,Jilin Cancer Hospital,,,,,,,Jilin,Changchun,195,,unavailable,,,,registry_reported,not_evaluated,,False,,https://clinicaltrials.gov/study/NCT01040780,2026-09-04,automated_triage_only,official_name_zh | english_name | short_names | historical_names | unified_social_credit_code,,,
71,ctg,cnha-ror-03108sf43,江苏省肿瘤防治研究所,,江苏省肿瘤防治研究所,Jiangsu Cancer Hospital,,,,江苏省,Nanjing,195,,unavailable,,https://ror.org/03108sf43,,reference_curated,not_linked,active,False,http://www.jszlyy.com.cn/,https://ror.org/03108sf43,2026-09-05,automated_triage_only,official_name_zh | short_names | historical_names | unified_social_credit_code,,,
72,ctg,cnha-pending-a4873134dcd47f9b,Xuanwu Hospital Capital Medical University,,,,,,,Beijing Municipality,Beijing,194,,unavailable,,,,registry_reported,not_evaluated,,False,,https://clinicaltrials.gov/study/NCT00664846,2026-09-04,automated_triage_only,official_name_zh | english_name | short_names | historical_names | unified_social_credit_code,,,
73,ctg,cnha-pending-7c4d0be213a12060,The First Affiliated Hospital of Guangzhou Medical University,,,,,,,Guangdong,Guangzhou,193,,unavailable,,,,registry_reported,not_evaluated,,False,,https://clinicaltrials.gov/study/NCT01637675,2026-09-04,automated_triage_only,official_name_zh | english_name | short_names | historical_names | unified_social_credit_code,,,
74,ctg,cnha-cfdi-583d67e0c0a803331ff29cfe5c8fdebd,深圳市人民医院,深圳市人民医院,深圳市人民医院,ShenZhen People’s Hospital,,,,广东省,深圳市,189,,unavailable,药临床机构备字2020000202,https://ror.org/01hcefx46,,official_filing,filed,active,False,http://www.szhospital.com/,https://beian.cfdi.org.cn/CTMDS/pub/PUB010100.do?method=handle06&curPage=3&pageSize=100,2026-09-05,automated_triage_only,short_names | historical_names | unified_social_credit_code,,,
75,ctg,cnha-ror-03jpekd50,广东省老年医学研究所,,广东省老年医学研究所,Guangdong General Hospital,GGH,,,广东省,Guangzhou,187,,unavailable,,https://ror.org/03jpekd50,,reference_curated,not_linked,active,False,http://www.gdghospital.org.cn/EN/Index.php,https://ror.org/03jpekd50,2026-09-05,automated_triage_only,official_name_zh | historical_names | unified_social_credit_code,,,
76,ctg,cnha-pending-ee05ab409c581ba3,The Second Affiliated Hospital Zhejiang University School of Medicine,,,,,,,Zhejiang,Hangzhou,185,,unavailable,,,,registry_reported,not_evaluated,,False,,https://clinicaltrials.gov/study/NCT01471522,2026-09-04,automated_triage_only,official_name_zh | english_name | short_names | historical_names | unified_social_credit_code,,,
77,ctg,cnha-cfdi-49af8e67c0a803336507a7bb3f8db7bc,上海交通大学医学院附属瑞金医院,上海交通大学医学院附属瑞金医院,上海交通大学医学院附属瑞金医院,Ruijin Hospital,瑞金医院,广慈医院,,上海市,上海市,184,,unavailable,药临床机构备字2020000252,https://ror.org/01hv94n30,,official_filing,filed,active,False,http://www.rjh.com.cn/,https://beian.cfdi.org.cn/CTMDS/pub/PUB010100.do?method=handle06&curPage=4&pageSize=100,2026-09-05,automated_triage_only,unified_social_credit_code,,,
78,ctg,cnha-pending-b5d09ff2ff5a55c0,Huashan Hospital Fudan University,,,,,,,Shanghai Municipality,Shanghai,184,,unavailable,,,,registry_reported,not_evaluated,,False,,https://clinicaltrials.gov/study/NCT00664846,2026-09-04,automated_triage_only,official_name_zh | english_name | short_names | historical_names | unified_social_credit_code,,,
79,ctg,cnha-cfdi-138b56c4c0a803330e40ef24ba80d41f,复旦大学附属儿科医院,复旦大学附属儿科医院,,Children's Hospital of Fudan University,CHFU,,,上海市,上海市,183,,unavailable,药临床机构备字2020000372,https://ror.org/05n13be63,,official_filing,filed,active,False,http://ch.shmu.edu.cn/,https://beian.cfdi.org.cn/CTMDS/pub/PUB010100.do?method=handle06&curPage=5&pageSize=100,2026-09-05,official_fields_partially_reviewed,historical_names | unified_social_credit_code,,,
80,ctg,cnha-pending-fabd5a0342a363e3,The Second Affiliated hospital of Zhejiang University School of Medicine,,,,,,,Zhejiang,Hangzhou,182,,unavailable,,,,registry_reported,not_evaluated,,False,,https://clinicaltrials.gov/study/NCT01404169,2026-09-04,automated_triage_only,official_name_zh | english_name | short_names | historical_names | unified_social_credit_code,,,
81,ctg,cnha-ror-04xy45965,Tongji Hospital,,,Tongji Hospital,,,,湖北省,Wuhan,178,,unavailable,,https://ror.org/04xy45965,,reference_curated,not_linked,active,False,http://english.tjh.com.cn/,https://ror.org/04xy45965,2026-09-05,automated_triage_only,official_name_zh | short_names | historical_names | unified_social_credit_code,,,
82,ctg,cnha-ror-02z2yec16,中山大学眼科中心,,中山大学眼科中心,"Zhongshan Ophthalmic Center, Sun Yat-sen University",ZOC,,,广东省,Guangzhou,175,,unavailable,,https://ror.org/02z2yec16,,reference_curated,not_linked,active,False,https://www.gzzoc.com,https://ror.org/02z2yec16,2026-09-05,automated_triage_only,official_name_zh | historical_names | unified_social_credit_code,,,
83,ctg,cnha-pending-f11e26e0493a72cf,The Second Affiliated Hospital of Nanchang University,,,,,,,Jiangxi,Nanchang,174,,unavailable,,,,registry_reported,not_evaluated,,False,,https://clinicaltrials.gov/study/NCT00829660,2026-09-04,automated_triage_only,official_name_zh | english_name | short_names | historical_names | unified_social_credit_code,,,
84,ctg,cnha-pending-f530ddfbeea77512,The First Affiliated Hospital of Guangxi Medical University,,,,,,,Guangxi,Nanning,174,,unavailable,,,,registry_reported,not_evaluated,,False,,https://clinicaltrials.gov/study/NCT00781378,2026-09-04,automated_triage_only,official_name_zh | english_name | short_names | historical_names | unified_social_credit_code,,,
85,ctg,cnha-pending-82d95b2d147d3b01,"Tongji Hospital Tongji Medical College, Huazhong University of Science and Technology",,,,,,,Hubei,Wuhan,173,,unavailable,,,,registry_reported,not_evaluated,,False,,https://clinicaltrials.gov/study/NCT01455428,2026-09-04,automated_triage_only,official_name_zh | english_name | short_names | historical_names | unified_social_credit_code,,,
86,ctg,cnha-pending-2a13f66d1c41f2eb,The First Affiliated Hospital of Fujian Medical University,,,,,,,Fujian,Fuzhou,171,,unavailable,,,,registry_reported,not_evaluated,,False,,https://clinicaltrials.gov/study/NCT01088009,2026-09-04,automated_triage_only,official_name_zh | english_name | short_names | historical_names | unified_social_credit_code,,,
87,ctg,cnha-pending-b5a1eb9b6dc50892,The First Affiliated Hospital of Nanjing Medical University,,,,,,,Jiangsu,Nanjing,171,,unavailable,,,,registry_reported,not_evaluated,,False,,https://clinicaltrials.gov/study/NCT01147627,2026-09-04,automated_triage_only,official_name_zh | english_name | short_names | historical_names | unified_social_credit_code,,,
88,ctg,cnha-cfdi-fdab536cc0a8033331f709e0eb34965d,山东省立医院,山东省立医院,山东省立医院,Shandong Provincial Hospital,SPH,,,山东省,济南市,170,,unavailable,药临床机构备字2019000083,https://ror.org/02ar2nf05,,official_filing,filed,active,False,http://www.sph.com.cn/,https://beian.cfdi.org.cn/CTMDS/pub/PUB010100.do?method=handle06&curPage=1&pageSize=100,2026-09-05,automated_triage_only,historical_names | unified_social_credit_code,,,
89,ctg,cnha-pending-191e5255c338b096,"Beijing Tiantan Hospital, Capital Medical University",,,,,,,Beijing Municipality,Beijing,170,,unavailable,,,,registry_reported,not_evaluated,,False,,https://clinicaltrials.gov/study/NCT01938781,2026-09-04,automated_triage_only,official_name_zh | english_name | short_names | historical_names | unified_social_credit_code,,,
90,ctg,cnha-pending-3d92a444a9fbb144,Xiangya Hospital of Central South University,,,,,,,Hu'nan,Changsha,170,,unavailable,,,,registry_reported,not_evaluated,,False,,https://clinicaltrials.gov/study/NCT05531565,2026-09-04,automated_triage_only,official_name_zh | english_name | short_names | historical_names | unified_social_credit_code,,,
91,ctg,cnha-pending-3fce6872b470b005,West China Hospital,,,,,,,Sichuan,Chengdu,167,,unavailable,,,,registry_reported,not_evaluated,,False,,https://clinicaltrials.gov/study/NCT00922051,2026-09-04,automated_triage_only,official_name_zh | english_name | short_names | historical_names | unified_social_credit_code,,,
92,ctg,cnha-cfdi-d5d0a870c0a8033365bd187136c16c8c,烟台毓璜顶医院,烟台毓璜顶医院,烟台毓璜顶医院,Yuhuangding Hospital,,,,山东省,烟台市,165,,unavailable,药临床机构备字2020000659,https://ror.org/05vawe413,,official_filing,filed,active,False,http://www.ytyhdyy.com/,https://beian.cfdi.org.cn/CTMDS/pub/PUB010100.do?method=handle06&curPage=7&pageSize=100,2026-09-05,automated_triage_only,short_names | historical_names | unified_social_credit_code,,,
93,ctg,cnha-pending-c9c1abb0f52bc5bb,"Zhong Shan Hospital, Fudan University",,,,,,,Unknown,Shanghai,164,,unavailable,,,,registry_reported,not_evaluated,,False,,https://clinicaltrials.gov/study/NCT00054951,2026-09-04,automated_triage_only,official_name_zh | english_name | short_names | historical_names | unified_social_credit_code,,,
94,ctg,cnha-pending-d068564c703f5b7d,Sichuan Provincial People's Hospital,,,,,,,Sichuan,Chengdu,164,,unavailable,,,,registry_reported,not_evaluated,,False,,https://clinicaltrials.gov/study/NCT00829660,2026-09-04,automated_triage_only,official_name_zh | english_name | short_names | historical_names | unified_social_credit_code,,,
95,ctg,cnha-cfdi-e9931cafc0a80333076533365daf5152,杭州市第一人民医院,杭州市第一人民医院,西湖大学医学院附属杭州市第一人民医院,"Affiliated Hangzhou First People's Hospital, Westlake University, School of Medicine",,,西湖大学附属杭州市第一人民医院,浙江省,杭州市,162,,unavailable,药临床机构备字2020000103,https://ror.org/05pwsw714,,official_filing,filed,active,False,http://www.hz-hospital.com/,https://beian.cfdi.org.cn/CTMDS/pub/PUB010100.do?method=handle06&curPage=2&pageSize=100,2026-09-05,automated_triage_only,short_names | historical_names | unified_social_credit_code,,,
96,ctg,cnha-pending-644f448707778094,The First Affiliated Hospital of Xi'an Jiaotong University,,,,,,,Shan'xi,Xi'an,160,,unavailable,,,,registry_reported,not_evaluated,,False,,https://clinicaltrials.gov/study/NCT02173457,2026-09-04,automated_triage_only,official_name_zh | english_name | short_names | historical_names | unified_social_credit_code,,,
97,ctg,cnha-pending-a2097fad3149e9f5,The Second Hospital of Hebei Medical University,,,,,,,Hebei,Shijiazhuang,160,,unavailable,,,,registry_reported,not_evaluated,,False,,https://clinicaltrials.gov/study/NCT00664846,2026-09-04,automated_triage_only,official_name_zh | english_name | short_names | historical_names | unified_social_credit_code,,,
98,ctg,cnha-pending-123bebecebe397c1,the first Affiliated Hospital of Sun Yat-Sen university,,,,,,,Guangdong,Guangzhou,158,,unavailable,,,,registry_reported,not_evaluated,,False,,https://clinicaltrials.gov/study/NCT00147836,2026-09-04,automated_triage_only,official_name_zh | english_name | short_names | historical_names | unified_social_credit_code,,,
99,ctg,cnha-ror-048q23a93,Xuzhou Central Hospital,,,Xuzhou Central Hospital,,,,江苏省,Xuzhou,158,,unavailable,,https://ror.org/048q23a93,,reference_curated,not_linked,active,False,http://www.xzch.cn/,https://ror.org/048q23a93,2026-09-05,automated_triage_only,official_name_zh | short_names | historical_names | unified_social_credit_code,,,
100,ctg,cnha-ror-05pb5hm55,Wuxi People's Hospital,,,Wuxi People's Hospital,,,,江苏省,Wuxi,158,,unavailable,,https://ror.org/05pb5hm55,,reference_curated,not_linked,active,False,http://www.wuxiph.com/,https://ror.org/05pb5hm55,2026-09-05,automated_triage_only,official_name_zh | short_names | historical_names | unified_social_credit_code,,,
101,ctg,cnha-pending-3df91f45dcbf3b85,Cancer Hospital Chinese Academy of Medical Sciences.,,,,,,,Unknown,Beijing,156,,unavailable,,,,registry_reported,not_evaluated,,False,,https://clinicaltrials.gov/study/NCT00069121,2026-09-04,automated_triage_only,official_name_zh | english_name | short_names | historical_names | unified_social_credit_code,,,
102,ctg,cnha-pending-3486ce11b5818809,General Hospital Of Ningxia Medical University,,,,,,,Ningxia,Yinchuan,155,,unavailable,,,,registry_reported,not_evaluated,,False,,https://clinicaltrials.gov/study/NCT01975376,2026-09-04,automated_triage_only,official_name_zh | english_name | short_names | historical_names | unified_social_credit_code,,,
103,ctg,cnha-pending-5bd963e6d387804a,The Fourth Hospital of Hebei Medical University,,,,,,,Hebei,Shijiazhuang,153,,unavailable,,,,registry_reported,not_evaluated,,False,,https://clinicaltrials.gov/study/NCT01970059,2026-09-04,automated_triage_only,official_name_zh | english_name | short_names | historical_names | unified_social_credit_code,,,
104,ctg,cnha-pending-dbbdcaef4f47a4e4,The first affiliated hospital of bengbu medical college,,,,,,,Anhui,Bengbu,153,,unavailable,,,,registry_reported,not_evaluated,,False,,https://clinicaltrials.gov/study/NCT01774877,2026-09-04,automated_triage_only,official_name_zh | english_name | short_names | historical_names | unified_social_credit_code,,,
105,ctg,cnha-ror-02bwytq13,广州市第一人民医院,,广州市第一人民医院,Guangzhou First People's Hospital,,,,广东省,Guangzhou,153,,unavailable,,https://ror.org/02bwytq13,,reference_curated,not_linked,active,False,http://en.gzhosp.cn/,https://ror.org/02bwytq13,2026-09-05,automated_triage_only,official_name_zh | short_names | historical_names | unified_social_credit_code,,,
106,ctg,cnha-ror-0103dxn66,Shanghai Changzheng Hospital,,,Shanghai Changzheng Hospital,,,,上海市,Shanghai,147,,unavailable,,https://ror.org/0103dxn66,,reference_curated,not_linked,active,False,http://changzheng.h.yynet.cn/,https://ror.org/0103dxn66,2026-09-05,automated_triage_only,official_name_zh | short_names | historical_names | unified_social_credit_code,,,
107,ctg,cnha-pending-f11401febaf7c0e0,"Xuanwu Hospital, Capital Medical University",,,,,,,Unknown,Beijing,146,,unavailable,,,,registry_reported,not_evaluated,,False,,https://clinicaltrials.gov/study/NCT02118532,2026-09-04,automated_triage_only,official_name_zh | english_name | short_names | historical_names | unified_social_credit_code,,,
108,ctg,cnha-pending-4393c3715c502228,The Second Hospital of Anhui Medical University,,,,,,,Anhui,Hefei,142,,unavailable,,,,registry_reported,not_evaluated,,False,,https://clinicaltrials.gov/study/NCT02213380,2026-09-04,automated_triage_only,official_name_zh | english_name | short_names | historical_names | unified_social_credit_code,,,
109,ctg,cnha-pending-6d52186f0bc5a5e5,Chongqing University Cancer Hospital,,,,,,,Chongqing Municipality,Chongqing,142,,unavailable,,,,registry_reported,not_evaluated,,False,,https://clinicaltrials.gov/study/NCT03084237,2026-09-04,automated_triage_only,official_name_zh | english_name | short_names | historical_names | unified_social_credit_code,,,
110,ctg,cnha-pending-8875df0c839dc4b5,"Sir Run Run Shaw Hospital, Zhejiang University School of Medicine",,,,,,,Zhejiang,Hangzhou,141,,unavailable,,,,registry_reported,not_evaluated,,False,,https://clinicaltrials.gov/study/NCT02121405,2026-09-04,automated_triage_only,official_name_zh | english_name | short_names | historical_names | unified_social_credit_code,,,
111,ctg,cnha-pending-b36e7e1f23966ad7,Zhujiang Hospital of Southern Medical University,,,,,,,Guangdong,Guangzhou,141,,unavailable,,,,registry_reported,not_evaluated,,False,,https://clinicaltrials.gov/study/NCT01379391,2026-09-04,automated_triage_only,official_name_zh | english_name | short_names | historical_names | unified_social_credit_code,,,
112,ctg,cnha-pending-21565acd424fc9b2,The First Affiliated Hospital Of Xi'an Jiaotong University,,,,,,,Unknown,Xi'an,140,,unavailable,,,,registry_reported,not_evaluated,,False,,https://clinicaltrials.gov/study/NCT02099721,2026-09-04,automated_triage_only,official_name_zh | english_name | short_names | historical_names | unified_social_credit_code,,,
113,ctg,cnha-pending-4a5b0a12876448d8,Xijing Hospital,,,,,,,Shaan'xi,Xi'an,140,,unavailable,,,,registry_reported,not_evaluated,,False,,https://clinicaltrials.gov/study/NCT04987086,2026-09-04,automated_triage_only,official_name_zh | english_name | short_names | historical_names | unified_social_credit_code,,,
114,ctg,cnha-cfdi-0d9e9d19c0a803332f2e459fefe8ecda,大连理工大学附属肿瘤医院,大连理工大学附属肿瘤医院,,Liaoning Cancer Hospital & Institute,,,辽宁省肿瘤医院 | 辽宁省肿瘤研究所,辽宁省,沈阳市,139,,unavailable,药临床机构备字2020000130,https://ror.org/05d659s21,,official_filing,filed,active,False,https://www.lnszl.com,https://beian.cfdi.org.cn/CTMDS/pub/PUB010100.do?method=handle06&curPage=3&pageSize=100,2026-09-05,automated_triage_only,short_names | historical_names | unified_social_credit_code,,,
115,ctg,cnha-cfdi-0760f716c0a8033319b4c71d741cd396,南通大学附属医院,南通大学附属医院,南通大学附属医院,Affiliated Hospital of Nantong University,,,,江苏省,南通市,138,,unavailable,药临床机构备字2020000615,https://ror.org/001rahr89,,official_filing,filed,active,False,http://www.ahnmc.com/,https://beian.cfdi.org.cn/CTMDS/pub/PUB010100.do?method=handle06&curPage=7&pageSize=100,2026-09-05,automated_triage_only,short_names | historical_names | unified_social_credit_code,,,
116,ctg,cnha-cfdi-aaf35c6ec0a803332e232c9de3002662,复旦大学附属中山医院,复旦大学附属中山医院,中山医院,Zhongshan Hospital,,,,上海市,上海市,138,,unavailable,药临床机构备字2020000073,https://ror.org/032x22645,,official_filing,filed,active,False,https://www.zs-hospital.sh.cn,https://beian.cfdi.org.cn/CTMDS/pub/PUB010100.do?method=handle06&curPage=2&pageSize=100,2026-09-05,automated_triage_only,short_names | historical_names | unified_social_credit_code,,,
117,ctg,cnha-cfdi-d164b26bc0a803335e5e81c86205b5be,上海市第六人民医院,上海市第六人民医院,上海市第六人民医院,Shanghai Sixth People's Hospital,,,,上海市,上海市,135,,unavailable,药临床机构备字2020000612,https://ror.org/049zrh188,,official_filing,filed,active,False,http://www.6thhosp.com/index.html,https://beian.cfdi.org.cn/CTMDS/pub/PUB010100.do?method=handle06&curPage=7&pageSize=100,2026-09-05,automated_triage_only,short_names | historical_names | unified_social_credit_code,,,
118,ctg,cnha-pending-9c96df6106dddad4,"Ruijin Hospital, Shanghai Jiao Tong University, School of Medicine",,,,,,,Unknown,Shanghai,135,,unavailable,,,,registry_reported,not_evaluated,,False,,https://clinicaltrials.gov/study/NCT00565396,2026-09-04,automated_triage_only,official_name_zh | english_name | short_names | historical_names | unified_social_credit_code,,,
119,ctg,cnha-cfdi-eadc8d77c0a8033363cbc4f3f4dcc4c9,北京清华长庚医院,北京清华长庚医院,北京清华长庚医院,Beijing Tsinghua Chang Gung Hospital,,,,北京市,北京市,132,,unavailable,药临床机构备字2019000059,https://ror.org/050nfgr37,,official_filing,filed,active,False,https://www.tsinghua.edu.cn/publish/chgen/,https://beian.cfdi.org.cn/CTMDS/pub/PUB010100.do?method=handle06&curPage=1&pageSize=100,2026-09-05,automated_triage_only,short_names | historical_names | unified_social_credit_code,,,
120,ctg,cnha-pending-15aeb380c630ee90,The First Affiliated Hospital of Henan University of Science and Technology,,,,,,,He'nan,Luoyang,132,,unavailable,,,,registry_reported,not_evaluated,,False,,https://clinicaltrials.gov/study/NCT05607680,2026-09-04,automated_triage_only,official_name_zh | english_name | short_names | historical_names | unified_social_credit_code,,,
121,ctg,cnha-cfdi-a55325c3c0a8033354d620afa20ac26c,中国医学科学院血液病医院,中国医学科学院血液病医院,中国医学科学院血液病医院,Institute of Hematology & Blood Diseases Hospital,,,,天津市,天津市,129,,unavailable,药临床机构备字2020000408,https://ror.org/04n16t016,,official_filing,filed,active,False,https://www.chinablood.com.cn,https://beian.cfdi.org.cn/CTMDS/pub/PUB010100.do?method=handle06&curPage=5&pageSize=100,2026-09-05,automated_triage_only,short_names | historical_names | unified_social_credit_code,,,
122,ctg,cnha-pending-6c4c6ef0fae770b7,Nanfang Hospital of Southern Medical University,,,,,,,Guangdong,Guangzhou,129,,unavailable,,,,registry_reported,not_evaluated,,False,,https://clinicaltrials.gov/study/NCT01768091,2026-09-04,automated_triage_only,official_name_zh | english_name | short_names | historical_names | unified_social_credit_code,,,
123,ctg,cnha-cfdi-8c9677c6c0a80333732f874986787cb3,南方医科大学南方医院,南方医科大学南方医院,,Nanfang Hospital,,,,广东省,广州市,127,,unavailable,药临床机构备字2019000010,https://ror.org/01eq10738,,official_filing,filed,active,False,http://www.nfyy.com/,https://beian.cfdi.org.cn/CTMDS/pub/PUB010100.do?method=handle06&curPage=1&pageSize=100,2026-09-05,official_fields_partially_reviewed,short_names | historical_names | unified_social_credit_code,,,
124,ctg,cnha-pending-bd75b7a865f512a7,The First Hospital of Hebei Medical University,,,,,,,Hebei,Shijiazhuang,127,,unavailable,,,,registry_reported,not_evaluated,,False,,https://clinicaltrials.gov/study/NCT00125437,2026-09-04,automated_triage_only,official_name_zh | english_name | short_names | historical_names | unified_social_credit_code,,,
125,ctg,cnha-cfdi-8411957ac0a803331e837ff978318cf4,海南省人民医院,海南省人民医院,海南省人民医院,Hainan General Hospital,,,,海南省,海口市,126,,unavailable,药临床机构备字2020000187,https://ror.org/030sr2v21,,official_filing,filed,active,False,http://www.phhp.com.cn/,https://beian.cfdi.org.cn/CTMDS/pub/PUB010100.do?method=handle06&curPage=3&pageSize=100,2026-09-05,automated_triage_only,short_names | historical_names | unified_social_credit_code,,,
126,ctg,cnha-pending-a54ec16b29f3fa58,The First hospital of LanZhou university,,,,,,,Gansu,Lanzhou,126,,unavailable,,,,registry_reported,not_evaluated,,False,,https://clinicaltrials.gov/study/NCT01176916,2026-09-04,automated_triage_only,official_name_zh | english_name | short_names | historical_names | unified_social_credit_code,,,
127,ctg,cnha-pending-de611f9415f26a86,"Hua Shan Hospital, Fu Dan University",,,,,,,Unknown,Shanghai,125,,unavailable,,,,registry_reported,not_evaluated,,False,,https://clinicaltrials.gov/study/NCT00240409,2026-09-04,automated_triage_only,official_name_zh | english_name | short_names | historical_names | unified_social_credit_code,,,
128,ctg,cnha-pending-59ed9a28341c6d36,"Renji hospital, Shanghai Jiaotong University School of Medicine",,,,,,,Shanghai Municipality,Shanghai,123,,unavailable,,,,registry_reported,not_evaluated,,False,,https://clinicaltrials.gov/study/NCT01349335,2026-09-04,automated_triage_only,official_name_zh | english_name | short_names | historical_names | unified_social_credit_code,,,
129,ctg,cnha-pending-f88874e606caefcb,Yunnan Cancer Hospital,,,,,,,Yunnan,Kunming,123,,unavailable,,,,registry_reported,not_evaluated,,False,,https://clinicaltrials.gov/study/NCT01176916,2026-09-04,automated_triage_only,official_name_zh | english_name | short_names | historical_names | unified_social_credit_code,,,
130,ctg,cnha-cfdi-3bdbeeaec0a803336bb4fc0b126bdd8e,江西省肿瘤医院,江西省肿瘤医院,江西省肿瘤医院,Jiangxi Provincial Cancer Hospital,,,江西省第二人民医院,江西省,南昌市,122,,unavailable,药临床机构备字2020000594,https://ror.org/00v8g0168,,official_filing,filed,active,False,http://www.jxszlyy.com/,https://beian.cfdi.org.cn/CTMDS/pub/PUB010100.do?method=handle06&curPage=7&pageSize=100,2026-09-05,automated_triage_only,short_names | historical_names | unified_social_credit_code,,,
131,ctg,cnha-ror-03vjkf643,上海第十人民医院,,上海第十人民医院,Shanghai Tenth People's Hospital,,,,上海市,Shanghai,121,,unavailable,,https://ror.org/03vjkf643,,reference_curated,not_linked,active,False,https://www.shdsyy.com.cn/,https://ror.org/03vjkf643,2026-09-05,automated_triage_only,official_name_zh | short_names | historical_names | unified_social_credit_code,,,
132,ctg,cnha-pending-ad8c266ac68ffebf,The First Affiliated Hospital with Nanjing Medical University,,,,,,,Jiangsu,Nanjing,120,,unavailable,,,,registry_reported,not_evaluated,,False,,https://clinicaltrials.gov/study/NCT01474499,2026-09-04,automated_triage_only,official_name_zh | english_name | short_names | historical_names | unified_social_credit_code,,,
133,ctg,cnha-cfdi-d482f73ec0a8033332700273742c74b6,上海交通大学医学院附属仁济医院,上海交通大学医学院附属仁济医院,上海交通大学医学院附属仁济医院,Renji Hospital,,,,上海市,上海市,119,,unavailable,药临床机构备字2020000105,https://ror.org/03ypbx660,,official_filing,filed,active,False,http://www.renji.com/Index.aspx,https://beian.cfdi.org.cn/CTMDS/pub/PUB010100.do?method=handle06&curPage=2&pageSize=100,2026-09-05,automated_triage_only,short_names | historical_names | unified_social_credit_code,,,
134,ctg,cnha-pending-c96b62139dd95b1d,Shanxi Bethune Hospital,,,,,,,Shanxi,Taiyuan,118,,unavailable,,,,registry_reported,not_evaluated,,False,,https://clinicaltrials.gov/study/NCT03093116,2026-09-04,automated_triage_only,official_name_zh | english_name | short_names | historical_names | unified_social_credit_code,,,
135,ctg,cnha-ror-02tbvhh96,First Affiliated Hospital of Xi'an Jiaotong University,,,First Affiliated Hospital of Xi'an Jiaotong University,,,,陕西省,Xi'an,118,,unavailable,,https://ror.org/02tbvhh96,,reference_curated,not_linked,active,False,http://www.dyyy.xjtu.edu.cn/,https://ror.org/02tbvhh96,2026-09-05,automated_triage_only,official_name_zh | short_names | historical_names | unified_social_credit_code,,,
136,ctg,cnha-cfdi-cf7fafe0c0a803337c221769696693dc,中山大学孙逸仙纪念医院,中山大学孙逸仙纪念医院,,Sun Yat-sen Memorial Hospital,,,,广东省,广州市,117,,unavailable,药临床机构备字2020000516,https://ror.org/01px77p81,,official_filing,filed,active,False,http://www.syshospital.com/,https://beian.cfdi.org.cn/CTMDS/pub/PUB010100.do?method=handle06&curPage=6&pageSize=100,2026-09-05,official_fields_partially_reviewed,short_names | historical_names | unified_social_credit_code,,,
137,ctg,cnha-cfdi-ee623edbc0a8033330de327baef0596f,首都医科大学附属北京同仁医院,首都医科大学附属北京同仁医院,首都医科大学附属北京同仁医院,Beijing Tongren Hospital,BTH,,,北京市,北京市,117,,unavailable,药临床机构备字2020000292,https://ror.org/013e4n276,,official_filing,filed,active,False,http://trhos.91health.net,https://beian.cfdi.org.cn/CTMDS/pub/PUB010100.do?method=handle06&curPage=4&pageSize=100,2026-09-05,automated_triage_only,historical_names | unified_social_credit_code,,,
138,ctg,cnha-ror-04gz17b59,江苏省苏北人民医院,,江苏省苏北人民医院,Northern Jiangsu People's Hospital,NJPH,,,江苏省,Yangzhou,115,,unavailable,,https://ror.org/04gz17b59,,reference_curated,not_linked,active,False,http://www.yzsbh.com/Html/News/Articles/537.html,https://ror.org/04gz17b59,2026-09-05,automated_triage_only,official_name_zh | historical_names | unified_social_credit_code,,,
139,ctg,cnha-cfdi-9ab355d1c0a8033305cc8fed8fd9f878,江西省人民医院,江西省人民医院,江西省人民医院,Jiangxi Provincial People's Hospital,,,南昌医学院第一附属医院,江西省,南昌市,114,,unavailable,药临床机构备字2020000731,https://ror.org/01dspcb60,,official_filing,filed,active,False,http://www.jxsrmyy.cn/,https://beian.cfdi.org.cn/CTMDS/pub/PUB010100.do?method=handle06&curPage=8&pageSize=100,2026-09-05,automated_triage_only,short_names | historical_names | unified_social_credit_code,,,
140,ctg,cnha-ror-02h2j1586,北京市心肺血管疾病研究所,,北京市心肺血管疾病研究所,Beijing Anzhen Hospital,,,,北京市,Beijing,112,,unavailable,,https://ror.org/02h2j1586,,reference_curated,not_linked,active,False,http://www.anzhen.org/News/Main?siteId=130,https://ror.org/02h2j1586,2026-09-05,automated_triage_only,official_name_zh | short_names | historical_names | unified_social_credit_code,,,
141,ctg,cnha-ror-047d8yx24,重庆市肿瘤研究所,,重庆市肿瘤研究所,Chongqing Cancer Hospital,,,,重庆市,Chongqing,112,,unavailable,,https://ror.org/047d8yx24,,reference_curated,not_linked,active,False,http://www.cqch.cn/,https://ror.org/047d8yx24,2026-09-05,automated_triage_only,official_name_zh | short_names | historical_names | unified_social_credit_code,,,
142,ctg,cnha-cfdi-e4c2299ec0a8033344cc6b10cb3c6b7f,江苏大学附属医院,江苏大学附属医院,,Affiliated Hospital of Jiangsu University,,,镇江市江滨医院,江苏省,镇江市,110,,unavailable,药临床机构备字2020000767,https://ror.org/028pgd321,,official_filing,filed,active,False,http://www.jdfy.cn/,https://beian.cfdi.org.cn/CTMDS/pub/PUB010100.do?method=handle06&curPage=8&pageSize=100,2026-09-05,official_fields_partially_reviewed,short_names | historical_names | unified_social_credit_code,,,
143,ctg,cnha-ror-02erhaz63,Lanzhou University Second Hospital,,,Lanzhou University Second Hospital,,,,甘肃省,Lanzhou,109,,unavailable,,https://ror.org/02erhaz63,,reference_curated,not_linked,active,False,http://www.ldey.cn/Category_1380/Index.aspx,https://ror.org/02erhaz63,2026-09-05,automated_triage_only,official_name_zh | short_names | historical_names | unified_social_credit_code,,,
144,ctg,cnha-cfdi-5fa1b83ec0a803333f2b2d82ab77ebfe,复旦大学附属华山医院,复旦大学附属华山医院,,Huashan Hospital,,,,上海市,上海市,107,,unavailable,药临床机构备字2020000180,https://ror.org/05201qm87,,official_filing,filed,active,False,http://www.huashan.org.cn/,https://beian.cfdi.org.cn/CTMDS/pub/PUB010100.do?method=handle06&curPage=3&pageSize=100,2026-09-05,official_fields_partially_reviewed,short_names | historical_names | unified_social_credit_code,,,
145,ctg,cnha-cfdi-f37348c4c0a803336341ac6f21808c84,常州市第一人民医院,常州市第一人民医院,常州市第一人民医院,The First People's Hospital of Changzhou,,,,江苏省,常州市,106,,unavailable,药临床机构备字2020000572,https://ror.org/01gaj0s81,,official_filing,filed,active,False,http://www.czfph.com/default.asp,https://beian.cfdi.org.cn/CTMDS/pub/PUB010100.do?method=handle06&curPage=7&pageSize=100,2026-09-05,automated_triage_only,short_names | historical_names | unified_social_credit_code,,,
146,ctg,cnha-cfdi-2378a801c0a8033344aab2495f5daaf2,河北大学附属医院,河北大学附属医院,,Affiliated Hospital of Hebei University,,,,河北省,保定市,105,,unavailable,药临床机构备字2020000262,https://ror.org/049vsq398,,official_filing,filed,active,False,http://www.hbdxfy.cn/,https://beian.cfdi.org.cn/CTMDS/pub/PUB010100.do?method=handle06&curPage=4&pageSize=100,2026-09-05,official_fields_partially_reviewed,short_names | historical_names | unified_social_credit_code,,,
147,ctg,cnha-pending-018093b1b74628f5,Linyi cancer hospital,,,,,,,Shandong,Linyi,105,,unavailable,,,,registry_reported,not_evaluated,,False,,https://clinicaltrials.gov/study/NCT02348450,2026-09-04,automated_triage_only,official_name_zh | english_name | short_names | historical_names | unified_social_credit_code,,,
148,ctg,cnha-ror-053qy4437,北京友谊医院,,北京友谊医院,Beijing Friendship Hospital,,,,北京市,Beijing,104,,unavailable,,https://ror.org/053qy4437,,reference_curated,not_linked,active,False,http://www.bfh.com.cn/,https://ror.org/053qy4437,2026-09-05,automated_triage_only,official_name_zh | short_names | historical_names | unified_social_credit_code,,,
149,ctg,cnha-pending-076aac7ea2f85c0e,ShengJing Hospital of China Medical University,,,,,,,Unknown,Shenyang,103,,unavailable,,,,registry_reported,not_evaluated,,False,,https://clinicaltrials.gov/study/NCT01459081,2026-09-04,automated_triage_only,official_name_zh | english_name | short_names | historical_names | unified_social_credit_code,,,
150,ctg,cnha-cfdi-f8b6f2b9c0a8033316cd39eead68296b,浙江大学医学院附属邵逸夫医院,浙江大学医学院附属邵逸夫医院,浙江大学医学院附属邵逸夫医院,Sir Run Run Shaw Hospital,SRRSH,,,浙江省,,102,,unavailable,药临床机构备字2020000131,https://ror.org/00ka6rp58,,official_filing,filed,active,False,https://www.srrsh.com/,https://beian.cfdi.org.cn/CTMDS/pub/PUB010100.do?method=handle06&curPage=3&pageSize=100,2026-09-05,automated_triage_only,historical_names | unified_social_credit_code,,,
151,ctg,cnha-pending-8645966d5d47644c,The Second Affiliated Hospital of Guangzhou Medical University,,,,,,,Guangdong,Guangzhou,102,,unavailable,,,,registry_reported,not_evaluated,,False,,https://clinicaltrials.gov/study/NCT00413699,2026-09-04,automated_triage_only,official_name_zh | english_name | short_names | historical_names | unified_social_credit_code,,,
152,ctg,cnha-ror-05c74bq69,Shenzhen Second People's Hospital,,,Shenzhen Second People's Hospital,,,,广东省,Shenzhen,102,,unavailable,,https://ror.org/05c74bq69,,reference_curated,not_linked,active,False,http://www.szrch.com/,https://ror.org/05c74bq69,2026-09-05,automated_triage_only,official_name_zh | short_names | historical_names | unified_social_credit_code,,,
153,ctg,cnha-pending-7805c4971c29ec3d,The Second Affiliated Hospital of Chongqing Medical University,,,,,,,Chongqing Municipality,Chongqing,101,,unavailable,,,,registry_reported,not_evaluated,,False,,https://clinicaltrials.gov/study/NCT01404169,2026-09-04,automated_triage_only,official_name_zh | english_name | short_names | historical_names | unified_social_credit_code,,,
154,ctg,cnha-pending-ed0f5e1f54a51d4d,The First Affiliated Hospital of Soochow University,,,,,,,Unknown,Suzhou,101,,unavailable,,,,registry_reported,not_evaluated,,False,,https://clinicaltrials.gov/study/NCT00413413,2026-09-04,automated_triage_only,official_name_zh | english_name | short_names | historical_names | unified_social_credit_code,,,
155,ctg,cnha-pending-40ff0242eef28973,The Second Affiliated Hospital of Soochow University,,,,,,,Jiangsu,Suzhou,100,,unavailable,,,,registry_reported,not_evaluated,,False,,https://clinicaltrials.gov/study/NCT00724724,2026-09-04,automated_triage_only,official_name_zh | english_name | short_names | historical_names | unified_social_credit_code,,,
156,ctg,cnha-pending-d3cdd7794abc91fb,Tianjin Medical University Cancer Institute & Hospital,,,,,,,Unknown,Tianjin,100,,unavailable,,,,registry_reported,not_evaluated,,False,,https://clinicaltrials.gov/study/NCT02626455,2026-09-04,automated_triage_only,official_name_zh | english_name | short_names | historical_names | unified_social_credit_code,,,
157,ctg,cnha-pending-e85a42099c08e416,The Third Affiliated Hospital of Sun Yat-Sen University,,,,,,,Guangdong,Guangzhou,100,,unavailable,,,,registry_reported,not_evaluated,,False,,https://clinicaltrials.gov/study/NCT00413699,2026-09-04,automated_triage_only,official_name_zh | english_name | short_names | historical_names | unified_social_credit_code,,,
158,ctg,cnha-pending-ea63b7619995ba43,The Affiliated Hospital of Guizhou Medical University,,,,,,,Guizhou,Guiyang,99,,unavailable,,,,registry_reported,not_evaluated,,False,,https://clinicaltrials.gov/study/NCT02336178,2026-09-04,automated_triage_only,official_name_zh | english_name | short_names | historical_names | unified_social_credit_code,,,
159,ctg,cnha-pending-eb24d36cdc926016,The Second Xiangya Hospital of Central South University,,,,,,,Unknown,Changsha,98,,unavailable,,,,registry_reported,not_evaluated,,False,,https://clinicaltrials.gov/study/NCT01192880,2026-09-04,automated_triage_only,official_name_zh | english_name | short_names | historical_names | unified_social_credit_code,,,
160,ctg,cnha-pending-f2e1d3dddb323acb,The First Affiliated Hospital of Wenzhou Medical University,,,,,,,Unknown,Wenzhou,98,,unavailable,,,,registry_reported,not_evaluated,,False,,https://clinicaltrials.gov/study/NCT02544789,2026-09-04,automated_triage_only,official_name_zh | english_name | short_names | historical_names | unified_social_credit_code,,,
161,ctg,cnha-pending-5a933f9c966f9fdf,Sichuan Provincial People's Hospital,,,,,,,Unknown,Chengdu,97,,unavailable,,,,registry_reported,not_evaluated,,False,,https://clinicaltrials.gov/study/NCT01358877,2026-09-04,automated_triage_only,official_name_zh | english_name | short_names | historical_names | unified_social_credit_code,,,
162,ctg,cnha-cfdi-59ab496ec0a8033369c6dc64de81f975,湖南省人民医院,湖南省人民医院,湖南省人民医院,Hunan Provincial People's Hospital,,,湖南师范大学附属第一医院,湖南省,长沙市,96,,unavailable,药临床机构备字2020000299,https://ror.org/03wwr4r78,,official_filing,filed,active,False,http://www.hnsrmyy.com/,https://beian.cfdi.org.cn/CTMDS/pub/PUB010100.do?method=handle06&curPage=4&pageSize=100,2026-09-05,automated_triage_only,short_names | historical_names | unified_social_credit_code,,,
163,ctg,cnha-cfdi-a8ca5ae4c0a803332f40cb299fdbe61d,东莞市人民医院,东莞市人民医院,东莞市人民医院,Dongguan People’s Hospital,,,,广东省,东莞市,96,,unavailable,药临床机构备字2020000096,https://ror.org/022s5gm85,,official_filing,filed,active,False,http://www.dgphospital.com,https://beian.cfdi.org.cn/CTMDS/pub/PUB010100.do?method=handle06&curPage=2&pageSize=100,2026-09-05,automated_triage_only,short_names | historical_names | unified_social_credit_code,,,
164,ctg,cnha-cfdi-d624272dc0a80333145e4fbaf6f26c0a,聊城市人民医院,聊城市人民医院,聊城市人民医院,Liaocheng People's Hospital,,,,山东省,聊城市,95,,unavailable,药临床机构备字2020000868,https://ror.org/052vn2478,,official_filing,filed,active,False,http://www.lchospital.cn/,https://beian.cfdi.org.cn/CTMDS/pub/PUB010100.do?method=handle06&curPage=9&pageSize=100,2026-09-05,automated_triage_only,short_names | historical_names | unified_social_credit_code,,,
165,ctg,cnha-pending-df5aa8bfccbaf4d9,Beijing Friendship Hospital Capital Medical University,,,,,,,Unknown,Beijing,95,,unavailable,,,,registry_reported,not_evaluated,,False,,https://clinicaltrials.gov/study/NCT01496521,2026-09-04,automated_triage_only,official_name_zh | english_name | short_names | historical_names | unified_social_credit_code,,,
166,ctg,cnha-pending-ed992210e8706130,Shanxi Cancer Hospital,,,,,,,Shanxi,Taiyuan,95,,unavailable,,,,registry_reported,not_evaluated,,False,,https://clinicaltrials.gov/study/NCT01642771,2026-09-04,automated_triage_only,official_name_zh | english_name | short_names | historical_names | unified_social_credit_code,,,
167,ctg,cnha-cfdi-0b707dd0c0a8033311cd017b78273291,潍坊市人民医院,潍坊市人民医院,潍坊市人民医院,Weifang People's Hospital,,,,山东省,潍坊市,94,,unavailable,药临床机构备字2020000538,https://ror.org/01xd2tj29,,official_filing,filed,active,False,http://www.wfph.cn/,https://beian.cfdi.org.cn/CTMDS/pub/PUB010100.do?method=handle06&curPage=6&pageSize=100,2026-09-05,automated_triage_only,short_names | historical_names | unified_social_credit_code,,,
168,ctg,cnha-pending-3f1f58cf27d2f38e,The Second Affiliated Hospital of Nanjing Medical University,,,,,,,Jiangsu,Nanjing,94,,unavailable,,,,registry_reported,not_evaluated,,False,,https://clinicaltrials.gov/study/NCT01677208,2026-09-04,automated_triage_only,official_name_zh | english_name | short_names | historical_names | unified_social_credit_code,,,
169,ctg,cnha-pending-ef5ec6125d920bfb,The Second Hospital of Jilin University,,,,,,,Jilin,Changchun,94,,unavailable,,,,registry_reported,not_evaluated,,False,,https://clinicaltrials.gov/study/NCT00786136,2026-09-04,automated_triage_only,official_name_zh | english_name | short_names | historical_names | unified_social_credit_code,,,
170,ctg,cnha-ror-02vzqaq35,First Hospital of Shanxi Medical University,,,First Hospital of Shanxi Medical University,,,,山西省,Taiyuan,94,,unavailable,,https://ror.org/02vzqaq35,,reference_curated,not_linked,active,False,http://www.sydyy.net.cn/,https://ror.org/02vzqaq35,2026-09-05,automated_triage_only,official_name_zh | short_names | historical_names | unified_social_credit_code,,,
171,ctg,cnha-pending-3e44cee3f228cd54,The Second Affiliated Hospital of Anhui Medical University,,,,,,,Anhui,Hefei,93,,unavailable,,,,registry_reported,not_evaluated,,False,,https://clinicaltrials.gov/study/NCT01657812,2026-09-04,automated_triage_only,official_name_zh | english_name | short_names | historical_names | unified_social_credit_code,,,
172,ctg,cnha-pending-2cc23ea466fce230,Huashan Hospital Affiliated to Fudan University,,,,,,,Shanghai Municipality,Shanghai,92,,unavailable,,,,registry_reported,not_evaluated,,False,,https://clinicaltrials.gov/study/NCT01470859,2026-09-04,automated_triage_only,official_name_zh | english_name | short_names | historical_names | unified_social_credit_code,,,
173,ctg,cnha-pending-7c4167d8ba7f6bfd,Tianjin Cancer Hospital,,,,,,,Tianjin Municipality,Tianjin,92,,unavailable,,,,registry_reported,not_evaluated,,False,,https://clinicaltrials.gov/study/NCT00445458,2026-09-04,automated_triage_only,official_name_zh | english_name | short_names | historical_names | unified_social_credit_code,,,
174,ctg,cnha-cfdi-dac651f9c0a8033306f8c466867e4477,中国医学科学院阜外医院,中国医学科学院阜外医院,中国医学科学院阜外心血管病医院,Fu Wai Hospital,,,,北京市,北京市,91,,unavailable,药临床机构备字2020000085,https://ror.org/0590dnz19,,official_filing,filed,active,False,http://www.fuwaihospital.org/News/Main?siteId=527,https://beian.cfdi.org.cn/CTMDS/pub/PUB010100.do?method=handle06&curPage=2&pageSize=100,2026-09-05,official_fields_partially_reviewed,short_names | historical_names | unified_social_credit_code,,,
175,ctg,cnha-pending-bec128e66ca91f72,The First Affiliated Hospital of Harbin Medical University,,,,,,,Heilongjiang,Harbin,91,,unavailable,,,,registry_reported,not_evaluated,,False,,https://clinicaltrials.gov/study/NCT01396122,2026-09-04,automated_triage_only,official_name_zh | english_name | short_names | historical_names | unified_social_credit_code,,,
176,ctg,cnha-cfdi-443b6fddc0a803334e068a5722e251fc,贵州省人民医院,贵州省人民医院,贵州省人民医院,Guizhou Provincial People's Hospital,,,,贵州省,贵阳市,90,,unavailable,药临床机构备字2020000852,https://ror.org/046q1bp69,,official_filing,filed,active,False,http://www.5055.cn/,https://beian.cfdi.org.cn/CTMDS/pub/PUB010100.do?method=handle06&curPage=9&pageSize=100,2026-09-05,automated_triage_only,short_names | historical_names | unified_social_credit_code,,,
177,ctg,cnha-cfdi-a900ffadc0a803333486f23102c2e40e,天津市人民医院,天津市人民医院,天津市人民医院,Tianjin People's Hospital,,,,天津市,天津市,90,,unavailable,药临床机构备字2020000182,https://ror.org/01x62kg38,,official_filing,filed,active,False,http://www.umc.net.cn/,https://beian.cfdi.org.cn/CTMDS/pub/PUB010100.do?method=handle06&curPage=3&pageSize=100,2026-09-05,automated_triage_only,short_names | historical_names | unified_social_credit_code,,,
178,ctg,cnha-pending-0e5dc2b76f5192bb,Xinhua Hospital Affiliated to Shanghai Jiaotong University School of Medicine,,,,,,,Shanghai Municipality,Shanghai,90,,unavailable,,,,registry_reported,not_evaluated,,False,,https://clinicaltrials.gov/study/NCT00829660,2026-09-04,automated_triage_only,official_name_zh | english_name | short_names | historical_names | unified_social_credit_code,,,
179,ctg,cnha-pending-41d4596deda085e3,The first bethune hospital of Jilin university,,,,,,,Jilin,Changchun,89,,unavailable,,,,registry_reported,not_evaluated,,False,,https://clinicaltrials.gov/study/NCT01232374,2026-09-04,automated_triage_only,official_name_zh | english_name | short_names | historical_names | unified_social_credit_code,,,
180,ctg,cnha-pending-939755ef7e59a1b4,Liaoning Cancer Hospital,,,,,,,Liaoning,Shenyang,89,,unavailable,,,,registry_reported,not_evaluated,,False,,https://clinicaltrials.gov/study/NCT02121405,2026-09-04,automated_triage_only,official_name_zh | english_name | short_names | historical_names | unified_social_credit_code,,,
181,ctg,cnha-pending-74a98845fc07084e,Taizhou Hospital of zhejiang Province,,,,,,,Zhejiang,Taizhou,88,,unavailable,,,,registry_reported,not_evaluated,,False,,https://clinicaltrials.gov/study/NCT00677755,2026-09-04,automated_triage_only,official_name_zh | english_name | short_names | historical_names | unified_social_credit_code,,,
182,ctg,cnha-ror-01nnwyz44,公共卫生临床中心,,公共卫生临床中心,Shanghai Public Health Clinical Center,SPHCC,,,上海市,Shanghai,88,,unavailable,,https://ror.org/01nnwyz44,,reference_curated,not_linked,active,False,http://www.shaphc.org/default.aspx,https://ror.org/01nnwyz44,2026-09-05,automated_triage_only,official_name_zh | historical_names | unified_social_credit_code,,,
183,ctg,cnha-pending-e84d07cb88a21554,the Sixth Affiliated Hospital of Sun Yat-sen University,,,,,,,Guangdong,Guangzhou,87,,unavailable,,,,registry_reported,not_evaluated,,False,,https://clinicaltrials.gov/study/NCT01552967,2026-09-04,automated_triage_only,official_name_zh | english_name | short_names | historical_names | unified_social_credit_code,,,
184,ctg,cnha-ror-02jqapy19,Qingdao Municipal Hospital,,,Qingdao Municipal Hospital,,,,山东省,Qingdao,87,,unavailable,,https://ror.org/02jqapy19,,reference_curated,not_linked,active,False,http://qdslyy.qdslyy.cn/,https://ror.org/02jqapy19,2026-09-05,automated_triage_only,official_name_zh | short_names | historical_names | unified_social_credit_code,,,
185,ctg,cnha-cfdi-178e4af7c0a80333007a1e99b7a2da53,广西壮族自治区人民医院,广西壮族自治区人民医院,广西壮族自治区人民医院,The People's Hospital of Guangxi Zhuang Autonomous Region,,,,广西壮族自治区,南宁市,86,,unavailable,药临床机构备字2020000564,https://ror.org/02aa8kj12,,official_filing,filed,active,False,http://www.gxhospital.com/,https://beian.cfdi.org.cn/CTMDS/pub/PUB010100.do?method=handle06&curPage=7&pageSize=100,2026-09-05,automated_triage_only,short_names | historical_names | unified_social_credit_code,,,
186,ctg,cnha-cfdi-7d960a6cc0a803333c09ac6228e51753,福州大学附属省立医院,福州大学附属省立医院,福建省立医院,Fujian Provincial Hospital,,,福建省立医院,福建省,福州市,86,,unavailable,药临床机构备字2020000902,https://ror.org/045wzwx52,,official_filing,filed,active,False,http://www.fjsl.com.cn/,https://beian.cfdi.org.cn/CTMDS/pub/PUB010100.do?method=handle06&curPage=10&pageSize=100,2026-09-05,official_fields_partially_reviewed,short_names | historical_names | unified_social_credit_code,,,
187,ctg,cnha-ror-05pkzpg75,宁波市第一医院,,宁波市第一医院,Ningbo First Hospital,,,,浙江省,Ningbo,86,,unavailable,,https://ror.org/05pkzpg75,,reference_curated,not_linked,active,False,http://www.nbdyyy.com,https://ror.org/05pkzpg75,2026-09-05,automated_triage_only,official_name_zh | short_names | historical_names | unified_social_credit_code,,,
188,ctg,cnha-cfdi-a10466e9c0a803333b937f30e488fed6,临沂市人民医院,临沂市人民医院,临沂市人民医院,Linyi People's Hospital,,,,山东省,临沂市,85,,unavailable,药临床机构备字2020000854,https://ror.org/011r8ce56,,official_filing,filed,active,False,http://www.ly120.cn/,https://beian.cfdi.org.cn/CTMDS/pub/PUB010100.do?method=handle06&curPage=9&pageSize=100,2026-09-05,automated_triage_only,short_names | historical_names | unified_social_credit_code,,,
189,ctg,cnha-pending-03402c34145557c2,The First Affiliated Hospital of Xinjiang Medical University,,,,,,,Xinjiang,Ürümqi,85,,unavailable,,,,registry_reported,not_evaluated,,False,,https://clinicaltrials.gov/study/NCT01232504,2026-09-04,automated_triage_only,official_name_zh | english_name | short_names | historical_names | unified_social_credit_code,,,
190,ctg,cnha-pending-a269e094691c5581,Guangxi Medical University Cancer Hospital,,,,,,,Guangxi,Nanning,85,,unavailable,,,,registry_reported,not_evaluated,,False,,https://clinicaltrials.gov/study/NCT04229355,2026-09-04,automated_triage_only,official_name_zh | english_name | short_names | historical_names | unified_social_credit_code,,,
191,ctg,cnha-pending-d121e5dde0cd8495,The First Affiliated Hospital of Xiamen University,,,,,,,Unknown,Xiamen,85,,unavailable,,,,registry_reported,not_evaluated,,False,,https://clinicaltrials.gov/study/NCT01581398,2026-09-04,automated_triage_only,official_name_zh | english_name | short_names | historical_names | unified_social_credit_code,,,
192,ctg,cnha-cfdi-223461ecc0a8033359a1966478d511c5,宜昌市中心人民医院,宜昌市中心人民医院,宜昌市中心人民医院,Yichang Central People's Hospital,,,,湖北省,宜昌市,84,,unavailable,药临床机构备字2020000216,https://ror.org/04cr34a11,,official_filing,filed,active,False,,https://beian.cfdi.org.cn/CTMDS/pub/PUB010100.do?method=handle06&curPage=3&pageSize=100,2026-09-05,automated_triage_only,short_names | historical_names | unified_social_credit_code,,,
193,ctg,cnha-pending-1a611a120321fc6f,"Nanjing Drum Tower Hospital, the Affiliated Hospital of Nanjing University Medical School",,,,,,,Jiangsu,Nanjing,84,,unavailable,,,,registry_reported,not_evaluated,,False,,https://clinicaltrials.gov/study/NCT01574833,2026-09-04,automated_triage_only,official_name_zh | english_name | short_names | historical_names | unified_social_credit_code,,,
194,ctg,cnha-pending-59ad14297f7865f7,The First Affiliated Hospital of China Medical University,,,,,,,Liaoning,Shenyang,84,,unavailable,,,,registry_reported,not_evaluated,,False,,https://clinicaltrials.gov/study/NCT00145756,2026-09-04,automated_triage_only,official_name_zh | english_name | short_names | historical_names | unified_social_credit_code,,,
195,ctg,cnha-pending-b6582c8819bf3106,"Beijing Anzhen Hospital, Capital Medical University",,,,,,,Beijing Municipality,Beijing,84,,unavailable,,,,registry_reported,not_evaluated,,False,,https://clinicaltrials.gov/study/NCT02192320,2026-09-04,automated_triage_only,official_name_zh | english_name | short_names | historical_names | unified_social_credit_code,,,
196,ctg,cnha-pending-d6953d7a2853ebad,The First Affiliated Hospital of Dalian Medical University,,,,,,,Liaoning,Dalian,84,,unavailable,,,,registry_reported,not_evaluated,,False,,https://clinicaltrials.gov/study/NCT02173457,2026-09-04,automated_triage_only,official_name_zh | english_name | short_names | historical_names | unified_social_credit_code,,,
197,ctg,cnha-pending-d8bbeaa46369eb97,Anhui Provincial Cancer Hospital,,,,,,,Anhui,Hefei,84,,unavailable,,,,registry_reported,not_evaluated,,False,,https://clinicaltrials.gov/study/NCT02725125,2026-09-04,automated_triage_only,official_name_zh | english_name | short_names | historical_names | unified_social_credit_code,,,
198,ctg,cnha-pending-e01d203f627b04ee,The first affiliated hospital of Ningbo university,,,,,,,Zhejiang,Ningbo,84,,unavailable,,,,registry_reported,not_evaluated,,False,,https://clinicaltrials.gov/study/NCT03395197,2026-09-04,automated_triage_only,official_name_zh | english_name | short_names | historical_names | unified_social_credit_code,,,
199,ctg,cnha-ror-02ar02c28,Wuxi Fourth People's Hospital,,,Wuxi Fourth People's Hospital,,,,江苏省,Wuxi,84,,unavailable,,https://ror.org/02ar02c28,,reference_curated,not_linked,active,False,http://wmdw.jswmw.com/wmdw.asp,https://ror.org/02ar02c28,2026-09-05,automated_triage_only,official_name_zh | short_names | historical_names | unified_social_credit_code,,,
200,ctg,cnha-ror-02g01ht84,First Affiliated Hospital of Kunming Medical University,,,First Affiliated Hospital of Kunming Medical University,,,,云南省,Kunming,84,,unavailable,,https://ror.org/02g01ht84,,reference_curated,not_linked,active,False,http://www.ydyy.cn/,https://ror.org/02g01ht84,2026-09-05,automated_triage_only,official_name_zh | short_names | historical_names | unified_social_credit_code,,,
201,ctg,cnha-cfdi-9a4828d4c0a803336d65b0548efdace5,宁波市医疗中心李惠利医院,宁波市医疗中心李惠利医院,宁波市医疗中心李惠利医院,Ningbo Medical Center Lihuili Hospital,,,,浙江省,宁波市,83,,unavailable,药临床机构备字2020000961,https://ror.org/030zcqn97,,official_filing,filed,active,False,http://www.nblhlyy.com,https://beian.cfdi.org.cn/CTMDS/pub/PUB010100.do?method=handle06&curPage=10&pageSize=100,2026-09-05,automated_triage_only,short_names | historical_names | unified_social_credit_code,,,
202,ctg,cnha-pending-2ffa4678eef019fc,Fujian Cancer Hospital,,,,,,,Unknown,Fuzhou,83,,unavailable,,,,registry_reported,not_evaluated,,False,,https://clinicaltrials.gov/study/NCT00486759,2026-09-04,automated_triage_only,official_name_zh | english_name | short_names | historical_names | unified_social_credit_code,,,
203,ctg,cnha-ror-016m2r485,Cangzhou Central Hospital,,,Cangzhou Central Hospital,,,,河北省,Cangzhou,82,,unavailable,,https://ror.org/016m2r485,,reference_curated,not_linked,active,False,http://www.cz96120.com/Article/ShowClass.asp?ClassID=124,https://ror.org/016m2r485,2026-09-05,automated_triage_only,official_name_zh | short_names | historical_names | unified_social_credit_code,,,
204,ctg,cnha-ror-02wc1yz29,Eye & ENT Hospital of Fudan University,,,Eye & ENT Hospital of Fudan University,,,,上海市,Shanghai,82,,unavailable,,https://ror.org/02wc1yz29,,reference_curated,not_linked,active,False,http://www.fdeent.org/,https://ror.org/02wc1yz29,2026-09-05,automated_triage_only,official_name_zh | short_names | historical_names | unified_social_credit_code,,,
205,ctg,cnha-pending-bcf5024dfc53fc28,Fudan University Cancer Hospital,,,,,,,Shanghai Municipality,Shanghai,81,,unavailable,,,,registry_reported,not_evaluated,,False,,https://clinicaltrials.gov/study/NCT00524849,2026-09-04,automated_triage_only,official_name_zh | english_name | short_names | historical_names | unified_social_credit_code,,,
206,ctg,cnha-pending-117a0164281026f0,"The FIrst Affiliated Hospital, College of Medicine, Zhejiang University",,,,,,,Zhejiang,Hangzhou,80,,unavailable,,,,registry_reported,not_evaluated,,False,,https://clinicaltrials.gov/study/NCT01755325,2026-09-04,automated_triage_only,official_name_zh | english_name | short_names | historical_names | unified_social_credit_code,,,
207,ctg,cnha-pending-7a1dec3d226e37f1,"Second Affiliated Hospital, School of Medicine, Zhejiang University",,,,,,,Zhejiang,Hangzhou,80,,unavailable,,,,registry_reported,not_evaluated,,False,,https://clinicaltrials.gov/study/NCT01443338,2026-09-04,automated_triage_only,official_name_zh | english_name | short_names | historical_names | unified_social_credit_code,,,
208,ctg,cnha-pending-a2b8a06d80b6a74b,The first affiliated hospital of zhejiang university school of medicine,,,,,,,Zhejiang,Hangzhou,80,,unavailable,,,,registry_reported,not_evaluated,,False,,https://clinicaltrials.gov/study/NCT02188082,2026-09-04,automated_triage_only,official_name_zh | english_name | short_names | historical_names | unified_social_credit_code,,,
209,ctg,cnha-pending-14f44f015d3edf4c,"Renji Hospital, Shanghai Jiao Tong University school of medicine",,,,,,,Unknown,Shanghai,79,,unavailable,,,,registry_reported,not_evaluated,,False,,https://clinicaltrials.gov/study/NCT00906555,2026-09-04,automated_triage_only,official_name_zh | english_name | short_names | historical_names | unified_social_credit_code,,,
210,ctg,cnha-pending-ffcb4d32bf142b18,"Cancer Center, Sun Yat-sen University",,,,,,,Guangdong,Guangzhou,79,,unavailable,,,,registry_reported,not_evaluated,,False,,https://clinicaltrials.gov/study/NCT00262327,2026-09-04,automated_triage_only,official_name_zh | english_name | short_names | historical_names | unified_social_credit_code,,,
211,ctg,cnha-cfdi-aa5e801bc0a80333103950ba923572ae,湖州市中心医院,湖州市中心医院,湖州市中心医院,Huzhou Central Hospital,,,,浙江省,湖州市,78,,unavailable,药临床机构备字2020000265,https://ror.org/01czx1v82,,official_filing,filed,active,False,http://www.hzhospital.com/,https://beian.cfdi.org.cn/CTMDS/pub/PUB010100.do?method=handle06&curPage=4&pageSize=100,2026-09-05,automated_triage_only,short_names | historical_names | unified_social_credit_code,,,
212,ctg,cnha-cfdi-efcef543c0a803333bac3cae8cf3a7ca,济宁医学院附属医院,济宁医学院附属医院,,Affiliated Hospital of Jining Medical University,,,,山东省,济宁市,78,,unavailable,药临床机构备字2020000573,https://ror.org/05e8kbn88,,official_filing,filed,active,False,http://www.jyfy.com.cn/,https://beian.cfdi.org.cn/CTMDS/pub/PUB010100.do?method=handle06&curPage=7&pageSize=100,2026-09-05,official_fields_partially_reviewed,short_names | historical_names | unified_social_credit_code,,,
213,ctg,cnha-pending-d27d4b1cfde2fe0c,Sir Run Run Shaw Hospital Zhejiang University School of Medicine,,,,,,,Unknown,Hangzhou,76,,unavailable,,,,registry_reported,not_evaluated,,False,,https://clinicaltrials.gov/study/NCT02205112,2026-09-04,automated_triage_only,official_name_zh | english_name | short_names | historical_names | unified_social_credit_code,,,
214,ctg,cnha-pending-e9999527cb9dbb66,Tianjin Cancer Hospital,,,,,,,Unknown,Tianjin,76,,unavailable,,,,registry_reported,not_evaluated,,False,,https://clinicaltrials.gov/study/NCT00069121,2026-09-04,automated_triage_only,official_name_zh | english_name | short_names | historical_names | unified_social_credit_code,,,
215,ctg,cnha-pending-f73b90f407c51ac1,The First Affiliated Hospital of Chongqing Medical University,,,,,,,Unknown,Chongqing,76,,unavailable,,,,registry_reported,not_evaluated,,False,,https://clinicaltrials.gov/study/NCT01147627,2026-09-04,automated_triage_only,official_name_zh | english_name | short_names | historical_names | unified_social_credit_code,,,
216,ctg,cnha-pending-d49af3fde3ca1038,The Second Affiliated Hospital of Kunming Medical University,,,,,,,Yun'Nan,Kunming,75,,unavailable,,,,registry_reported,not_evaluated,,False,,https://clinicaltrials.gov/study/NCT06044337,2026-09-04,automated_triage_only,official_name_zh | english_name | short_names | historical_names | unified_social_credit_code,,,
217,ctg,cnha-ror-02jn36537,西南医院,,西南医院,Southwest Hospital,,,,重庆市,Chongqing,75,,unavailable,,https://ror.org/02jn36537,,reference_curated,not_linked,active,False,http://xnyy.cn/,https://ror.org/02jn36537,2026-09-05,automated_triage_only,official_name_zh | short_names | historical_names | unified_social_credit_code,,,
218,ctg,cnha-cfdi-8e20a2dac0a80333543d3dd8675674e1,汕头大学医学院附属肿瘤医院,汕头大学医学院附属肿瘤医院,汕头大学医学院附属肿瘤医院,Cancer Hospital of Shantou University Medical College,,,,广东省,汕头市,74,,unavailable,药临床机构备字2020000102,https://ror.org/00a53nq42,,official_filing,filed,active,False,http://www.sumcch.com/,https://beian.cfdi.org.cn/CTMDS/pub/PUB010100.do?method=handle06&curPage=2&pageSize=100,2026-09-05,automated_triage_only,short_names | historical_names | unified_social_credit_code,,,
219,ctg,cnha-pending-1df7cafcbeb7f51e,Jilin Cancer Hospital,,,,,,,Unknown,Changchun,74,,unavailable,,,,registry_reported,not_evaluated,,False,,https://clinicaltrials.gov/study/NCT00567190,2026-09-04,automated_triage_only,official_name_zh | english_name | short_names | historical_names | unified_social_credit_code,,,
220,ctg,cnha-cfdi-637b975dc0a803333264020224c4f75d,陕西省人民医院,陕西省人民医院,陕西省人民医院,Shaanxi Provincial People's Hospital,,,,陕西省,西安市,73,,unavailable,药临床机构备字2020000158,https://ror.org/009czp143,,official_filing,filed,active,False,http://www.spph-sx.com/,https://beian.cfdi.org.cn/CTMDS/pub/PUB010100.do?method=handle06&curPage=3&pageSize=100,2026-09-05,automated_triage_only,short_names | historical_names | unified_social_credit_code,,,
221,ctg,cnha-pending-db76542d4b2116b8,"BeiJing YouAn Hospital ,Capital Medical University",,,,,,,Beijing Municipality,Beijing,73,,unavailable,,,,registry_reported,not_evaluated,,False,,https://clinicaltrials.gov/study/NCT00962533,2026-09-04,automated_triage_only,official_name_zh | english_name | short_names | historical_names | unified_social_credit_code,,,
222,ctg,cnha-cfdi-87bad074c0a80333038e13e2148ea3da,南京医科大学附属淮安第一医院,南京医科大学附属淮安第一医院,淮安市第一人民医院,Huaian First People’s Hospital,,,淮安市第一人民医院,江苏省,淮安市,72,,unavailable,药临床机构备字2020000883,https://ror.org/00xpfw690,,official_filing,filed,active,False,http://www.hasyy.com/,https://beian.cfdi.org.cn/CTMDS/pub/PUB010100.do?method=handle06&curPage=9&pageSize=100,2026-09-05,automated_triage_only,short_names | historical_names | unified_social_credit_code,,,
223,ctg,cnha-pending-0f0c1d084ed4f7f9,Zhong Shan Hospital affiliated to Fudan University,,,,,,,Shanghai Municipality,Shanghai,72,,unavailable,,,,registry_reported,not_evaluated,,False,,https://clinicaltrials.gov/study/NCT00749463,2026-09-04,automated_triage_only,official_name_zh | english_name | short_names | historical_names | unified_social_credit_code,,,
224,ctg,cnha-pending-db3b3555208c2aa1,Xiangyang Central Hospital,,,,,,,Hubei,Xiangyang,72,,unavailable,,,,registry_reported,not_evaluated,,False,,https://clinicaltrials.gov/study/NCT01612260,2026-09-04,automated_triage_only,official_name_zh | english_name | short_names | historical_names | unified_social_credit_code,,,
225,ctg,cnha-pending-e1345c8ebd9de006,The First Affiliated Hospital ZheJiang University,,,,,,,Zhejiang,Hangzhou,72,,unavailable,,,,registry_reported,not_evaluated,,False,,https://clinicaltrials.gov/study/NCT01897805,2026-09-04,automated_triage_only,official_name_zh | english_name | short_names | historical_names | unified_social_credit_code,,,
226,ctg,cnha-pending-2c47753fd58d8f63,"Tongji Hospital of Tongji Medical College, Huazhong University of Science and Technology",,,,,,,Hubei,Wuhan,71,,unavailable,,,,registry_reported,not_evaluated,,False,,https://clinicaltrials.gov/study/NCT00413699,2026-09-04,automated_triage_only,official_name_zh | english_name | short_names | historical_names | unified_social_credit_code,,,
227,ctg,cnha-pending-bf60bab0aa20e8ba,Rui Jin Hospital Affiliated to Shanghai Jiao Tong University School of Medicine,,,,,,,Shanghai Municipality,Shanghai,71,,unavailable,,,,registry_reported,not_evaluated,,False,,https://clinicaltrials.gov/study/NCT01403532,2026-09-04,automated_triage_only,official_name_zh | english_name | short_names | historical_names | unified_social_credit_code,,,
228,ctg,cnha-pending-07986ee3fa432d17,Beijing Tongren Hospital Capital Medical University,,,,,,,Beijing Municipality,Beijing,70,,unavailable,,,,registry_reported,not_evaluated,,False,,https://clinicaltrials.gov/study/NCT01897805,2026-09-04,automated_triage_only,official_name_zh | english_name | short_names | historical_names | unified_social_credit_code,,,
229,ctg,cnha-pending-5211ffa49ad39f5b,"Cancer Institute and Hospital ,Chinese Academy of Medical Sciences",,,,,,,Beijing Municipality,Beijing,70,,unavailable,,,,registry_reported,not_evaluated,,False,,https://clinicaltrials.gov/study/NCT00920816,2026-09-04,automated_triage_only,official_name_zh | english_name | short_names | historical_names | unified_social_credit_code,,,
230,ctg,cnha-cfdi-556fc35ac0a8033337b37344bce4537d,绵阳市中心医院,绵阳市中心医院,绵阳市中心医院,Mianyang Central Hospital,,,,四川省,绵阳市,69,,unavailable,药临床机构备字2020000123,https://ror.org/00s528j33,,official_filing,filed,active,False,http://www.myzxyy.com/,https://beian.cfdi.org.cn/CTMDS/pub/PUB010100.do?method=handle06&curPage=2&pageSize=100,2026-09-05,automated_triage_only,short_names | historical_names | unified_social_credit_code,,,
231,ctg,cnha-pending-32af6d1a54480c7e,The Second Hospital of Dalian Medical University,,,,,,,Liaoning,Dalian,69,,unavailable,,,,registry_reported,not_evaluated,,False,,https://clinicaltrials.gov/study/NCT01548378,2026-09-04,automated_triage_only,official_name_zh | english_name | short_names | historical_names | unified_social_credit_code,,,
232,ctg,cnha-ror-035t17984,北京市创伤骨科研究所,,北京市创伤骨科研究所,Beijing Jishuitan Hospital,,,,北京市,Beijing,69,,unavailable,,https://ror.org/035t17984,,reference_curated,not_linked,active,False,http://www.jst-hosp.com.cn/,https://ror.org/035t17984,2026-09-05,automated_triage_only,official_name_zh | short_names | historical_names | unified_social_credit_code,,,
233,ctg,cnha-cfdi-90498cb3c0a80333608cf87ec8056ce6,山西医科大学第二医院,山西医科大学第二医院,山西医科大学第二医院,Second Hospital of Shanxi Medical University,,,山西医科大学第二医院互联网医院 | 山西红十字医院,山西省,太原市,68,,unavailable,药临床机构备字2020000537,https://ror.org/03tn5kh37,,official_filing,filed,active,False,http://www.sydey.com/,https://beian.cfdi.org.cn/CTMDS/pub/PUB010100.do?method=handle06&curPage=6&pageSize=100,2026-09-05,automated_triage_only,short_names | historical_names | unified_social_credit_code,,,
234,ctg,cnha-pending-5307bc88d97ba1a5,Chongqing University Cancer Hospital,,,,,,,Unknown,Chongqing,68,,unavailable,,,,registry_reported,not_evaluated,,False,,https://clinicaltrials.gov/study/NCT02584478,2026-09-04,automated_triage_only,official_name_zh | english_name | short_names | historical_names | unified_social_credit_code,,,
235,ctg,cnha-pending-bd06040496d13516,The First Affiliated Hospital of Guangzhou Medical University,,,,,,,Unknown,Guangzhou,68,,unavailable,,,,registry_reported,not_evaluated,,False,,https://clinicaltrials.gov/study/NCT01364012,2026-09-04,automated_triage_only,official_name_zh | english_name | short_names | historical_names | unified_social_credit_code,,,
236,ctg,cnha-ror-010826a91,上海第九人民医院,,上海第九人民医院,Shanghai Ninth People's Hospital,,,,上海市,Shanghai,68,,unavailable,,https://ror.org/010826a91,,reference_curated,not_linked,active,False,http://www.9hospital.net/djy_web/html/djy/portal/index/index.htm,https://ror.org/010826a91,2026-09-05,automated_triage_only,official_name_zh | short_names | historical_names | unified_social_credit_code,,,
237,ctg,cnha-ror-01whmzn59,上海徐汇中心医院,,上海徐汇中心医院,Shanghai Xuhui Central Hospital,,,,上海市,Shanghai,68,,unavailable,,https://ror.org/01whmzn59,,reference_curated,not_linked,active,False,http://www.hospital-cas.cn/cn/ABOUT/about8.asp,https://ror.org/01whmzn59,2026-09-05,automated_triage_only,official_name_zh | short_names | historical_names | unified_social_credit_code,,,
238,ctg,cnha-ror-05v6r7450,上海皮肤病医院长宁区门诊部,,上海皮肤病医院长宁区门诊部,Shanghai Skin Disease Hospital,SDH,,,上海市,Shanghai,68,,unavailable,,https://ror.org/05v6r7450,,reference_curated,not_linked,active,False,http://www.shskin.com/,https://ror.org/05v6r7450,2026-09-05,automated_triage_only,official_name_zh | historical_names | unified_social_credit_code,,,
239,ctg,cnha-cfdi-8943f31ac0a80333354a0df6962a1108,福建省肿瘤医院,福建省肿瘤医院,福建省肿瘤医院,Fujian Provincial Cancer Hospital,,,,福建省,福州市,67,,unavailable,药临床机构备字2020000620,https://ror.org/058ms9w43,,official_filing,filed,active,False,http://www.fjzl.com.cn/,https://beian.cfdi.org.cn/CTMDS/pub/PUB010100.do?method=handle06&curPage=7&pageSize=100,2026-09-05,automated_triage_only,short_names | historical_names | unified_social_credit_code,,,
240,ctg,cnha-cfdi-b797ac6ec0a8033377b0e5412a0d24da,南通市肿瘤医院,南通市肿瘤医院,南通市肿瘤医院,Nantong Tumor Hospital,,,,江苏省,南通市,67,,unavailable,药临床机构备字2020000323,https://ror.org/01egmr022,,official_filing,filed,active,False,http://www.ntzlyy.cn,https://beian.cfdi.org.cn/CTMDS/pub/PUB010100.do?method=handle06&curPage=4&pageSize=100,2026-09-05,automated_triage_only,short_names | historical_names | unified_social_credit_code,,,
241,ctg,cnha-cfdi-f3c097fec0a803334a989b63c800827f,天津市胸科医院,天津市胸科医院,天津市胸科医院,Tianjin Chest Hospital,TJCH,,,天津市,天津市,66,,unavailable,药临床机构备字2020000638,https://ror.org/05r9v1368,,official_filing,filed,active,False,http://www.chesthospital.com/,https://beian.cfdi.org.cn/CTMDS/pub/PUB010100.do?method=handle06&curPage=7&pageSize=100,2026-09-05,automated_triage_only,historical_names | unified_social_credit_code,,,
242,ctg,cnha-pending-82b256f893b2c72d,Sun Yat-Sen Memorial Hospital of Sun Yat-Sen University,,,,,,,Guangdong,Guangzhou,65,,unavailable,,,,registry_reported,not_evaluated,,False,,https://clinicaltrials.gov/study/NCT01503905,2026-09-04,automated_triage_only,official_name_zh | english_name | short_names | historical_names | unified_social_credit_code,,,
243,ctg,cnha-pending-df36ab61a9c5baaf,The First Affiliated Hospital of Xinxiang Medical University,,,,,,,Henan,Xinxiang,65,,unavailable,,,,registry_reported,not_evaluated,,False,,https://clinicaltrials.gov/study/NCT01885182,2026-09-04,automated_triage_only,official_name_zh | english_name | short_names | historical_names | unified_social_credit_code,,,
244,ctg,cnha-ror-04yvdan45,Tang Du Hospital,,,Tang Du Hospital,,,,陕西省,Xi'an,65,,unavailable,,https://ror.org/04yvdan45,,reference_curated,not_linked,active,False,http://tdwww.fmmu.edu.cn/,https://ror.org/04yvdan45,2026-09-05,automated_triage_only,official_name_zh | short_names | historical_names | unified_social_credit_code,,,
245,ctg,cnha-pending-1330f877db1d154b,"Beijing Tian Tan Hospital, Capital Medical University",,,,,,,Unknown,Beijing,64,,unavailable,,,,registry_reported,not_evaluated,,False,,https://clinicaltrials.gov/study/NCT00979589,2026-09-04,automated_triage_only,official_name_zh | english_name | short_names | historical_names | unified_social_credit_code,,,
246,ctg,cnha-pending-33b8a8c898f39f67,China-Japan Union Hospital of Jilin University,,,,,,,Jilin,Changchun,64,,unavailable,,,,registry_reported,not_evaluated,,False,,https://clinicaltrials.gov/study/NCT00829660,2026-09-04,automated_triage_only,official_name_zh | english_name | short_names | historical_names | unified_social_credit_code,,,
247,ctg,cnha-pending-77c1b8fc55452711,The second affiliated hospital of xi'an jiaotong university,,,,,,,Shaanxi,Xi'an,64,,unavailable,,,,registry_reported,not_evaluated,,False,,https://clinicaltrials.gov/study/NCT02093195,2026-09-04,automated_triage_only,official_name_zh | english_name | short_names | historical_names | unified_social_credit_code,,,
248,ctg,cnha-pending-8bce630f6a158022,Affiliated Hospital of Zunyi Medical University,,,,,,,Guizhou,Zunyi,64,,unavailable,,,,registry_reported,not_evaluated,,False,,https://clinicaltrials.gov/study/NCT02966483,2026-09-04,automated_triage_only,official_name_zh | english_name | short_names | historical_names | unified_social_credit_code,,,
249,ctg,cnha-pending-c7b86fd84d0b6533,"Sun Yat-sen Memorial Hospital, Sun Yat-sen University",,,,,,,Unknown,Guangzhou,64,,unavailable,,,,registry_reported,not_evaluated,,False,,https://clinicaltrials.gov/study/NCT00781612,2026-09-04,automated_triage_only,official_name_zh | english_name | short_names | historical_names | unified_social_credit_code,,,
250,ctg,cnha-pending-c8c8e5f516271739,Shanxi Provincial Cancer Hospital,,,,,,,Shanxi,Taiyuan,64,,unavailable,,,,registry_reported,not_evaluated,,False,,https://clinicaltrials.gov/study/NCT03012984,2026-09-04,automated_triage_only,official_name_zh | english_name | short_names | historical_names | unified_social_credit_code,,,
251,ctg,cnha-ror-04baw4297,Jiangmen Central Hospital,,,Jiangmen Central Hospital,,,,广东省,Jiangmen,64,,unavailable,,https://ror.org/04baw4297,,reference_curated,not_linked,active,False,http://www.bjch.com/,https://ror.org/04baw4297,2026-09-05,automated_triage_only,official_name_zh | short_names | historical_names | unified_social_credit_code,,,
252,ctg,cnha-pending-fe7aeabb4a620773,"the Sixth Affiliated Hospital, Sun Yat-sen University",,,,,,,Guangdong,Guangzhou,63,,unavailable,,,,registry_reported,not_evaluated,,False,,https://clinicaltrials.gov/study/NCT01832337,2026-09-04,automated_triage_only,official_name_zh | english_name | short_names | historical_names | unified_social_credit_code,,,
253,ctg,cnha-cfdi-fe2311f4c0a803333539d49197e1634b,苏州市立医院,苏州市立医院,苏州市立医院,Suzhou Municipal Hospital,,,,江苏省,苏州市,62,,unavailable,药临床机构备字2020000744,https://ror.org/02cdyrc89,,official_filing,filed,active,False,http://smh.cc,https://beian.cfdi.org.cn/CTMDS/pub/PUB010100.do?method=handle06&curPage=8&pageSize=100,2026-09-05,automated_triage_only,short_names | historical_names | unified_social_credit_code,,,
254,ctg,cnha-ror-05pz4ws32,Children's Hospital of Chongqing Medical University,,,Children's Hospital of Chongqing Medical University,CHCMU,,,重庆市,Chongqing,62,,unavailable,,https://ror.org/05pz4ws32,,reference_curated,not_linked,active,False,http://www.cqhmaen.com/b_nr.asp?id=7&type_id=2,https://ror.org/05pz4ws32,2026-09-05,automated_triage_only,official_name_zh | historical_names | unified_social_credit_code,,,
255,ctg,cnha-cfdi-111a51ebc0a8033351ddc3e578d4d069,株洲市中心医院,株洲市中心医院,株洲市中心医院,Zhuzhou Central Hospital,,,,湖南省,株洲市,61,,unavailable,药临床机构备字2020000361,https://ror.org/03prq2784,,official_filing,filed,active,False,http://www.zzszxyy.cn/,https://beian.cfdi.org.cn/CTMDS/pub/PUB010100.do?method=handle06&curPage=5&pageSize=100,2026-09-05,automated_triage_only,short_names | historical_names | unified_social_credit_code,,,
256,ctg,cnha-pending-cd6da00d7de40b5b,"Beijing Anzhen Hospital, Capital Medical University",,,,,,,Unknown,Beijing,61,,unavailable,,,,registry_reported,not_evaluated,,False,,https://clinicaltrials.gov/study/NCT01560052,2026-09-04,automated_triage_only,official_name_zh | english_name | short_names | historical_names | unified_social_credit_code,,,
257,ctg,cnha-cfdi-458e8225c0a803335ec2506c0d2b3ce8,常州市第二人民医院,常州市第二人民医院,常州市第二人民医院,Changzhou No.2 People's Hospital,,,,江苏省,常州市,60,,unavailable,药临床机构备字2020000826,https://ror.org/04bkhy554,,official_filing,filed,active,False,https://www.czey.com/,https://beian.cfdi.org.cn/CTMDS/pub/PUB010100.do?method=handle06&curPage=9&pageSize=100,2026-09-05,automated_triage_only,short_names | historical_names | unified_social_credit_code,,,
258,ctg,cnha-cfdi-558f64c8c0a803333b2960fdbcb95bb7,内蒙古自治区人民医院,内蒙古自治区人民医院,内蒙古自治区人民医院,Inner Mongolia People's Hospital,IMPH,,,内蒙古自治区,呼和浩特市,60,,unavailable,药临床机构备字2020000232,https://ror.org/02yng3249,,official_filing,filed,active,False,http://www.nmgyy.cn/English/index.html,https://beian.cfdi.org.cn/CTMDS/pub/PUB010100.do?method=handle06&curPage=3&pageSize=100,2026-09-05,automated_triage_only,historical_names | unified_social_credit_code,,,
259,ctg,cnha-pending-522e8b686c63d2f1,The First Affiliated Hospital of Kunming Medical University,,,,,,,Yunnan,Kunming,60,,unavailable,,,,registry_reported,not_evaluated,,False,,https://clinicaltrials.gov/study/NCT02586337,2026-09-04,automated_triage_only,official_name_zh | english_name | short_names | historical_names | unified_social_credit_code,,,
260,ctg,cnha-pending-aab9531338114902,The Second Affiliated Hospital of Xi'an Jiao Tong University,,,,,,,Unknown,Xi'an,60,,unavailable,,,,registry_reported,not_evaluated,,False,,https://clinicaltrials.gov/study/NCT03125902,2026-09-04,automated_triage_only,official_name_zh | english_name | short_names | historical_names | unified_social_credit_code,,,
261,ctg,cnha-pending-f1f3a83e4fbe9218,The First Affiliated Hospital of Jinan University,,,,,,,Guangdong,Guangzhou,60,,unavailable,,,,registry_reported,not_evaluated,,False,,https://clinicaltrials.gov/study/NCT00829660,2026-09-04,automated_triage_only,official_name_zh | english_name | short_names | historical_names | unified_social_credit_code,,,
262,ctg,cnha-cfdi-f338e66cc0a803337adcdf3ac9b68fa1,浙江医院,浙江医院,浙江医院,Zhejiang Hospital,,,,浙江省,杭州市,59,,unavailable,药临床机构备字2020000113,https://ror.org/02kzr5g33,,official_filing,filed,active,False,http://english.zjhospital.com.cn/index.html,https://beian.cfdi.org.cn/CTMDS/pub/PUB010100.do?method=handle06&curPage=2&pageSize=100,2026-09-05,automated_triage_only,short_names | historical_names | unified_social_credit_code,,,
263,ctg,cnha-pending-205cefa13a74ca94,"Qilu Hospital, Shandong University",,,,,,,Shandong,Jinan,59,,unavailable,,,,registry_reported,not_evaluated,,False,,https://clinicaltrials.gov/study/NCT01356511,2026-09-04,automated_triage_only,official_name_zh | english_name | short_names | historical_names | unified_social_credit_code,,,
264,ctg,cnha-pending-52387aa588a01ca9,"Cancer Institute and Hospital, Chinese Academy of Medical Sciences",,,,,,,Unknown,Beijing,59,,unavailable,,,,registry_reported,not_evaluated,,False,,https://clinicaltrials.gov/study/NCT00617981,2026-09-04,automated_triage_only,official_name_zh | english_name | short_names | historical_names | unified_social_credit_code,,,
265,ctg,cnha-pending-73b4ce369f88de10,Queen Mary Hospital,,,,,,,Unknown,Hong Kong,59,,unavailable,,,,registry_reported,not_evaluated,,False,,https://clinicaltrials.gov/study/NCT00026338,2026-09-04,automated_triage_only,official_name_zh | english_name | short_names | historical_names | unified_social_credit_code,,,
266,ctg,cnha-pending-cf33525353c0f643,The second Affiliated Hospital of Harbin Medical University,,,,,,,Heilong Jiang,Harbin,59,,unavailable,,,,registry_reported,not_evaluated,,False,,https://clinicaltrials.gov/study/NCT01023919,2026-09-04,automated_triage_only,official_name_zh | english_name | short_names | historical_names | unified_social_credit_code,,,
267,ctg,cnha-pending-e09a1cc4a76a89b8,The first hospital of China medical university,,,,,,,Unknown,Shenyang,59,,unavailable,,,,registry_reported,not_evaluated,,False,,https://clinicaltrials.gov/study/NCT00891579,2026-09-04,automated_triage_only,official_name_zh | english_name | short_names | historical_names | unified_social_credit_code,,,
268,ctg,cnha-pending-e3ac09c5c875ea63,Liuzhou People's Hospital,,,,,,,Guangxi,Liuzhou,59,,unavailable,,,,registry_reported,not_evaluated,,False,,https://clinicaltrials.gov/study/NCT00829660,2026-09-04,automated_triage_only,official_name_zh | english_name | short_names | historical_names | unified_social_credit_code,,,
269,ctg,cnha-pending-fc7c54a79cfbf967,Pingxiang People's Hospital,,,,,,,Jiangxi,Pingxiang,59,,unavailable,,,,registry_reported,not_evaluated,,False,,https://clinicaltrials.gov/study/NCT01885078,2026-09-04,automated_triage_only,official_name_zh | english_name | short_names | historical_names | unified_social_credit_code,,,
270,ctg,cnha-cfdi-44259fd7c0a80333772e83dcfca7e60f,上海交通大学医学院附属上海儿童医学中心,上海交通大学医学院附属上海儿童医学中心,上海儿童医学中心,Shanghai Children's Medical Center,SCMC,,,上海市,上海市,58,,unavailable,药临床机构备字2020000636,https://ror.org/00cd9s024,,official_filing,filed,active,False,http://www.scmc.com.cn/,https://beian.cfdi.org.cn/CTMDS/pub/PUB010100.do?method=handle06&curPage=7&pageSize=100,2026-09-05,official_fields_partially_reviewed,historical_names | unified_social_credit_code,,,
271,ctg,cnha-cfdi-5a9b087bc0a803337e94e03983195adc,山西省人民医院,山西省人民医院,山西省人民医院,Shanxi Provincial People’s Hospital,,,,山西省,太原市,58,,unavailable,药临床机构备字2020000526,https://ror.org/057ckzt47,,official_filing,filed,active,False,http://www.sxsrmyy.com/,https://beian.cfdi.org.cn/CTMDS/pub/PUB010100.do?method=handle06&curPage=6&pageSize=100,2026-09-05,automated_triage_only,short_names | historical_names | unified_social_credit_code,,,
272,ctg,cnha-pending-16aba4b5a9e13427,The First Affiliated Hospital of Zhejiang University,,,,,,,Zhejiang,Hangzhou,58,,unavailable,,,,registry_reported,not_evaluated,,False,,https://clinicaltrials.gov/study/NCT00617981,2026-09-04,automated_triage_only,official_name_zh | english_name | short_names | historical_names | unified_social_credit_code,,,
273,ctg,cnha-pending-63bf7e6c1e930db0,the Affiliated Hospital of southwest medicalUniversity,,,,,,,Sichuan,Luzhou,58,,unavailable,,,,registry_reported,not_evaluated,,False,,https://clinicaltrials.gov/study/NCT02790190,2026-09-04,automated_triage_only,official_name_zh | english_name | short_names | historical_names | unified_social_credit_code,,,
274,ctg,cnha-pending-36592451d1f12809,Jiangsu Provincial People's Hospital,,,,,,,Jiangsu,Nanjing,57,,unavailable,,,,registry_reported,not_evaluated,,False,,https://clinicaltrials.gov/study/NCT00548223,2026-09-04,automated_triage_only,official_name_zh | english_name | short_names | historical_names | unified_social_credit_code,,,
275,ctg,cnha-pending-ebc731922988d8fd,The Second Affiliated Hospital of Nanchang University,,,,,,,Unknown,Nanchang,57,,unavailable,,,,registry_reported,not_evaluated,,False,,https://clinicaltrials.gov/study/NCT03974022,2026-09-04,automated_triage_only,official_name_zh | english_name | short_names | historical_names | unified_social_credit_code,,,
276,ctg,cnha-cfdi-37b9443cc0a803331404f539fffb780c,惠州市中心人民医院,惠州市中心人民医院,惠州市中心人民医院,Huizhou Central People's Hospital,,,,广东省,惠州市,56,,unavailable,药临床机构备字2020000792,https://ror.org/04bwajd86,,official_filing,filed,active,False,http://www.hzch.gd.cn/,https://beian.cfdi.org.cn/CTMDS/pub/PUB010100.do?method=handle06&curPage=9&pageSize=100,2026-09-05,automated_triage_only,short_names | historical_names | unified_social_credit_code,,,
277,ctg,cnha-cfdi-5c297385c0a803334317fc3900954e03,包头市中心医院,包头市中心医院,包头市中心医院,Baotou Central Hospital,,,,内蒙古自治区,包头市,56,,unavailable,药临床机构备字2020000210,https://ror.org/031pkxq11,,official_filing,filed,active,False,http://www.btzxyy.com/,https://beian.cfdi.org.cn/CTMDS/pub/PUB010100.do?method=handle06&curPage=3&pageSize=100,2026-09-05,automated_triage_only,short_names | historical_names | unified_social_credit_code,,,
278,ctg,cnha-cfdi-6f123361c0a8033301dca0f48216c258,成都市第二人民医院,成都市第二人民医院,成都市第二人民医院,Chengdu Second People's Hospital,CSPH,,四川仁济医院 | 成都市第二人民医院互联网医院 | 成都市第二人民医院皮肤病医院,四川省,成都市,56,,unavailable,药临床机构备字2020000708,https://ror.org/02q28q956,,official_filing,filed,active,False,http://www.cd2120.com/,https://beian.cfdi.org.cn/CTMDS/pub/PUB010100.do?method=handle06&curPage=8&pageSize=100,2026-09-05,automated_triage_only,historical_names | unified_social_credit_code,,,
279,ctg,cnha-pending-654cb2eb0996bdbc,The First Affiliated Hospital of Fujian Medical University,,,,,,,Unknown,Fuzhou,56,,unavailable,,,,registry_reported,not_evaluated,,False,,https://clinicaltrials.gov/study/NCT01143064,2026-09-04,automated_triage_only,official_name_zh | english_name | short_names | historical_names | unified_social_credit_code,,,
280,ctg,cnha-pending-c1eee38e1441da6d,The First People's Hospital of Foshan,,,,,,,Guangdong,Foshan,56,,unavailable,,,,registry_reported,not_evaluated,,False,,https://clinicaltrials.gov/study/NCT00912444,2026-09-04,automated_triage_only,official_name_zh | english_name | short_names | historical_names | unified_social_credit_code,,,
281,ctg,cnha-pending-f3f20bad795fce9f,The Second Affiliated Hospital Of Xi'an Jiaotong University,,,,,,,Shanxi,Xian,56,,unavailable,,,,registry_reported,not_evaluated,,False,,https://clinicaltrials.gov/study/NCT03588091,2026-09-04,automated_triage_only,official_name_zh | english_name | short_names | historical_names | unified_social_credit_code,,,
282,ctg,cnha-ror-0335pr187,Fourth Affiliated Hospital of Guangxi Medical University,,,Fourth Affiliated Hospital of Guangxi Medical University,,,,广西壮族自治区,Liuzhou,56,,unavailable,,https://ror.org/0335pr187,,reference_curated,not_linked,active,False,http://www.lzgryy.com/,https://ror.org/0335pr187,2026-09-05,automated_triage_only,official_name_zh | short_names | historical_names | unified_social_credit_code,,,
283,ctg,cnha-pending-4ad356428e622153,The First Affiliated Hospital - Zhejiang University School of Medicine,,,,,,,Unknown,Hangzhou,55,,unavailable,,,,registry_reported,not_evaluated,,False,,https://clinicaltrials.gov/study/NCT03093116,2026-09-04,automated_triage_only,official_name_zh | english_name | short_names | historical_names | unified_social_credit_code,,,
284,ctg,cnha-pending-9257844e111df0df,The Affiliated Nanjing Drum Tower Hospital of Nanjing University Medical School,,,,,,,Jiangsu,Nanjing,55,,unavailable,,,,registry_reported,not_evaluated,,False,,https://clinicaltrials.gov/study/NCT02635464,2026-09-04,automated_triage_only,official_name_zh | english_name | short_names | historical_names | unified_social_credit_code,,,
285,ctg,cnha-pending-2965f5ce735e18e3,The Affiliated Hospital of inner Mongolia medical university,,,,,,,Inner Mongolia,Hohhot,54,,unavailable,,,,registry_reported,not_evaluated,,False,,https://clinicaltrials.gov/study/NCT01176916,2026-09-04,automated_triage_only,official_name_zh | english_name | short_names | historical_names | unified_social_credit_code,,,
286,ctg,cnha-pending-652653bfbd34b45c,Nanyang Central Hospital,,,,,,,Henan,Nanyang,54,,unavailable,,,,registry_reported,not_evaluated,,False,,https://clinicaltrials.gov/study/NCT01488526,2026-09-04,automated_triage_only,official_name_zh | english_name | short_names | historical_names | unified_social_credit_code,,,
287,ctg,cnha-pending-adf15a58d3045b72,The Affiliated Hospital of Qingdao University,,,,,,,Unknown,Qingdao,54,,unavailable,,,,registry_reported,not_evaluated,,False,,https://clinicaltrials.gov/study/NCT01560624,2026-09-04,automated_triage_only,official_name_zh | english_name | short_names | historical_names | unified_social_credit_code,,,
288,ctg,cnha-pending-e6da4e52def180c6,"Union Hospital of Tongji Medical College, Huazhong University of Science and Technology",,,,,,,Hubei,Wuhan,54,,unavailable,,,,registry_reported,not_evaluated,,False,,https://clinicaltrials.gov/study/NCT01455428,2026-09-04,automated_triage_only,official_name_zh | english_name | short_names | historical_names | unified_social_credit_code,,,
289,ctg,cnha-pending-f391802fd7bf0f56,Shandong Cancer Hospital and Institute,,,,,,,Shandong,Jinan,54,,unavailable,,,,registry_reported,not_evaluated,,False,,https://clinicaltrials.gov/study/NCT01556815,2026-09-04,automated_triage_only,official_name_zh | english_name | short_names | historical_names | unified_social_credit_code,,,
290,ctg,cnha-pending-5fb098f3ac4a5311,"Tongji Hospital, Tongji Medical College of HUST",,,,,,,Hubei,Wuhan,53,,unavailable,,,,registry_reported,not_evaluated,,False,,https://clinicaltrials.gov/study/NCT01404169,2026-09-04,automated_triage_only,official_name_zh | english_name | short_names | historical_names | unified_social_credit_code,,,
291,ctg,cnha-pending-c4beadddbe0f5d6a,"Nanfang Hospital, Southern Medical University",,,,,,,Unknown,Guangzhou,53,,unavailable,,,,registry_reported,not_evaluated,,False,,https://clinicaltrials.gov/study/NCT00069121,2026-09-04,automated_triage_only,official_name_zh | english_name | short_names | historical_names | unified_social_credit_code,,,
292,ctg,cnha-ror-04j2cfe69,Tianjin Medical University Eye Hospital,,,Tianjin Medical University Eye Hospital,TMUEH,,,天津市,Tianjin,53,,unavailable,,https://ror.org/04j2cfe69,,reference_curated,not_linked,active,False,http://www.tmuec.com/tmuec/english/,https://ror.org/04j2cfe69,2026-09-05,automated_triage_only,official_name_zh | historical_names | unified_social_credit_code,,,
293,ctg,cnha-cfdi-a19cdcf4c0a8033304a04100126047c3,丽水市中心医院,丽水市中心医院,丽水市中心医院,Lishui Central Hospital,,,,浙江省,丽水市,52,,unavailable,药临床机构备字2020000294,https://ror.org/023e72x78,,official_filing,filed,active,False,http://www.lshospital.zj.cn/,https://beian.cfdi.org.cn/CTMDS/pub/PUB010100.do?method=handle06&curPage=4&pageSize=100,2026-09-05,automated_triage_only,short_names | historical_names | unified_social_credit_code,,,
294,ctg,cnha-pending-46464b446521e579,Beijing GoBroad Hospital,,,,,,,Beijing Municipality,Beijing,52,,unavailable,,,,registry_reported,not_evaluated,,False,,https://clinicaltrials.gov/study/NCT06157827,2026-09-04,automated_triage_only,official_name_zh | english_name | short_names | historical_names | unified_social_credit_code,,,
295,ctg,cnha-pending-b01cb97410d36d79,"Renji Hospital, School of Medicine, Shanghai Jiaotong University",,,,,,,Shanghai Municipality,Shanghai,52,,unavailable,,,,registry_reported,not_evaluated,,False,,https://clinicaltrials.gov/study/NCT02061475,2026-09-04,automated_triage_only,official_name_zh | english_name | short_names | historical_names | unified_social_credit_code,,,
296,ctg,cnha-pending-c2992df5e064537b,Shanghai Zhongshan Hospital,,,,,,,Shanghai Municipality,Shanghai,52,,unavailable,,,,registry_reported,not_evaluated,,False,,https://clinicaltrials.gov/study/NCT00829660,2026-09-04,automated_triage_only,official_name_zh | english_name | short_names | historical_names | unified_social_credit_code,,,
297,ctg,cnha-cfdi-1e4d48ddc0a803331fd38588d727499e,北京大学首钢医院,北京大学首钢医院,北京大学首鋼医院,Peking University Shougang Hospital,,,,北京市,北京市,51,,unavailable,药临床机构备字2020000003,https://ror.org/040rwep31,,official_filing,filed,active,False,http://www.sgyy.com.cn/,https://beian.cfdi.org.cn/CTMDS/pub/PUB010100.do?method=handle06&curPage=1&pageSize=100,2026-09-05,official_fields_partially_reviewed,short_names | historical_names | unified_social_credit_code,,,
298,ctg,cnha-pending-acb29a0f29248900,"Beijing Children's Hospital, Capital Medical University",,,,,,,Beijing Municipality,Beijing,51,,unavailable,,,,registry_reported,not_evaluated,,False,,https://clinicaltrials.gov/study/NCT02303587,2026-09-04,automated_triage_only,official_name_zh | english_name | short_names | historical_names | unified_social_credit_code,,,
299,ctg,cnha-pending-c8fcc556e68d95e4,The Third Xiangya Hospital of Central South University,,,,,,,Unknown,Changsha,51,,unavailable,,,,registry_reported,not_evaluated,,False,,https://clinicaltrials.gov/study/NCT00412893,2026-09-04,automated_triage_only,official_name_zh | english_name | short_names | historical_names | unified_social_credit_code,,,
300,ctg,cnha-cfdi-464b547ac0a8033331338d0e08e74859,川北医学院附属医院,川北医学院附属医院,川北医学院附属医院,Affiliated Hospital of North Sichuan Medical College,,,,四川省,南充市,50,,unavailable,药临床机构备字2020000762,https://ror.org/01673gn35,,official_filing,filed,active,False,http://www.hospital-nsmc.com.cn/index.html,https://beian.cfdi.org.cn/CTMDS/pub/PUB010100.do?method=handle06&curPage=8&pageSize=100,2026-09-05,automated_triage_only,short_names | historical_names | unified_social_credit_code,,,
301,ctg,cnha-cfdi-4f0ed4cac0a803333ee9974b1e6f6636,新疆维吾尔自治区人民医院,新疆维吾尔自治区人民医院,新疆维吾尔自治区人民医院,People's Hospital of Xinjiang Uygur Autonomous Region,,,,新疆维吾尔自治区,乌鲁木齐市,50,,unavailable,药临床机构备字2019000062,https://ror.org/02r247g67,,official_filing,filed,active,False,https://www.xjrmyy.com,https://beian.cfdi.org.cn/CTMDS/pub/PUB010100.do?method=handle06&curPage=1&pageSize=100,2026-09-05,automated_triage_only,short_names | historical_names | unified_social_credit_code,,,
302,ctg,cnha-cfdi-7ceaf23ec0a8033333aba3b60f0ec08c,荆州市中心医院,荆州市中心医院,荆州市中心医院,Jingzhou Central Hospital,,,长江大学附属荆州医院,湖北省,荆州市,50,,unavailable,药临床机构备字2020000285,https://ror.org/04gnkpp77,,official_filing,filed,active,False,http://www.jzzxyy.com.cn/,https://beian.cfdi.org.cn/CTMDS/pub/PUB010100.do?method=handle06&curPage=4&pageSize=100,2026-09-05,automated_triage_only,short_names | historical_names | unified_social_credit_code,,,
303,ctg,cnha-pending-1bc4120b21a5b680,"Beijing Chest Hospital, Capital Medical University",,,,,,,Beijing Municipality,Beijing,50,,unavailable,,,,registry_reported,not_evaluated,,False,,https://clinicaltrials.gov/study/NCT01639001,2026-09-04,automated_triage_only,official_name_zh | english_name | short_names | historical_names | unified_social_credit_code,,,
304,ctg,cnha-pending-50759ccebbbfb093,"Peking Union Medical College Hospital, Chinese Academy of Medical Sciences",,,,,,,Beijing Municipality,Beijing,50,,unavailable,,,,registry_reported,not_evaluated,,False,,https://clinicaltrials.gov/study/NCT00796692,2026-09-04,automated_triage_only,official_name_zh | english_name | short_names | historical_names | unified_social_credit_code,,,
305,ctg,cnha-pending-543a4d91206301bd,"Beijing Ditan Hospital, Capital Medical University",,,,,,,Beijing Municipality,Beijing,50,,unavailable,,,,registry_reported,not_evaluated,,False,,https://clinicaltrials.gov/study/NCT01938781,2026-09-04,automated_triage_only,official_name_zh | english_name | short_names | historical_names | unified_social_credit_code,,,
306,ctg,cnha-pending-7b67f4cce8a42be1,Guangxi medical university affiliated tumor hospital,,,,,,,Guangxi,Nanning,50,,unavailable,,,,registry_reported,not_evaluated,,False,,https://clinicaltrials.gov/study/NCT01878448,2026-09-04,automated_triage_only,official_name_zh | english_name | short_names | historical_names | unified_social_credit_code,,,
307,ctg,cnha-pending-98320c516e1c7c9a,The First Affiliated Hospital of University of South China,,,,,,,Hu'nan,Hengyang,50,,unavailable,,,,registry_reported,not_evaluated,,False,,https://clinicaltrials.gov/study/NCT05507203,2026-09-04,automated_triage_only,official_name_zh | english_name | short_names | historical_names | unified_social_credit_code,,,
308,ctg,cnha-pending-9b47939109b11fb8,The First Affiliated Hospital Of Bengbu Medical College,,,,,,,Unknown,Bengbu,50,,unavailable,,,,registry_reported,not_evaluated,,False,,https://clinicaltrials.gov/study/NCT01856478,2026-09-04,automated_triage_only,official_name_zh | english_name | short_names | historical_names | unified_social_credit_code,,,
309,ctg,cnha-pending-faaf31b2ae24072b,The Second Affiliated Hospital ZheJiang University School of Medicine,,,,,,,Unknown,Hangzhou,50,,unavailable,,,,registry_reported,not_evaluated,,False,,https://clinicaltrials.gov/study/NCT01989182,2026-09-04,automated_triage_only,official_name_zh | english_name | short_names | historical_names | unified_social_credit_code,,,
310,ctg,cnha-ror-01ey7we33,Daqing Oilfield General Hospital,,,Daqing Oilfield General Hospital,,,,黑龙江省,Daqing,50,,unavailable,,https://ror.org/01ey7we33,,reference_curated,not_linked,active,False,http://www.first-hospital.com/,https://ror.org/01ey7we33,2026-09-05,automated_triage_only,official_name_zh | short_names | historical_names | unified_social_credit_code,,,
311,ctg,cnha-ror-0569k1630,北京世纪坛医院,,北京世纪坛医院,Beijing Shijitan Hospital,,,,北京市,Beijing,50,,unavailable,,https://ror.org/0569k1630,,reference_curated,not_linked,active,False,http://www.bjsjth.cn/english/english_index.asp,https://ror.org/0569k1630,2026-09-05,automated_triage_only,official_name_zh | short_names | historical_names | unified_social_credit_code,,,
312,ctg,cnha-pending-0231eeb8ace4c0bf,"Beijing Tongren Hospital, Capital Medical University",,,,,,,Unknown,Beijing,49,,unavailable,,,,registry_reported,not_evaluated,,False,,https://clinicaltrials.gov/study/NCT02341560,2026-09-04,automated_triage_only,official_name_zh | english_name | short_names | historical_names | unified_social_credit_code,,,
313,ctg,cnha-pending-176424bccf17415a,The First Affiliated Hospital of Bengbu Medical University,,,,,,,Anhui,Bengbu,49,,unavailable,,,,registry_reported,not_evaluated,,False,,https://clinicaltrials.gov/study/NCT04078386,2026-09-04,automated_triage_only,official_name_zh | english_name | short_names | historical_names | unified_social_credit_code,,,
314,ctg,cnha-pending-4415a498f21a63a2,Zhongshan Hospital Xiamen University,,,,,,,Fujian,Xiamen,49,,unavailable,,,,registry_reported,not_evaluated,,False,,https://clinicaltrials.gov/study/NCT00829660,2026-09-04,automated_triage_only,official_name_zh | english_name | short_names | historical_names | unified_social_credit_code,,,
315,ctg,cnha-pending-82249543e28dda1e,Guangdong Provincial Hospital of Chinese Medicine,,,,,,,Guangdong,Guangzhou,49,,unavailable,,,,registry_reported,not_evaluated,,False,,https://clinicaltrials.gov/study/NCT00966316,2026-09-04,automated_triage_only,official_name_zh | english_name | short_names | historical_names | unified_social_credit_code,,,
316,ctg,cnha-pending-b3d6a90c7e0c193a,Dermatology Hospital of Southern Medical University,,,,,,,Guangdong,Guangzhou,49,,unavailable,,,,registry_reported,not_evaluated,,False,,https://clinicaltrials.gov/study/NCT04040192,2026-09-04,automated_triage_only,official_name_zh | english_name | short_names | historical_names | unified_social_credit_code,,,
317,ctg,cnha-pending-c99fd7f3d347a9b8,Tongji hospital affiliated to tongji medical college of huazhong university of science and technology,,,,,,,Hubei,Wuhan,49,,unavailable,,,,registry_reported,not_evaluated,,False,,https://clinicaltrials.gov/study/NCT04370145,2026-09-04,automated_triage_only,official_name_zh | english_name | short_names | historical_names | unified_social_credit_code,,,
318,ctg,cnha-ror-04kmpyd03,中国人民解放军南京军区南京总医院,,中国人民解放军南京军区南京总医院,Nanjing General Hospital of Nanjing Military Command,NGH,,,江苏省,Nanjing,49,,unavailable,,https://ror.org/04kmpyd03,,reference_curated,not_linked,active,False,http://www.njzy666.com/homepage1/index,https://ror.org/04kmpyd03,2026-09-05,automated_triage_only,official_name_zh | historical_names | unified_social_credit_code,,,
319,ctg,cnha-ror-04vsn7g65,山东省泰安市中心医院,,山东省泰安市中心医院,Taian City Central Hospital,,,,山东省,Tai’an,49,,unavailable,,https://ror.org/04vsn7g65,,reference_curated,not_linked,active,False,https://www.taishanyy.com/,https://ror.org/04vsn7g65,2026-09-05,automated_triage_only,official_name_zh | short_names | historical_names | unified_social_credit_code,,,
320,ctg,cnha-cfdi-13c9eaf7c0a8033352df6dbdc89113dd,天津市环湖医院,天津市环湖医院,天津市环湖医院,Tianjin Huanhu Hospital,,,,天津市,天津市,48,,unavailable,药临床机构备字2019000060,https://ror.org/00q6wbs64,,official_filing,filed,active,False,http://www.tnsi.org/,https://beian.cfdi.org.cn/CTMDS/pub/PUB010100.do?method=handle06&curPage=1&pageSize=100,2026-09-05,automated_triage_only,short_names | historical_names | unified_social_credit_code,,,
321,ctg,cnha-cfdi-55a50612c0a80333003733d3d6e16f10,宁波市第二医院,宁波市第二医院,宁波市第二医院,Ningbo No. 2 Hospital,,,,浙江省,宁波市,48,,unavailable,药临床机构备字2020000014,https://ror.org/01apc5d07,,official_filing,filed,active,False,http://www.nbdeyy.com,https://beian.cfdi.org.cn/CTMDS/pub/PUB010100.do?method=handle06&curPage=1&pageSize=100,2026-09-05,automated_triage_only,short_names | historical_names | unified_social_credit_code,,,
322,ctg,cnha-cfdi-90e8bfbcc0a8033311829d2674af920d,北京大学第六医院,北京大学第六医院,,Peking University Sixth Hospital,,,,北京市,北京市,48,,unavailable,药临床机构备字2020000773,https://ror.org/05rzcwg85,,official_filing,filed,active,False,http://www.pkuh6.cn/,https://beian.cfdi.org.cn/CTMDS/pub/PUB010100.do?method=handle06&curPage=8&pageSize=100,2026-09-05,official_fields_partially_reviewed,short_names | historical_names | unified_social_credit_code,,,
323,ctg,cnha-pending-193ff56fd11785de,The First Affiliated Hospital of Henan University of Science &Technology,,,,,,,Henan,Luoyang,48,,unavailable,,,,registry_reported,not_evaluated,,False,,https://clinicaltrials.gov/study/NCT01560052,2026-09-04,automated_triage_only,official_name_zh | english_name | short_names | historical_names | unified_social_credit_code,,,
324,ctg,cnha-pending-56d9dbbe37d1b857,The affiliated hospital of Xuzhou medical university,,,,,,,Unknown,Xuzhou,48,,unavailable,,,,registry_reported,not_evaluated,,False,,https://clinicaltrials.gov/study/NCT01918098,2026-09-04,automated_triage_only,official_name_zh | english_name | short_names | historical_names | unified_social_credit_code,,,
325,ctg,cnha-pending-6575bc6ddf60e3e7,Liaoning Cancer Hospital and Institute,,,,,,,Liaoning,Shenyang,48,,unavailable,,,,registry_reported,not_evaluated,,False,,https://clinicaltrials.gov/study/NCT01939054,2026-09-04,automated_triage_only,official_name_zh | english_name | short_names | historical_names | unified_social_credit_code,,,
326,ctg,cnha-pending-c2233c99b6ca177e,The first hospital of Shanxi Medical University,,,,,,,Shanxi,Taiyuan,48,,unavailable,,,,registry_reported,not_evaluated,,False,,https://clinicaltrials.gov/study/NCT01531829,2026-09-04,automated_triage_only,official_name_zh | english_name | short_names | historical_names | unified_social_credit_code,,,
327,ctg,cnha-cfdi-b2ba4b41c0a80333455f44fef81c53c1,武汉亚洲心脏病医院,武汉亚洲心脏病医院,武汉亚洲心脏病医院,Wuhan Asia Heart Hospital,,,,湖北省,武汉市,47,,unavailable,药临床机构备字2020000350,https://ror.org/02zzfj172,,official_filing,filed,active,False,http://www.wahh.com.cn/,https://beian.cfdi.org.cn/CTMDS/pub/PUB010100.do?method=handle06&curPage=5&pageSize=100,2026-09-05,automated_triage_only,short_names | historical_names | unified_social_credit_code,,,
328,ctg,cnha-pending-0622ea009e0bfdec,Linyi Cancer Hospital,,,,,,,Unknown,Linyi,47,,unavailable,,,,registry_reported,not_evaluated,,False,,https://clinicaltrials.gov/study/NCT03088813,2026-09-04,automated_triage_only,official_name_zh | english_name | short_names | historical_names | unified_social_credit_code,,,
329,ctg,cnha-pending-348d6fe05c75f67b,The first affiliated hospital of medical college of zhejiang university,,,,,,,Zhejiang,Hangzhou,47,,unavailable,,,,registry_reported,not_evaluated,,False,,https://clinicaltrials.gov/study/NCT04626908,2026-09-04,automated_triage_only,official_name_zh | english_name | short_names | historical_names | unified_social_credit_code,,,
330,ctg,cnha-pending-3863763830b9ad87,Zibo central hospital,,,,,,,Shandong,Zibo,47,,unavailable,,,,registry_reported,not_evaluated,,False,,https://clinicaltrials.gov/study/NCT01703637,2026-09-04,automated_triage_only,official_name_zh | english_name | short_names | historical_names | unified_social_credit_code,,,
331,ctg,cnha-pending-3c28c781c059e6e6,Shanghai Changhai Hospital,,,,,,,Shanghai Municipality,Shanghai,47,,unavailable,,,,registry_reported,not_evaluated,,False,,https://clinicaltrials.gov/study/NCT00796692,2026-09-04,automated_triage_only,official_name_zh | english_name | short_names | historical_names | unified_social_credit_code,,,
332,ctg,cnha-pending-5f1e9d589b3cdba3,"Tongji Hospital,Tongji Medical College Huazhong University of Science & Technology",,,,,,,Hubei,Wuhan,47,,unavailable,,,,registry_reported,not_evaluated,,False,,https://clinicaltrials.gov/study/NCT01332149,2026-09-04,automated_triage_only,official_name_zh | english_name | short_names | historical_names | unified_social_credit_code,,,
333,ctg,cnha-pending-80dbde0ce7dfb4e0,"Cancer Hospital,Chinese Academy of Medical Science",,,,,,,Beijing Municipality,Beijing,47,,unavailable,,,,registry_reported,not_evaluated,,False,,https://clinicaltrials.gov/study/NCT00639522,2026-09-04,automated_triage_only,official_name_zh | english_name | short_names | historical_names | unified_social_credit_code,,,
334,ctg,cnha-pending-a20d11481305d487,The Second Affiliated Hospital of Zhengzhou University,,,,,,,Henan,Zhengzhou,47,,unavailable,,,,registry_reported,not_evaluated,,False,,https://clinicaltrials.gov/study/NCT00829660,2026-09-04,automated_triage_only,official_name_zh | english_name | short_names | historical_names | unified_social_credit_code,,,
335,ctg,cnha-pending-cd777e11b0f9713b,Linfen Central Hospital,,,,,,,Shanxi,Linfen,47,,unavailable,,,,registry_reported,not_evaluated,,False,,https://clinicaltrials.gov/study/NCT03431142,2026-09-04,automated_triage_only,official_name_zh | english_name | short_names | historical_names | unified_social_credit_code,,,
336,ctg,cnha-cfdi-4513d0e5c0a80333752f89bce81d221b,天津市安定医院,天津市安定医院,天津市安定医院,Tianjin Anding Hospital,,,,天津市,天津市,46,,unavailable,药临床机构备字2020000531,https://ror.org/011n2s048,,official_filing,filed,active,False,http://www.tjmhc.com/,https://beian.cfdi.org.cn/CTMDS/pub/PUB010100.do?method=handle06&curPage=6&pageSize=100,2026-09-05,automated_triage_only,short_names | historical_names | unified_social_credit_code,,,
337,ctg,cnha-cfdi-ab94acb3c0a80333370367d2fac85029,湖南省儿童医院,湖南省儿童医院,湖南省儿童医院,Hunan Children's Hospital,,,,湖南省,长沙市,46,,unavailable,药临床机构备字2020000100,https://ror.org/03e207173,,official_filing,filed,active,False,http://www.hnetyy.net,https://beian.cfdi.org.cn/CTMDS/pub/PUB010100.do?method=handle06&curPage=2&pageSize=100,2026-09-05,automated_triage_only,short_names | historical_names | unified_social_credit_code,,,
338,ctg,cnha-pending-05a0fa73f825b08e,"Tongji Hospital, Tongji Medical College, Huazhong University of Science and Technology",,,,,,,Unknown,Wuhan,46,,unavailable,,,,registry_reported,not_evaluated,,False,,https://clinicaltrials.gov/study/NCT01581398,2026-09-04,automated_triage_only,official_name_zh | english_name | short_names | historical_names | unified_social_credit_code,,,
339,ctg,cnha-pending-1dbffbe7f7a56848,"2nd Affiliated Hospital, School of Medicine, Zhejiang University",,,,,,,Zhejiang,Hangzhou,46,,unavailable,,,,registry_reported,not_evaluated,,False,,https://clinicaltrials.gov/study/NCT00846261,2026-09-04,automated_triage_only,official_name_zh | english_name | short_names | historical_names | unified_social_credit_code,,,
340,ctg,cnha-pending-3080f5be9fb615c8,"Department of Gastroenterology, Qilu Hospital, Shandong University",,,,,,,Shandong,Ji'nan,46,,unavailable,,,,registry_reported,not_evaluated,,False,,https://clinicaltrials.gov/study/NCT02988089,2026-09-04,automated_triage_only,official_name_zh | english_name | short_names | historical_names | unified_social_credit_code,,,
341,ctg,cnha-pending-433cd466004c04ec,Suining Central Hospital,,,,,,,Sichuan,Suining,46,,unavailable,,,,registry_reported,not_evaluated,,False,,https://clinicaltrials.gov/study/NCT04187352,2026-09-04,automated_triage_only,official_name_zh | english_name | short_names | historical_names | unified_social_credit_code,,,
342,ctg,cnha-pending-5d204070acaca620,The Second Affiliated Hospital of Zhejiang University,,,,,,,Zhejiang,Hangzhou,46,,unavailable,,,,registry_reported,not_evaluated,,False,,https://clinicaltrials.gov/study/NCT00565708,2026-09-04,automated_triage_only,official_name_zh | english_name | short_names | historical_names | unified_social_credit_code,,,
343,ctg,cnha-pending-7cea7a9480bae616,"Department of Hematology,Nanfang Hospital, Southern Medical University",,,,,,,Guangdong,Guangzhou,46,,unavailable,,,,registry_reported,not_evaluated,,False,,https://clinicaltrials.gov/study/NCT01763086,2026-09-04,automated_triage_only,official_name_zh | english_name | short_names | historical_names | unified_social_credit_code,,,
344,ctg,cnha-pending-992fb07a9478ee6a,Tianjin Cancer Hospital Airport Hospital,,,,,,,Tianjin Municipality,Tianjin,46,,unavailable,,,,registry_reported,not_evaluated,,False,,https://clinicaltrials.gov/study/NCT05640791,2026-09-04,automated_triage_only,official_name_zh | english_name | short_names | historical_names | unified_social_credit_code,,,
345,ctg,cnha-pending-a4862fa3ee9b97ae,"Children's Hospital, Zhejiang University School of Medicine",,,,,,,Zhejiang,Hangzhou,46,,unavailable,,,,registry_reported,not_evaluated,,False,,https://clinicaltrials.gov/study/NCT00642863,2026-09-04,automated_triage_only,official_name_zh | english_name | short_names | historical_names | unified_social_credit_code,,,
346,ctg,cnha-pending-ba1101321ebe2043,Huashan Hospital affiliated to Fudan University,,,,,,,Unknown,Shanghai,46,,unavailable,,,,registry_reported,not_evaluated,,False,,https://clinicaltrials.gov/study/NCT01131637,2026-09-04,automated_triage_only,official_name_zh | english_name | short_names | historical_names | unified_social_credit_code,,,
347,ctg,cnha-pending-c1b3e271f89b225b,Xijing Hospital,,,,,,,Shanxi,XiAn,46,,unavailable,,,,registry_reported,not_evaluated,,False,,https://clinicaltrials.gov/study/NCT01439074,2026-09-04,automated_triage_only,official_name_zh | english_name | short_names | historical_names | unified_social_credit_code,,,
348,ctg,cnha-ror-03jxhcr96,北大国际医院,,北大国际医院,Peking University International Hospital,,,,北京市,Beijing,46,,unavailable,,https://ror.org/03jxhcr96,,reference_curated,not_linked,active,False,http://www.pkucare.com/content/details23_59.html,https://ror.org/03jxhcr96,2026-09-05,automated_triage_only,official_name_zh | short_names | historical_names | unified_social_credit_code,,,
349,ctg,cnha-cfdi-6021cae6c0a803330526f86552ac3b0f,安阳市肿瘤医院,安阳市肿瘤医院,安阳市肿瘤医院,Anyang Tumor Hospital,,,,河南省,安阳市,45,,unavailable,药临床机构备字2020000700,https://ror.org/01hs21r74,,official_filing,filed,active,False,,https://beian.cfdi.org.cn/CTMDS/pub/PUB010100.do?method=handle06&curPage=8&pageSize=100,2026-09-05,automated_triage_only,short_names | historical_names | unified_social_credit_code,,,
350,ctg,cnha-cfdi-b7d8b816c0a80333148e2d188b047f39,浙江大学医学院附属妇产科医院,浙江大学医学院附属妇产科医院,浙江大学医学院附属妇产科医院,"Women's Hospital, School of Medicine, Zhejiang University",,,,浙江省,杭州市,45,,unavailable,药临床机构备字2020000360,https://ror.org/042t7yh44,,official_filing,filed,active,False,http://www.womanhospital.cn/,https://beian.cfdi.org.cn/CTMDS/pub/PUB010100.do?method=handle06&curPage=5&pageSize=100,2026-09-05,automated_triage_only,short_names | historical_names | unified_social_credit_code,,,
351,ctg,cnha-pending-acc916a5129dc5f3,The First Affiliated Hospital of Henan University of Science and Technology,,,,,,,Unknown,Luoyang,45,,unavailable,,,,registry_reported,not_evaluated,,False,,https://clinicaltrials.gov/study/NCT04094662,2026-09-04,automated_triage_only,official_name_zh | english_name | short_names | historical_names | unified_social_credit_code,,,
352,ctg,cnha-pending-b8b3b41d3707b4e5,The Third Hospital of Hebei Medical University,,,,,,,Hebei,Shijiazhuang,45,,unavailable,,,,registry_reported,not_evaluated,,False,,https://clinicaltrials.gov/study/NCT00664846,2026-09-04,automated_triage_only,official_name_zh | english_name | short_names | historical_names | unified_social_credit_code,,,
353,ctg,cnha-ror-03wgqqb38,北京回龙观医院,,北京回龙观医院,Beijing HuiLongGuan Hospital,,,,北京市,Beijing,45,,unavailable,,https://ror.org/03wgqqb38,,reference_curated,not_linked,active,False,http://www.bhlgh.com/en/Default.aspx,https://ror.org/03wgqqb38,2026-09-05,automated_triage_only,official_name_zh | short_names | historical_names | unified_social_credit_code,,,
354,ctg,cnha-ror-041ts2d40,Affiliated Zhongshan Hospital of Dalian University,,,Affiliated Zhongshan Hospital of Dalian University,,,,辽宁省,Dalian,45,,unavailable,,https://ror.org/041ts2d40,,reference_curated,not_linked,active,False,http://www.dlhospital.com/,https://ror.org/041ts2d40,2026-09-05,automated_triage_only,official_name_zh | short_names | historical_names | unified_social_credit_code,,,
355,ctg,cnha-ror-050agvb10,版权所有 运城市中心医院,,版权所有 运城市中心医院,Yuncheng Central Hospital,,,,山西省,Yuncheng,45,,unavailable,,https://ror.org/050agvb10,,reference_curated,not_linked,active,False,https://ycch.cn,https://ror.org/050agvb10,2026-09-05,automated_triage_only,official_name_zh | short_names | historical_names | unified_social_credit_code,,,
356,ctg,cnha-cfdi-12783270c0a8033304ea9c2064167117,新乡市中心医院,新乡市中心医院,新乡市中心医院,Xinxiang Central Hospital,,,,河南省,新乡市,44,,unavailable,药临床机构备字2020000255,https://ror.org/006zn6z18,,official_filing,filed,active,False,,https://beian.cfdi.org.cn/CTMDS/pub/PUB010100.do?method=handle06&curPage=4&pageSize=100,2026-09-05,automated_triage_only,short_names | historical_names | unified_social_credit_code,,,
357,ctg,cnha-cfdi-8dd7b9b9c0a80333785f0d8e2e12854d,粤北人民医院,粤北人民医院,粤北人民医院,Yue Bei People's Hospital,,,,广东省,韶关市,44,,unavailable,药临床机构备字2020000742,https://ror.org/0149pmh27,,official_filing,filed,active,False,http://www.ybyy.net/,https://beian.cfdi.org.cn/CTMDS/pub/PUB010100.do?method=handle06&curPage=8&pageSize=100,2026-09-05,automated_triage_only,short_names | historical_names | unified_social_credit_code,,,
358,ctg,cnha-cfdi-ce825239c0a80333050e076a5993cb1e,深圳市儿童医院,深圳市儿童医院,深圳市儿童医院,Shenzhen Children's Hospital,,,,广东省,深圳市,44,,unavailable,药临床机构备字2020000410,https://ror.org/0409k5a27,,official_filing,filed,active,False,http://www.szkid.com.cn/,https://beian.cfdi.org.cn/CTMDS/pub/PUB010100.do?method=handle06&curPage=5&pageSize=100,2026-09-05,automated_triage_only,short_names | historical_names | unified_social_credit_code,,,
359,ctg,cnha-pending-0f57a91c169f0b5b,Xingtai People's Hospital,,,,,,,Hebei,Xingtai,44,,unavailable,,,,registry_reported,not_evaluated,,False,,https://clinicaltrials.gov/study/NCT02534545,2026-09-04,automated_triage_only,official_name_zh | english_name | short_names | historical_names | unified_social_credit_code,,,
360,ctg,cnha-pending-1c46b86068b287ba,The Second Hospital of Tianjin Medical University,,,,,,,Unknown,Tianjin,44,,unavailable,,,,registry_reported,not_evaluated,,False,,https://clinicaltrials.gov/study/NCT00375674,2026-09-04,automated_triage_only,official_name_zh | english_name | short_names | historical_names | unified_social_credit_code,,,
361,ctg,cnha-pending-5f95b10f7402d4a2,Fudan University Cancer Hospital,,,,,,,Unknown,Shanghai,44,,unavailable,,,,registry_reported,not_evaluated,,False,,https://clinicaltrials.gov/study/NCT00430378,2026-09-04,automated_triage_only,official_name_zh | english_name | short_names | historical_names | unified_social_credit_code,,,
362,ctg,cnha-pending-72ed5757e1f188a8,Affiliated Hospital of Guangdong Medical University,,,,,,,Guangdong,Zhanjiang,44,,unavailable,,,,registry_reported,not_evaluated,,False,,https://clinicaltrials.gov/study/NCT03084237,2026-09-04,automated_triage_only,official_name_zh | english_name | short_names | historical_names | unified_social_credit_code,,,
363,ctg,cnha-pending-79007f3154370d28,The Second Affiliated Hospital of Zhejiang University School of Medicine,,,,,,,Unknown,Hangzhou,44,,unavailable,,,,registry_reported,not_evaluated,,False,,https://clinicaltrials.gov/study/NCT00413699,2026-09-04,automated_triage_only,official_name_zh | english_name | short_names | historical_names | unified_social_credit_code,,,
364,ctg,cnha-pending-93d5f731aae999d3,Meizhou People's Hospital,,,,,,,Guangdong,Meizhou,44,,unavailable,,,,registry_reported,not_evaluated,,False,,https://clinicaltrials.gov/study/NCT02845986,2026-09-04,automated_triage_only,official_name_zh | english_name | short_names | historical_names | unified_social_credit_code,,,
365,ctg,cnha-pending-983ba1323af4eca6,Binzhou Medical University Hospital,,,,,,,Shandong,Binzhou,44,,unavailable,,,,registry_reported,not_evaluated,,False,,https://clinicaltrials.gov/study/NCT01721408,2026-09-04,automated_triage_only,official_name_zh | english_name | short_names | historical_names | unified_social_credit_code,,,
366,ctg,cnha-ror-0132wmv23,Changsha Central Hospital,,,Changsha Central Hospital,,,,湖南省,Changsha,44,,unavailable,,https://ror.org/0132wmv23,,reference_curated,not_linked,active,False,http://www.changshacentralhospital.com/,https://ror.org/0132wmv23,2026-09-05,automated_triage_only,official_name_zh | short_names | historical_names | unified_social_credit_code,,,
367,ctg,cnha-ror-01wcx2305,Nanjing Brain Hospital,,,Nanjing Brain Hospital,,,,江苏省,Nanjing,44,,unavailable,,https://ror.org/01wcx2305,,reference_curated,not_linked,active,False,http://www.c-nbh.com/,https://ror.org/01wcx2305,2026-09-05,automated_triage_only,official_name_zh | short_names | historical_names | unified_social_credit_code,,,
368,ctg,cnha-ror-040gnq226,First Affiliated Hospital of Gannan Medical University,,,First Affiliated Hospital of Gannan Medical University,,,,江西省,Ganzhou,44,,unavailable,,https://ror.org/040gnq226,,reference_curated,not_linked,active,False,http://www.gyyfy.com/,https://ror.org/040gnq226,2026-09-05,automated_triage_only,official_name_zh | short_names | historical_names | unified_social_credit_code,,,
369,ctg,cnha-pending-2310c8770865190c,Mengchao Hepatobiliary Hospital of Fujian Medical University,,,,,,,Fujian,Fuzhou,43,,unavailable,,,,registry_reported,not_evaluated,,False,,https://clinicaltrials.gov/study/NCT03403569,2026-09-04,automated_triage_only,official_name_zh | english_name | short_names | historical_names | unified_social_credit_code,,,
370,ctg,cnha-pending-309810289c8ccc57,General Hospital of Northern Theater Command,,,,,,,Liaoning,Shenyang,43,,unavailable,,,,registry_reported,not_evaluated,,False,,https://clinicaltrials.gov/study/NCT03431142,2026-09-04,automated_triage_only,official_name_zh | english_name | short_names | historical_names | unified_social_credit_code,,,
371,ctg,cnha-pending-60f9de06804d4ba8,General Hospital of Ningxia Medical University,,,,,,,Unknown,Yinchuan,43,,unavailable,,,,registry_reported,not_evaluated,,False,,https://clinicaltrials.gov/study/NCT01619085,2026-09-04,automated_triage_only,official_name_zh | english_name | short_names | historical_names | unified_social_credit_code,,,
372,ctg,cnha-pending-8983d4fe54cd4e2e,The Second Affiliated Hospital of Soochow University,,,,,,,Unknown,Suzhou,43,,unavailable,,,,registry_reported,not_evaluated,,False,,https://clinicaltrials.gov/study/NCT00413413,2026-09-04,automated_triage_only,official_name_zh | english_name | short_names | historical_names | unified_social_credit_code,,,
373,ctg,cnha-pending-c24d9d44e98c5635,Guangzhou Women and Children's Medical Center,,,,,,,Guangdong,Guangzhou,43,,unavailable,,,,registry_reported,not_evaluated,,False,,https://clinicaltrials.gov/study/NCT02205580,2026-09-04,automated_triage_only,official_name_zh | english_name | short_names | historical_names | unified_social_credit_code,,,
374,ctg,cnha-pending-cbbe450615f10505,The Central Hospital of Wuhan,,,,,,,Hubei,Wuhan,43,,unavailable,,,,registry_reported,not_evaluated,,False,,https://clinicaltrials.gov/study/NCT01677208,2026-09-04,automated_triage_only,official_name_zh | english_name | short_names | historical_names | unified_social_credit_code,,,
375,ctg,cnha-pending-df9d5780f022ec47,The First Affiliated Hospital of Guangxi Medical University,,,,,,,Unknown,Nanning,43,,unavailable,,,,registry_reported,not_evaluated,,False,,https://clinicaltrials.gov/study/NCT01976208,2026-09-04,automated_triage_only,official_name_zh | english_name | short_names | historical_names | unified_social_credit_code,,,
376,ctg,cnha-pending-e799a1c01b02c8b1,Xinhua Hospital Affiliated to Shanghai Jiao Tong University School of Medicine,,,,,,,Unknown,Shanghai,43,,unavailable,,,,registry_reported,not_evaluated,,False,,https://clinicaltrials.gov/study/NCT00069121,2026-09-04,automated_triage_only,official_name_zh | english_name | short_names | historical_names | unified_social_credit_code,,,
377,ctg,cnha-pending-e7d5d4dceb1bb3c7,The Second Hospital of Tianjin Medical University,,,,,,,Tianjin Municipality,Tianjin,43,,unavailable,,,,registry_reported,not_evaluated,,False,,https://clinicaltrials.gov/study/NCT00829660,2026-09-04,automated_triage_only,official_name_zh | english_name | short_names | historical_names | unified_social_credit_code,,,
378,ctg,cnha-cfdi-5577712bc0a8033304fcb807dbd904e0,甘肃省人民医院,甘肃省人民医院,甘肃省人民医院,Gansu Provincial Hospital,,,,甘肃省,兰州市,42,,unavailable,药临床机构备字2020000007,https://ror.org/02axars19,,official_filing,filed,active,False,http://www.gsyy.cn/,https://beian.cfdi.org.cn/CTMDS/pub/PUB010100.do?method=handle06&curPage=1&pageSize=100,2026-09-05,automated_triage_only,short_names | historical_names | unified_social_credit_code,,,
379,ctg,cnha-cfdi-6ec7f323c0a8033357cd9d8a9faa7c45,青海大学附属医院,青海大学附属医院,青海大学附属医院,Qinghai University Affiliated Hospital,QUAH,,,青海省,西宁市,42,,unavailable,药临床机构备字2020000291,https://ror.org/000j1tr86,,official_filing,filed,active,False,http://www.qhuah.com/,https://beian.cfdi.org.cn/CTMDS/pub/PUB010100.do?method=handle06&curPage=4&pageSize=100,2026-09-05,automated_triage_only,historical_names | unified_social_credit_code,,,
380,ctg,cnha-pending-6b1b01874e4ccf1a,the Third affiliated hospital of Zhejiang Chinese Medical university,,,,,,,Zhejiang,Hangzhou,42,,unavailable,,,,registry_reported,not_evaluated,,False,,https://clinicaltrials.gov/study/NCT03580317,2026-09-04,automated_triage_only,official_name_zh | english_name | short_names | historical_names | unified_social_credit_code,,,
381,ctg,cnha-pending-6eca7ce27911f10b,The Second Affiliated Hospital of Wenzhou Medical University,,,,,,,Zhejiang,Wenzhou,42,,unavailable,,,,registry_reported,not_evaluated,,False,,https://clinicaltrials.gov/study/NCT02099721,2026-09-04,automated_triage_only,official_name_zh | english_name | short_names | historical_names | unified_social_credit_code,,,
382,ctg,cnha-pending-971914506932c2f9,Renji Hospital Affiliated to Shanghai Jiao Tong University School of Medicine,,,,,,,Shanghai Municipality,Shanghai,42,,unavailable,,,,registry_reported,not_evaluated,,False,,https://clinicaltrials.gov/study/NCT01560624,2026-09-04,automated_triage_only,official_name_zh | english_name | short_names | historical_names | unified_social_credit_code,,,
383,ctg,cnha-pending-fa00a2ef5a33a952,The First People's Hospital of Yunnan Province,,,,,,,Yun'nan,Kunming,42,,unavailable,,,,registry_reported,not_evaluated,,False,,https://clinicaltrials.gov/study/NCT05007392,2026-09-04,automated_triage_only,official_name_zh | english_name | short_names | historical_names | unified_social_credit_code,,,
384,ctg,cnha-cfdi-31278b94c0a803333d226ab8b1471a8c,河北省人民医院,河北省人民医院,河北省人民医院,Hebei General Hospital,,,,河北省,石家庄市,41,,unavailable,药临床机构备字2020000101,https://ror.org/01nv7k942,,official_filing,filed,active,False,http://www.hbpphosp.cn/,https://beian.cfdi.org.cn/CTMDS/pub/PUB010100.do?method=handle06&curPage=2&pageSize=100,2026-09-05,automated_triage_only,short_names | historical_names | unified_social_credit_code,,,
385,ctg,cnha-cfdi-85ebd49ec0a80333553a4190a0080ea0,赣州市人民医院,赣州市人民医院,,Ganzhou People's Hospital,,,,江西省,赣州市,41,,unavailable,药临床机构备字2020000589,https://ror.org/00r398124,,official_filing,filed,active,False,http://www.gzsrmyy.com/,https://beian.cfdi.org.cn/CTMDS/pub/PUB010100.do?method=handle06&curPage=7&pageSize=100,2026-09-05,official_fields_partially_reviewed,short_names | historical_names | unified_social_credit_code,,,
386,ctg,cnha-pending-4dd1fe8c403d8e2b,The First Affiliated Hospital of University of Science and Technology of China,,,,,,,Anhui,Hefei,41,,unavailable,,,,registry_reported,not_evaluated,,False,,https://clinicaltrials.gov/study/NCT03809273,2026-09-04,automated_triage_only,official_name_zh | english_name | short_names | historical_names | unified_social_credit_code,,,
387,ctg,cnha-pending-5503dafb0001a732,The First Affiliated Hospital of Ningbo University,,,,,,,Unknown,Ningbo,41,,unavailable,,,,registry_reported,not_evaluated,,False,,https://clinicaltrials.gov/study/NCT04108208,2026-09-04,automated_triage_only,official_name_zh | english_name | short_names | historical_names | unified_social_credit_code,,,
388,ctg,cnha-pending-9d0dc5eaa37083ab,"Beijing Children's Hospital, Capital Medical University",,,,,,,Unknown,Beijing,41,,unavailable,,,,registry_reported,not_evaluated,,False,,https://clinicaltrials.gov/study/NCT02650401,2026-09-04,automated_triage_only,official_name_zh | english_name | short_names | historical_names | unified_social_credit_code,,,
389,ctg,cnha-pending-b2abba791d1b9459,Yunnan Cancer Hospital,,,,,,,Unknown,Kunming,41,,unavailable,,,,registry_reported,not_evaluated,,False,,https://clinicaltrials.gov/study/NCT02914158,2026-09-04,automated_triage_only,official_name_zh | english_name | short_names | historical_names | unified_social_credit_code,,,
390,ctg,cnha-ror-00vrd0936,307医院,,307医院,307th Hospital of Chinese People’s Liberation Army,,,,北京市,Beijing,41,,unavailable,,https://ror.org/00vrd0936,,reference_curated,not_linked,active,False,http://www.307hospital.com/,https://ror.org/00vrd0936,2026-09-05,automated_triage_only,official_name_zh | short_names | historical_names | unified_social_credit_code,,,
391,ctg,cnha-cfdi-72402946c0a80333358e0b3c7b0e665c,河北医科大学第四医院,河北医科大学第四医院,河北医科大学第四医院,Fourth Hospital of Hebei Medical University,,,河北省肿瘤医院,河北省,石家庄市,40,,unavailable,药临床机构备字2020000145,https://ror.org/01mdjbm03,,official_filing,filed,active,False,http://english.hbydsy.com/,https://beian.cfdi.org.cn/CTMDS/pub/PUB010100.do?method=handle06&curPage=3&pageSize=100,2026-09-05,automated_triage_only,short_names | historical_names | unified_social_credit_code,,,
392,ctg,cnha-pending-b0e77f1d4e521070,The First Affiliated Hospital of Wannan Medical College,,,,,,,Anhui,Wuhu,40,,unavailable,,,,registry_reported,not_evaluated,,False,,https://clinicaltrials.gov/study/NCT02275182,2026-09-04,automated_triage_only,official_name_zh | english_name | short_names | historical_names | unified_social_credit_code,,,
393,ctg,cnha-pending-b49f7ecabc33303c,Tianjin First Central Hospital,,,,,,,Tianjin Municipality,Tianjin,40,,unavailable,,,,registry_reported,not_evaluated,,False,,https://clinicaltrials.gov/study/NCT03753061,2026-09-04,automated_triage_only,official_name_zh | english_name | short_names | historical_names | unified_social_credit_code,,,
394,ctg,cnha-pending-c7c1278187cca2c5,The Second Hospital of Hebei Medical University,,,,,,,Unknown,Shijia Zhuang,40,,unavailable,,,,registry_reported,not_evaluated,,False,,https://clinicaltrials.gov/study/NCT04996329,2026-09-04,automated_triage_only,official_name_zh | english_name | short_names | historical_names | unified_social_credit_code,,,
395,ctg,cnha-pending-e58c0efa07dc8c56,The Second Hospital of Shanxi Medical University,,,,,,,Shanxi,Taiyuan,40,,unavailable,,,,registry_reported,not_evaluated,,False,,https://clinicaltrials.gov/study/NCT01176565,2026-09-04,automated_triage_only,official_name_zh | english_name | short_names | historical_names | unified_social_credit_code,,,
396,ctg,cnha-ror-041r75465,Zhengzhou Central Hospital,,,Zhengzhou Central Hospital,,,,河南省,Zhengzhou,40,,unavailable,,https://ror.org/041r75465,,reference_curated,not_linked,active,False,http://www.zzszxyy.com/,https://ror.org/041r75465,2026-09-05,automated_triage_only,official_name_zh | short_names | historical_names | unified_social_credit_code,,,
397,ctg,cnha-ror-043sbvg03,东方肝胆外科医院,,东方肝胆外科医院,Eastern Hepatobiliary Surgery Hospital,,,,上海市,Shanghai,40,,unavailable,,https://ror.org/043sbvg03,,reference_curated,not_linked,active,False,http://www.ehbh.cn/,https://ror.org/043sbvg03,2026-09-05,automated_triage_only,official_name_zh | short_names | historical_names | unified_social_credit_code,,,
398,ctg,cnha-pending-041a2ab5160827b0,Shengjing Hospital affiliated to China Medical University,,,,,,,Liaoning,Shenyang,39,,unavailable,,,,registry_reported,not_evaluated,,False,,https://clinicaltrials.gov/study/NCT02356419,2026-09-04,automated_triage_only,official_name_zh | english_name | short_names | historical_names | unified_social_credit_code,,,
399,ctg,cnha-pending-131d810a1c92a1fa,The Fifth Affiliated Hospital of Sun Yat-Sen University,,,,,,,Guangdong,Zhuhai,39,,unavailable,,,,registry_reported,not_evaluated,,False,,https://clinicaltrials.gov/study/NCT00829660,2026-09-04,automated_triage_only,official_name_zh | english_name | short_names | historical_names | unified_social_credit_code,,,
400,ctg,cnha-pending-17d904a18b0c23c6,The People's Hospital of Liaoning Province,,,,,,,Liaoning,Shenyang,39,,unavailable,,,,registry_reported,not_evaluated,,False,,https://clinicaltrials.gov/study/NCT00829660,2026-09-04,automated_triage_only,official_name_zh | english_name | short_names | historical_names | unified_social_credit_code,,,
401,ctg,cnha-pending-2426b27843ef32b6,Prince of Wales Hospital,,,,,,,Unknown,Hong Kong,39,,unavailable,,,,registry_reported,not_evaluated,,False,,https://clinicaltrials.gov/study/NCT00307424,2026-09-04,automated_triage_only,official_name_zh | english_name | short_names | historical_names | unified_social_credit_code,,,
402,ctg,cnha-ror-01espdw89,Beijing Chest Hospital,,,Beijing Chest Hospital,,,,北京市,Beijing,39,,unavailable,,https://ror.org/01espdw89,,reference_curated,not_linked,active,False,http://www.bjxkyy.cn/en/index.aspx,https://ror.org/01espdw89,2026-09-05,automated_triage_only,official_name_zh | short_names | historical_names | unified_social_credit_code,,,
403,ctg,cnha-ror-02mhxa927,Zhujiang Hospital,,,Zhujiang Hospital,,,,广东省,Guangzhou,39,,unavailable,,https://ror.org/02mhxa927,,reference_curated,not_linked,active,False,http://www.zjyy.com.cn/en/,https://ror.org/02mhxa927,2026-09-05,automated_triage_only,official_name_zh | short_names | historical_names | unified_social_credit_code,,,
404,ctg,cnha-ror-03gxy9f87,Chengdu Fifth People's Hospital,,,Chengdu Fifth People's Hospital,,,,四川省,Chengdu,39,,unavailable,,https://ror.org/03gxy9f87,,reference_curated,not_linked,active,False,http://www.cd5120.com/,https://ror.org/03gxy9f87,2026-09-05,automated_triage_only,official_name_zh | short_names | historical_names | unified_social_credit_code,,,
405,ctg,cnha-ror-05cqe9350,西京医院,,西京医院,Xijing Hospital,,,,辽宁省,Xi’an,39,,unavailable,,https://ror.org/05cqe9350,,reference_curated,not_linked,active,False,http://xjwww.fmmu.edu.cn/,https://ror.org/05cqe9350,2026-09-05,automated_triage_only,official_name_zh | short_names | historical_names | unified_social_credit_code,,,
406,ctg,cnha-cfdi-6d86801dc0a8033309fe64ed2f53a5f6,上海中医药大学附属龙华医院,上海中医药大学附属龙华医院,上海中医药大学附属龙华医院,Longhua Hospital Shanghai University of Traditional Chinese Medicine,,,,上海市,上海市,38,,unavailable,药临床机构备字2020000214,https://ror.org/016yezh07,,official_filing,filed,active,False,http://www.longhua.net/,https://beian.cfdi.org.cn/CTMDS/pub/PUB010100.do?method=handle06&curPage=3&pageSize=100,2026-09-05,automated_triage_only,short_names | historical_names | unified_social_credit_code,,,
407,ctg,cnha-cfdi-ea0d4158c0a8033303db75e4c5aa1975,广东省中医院,广东省中医院,广东省中医院,Guangdong Provincial Hospital of Traditional Chinese Medicine,,,广州中医药大学第二附属医院,广东省,广州市,38,,unavailable,药临床机构备字2019000008,https://ror.org/01gb3y148,,official_filing,filed,active,False,http://www.gdhtcm.com/,https://beian.cfdi.org.cn/CTMDS/pub/PUB010100.do?method=handle06&curPage=1&pageSize=100,2026-09-05,automated_triage_only,short_names | historical_names | unified_social_credit_code,,,
408,ctg,cnha-pending-4fc7ac1cac16c229,"Shanghai Ninth People's Hospital,Shanghai Jiaotong University School of Medicine",,,,,,,Shanghai Municipality,Shanghai,38,,unavailable,,,,registry_reported,not_evaluated,,False,,https://clinicaltrials.gov/study/NCT03007160,2026-09-04,automated_triage_only,official_name_zh | english_name | short_names | historical_names | unified_social_credit_code,,,
409,ctg,cnha-pending-8803be3eff6ecf42,Luoyang Central Hospital,,,,,,,Henan,Luoyang,38,,unavailable,,,,registry_reported,not_evaluated,,False,,https://clinicaltrials.gov/study/NCT02894918,2026-09-04,automated_triage_only,official_name_zh | english_name | short_names | historical_names | unified_social_credit_code,,,
410,ctg,cnha-pending-b7a5dee9b1be774a,Shanghai Ruijin Hospital,,,,,,,Shanghai Municipality,Shanghai,38,,unavailable,,,,registry_reported,not_evaluated,,False,,https://clinicaltrials.gov/study/NCT00649298,2026-09-04,automated_triage_only,official_name_zh | english_name | short_names | historical_names | unified_social_credit_code,,,
411,ctg,cnha-cfdi-207c0e3cc0a80333422f4492f05bd844,天津市第三中心医院,天津市第三中心医院,天津市第三中心医院,Tianjin Third Central Hospital,,,,天津市,天津市,37,,unavailable,药临床机构备字2020000490,https://ror.org/00911j719,,official_filing,filed,active,False,http://www.tj3zx.cn/,https://beian.cfdi.org.cn/CTMDS/pub/PUB010100.do?method=handle06&curPage=6&pageSize=100,2026-09-05,automated_triage_only,short_names | historical_names | unified_social_credit_code,,,
412,ctg,cnha-pending-84088c4114f4c971,The Second Affiliated Hospital of Dalian Medical University,,,,,,,Liaoning,Dalian,37,,unavailable,,,,registry_reported,not_evaluated,,False,,https://clinicaltrials.gov/study/NCT01755325,2026-09-04,automated_triage_only,official_name_zh | english_name | short_names | historical_names | unified_social_credit_code,,,
413,ctg,cnha-pending-bb4f5681651dab9d,Institute of Hematology and Blood Diseases Hospital Chinese Academy of Medical Sciences,,,,,,,Tianjin Municipality,Tianjin,37,,unavailable,,,,registry_reported,not_evaluated,,False,,https://clinicaltrials.gov/study/NCT02649790,2026-09-04,automated_triage_only,official_name_zh | english_name | short_names | historical_names | unified_social_credit_code,,,
414,ctg,cnha-pending-da7097c4ae428c9e,Tongji Hospital of Tongji University,,,,,,,Shanghai Municipality,Shanghai,37,,unavailable,,,,registry_reported,not_evaluated,,False,,https://clinicaltrials.gov/study/NCT00629161,2026-09-04,automated_triage_only,official_name_zh | english_name | short_names | historical_names | unified_social_credit_code,,,
415,ctg,cnha-pending-e277429af0eac10f,Anyang Cancer Hospital,,,,,,,He'nan,Anyang,37,,unavailable,,,,registry_reported,not_evaluated,,False,,https://clinicaltrials.gov/study/NCT05860465,2026-09-04,automated_triage_only,official_name_zh | english_name | short_names | historical_names | unified_social_credit_code,,,
416,ctg,cnha-ror-05mzp4d74,山西省心血管医院,,山西省心血管医院,Shanxi Cardiovascular Hospital,,,,山西省,Taiyuan,37,,unavailable,,https://ror.org/05mzp4d74,,reference_curated,not_linked,active,False,http://www.sxxxgyy.com/,https://ror.org/05mzp4d74,2026-09-05,automated_triage_only,official_name_zh | short_names | historical_names | unified_social_credit_code,,,
417,ctg,cnha-pending-132086b7e09af918,"Nanjing Drum Tower Hospital, the Affiliated Hospital of Nanjing University Medical School",,,,,,,Unknown,Nanjing,36,,unavailable,,,,registry_reported,not_evaluated,,False,,https://clinicaltrials.gov/study/NCT02928406,2026-09-04,automated_triage_only,official_name_zh | english_name | short_names | historical_names | unified_social_credit_code,,,
418,ctg,cnha-pending-332f115b1a08bf4c,Second Affiliated Hospitalof Zhejiang University School of Medicine,,,,,,,Zhejiang,Hangzhou,36,,unavailable,,,,registry_reported,not_evaluated,,False,,https://clinicaltrials.gov/study/NCT02179489,2026-09-04,automated_triage_only,official_name_zh | english_name | short_names | historical_names | unified_social_credit_code,,,
419,ctg,cnha-pending-4689b37d50604626,Xiangya Hospital of Central- South University,,,,,,,Unknown,Changsha,36,,unavailable,,,,registry_reported,not_evaluated,,False,,https://clinicaltrials.gov/study/NCT01593410,2026-09-04,automated_triage_only,official_name_zh | english_name | short_names | historical_names | unified_social_credit_code,,,
420,ctg,cnha-pending-4b371341a2aa3c48,Qingdao Central Hospital,,,,,,,Shandong,Qingdao,36,,unavailable,,,,registry_reported,not_evaluated,,False,,https://clinicaltrials.gov/study/NCT01917877,2026-09-04,automated_triage_only,official_name_zh | english_name | short_names | historical_names | unified_social_credit_code,,,
421,ctg,cnha-pending-5ea1b5817a41085f,"Beijing LuHe Hospital, Capital Medical University",,,,,,,Beijing Municipality,Beijing,36,,unavailable,,,,registry_reported,not_evaluated,,False,,https://clinicaltrials.gov/study/NCT02913118,2026-09-04,automated_triage_only,official_name_zh | english_name | short_names | historical_names | unified_social_credit_code,,,
422,ctg,cnha-pending-743f1ac4a1d97587,Chongqing University Three Gorges Hospital,,,,,,,Chongqing Municipality,Chongqing,36,,unavailable,,,,registry_reported,not_evaluated,,False,,https://clinicaltrials.gov/study/NCT04109547,2026-09-04,automated_triage_only,official_name_zh | english_name | short_names | historical_names | unified_social_credit_code,,,
423,ctg,cnha-pending-790784af39e97cc9,The Fourth Affiliated Hospital of Harbin Medical University,,,,,,,Heilongjiang,Harbin,36,,unavailable,,,,registry_reported,not_evaluated,,False,,https://clinicaltrials.gov/study/NCT00786136,2026-09-04,automated_triage_only,official_name_zh | english_name | short_names | historical_names | unified_social_credit_code,,,
424,ctg,cnha-pending-7e6a21dcfe7fbc09,"2nd Affiliated Hospital, School of Medicine, Zhejiang University, China",,,,,,,Zhejiang,Hangzhou,36,,unavailable,,,,registry_reported,not_evaluated,,False,,https://clinicaltrials.gov/study/NCT03949114,2026-09-04,automated_triage_only,official_name_zh | english_name | short_names | historical_names | unified_social_credit_code,,,
425,ctg,cnha-pending-a6e98727a5e84b16,"Beijing Chest Hospital, Capital Medical University",,,,,,,Unknown,Beijing,36,,unavailable,,,,registry_reported,not_evaluated,,False,,https://clinicaltrials.gov/study/NCT01639001,2026-09-04,automated_triage_only,official_name_zh | english_name | short_names | historical_names | unified_social_credit_code,,,
426,ctg,cnha-pending-b84e53d92c534325,Cancer Hospital of Shandong First Medical University,,,,,,,Shandong,Jinan,36,,unavailable,,,,registry_reported,not_evaluated,,False,,https://clinicaltrials.gov/study/NCT05112965,2026-09-04,automated_triage_only,official_name_zh | english_name | short_names | historical_names | unified_social_credit_code,,,
427,ctg,cnha-pending-c6bf4d5b32fa93fa,The First Hospital of Jiaxing,,,,,,,Zhejiang,Jiaxing,36,,unavailable,,,,registry_reported,not_evaluated,,False,,https://clinicaltrials.gov/study/NCT03721744,2026-09-04,automated_triage_only,official_name_zh | english_name | short_names | historical_names | unified_social_credit_code,,,
428,ctg,cnha-pending-d9e817b28794ee09,The Second Affiliated Hospital of Chongqing Medical University,,,,,,,Unknown,Chongqing,36,,unavailable,,,,registry_reported,not_evaluated,,False,,https://clinicaltrials.gov/study/NCT01190657,2026-09-04,automated_triage_only,official_name_zh | english_name | short_names | historical_names | unified_social_credit_code,,,
429,ctg,cnha-pending-f1f292bc6ed87d98,The First Affiliated Hospital of Shandong First Medical University,,,,,,,Shandong,Jinan,36,,unavailable,,,,registry_reported,not_evaluated,,False,,https://clinicaltrials.gov/study/NCT04497376,2026-09-04,automated_triage_only,official_name_zh | english_name | short_names | historical_names | unified_social_credit_code,,,
430,ctg,cnha-pending-f906bb9c178e10c5,"Fuwai Hospital, Chinese Academy of Medical Sciences",,,,,,,Beijing Municipality,Beijing,36,,unavailable,,,,registry_reported,not_evaluated,,False,,https://clinicaltrials.gov/study/NCT01573143,2026-09-04,automated_triage_only,official_name_zh | english_name | short_names | historical_names | unified_social_credit_code,,,
431,ctg,cnha-ror-0340t0585,中国人民解放军沈阳军区总医院,,中国人民解放军沈阳军区总医院,General Hospital of Shenyang Military Region,,,,辽宁省,Shenyang,36,,unavailable,,https://ror.org/0340t0585,,reference_curated,not_linked,active,False,http://www.syjqzyy.com/index.html,https://ror.org/0340t0585,2026-09-05,automated_triage_only,official_name_zh | short_names | historical_names | unified_social_credit_code,,,
432,ctg,cnha-cfdi-3bbe3ceec0a803331320f715d583ef2c,广州医科大学附属第一医院,广州医科大学附属第一医院,广州医科大学附属第一医院,First Affiliated Hospital of Guangzhou Medical University,,,,广东省,广州市,35,,unavailable,药临床机构备字2020000194,https://ror.org/00z0j0d77,,official_filing,filed,active,False,http://www.gyfyy.com/cn/index.aspx,https://beian.cfdi.org.cn/CTMDS/pub/PUB010100.do?method=handle06&curPage=3&pageSize=100,2026-09-05,automated_triage_only,short_names | historical_names | unified_social_credit_code,,,
433,ctg,cnha-cfdi-5688a594c0a8033332d74ef231918790,赤峰市医院,赤峰市医院,赤峰市医院,Chifeng Municipal Hospital,,,,内蒙古自治区,赤峰市,35,,unavailable,药临床机构备字2020000249,https://ror.org/02j136k79,,official_filing,filed,active,False,http://cfsyy.cn/index.asp,https://beian.cfdi.org.cn/CTMDS/pub/PUB010100.do?method=handle06&curPage=4&pageSize=100,2026-09-05,automated_triage_only,short_names | historical_names | unified_social_credit_code,,,
434,ctg,cnha-cfdi-6871630cc0a803330daafd3f80189bd7,沈阳市第六人民医院,沈阳市第六人民医院,沈阳市第六人民医院,The Sixth People's Hospital of Shenyang,,,沈阳市传染病医院,辽宁省,沈阳市,35,,unavailable,药临床机构备字2020000605,https://ror.org/0524grj14,,official_filing,filed,active,False,http://www.mhidsy.com/,https://beian.cfdi.org.cn/CTMDS/pub/PUB010100.do?method=handle06&curPage=7&pageSize=100,2026-09-05,automated_triage_only,short_names | historical_names | unified_social_credit_code,,,
435,ctg,cnha-cfdi-aca5253cc0a803331756b31326d171c1,成都市妇女儿童中心医院,成都市妇女儿童中心医院,成都市妇女儿童中心医院,Chengdu Women's and Children's Central Hospital,,,,四川省,成都市,35,,unavailable,药临床机构备字2019000004,https://ror.org/008x2am79,,official_filing,filed,active,False,http://www.wcch.cn/,https://beian.cfdi.org.cn/CTMDS/pub/PUB010100.do?method=handle06&curPage=1&pageSize=100,2026-09-05,automated_triage_only,short_names | historical_names | unified_social_credit_code,,,
436,ctg,cnha-cfdi-ea2747e5c0a80333638fd0970d6d734c,上海交通大学医学院附属新华医院,上海交通大学医学院附属新华医院,上海交通大学医学院附属新华医院,XinHua Hospital,,,,上海市,上海市,35,,unavailable,药临床机构备字2020000050,https://ror.org/04dzvks42,,official_filing,filed,active,False,http://www.xinhuamed.com.cn/,https://beian.cfdi.org.cn/CTMDS/pub/PUB010100.do?method=handle06&curPage=2&pageSize=100,2026-09-05,automated_triage_only,short_names | historical_names | unified_social_credit_code,,,
437,ctg,cnha-pending-050b40605dfde0ee,Gansu Provincial Cancer Hospital,,,,,,,Gansu,Lanzhou,35,,unavailable,,,,registry_reported,not_evaluated,,False,,https://clinicaltrials.gov/study/NCT04234607,2026-09-04,automated_triage_only,official_name_zh | english_name | short_names | historical_names | unified_social_credit_code,,,
438,ctg,cnha-pending-26fd01bf99039aa4,The Second Hospital of Jilin University,,,,,,,Unknown,Changchun,35,,unavailable,,,,registry_reported,not_evaluated,,False,,https://clinicaltrials.gov/study/NCT01976208,2026-09-04,automated_triage_only,official_name_zh | english_name | short_names | historical_names | unified_social_credit_code,,,
439,ctg,cnha-pending-299cac2c90e6f960,The First Hospital of Hebei Medical University,,,,,,,Unknown,Shijia Zhuang,35,,unavailable,,,,registry_reported,not_evaluated,,False,,https://clinicaltrials.gov/study/NCT04765605,2026-09-04,automated_triage_only,official_name_zh | english_name | short_names | historical_names | unified_social_credit_code,,,
440,ctg,cnha-pending-4e07eaa71ab1ef14,Xuan Wu Hospital,,,,,,,Beijing Municipality,Beijing,35,,unavailable,,,,registry_reported,not_evaluated,,False,,https://clinicaltrials.gov/study/NCT01446055,2026-09-04,automated_triage_only,official_name_zh | english_name | short_names | historical_names | unified_social_credit_code,,,
441,ctg,cnha-pending-4eaf95611a39d8cb,"The First Affiliated Hospital of College of Medicine, Zhejiang University",,,,,,,Zhejiang,Hangzhou,35,,unavailable,,,,registry_reported,not_evaluated,,False,,https://clinicaltrials.gov/study/NCT00664846,2026-09-04,automated_triage_only,official_name_zh | english_name | short_names | historical_names | unified_social_credit_code,,,
442,ctg,cnha-pending-5726e87972f9411a,Institute of Hematology & Blood Diseases Hospital Chinese Academy of Medical Sciences,,,,,,,Tianjin Municipality,Tianjin,35,,unavailable,,,,registry_reported,not_evaluated,,False,,https://clinicaltrials.gov/study/NCT02203396,2026-09-04,automated_triage_only,official_name_zh | english_name | short_names | historical_names | unified_social_credit_code,,,
443,ctg,cnha-pending-7ad1017cd25fd707,The Affiliated Hospital of Guizhou Medical University,,,,,,,Unknown,Guiyang,35,,unavailable,,,,registry_reported,not_evaluated,,False,,https://clinicaltrials.gov/study/NCT02239120,2026-09-04,automated_triage_only,official_name_zh | english_name | short_names | historical_names | unified_social_credit_code,,,
444,ctg,cnha-pending-9ae914db4d3baffe,West China Hospital,,,,,,,Unknown,Chengdu,35,,unavailable,,,,registry_reported,not_evaluated,,False,,https://clinicaltrials.gov/study/NCT00805194,2026-09-04,automated_triage_only,official_name_zh | english_name | short_names | historical_names | unified_social_credit_code,,,
445,ctg,cnha-pending-adc97031c80589b0,Sun Yet-Sen University Cancer Center,,,,,,,Unknown,Guangzhou,35,,unavailable,,,,registry_reported,not_evaluated,,False,,https://clinicaltrials.gov/study/NCT00678392,2026-09-04,automated_triage_only,official_name_zh | english_name | short_names | historical_names | unified_social_credit_code,,,
446,ctg,cnha-ror-026e9yy16,Affiliated Hospital of Qingdao University,,,Affiliated Hospital of Qingdao University,,,,山东省,Qingdao,35,,unavailable,,https://ror.org/026e9yy16,,reference_curated,not_linked,active,False,http://qdumh.qd.sd.cn/index.html,https://ror.org/026e9yy16,2026-09-05,automated_triage_only,official_name_zh | short_names | historical_names | unified_social_credit_code,,,
447,ctg,cnha-cfdi-066b931bc0a8033351202887a2fd71fa,中国医科大学附属第一医院,中国医科大学附属第一医院,中国医科大学附属第一医院,First Hospital of China Medical University,,,,辽宁省,沈阳市,34,,unavailable,药临床机构备字2020000106,https://ror.org/04wjghj95,,official_filing,filed,active,False,http://www.cmu1h.com/,https://beian.cfdi.org.cn/CTMDS/pub/PUB010100.do?method=handle06&curPage=2&pageSize=100,2026-09-05,automated_triage_only,short_names | historical_names | unified_social_credit_code,,,
448,ctg,cnha-pending-4308822a86b0dca7,Union Hospital affiliated to Tongji Medical College of Huazhong University of Science and Technology,,,,,,,Hubei,Wuhan,34,,unavailable,,,,registry_reported,not_evaluated,,False,,https://clinicaltrials.gov/study/NCT02867267,2026-09-04,automated_triage_only,official_name_zh | english_name | short_names | historical_names | unified_social_credit_code,,,
449,ctg,cnha-pending-581b1e239eb212ba,"The First Affiliated Hospital, School of Medicine, Zhejiang University",,,,,,,Zhejiang,Hangzhou,34,,unavailable,,,,registry_reported,not_evaluated,,False,,https://clinicaltrials.gov/study/NCT01598142,2026-09-04,automated_triage_only,official_name_zh | english_name | short_names | historical_names | unified_social_credit_code,,,
450,ctg,cnha-pending-b4f2cf86bf3e936d,The Second Affiliated Hospital of Hainan Medical University,,,,,,,Hainan,Haikou,34,,unavailable,,,,registry_reported,not_evaluated,,False,,https://clinicaltrials.gov/study/NCT03613272,2026-09-04,automated_triage_only,official_name_zh | english_name | short_names | historical_names | unified_social_credit_code,,,
451,ctg,cnha-pending-c6143caa165454d5,Jinhua Municipal Central Hospital,,,,,,,Zhejiang,Jinhua,34,,unavailable,,,,registry_reported,not_evaluated,,False,,https://clinicaltrials.gov/study/NCT02442440,2026-09-04,automated_triage_only,official_name_zh | english_name | short_names | historical_names | unified_social_credit_code,,,
452,ctg,cnha-ror-02qkhx131,Jiangxi Pingxiang People's Hospital,,,Jiangxi Pingxiang People's Hospital,,,,江西省,Pingxiang,34,,unavailable,,https://ror.org/02qkhx131,,reference_curated,not_linked,active,False,http://www.pxsrmyy.cn/,https://ror.org/02qkhx131,2026-09-05,automated_triage_only,official_name_zh | short_names | historical_names | unified_social_credit_code,,,
453,ctg,cnha-ror-03cy8qt72,Heze Municipal Hospital,,,Heze Municipal Hospital,,,,山东省,Heze,34,,unavailable,,https://ror.org/03cy8qt72,,reference_curated,not_linked,active,False,http://www.hz120.cn/,https://ror.org/03cy8qt72,2026-09-05,automated_triage_only,official_name_zh | short_names | historical_names | unified_social_credit_code,,,
454,ctg,cnha-pending-15733575bd5a0672,Puyang Oilfield General Hospital,,,,,,,Henan,Puyang,33,,unavailable,,,,registry_reported,not_evaluated,,False,,https://clinicaltrials.gov/study/NCT03388593,2026-09-04,automated_triage_only,official_name_zh | english_name | short_names | historical_names | unified_social_credit_code,,,
455,ctg,cnha-pending-258aa5a706d0b180,The Fifth Medical Center of PLA General Hospital,,,,,,,Beijing Municipality,Beijing,33,,unavailable,,,,registry_reported,not_evaluated,,False,,https://clinicaltrials.gov/study/NCT02609828,2026-09-04,automated_triage_only,official_name_zh | english_name | short_names | historical_names | unified_social_credit_code,,,
456,ctg,cnha-pending-570fb42fad578f00,Affiliated Zhongshan Hospital of Fudan University,,,,,,,Shanghai Municipality,Shanghai,33,,unavailable,,,,registry_reported,not_evaluated,,False,,https://clinicaltrials.gov/study/NCT03412773,2026-09-04,automated_triage_only,official_name_zh | english_name | short_names | historical_names | unified_social_credit_code,,,
457,ctg,cnha-pending-845223005d367257,The First People's Hospital of Lianyungang,,,,,,,Jiangsu,Lianyungang,33,,unavailable,,,,registry_reported,not_evaluated,,False,,https://clinicaltrials.gov/study/NCT01368419,2026-09-04,automated_triage_only,official_name_zh | english_name | short_names | historical_names | unified_social_credit_code,,,
458,ctg,cnha-pending-97ab3b91999d528b,Pingxiang People's Hospital,,,,,,,Unknown,Pingxiang,33,,unavailable,,,,registry_reported,not_evaluated,,False,,https://clinicaltrials.gov/study/NCT03675477,2026-09-04,automated_triage_only,official_name_zh | english_name | short_names | historical_names | unified_social_credit_code,,,
459,ctg,cnha-pending-d2cb4412cc751864,The First Affiliated Hospital of Nanchang University Branch Donghu,,,,,,,Jiangxi,Nanchang,33,,unavailable,,,,registry_reported,not_evaluated,,False,,https://clinicaltrials.gov/study/NCT03336333,2026-09-04,automated_triage_only,official_name_zh | english_name | short_names | historical_names | unified_social_credit_code,,,
460,ctg,cnha-ror-00fthae95,第三军医大学大坪医院,,第三军医大学大坪医院,Daping Hospital,,,,重庆市,Chongqing,33,,unavailable,,https://ror.org/00fthae95,,reference_curated,not_linked,active,False,http://www.dapinghospital.com/,https://ror.org/00fthae95,2026-09-05,automated_triage_only,official_name_zh | short_names | historical_names | unified_social_credit_code,,,
461,ctg,cnha-ror-02kstas42,Affiliated Hospital of Guizhou Medical University,,,Affiliated Hospital of Guizhou Medical University,,,,贵州省,Guiyang,33,,unavailable,,https://ror.org/02kstas42,,reference_curated,not_linked,active,False,http://www.gmcah.cn/,https://ror.org/02kstas42,2026-09-05,automated_triage_only,official_name_zh | short_names | historical_names | unified_social_credit_code,,,
462,ctg,cnha-cfdi-12ccb55bc0a80333400cfcf6fc52306b,上海市儿童医院,上海市儿童医院,上海市儿童医院,Shanghai Children's Hospital,,,,上海市,上海市,32,,unavailable,药临床机构备字2023000165,https://ror.org/05pea1m70,,official_filing,filed,active,False,https://www.shchildren.com.cn,https://beian.cfdi.org.cn/CTMDS/pub/PUB010100.do?method=handle06&curPage=14&pageSize=100,2026-09-05,automated_triage_only,short_names | historical_names | unified_social_credit_code,,,
463,ctg,cnha-cfdi-350cb36ac0a803331b0d46566a10ed40,杭州市肿瘤医院,杭州市肿瘤医院,杭州市肿瘤医院,Hangzhou Cancer Hospital,,,,浙江省,杭州市,32,,unavailable,药临床机构备字2020000480,https://ror.org/05psp9534,,official_filing,filed,active,False,http://www.hzszlyy.com/,https://beian.cfdi.org.cn/CTMDS/pub/PUB010100.do?method=handle06&curPage=6&pageSize=100,2026-09-05,automated_triage_only,short_names | historical_names | unified_social_credit_code,,,
464,ctg,cnha-pending-146f9e378be3acaa,"The First Affiliated Hospital, Zhejiang University",,,,,,,Unknown,Hangzhou,32,,unavailable,,,,registry_reported,not_evaluated,,False,,https://clinicaltrials.gov/study/NCT01125566,2026-09-04,automated_triage_only,official_name_zh | english_name | short_names | historical_names | unified_social_credit_code,,,
465,ctg,cnha-pending-15f66a91e91bdcb7,Zhongda Hospital,,,,,,,Jiangsu,Nanjing,32,,unavailable,,,,registry_reported,not_evaluated,,False,,https://clinicaltrials.gov/study/NCT02206815,2026-09-04,automated_triage_only,official_name_zh | english_name | short_names | historical_names | unified_social_credit_code,,,
466,ctg,cnha-pending-21afc989498dae1e,The Second Affiliated Hospital of Nanjing Medical University,,,,,,,Unknown,Nanjing,32,,unavailable,,,,registry_reported,not_evaluated,,False,,https://clinicaltrials.gov/study/NCT03984760,2026-09-04,automated_triage_only,official_name_zh | english_name | short_names | historical_names | unified_social_credit_code,,,
467,ctg,cnha-pending-2cdbd565725e28ad,The First Affiliated Hospital of Jinzhou Medical University,,,,,,,Liaoning,Jinzhou,32,,unavailable,,,,registry_reported,not_evaluated,,False,,https://clinicaltrials.gov/study/NCT02984917,2026-09-04,automated_triage_only,official_name_zh | english_name | short_names | historical_names | unified_social_credit_code,,,
468,ctg,cnha-pending-3b248bc11f0da5f2,The university of Hong Kong-Shenzhen Hospital,,,,,,,Guangdong,Shenzhen,32,,unavailable,,,,registry_reported,not_evaluated,,False,,https://clinicaltrials.gov/study/NCT02103257,2026-09-04,automated_triage_only,official_name_zh | english_name | short_names | historical_names | unified_social_credit_code,,,
469,ctg,cnha-pending-6f751e771a907943,Jilin Province People's Hospital,,,,,,,Jilin,Changchun,32,,unavailable,,,,registry_reported,not_evaluated,,False,,https://clinicaltrials.gov/study/NCT01677208,2026-09-04,automated_triage_only,official_name_zh | english_name | short_names | historical_names | unified_social_credit_code,,,
470,ctg,cnha-pending-802f9fd5853f5b3c,Biological treatment center in Fuda cancer hospital,,,,,,,Guangdong,Guangzhou,32,,unavailable,,,,registry_reported,not_evaluated,,False,,https://clinicaltrials.gov/study/NCT02074046,2026-09-04,automated_triage_only,official_name_zh | english_name | short_names | historical_names | unified_social_credit_code,,,
471,ctg,cnha-pending-8a5d4200fe45dab9,"The Third Affiliated Hospital, Sun Yat-Sen University",,,,,,,Guangdong,Guangzhou,32,,unavailable,,,,registry_reported,not_evaluated,,False,,https://clinicaltrials.gov/study/NCT00796692,2026-09-04,automated_triage_only,official_name_zh | english_name | short_names | historical_names | unified_social_credit_code,,,
472,ctg,cnha-pending-9d3a9e45d4f9c796,"Sixth Affiliated Hospital, Sun Yat-sen University",,,,,,,Guangdong,Guangzhou,32,,unavailable,,,,registry_reported,not_evaluated,,False,,https://clinicaltrials.gov/study/NCT02649647,2026-09-04,automated_triage_only,official_name_zh | english_name | short_names | historical_names | unified_social_credit_code,,,
473,ctg,cnha-pending-a81b7374c5b21ebd,Anhui Chest Hospital,,,,,,,Anhui,Hefei,32,,unavailable,,,,registry_reported,not_evaluated,,False,,https://clinicaltrials.gov/study/NCT02901288,2026-09-04,automated_triage_only,official_name_zh | english_name | short_names | historical_names | unified_social_credit_code,,,
474,ctg,cnha-pending-b8bbfa1b13308b66,"The First Affiliated Hospital of USTC, Anhui Provincial Hospital",,,,,,,Anhui,Hefei,32,,unavailable,,,,registry_reported,not_evaluated,,False,,https://clinicaltrials.gov/study/NCT03416179,2026-09-04,automated_triage_only,official_name_zh | english_name | short_names | historical_names | unified_social_credit_code,,,
475,ctg,cnha-pending-bb2105c02c4681d2,Children's Hospital of Soochow University,,,,,,,Jiangsu,Suzhou,32,,unavailable,,,,registry_reported,not_evaluated,,False,,https://clinicaltrials.gov/study/NCT01500551,2026-09-04,automated_triage_only,official_name_zh | english_name | short_names | historical_names | unified_social_credit_code,,,
476,ctg,cnha-pending-bb9ab5c7b10f342f,Nanyang First People's Hospital,,,,,,,Henan,Nanyang,32,,unavailable,,,,registry_reported,not_evaluated,,False,,https://clinicaltrials.gov/study/NCT03544905,2026-09-04,automated_triage_only,official_name_zh | english_name | short_names | historical_names | unified_social_credit_code,,,
477,ctg,cnha-pending-d05555aba8239074,Cancer Center of Sun Yat-sen University,,,,,,,Guangdong,Guangzhou,32,,unavailable,,,,registry_reported,not_evaluated,,False,,https://clinicaltrials.gov/study/NCT00642239,2026-09-04,automated_triage_only,official_name_zh | english_name | short_names | historical_names | unified_social_credit_code,,,
478,ctg,cnha-cfdi-56aefbecc0a8033339b855884e059fac,泰达国际心血管病医院,泰达国际心血管病医院,泰达国际心血管病医院,TEDA International Cardiovascular Hospital,,,,天津市,天津市,31,,unavailable,药临床机构备字2019000081,https://ror.org/0247xav12,,official_filing,filed,active,False,http://en.tedaich.com/Home.aspx,https://beian.cfdi.org.cn/CTMDS/pub/PUB010100.do?method=handle06&curPage=1&pageSize=100,2026-09-05,automated_triage_only,short_names | historical_names | unified_social_credit_code,,,
479,ctg,cnha-pending-036dd84ef26088bd,Shanghai Zhongshan Hospital,,,,,,,Unknown,Shanghai,31,,unavailable,,,,registry_reported,not_evaluated,,False,,https://clinicaltrials.gov/study/NCT00239382,2026-09-04,automated_triage_only,official_name_zh | english_name | short_names | historical_names | unified_social_credit_code,,,
480,ctg,cnha-pending-154c7f2c8ca52370,Southern Medical University Nanfang Hospital,,,,,,,Guangdong,Guangzhou,31,,unavailable,,,,registry_reported,not_evaluated,,False,,https://clinicaltrials.gov/study/NCT00915018,2026-09-04,automated_triage_only,official_name_zh | english_name | short_names | historical_names | unified_social_credit_code,,,
481,ctg,cnha-pending-45a1f224c9c8527a,"Ren Ji Hospital, School of Medicine, Shanghai Jiaotong University",,,,,,,Unknown,Shanghai,31,,unavailable,,,,registry_reported,not_evaluated,,False,,https://clinicaltrials.gov/study/NCT02033980,2026-09-04,automated_triage_only,official_name_zh | english_name | short_names | historical_names | unified_social_credit_code,,,
482,ctg,cnha-pending-b1e8f81b9d50ece1,Second Affiliated Hospital Zhejiang University School of Medicine,,,,,,,Zhejiang,Hangzhou,31,,unavailable,,,,registry_reported,not_evaluated,,False,,https://clinicaltrials.gov/study/NCT01642771,2026-09-04,automated_triage_only,official_name_zh | english_name | short_names | historical_names | unified_social_credit_code,,,
483,ctg,cnha-pending-cb75d8c7dd60436b,The Third Hospital of Changsha,,,,,,,Hunan,Changsha,31,,unavailable,,,,registry_reported,not_evaluated,,False,,https://clinicaltrials.gov/study/NCT00829660,2026-09-04,automated_triage_only,official_name_zh | english_name | short_names | historical_names | unified_social_credit_code,,,
484,ctg,cnha-pending-d7a2307f563008c7,The Second Hospital of Shandong University,,,,,,,Shandong,Jinan,31,,unavailable,,,,registry_reported,not_evaluated,,False,,https://clinicaltrials.gov/study/NCT01131637,2026-09-04,automated_triage_only,official_name_zh | english_name | short_names | historical_names | unified_social_credit_code,,,
485,ctg,cnha-pending-d97342f5f67d63da,Fuwai Central China Cardiovascular Hospital,,,,,,,Henan,Zhengzhou,31,,unavailable,,,,registry_reported,not_evaluated,,False,,https://clinicaltrials.gov/study/NCT03431142,2026-09-04,automated_triage_only,official_name_zh | english_name | short_names | historical_names | unified_social_credit_code,,,
486,ctg,cnha-pending-de909580b8c4912f,"Institute of Hematology and Blood Diseases Hospital, Chinese Academy of Medical Sciences,",,,,,,,Unknown,Tianjin,31,,unavailable,,,,registry_reported,not_evaluated,,False,,https://clinicaltrials.gov/study/NCT01564784,2026-09-04,automated_triage_only,official_name_zh | english_name | short_names | historical_names | unified_social_credit_code,,,
487,ctg,cnha-pending-e2f812b7060b0c16,"Cancer Hospital,Fudan University",,,,,,,Shanghai Municipality,Shanghai,31,,unavailable,,,,registry_reported,not_evaluated,,False,,https://clinicaltrials.gov/study/NCT00839111,2026-09-04,automated_triage_only,official_name_zh | english_name | short_names | historical_names | unified_social_credit_code,,,
488,ctg,cnha-pending-f1752a1d21d9d6b3,Qilu Hospital,,,,,,,Shandong,Jinan,31,,unavailable,,,,registry_reported,not_evaluated,,False,,https://clinicaltrials.gov/study/NCT02166554,2026-09-04,automated_triage_only,official_name_zh | english_name | short_names | historical_names | unified_social_credit_code,,,
489,ctg,cnha-cfdi-0f27c805c0a803332ce19ba6a765712a,济宁市第一人民医院,济宁市第一人民医院,济宁市第一人民医院,Jining First People's Hospital,,,,山东省,济宁市,30,,unavailable,药临床机构备字2020000931,https://ror.org/04gs6v336,,official_filing,filed,active,False,http://www.jnrmyy.com/index.html,https://beian.cfdi.org.cn/CTMDS/pub/PUB010100.do?method=handle06&curPage=10&pageSize=100,2026-09-05,automated_triage_only,short_names | historical_names | unified_social_credit_code,,,
490,ctg,cnha-cfdi-60f5b325c0a803331a6f8a0d94e41c3c,武汉市中西医结合医院,武汉市中西医结合医院,武汉市第一医院,Wuhan No.1 Hospital,,,武汉市第一医院,湖北省,武汉市,30,,unavailable,药临床机构备字2019000096,https://ror.org/021ty3131,,official_filing,filed,active,False,http://wap.whyyy.com,https://beian.cfdi.org.cn/CTMDS/pub/PUB010100.do?method=handle06&curPage=1&pageSize=100,2026-09-05,automated_triage_only,short_names | historical_names | unified_social_credit_code,,,
491,ctg,cnha-pending-33eef1b0a4832f7c,Affiliated Hospital of Guilin Medical University,,,,,,,Guangxi,Gui'lin,30,,unavailable,,,,registry_reported,not_evaluated,,False,,https://clinicaltrials.gov/study/NCT06860971,2026-09-04,automated_triage_only,official_name_zh | english_name | short_names | historical_names | unified_social_credit_code,,,
492,ctg,cnha-pending-3cd9e48cb3055b9c,The Second Hospital of Anhui Medical University,,,,,,,Unknown,Hefei,30,,unavailable,,,,registry_reported,not_evaluated,,False,,https://clinicaltrials.gov/study/NCT03974022,2026-09-04,automated_triage_only,official_name_zh | english_name | short_names | historical_names | unified_social_credit_code,,,
493,ctg,cnha-pending-46d38c0c0b430bc8,The First Affiliated Hospital of Nanyang Medical College,,,,,,,Henan,Nanyang,30,,unavailable,,,,registry_reported,not_evaluated,,False,,https://clinicaltrials.gov/study/NCT03544905,2026-09-04,automated_triage_only,official_name_zh | english_name | short_names | historical_names | unified_social_credit_code,,,
494,ctg,cnha-pending-94a9598b45b7d739,Xuan Wu Hospital,,,,,,,Unknown,Beijing,30,,unavailable,,,,registry_reported,not_evaluated,,False,,https://clinicaltrials.gov/study/NCT00197392,2026-09-04,automated_triage_only,official_name_zh | english_name | short_names | historical_names | unified_social_credit_code,,,
495,ctg,cnha-pending-95ca00a0b4c78fa5,Huadong Hospital Affiliated to Fudan University,,,,,,,Unknown,Shanghai,30,,unavailable,,,,registry_reported,not_evaluated,,False,,https://clinicaltrials.gov/study/NCT02205112,2026-09-04,automated_triage_only,official_name_zh | english_name | short_names | historical_names | unified_social_credit_code,,,
496,ctg,cnha-pending-9f37dd93a6164930,The First Affiliated Hospital of Guangzhou University of Chinese Medicine,,,,,,,Guangdong,Guangzhou,30,,unavailable,,,,registry_reported,not_evaluated,,False,,https://clinicaltrials.gov/study/NCT01897805,2026-09-04,automated_triage_only,official_name_zh | english_name | short_names | historical_names | unified_social_credit_code,,,
497,ctg,cnha-pending-acba7ce6eaa02e89,Zhejiang Cancer Hospital,,,,,,,Unknown,Zhejiang,30,,unavailable,,,,registry_reported,not_evaluated,,False,,https://clinicaltrials.gov/study/NCT01702571,2026-09-04,automated_triage_only,official_name_zh | english_name | short_names | historical_names | unified_social_credit_code,,,
498,ctg,cnha-pending-c25c4825b7945d65,Shanghai Changhai Hospital,,,,,,,Unknown,Shanghai,30,,unavailable,,,,registry_reported,not_evaluated,,False,,https://clinicaltrials.gov/study/NCT00146341,2026-09-04,automated_triage_only,official_name_zh | english_name | short_names | historical_names | unified_social_credit_code,,,
499,ctg,cnha-pending-da90b27fc7e2af84,The fourth hospital of Hebei Medical University,,,,,,,Unknown,Shijia Zhuang,30,,unavailable,,,,registry_reported,not_evaluated,,False,,https://clinicaltrials.gov/study/NCT03520478,2026-09-04,automated_triage_only,official_name_zh | english_name | short_names | historical_names | unified_social_credit_code,,,
500,ctg,cnha-pending-dadca8b30c31279c,Heping Hospital Affiliated to Changzhi Medical College,,,,,,,Shanxi,Changzhi,30,,unavailable,,,,registry_reported,not_evaluated,,False,,https://clinicaltrials.gov/study/NCT03668496,2026-09-04,automated_triage_only,official_name_zh | english_name | short_names | historical_names | unified_social_credit_code,,,
501,ctg,cnha-pending-ddc49318d1999e09,The First Affiliated Hospital of Suzhou University,,,,,,,Jiangsu,Suzhou,30,,unavailable,,,,registry_reported,not_evaluated,,False,,https://clinicaltrials.gov/study/NCT00617981,2026-09-04,automated_triage_only,official_name_zh | english_name | short_names | historical_names | unified_social_credit_code,,,
502,ctg,cnha-pending-ef10df8656c1ea4a,"Department of Nuclear Medicine, First Affiliated Hospital of Fujian Medical University",,,,,,,Fujian,Fuzhou,30,,unavailable,,,,registry_reported,not_evaluated,,False,,https://clinicaltrials.gov/study/NCT02723760,2026-09-04,automated_triage_only,official_name_zh | english_name | short_names | historical_names | unified_social_credit_code,,,
503,ctg,cnha-ror-04sk80178,Nanjing Jiangning Hospital,,,Nanjing Jiangning Hospital,,,,江苏省,Nanjing,30,,unavailable,,https://ror.org/04sk80178,,reference_curated,not_linked,active,False,http://www.njjnyy.cn/english/1.asp,https://ror.org/04sk80178,2026-09-05,automated_triage_only,official_name_zh | short_names | historical_names | unified_social_credit_code,,,
504,ctg,cnha-cfdi-c96cb6cfc0a80333106c5822b7f9113e,新疆医科大学第一附属医院,新疆医科大学第一附属医院,新疆医科大学第一附属医院,First Affiliated Hospital of Xinjiang Medical University,,,,新疆维吾尔自治区,乌鲁木齐市新市,29,,unavailable,药临床机构备字2020000068,https://ror.org/02qx1ae98,,official_filing,filed,active,False,http://en.xydyfy.com/index.php?m=content&c=index&a=show&catid=6&id=13,https://beian.cfdi.org.cn/CTMDS/pub/PUB010100.do?method=handle06&curPage=2&pageSize=100,2026-09-05,automated_triage_only,short_names | historical_names | unified_social_credit_code,,,
505,ctg,cnha-cfdi-f9ba3bf5c0a80333382b791d42fb79e1,深圳市第三人民医院,深圳市第三人民医院,深圳市第三人民医院,Shenzhen Third People’s Hospital,,,,广东省,深圳市,29,,unavailable,药临床机构备字2020000075,https://ror.org/04xfsbk97,,official_filing,filed,active,False,,https://beian.cfdi.org.cn/CTMDS/pub/PUB010100.do?method=handle06&curPage=2&pageSize=100,2026-09-05,automated_triage_only,short_names | historical_names | unified_social_credit_code,,,
506,ctg,cnha-pending-0e24697c54f53a38,Zhongshan Hospital affiliated to Fudan University,,,,,,,Unknown,Shanghai,29,,unavailable,,,,registry_reported,not_evaluated,,False,,https://clinicaltrials.gov/study/NCT00506246,2026-09-04,automated_triage_only,official_name_zh | english_name | short_names | historical_names | unified_social_credit_code,,,
507,ctg,cnha-pending-19cd715a36b0d9f9,"Beijing You An Hospital, Capital Medical University",,,,,,,Unknown,Beijing,29,,unavailable,,,,registry_reported,not_evaluated,,False,,https://clinicaltrials.gov/study/NCT00617981,2026-09-04,automated_triage_only,official_name_zh | english_name | short_names | historical_names | unified_social_credit_code,,,
508,ctg,cnha-pending-27c18a196547ceaf,The Second Affiliated Hospital of Anhui Medical University,,,,,,,Unknown,Hefei,29,,unavailable,,,,registry_reported,not_evaluated,,False,,https://clinicaltrials.gov/study/NCT02993731,2026-09-04,automated_triage_only,official_name_zh | english_name | short_names | historical_names | unified_social_credit_code,,,
509,ctg,cnha-pending-36dfe4c595da3672,Peking University Cancer Hospital & Institute,,,,,,,Beijing Municipality,Beijing,29,,unavailable,,,,registry_reported,not_evaluated,,False,,https://clinicaltrials.gov/study/NCT01589159,2026-09-04,automated_triage_only,official_name_zh | english_name | short_names | historical_names | unified_social_credit_code,,,
510,ctg,cnha-pending-570b30087304d115,Tongji Hospital affiliated to Tongji Medical College of Huazhong University of Science & Technology,,,,,,,Hubei,Wuhan,29,,unavailable,,,,registry_reported,not_evaluated,,False,,https://clinicaltrials.gov/study/NCT04483115,2026-09-04,automated_triage_only,official_name_zh | english_name | short_names | historical_names | unified_social_credit_code,,,
511,ctg,cnha-pending-8a4d64d160e0d52c,"The Fifth Affiliated Hospital, Sun Yat-Sen University",,,,,,,Guangdong,Zhuhai,29,,unavailable,,,,registry_reported,not_evaluated,,False,,https://clinicaltrials.gov/study/NCT02832635,2026-09-04,automated_triage_only,official_name_zh | english_name | short_names | historical_names | unified_social_credit_code,,,
512,ctg,cnha-pending-e29e61baf20268b0,The Fourth Affiliated hospital of Zhejiang University School of Medicine,,,,,,,Zhejiang,Yiwu,29,,unavailable,,,,registry_reported,not_evaluated,,False,,https://clinicaltrials.gov/study/NCT02562183,2026-09-04,automated_triage_only,official_name_zh | english_name | short_names | historical_names | unified_social_credit_code,,,
513,ctg,cnha-pending-e639497cd51dc025,The First Affiliated Hospital of Nanjing Medical University,,,,,,,Unknown,Nanjing,29,,unavailable,,,,registry_reported,not_evaluated,,False,,https://clinicaltrials.gov/study/NCT00412893,2026-09-04,automated_triage_only,official_name_zh | english_name | short_names | historical_names | unified_social_credit_code,,,
514,ctg,cnha-pending-f9d706fe6cbf81dd,Tangdu Hospital,,,,,,,Shan'xi,Xi'an,29,,unavailable,,,,registry_reported,not_evaluated,,False,,https://clinicaltrials.gov/study/NCT03395132,2026-09-04,automated_triage_only,official_name_zh | english_name | short_names | historical_names | unified_social_credit_code,,,
515,ctg,cnha-ror-030sc3x20,First Affiliated Hospital of GuangXi Medical University,,,First Affiliated Hospital of GuangXi Medical University,,,,广西壮族自治区,Nanning,29,,unavailable,,https://ror.org/030sc3x20,,reference_curated,not_linked,active,False,http://www.gxmuyfy.cn/gxmufy1/1fy/index/index.asp,https://ror.org/030sc3x20,2026-09-05,automated_triage_only,official_name_zh | short_names | historical_names | unified_social_credit_code,,,
516,ctg,cnha-ror-047c53f83,武汉市儿童医院,,武汉市儿童医院,Wuhan Children's Hospital,,,,湖北省,Wuhan,29,,unavailable,,https://ror.org/047c53f83,,reference_curated,not_linked,active,False,http://www.zgwhfe.com/,https://ror.org/047c53f83,2026-09-05,automated_triage_only,official_name_zh | short_names | historical_names | unified_social_credit_code,,,
517,ctg,cnha-ror-053v2gh09,Second Xiangya Hospital of Central South University,,,Second Xiangya Hospital of Central South University,,,,湖南省,Changsha,29,,unavailable,,https://ror.org/053v2gh09,,reference_curated,not_linked,active,False,https://www.xyeyy.com/,https://ror.org/053v2gh09,2026-09-05,automated_triage_only,official_name_zh | short_names | historical_names | unified_social_credit_code,,,
518,ctg,cnha-cfdi-12ae2e13c0a803333503d61b7562910d,绍兴市人民医院,绍兴市人民医院,绍兴市人民医院,Shaoxing People's Hospital,,,,浙江省,绍兴市,28,,unavailable,药临床机构备字2020000751,https://ror.org/05v58y004,,official_filing,filed,active,False,http://www.312000.net/english.aspx,https://beian.cfdi.org.cn/CTMDS/pub/PUB010100.do?method=handle06&curPage=8&pageSize=100,2026-09-05,automated_triage_only,short_names | historical_names | unified_social_credit_code,,,
519,ctg,cnha-cfdi-26c490e9c0a8033323c1e1fc3cc3cb1a,福建省漳州市医院,福建省漳州市医院,福建省漳州市医院,Zhangzhou Municipal Hospital of Fujian Province,,,,福建省,漳州市,28,,unavailable,药临床机构备字2020000558,https://ror.org/01cny4f98,,official_filing,filed,active,False,http://www.zzfh.com/,https://beian.cfdi.org.cn/CTMDS/pub/PUB010100.do?method=handle06&curPage=6&pageSize=100,2026-09-05,automated_triage_only,short_names | historical_names | unified_social_credit_code,,,
520,ctg,cnha-cfdi-4af055fbc0a8033321f03a33eb4d0fc2,山东第一医科大学第一附属医院,山东第一医科大学第一附属医院,山东省千佛山医院,Shandong Provincial QianFoShan Hospital,,,山东省千佛山医院,山东省,济南市,28,,unavailable,药临床机构备字2020000344,https://ror.org/03wnrsb51,,official_filing,filed,active,False,http://www.sdhospital.com.cn/,https://beian.cfdi.org.cn/CTMDS/pub/PUB010100.do?method=handle06&curPage=5&pageSize=100,2026-09-05,automated_triage_only,short_names | historical_names | unified_social_credit_code,,,
521,ctg,cnha-cfdi-4b83d9e7c0a803334076ba9db495e4b9,威海市立医院,威海市立医院,威海市立医院,Weihai Municipal Hospital,,,,山东省,威海市,28,,unavailable,药临床机构备字2020000475,https://ror.org/03vpa9q11,,official_filing,filed,active,False,http://www.shiliyiyuan.cn/,https://beian.cfdi.org.cn/CTMDS/pub/PUB010100.do?method=handle06&curPage=6&pageSize=100,2026-09-05,automated_triage_only,short_names | historical_names | unified_social_credit_code,,,
522,ctg,cnha-cfdi-b5cd6543c0a803330d96755e77d8daa5,苏州大学附属第一医院,苏州大学附属第一医院,苏州大学附属第一医院,First Affiliated Hospital of Soochow University,,,,江苏省,苏州市,28,,unavailable,药临床机构备字2020000866,https://ror.org/051jg5p78,,official_filing,filed,active,False,http://fyy.sdfyy.cn/,https://beian.cfdi.org.cn/CTMDS/pub/PUB010100.do?method=handle06&curPage=9&pageSize=100,2026-09-05,automated_triage_only,short_names | historical_names | unified_social_credit_code,,,
523,ctg,cnha-cfdi-e9cabd3dc0a803335c3d6f6cf27e207c,十堰市太和医院,十堰市太和医院,,Taihe Hospital,,,,湖北省,十堰市,28,,unavailable,药临床机构备字2019000012,https://ror.org/02ftdsn70,,official_filing,filed,active,False,http://www.taihehospital.com/,https://beian.cfdi.org.cn/CTMDS/pub/PUB010100.do?method=handle06&curPage=1&pageSize=100,2026-09-05,official_fields_partially_reviewed,short_names | historical_names | unified_social_credit_code,,,
524,ctg,cnha-pending-0a5d1fa408495bae,Jinhua Municipal Central Hospital,,,,,,,Unknown,Jinhua,28,,unavailable,,,,registry_reported,not_evaluated,,False,,https://clinicaltrials.gov/study/NCT02099721,2026-09-04,automated_triage_only,official_name_zh | english_name | short_names | historical_names | unified_social_credit_code,,,
525,ctg,cnha-pending-19b78893794ebfe4,Shanghai Tongji Hospital,,,,,,,Shanghai Municipality,Shanghai,28,,unavailable,,,,registry_reported,not_evaluated,,False,,https://clinicaltrials.gov/study/NCT01681316,2026-09-04,automated_triage_only,official_name_zh | english_name | short_names | historical_names | unified_social_credit_code,,,
526,ctg,cnha-pending-26a2f8a028010346,Ruijin Hospital affiliated to Shanghai Jiao Tong University School of Medicine,,,,,,,Unknown,Shanghai,28,,unavailable,,,,registry_reported,not_evaluated,,False,,https://clinicaltrials.gov/study/NCT01012258,2026-09-04,automated_triage_only,official_name_zh | english_name | short_names | historical_names | unified_social_credit_code,,,
527,ctg,cnha-pending-4b033763f1d2db81,Affiliated Hospital of Chengde Medical University,,,,,,,Hebei,Chengde,28,,unavailable,,,,registry_reported,not_evaluated,,False,,https://clinicaltrials.gov/study/NCT01677208,2026-09-04,automated_triage_only,official_name_zh | english_name | short_names | historical_names | unified_social_credit_code,,,
528,ctg,cnha-pending-b9dfe0b201be9802,"Beijing Ditan Hospital, Capital Medical University",,,,,,,Unknown,Beijing,28,,unavailable,,,,registry_reported,not_evaluated,,False,,https://clinicaltrials.gov/study/NCT01436539,2026-09-04,automated_triage_only,official_name_zh | english_name | short_names | historical_names | unified_social_credit_code,,,
529,ctg,cnha-pending-c8a85e8585d4b333,The First Affiliated Hospital of Guangdong Pharmaceutical University,,,,,,,Guangdong,Guangzhou,28,,unavailable,,,,registry_reported,not_evaluated,,False,,https://clinicaltrials.gov/study/NCT00829660,2026-09-04,automated_triage_only,official_name_zh | english_name | short_names | historical_names | unified_social_credit_code,,,
530,ctg,cnha-pending-dc75afd1336cf4d6,"West China Second University Hospital, Sichuan University",,,,,,,Sichuan,Chengdu,28,,unavailable,,,,registry_reported,not_evaluated,,False,,https://clinicaltrials.gov/study/NCT04164199,2026-09-04,automated_triage_only,official_name_zh | english_name | short_names | historical_names | unified_social_credit_code,,,
531,ctg,cnha-pending-ee7be2344ea035c3,"Sir Run Run Shaw Hospital, School of Medicine, Zhejiang University",,,,,,,Zhejiang,Hangzhou,28,,unavailable,,,,registry_reported,not_evaluated,,False,,https://clinicaltrials.gov/study/NCT01228734,2026-09-04,automated_triage_only,official_name_zh | english_name | short_names | historical_names | unified_social_credit_code,,,
532,ctg,cnha-pending-f89c6ec6ef4799e0,Affiliated Hospital of Xuzhou Medical University,,,,,,,Jiangsu,Xuzhou,28,,unavailable,,,,registry_reported,not_evaluated,,False,,https://clinicaltrials.gov/study/NCT03189901,2026-09-04,automated_triage_only,official_name_zh | english_name | short_names | historical_names | unified_social_credit_code,,,
533,ctg,cnha-pending-fed0a4d8b56bfe8b,Changzhi People's Hospital,,,,,,,Shanxi,Changzhi,28,,unavailable,,,,registry_reported,not_evaluated,,False,,https://clinicaltrials.gov/study/NCT03789760,2026-09-04,automated_triage_only,official_name_zh | english_name | short_names | historical_names | unified_social_credit_code,,,
534,ctg,cnha-ror-02fvevm64,Taizhou People's Hospital,,,Taizhou People's Hospital,泰州市人民医院主办,,,江苏省,Taizhou,28,,unavailable,,https://ror.org/02fvevm64,,reference_curated,not_linked,active,False,http://www.jstzhospital.com/,https://ror.org/02fvevm64,2026-09-05,automated_triage_only,official_name_zh | historical_names | unified_social_credit_code,,,
535,ctg,cnha-cfdi-f54478f4c0a803337f778cd3b4849179,厦门大学附属第一医院,厦门大学附属第一医院,厦门大学附属第一医院,First Affiliated Hospital of Xiamen University,,,,福建省,厦门市,27,,unavailable,药临床机构备字2019000097,https://ror.org/0006swh35,,official_filing,filed,active,False,http://en.xmfh.com.cn/,https://beian.cfdi.org.cn/CTMDS/pub/PUB010100.do?method=handle06&curPage=1&pageSize=100,2026-09-05,automated_triage_only,short_names | historical_names | unified_social_credit_code,,,
536,ctg,cnha-pending-0e4cfe554f329f8b,The First Affiliated Hospital of Sun Yat-sen University,,,,,,,Unknown,Guangzhou,27,,unavailable,,,,registry_reported,not_evaluated,,False,,https://clinicaltrials.gov/study/NCT03465722,2026-09-04,automated_triage_only,official_name_zh | english_name | short_names | historical_names | unified_social_credit_code,,,
537,ctg,cnha-pending-12e2e71aa5da4306,Sanmenxia Central Hospital,,,,,,,Henan,Sanmenxia,27,,unavailable,,,,registry_reported,not_evaluated,,False,,https://clinicaltrials.gov/study/NCT04078737,2026-09-04,automated_triage_only,official_name_zh | english_name | short_names | historical_names | unified_social_credit_code,,,
538,ctg,cnha-pending-25c205aa447599f7,Huaihe Hospital of Henan University,,,,,,,Henan,Kaifeng,27,,unavailable,,,,registry_reported,not_evaluated,,False,,https://clinicaltrials.gov/study/NCT03210324,2026-09-04,automated_triage_only,official_name_zh | english_name | short_names | historical_names | unified_social_credit_code,,,
539,ctg,cnha-pending-31845061e64f762c,Inner Mongolia Baogang Hospital,,,,,,,Inner Mongolia,Baotou,27,,unavailable,,,,registry_reported,not_evaluated,,False,,https://clinicaltrials.gov/study/NCT01975376,2026-09-04,automated_triage_only,official_name_zh | english_name | short_names | historical_names | unified_social_credit_code,,,
540,ctg,cnha-pending-3223e4ba2312eb1e,Biotherapeutic Department of Chinese PLA General Hospital,,,,,,,Beijing Municipality,Beijing,27,,unavailable,,,,registry_reported,not_evaluated,,False,,https://clinicaltrials.gov/study/NCT01735604,2026-09-04,automated_triage_only,official_name_zh | english_name | short_names | historical_names | unified_social_credit_code,,,
541,ctg,cnha-pending-376b9f6e5b470f2a,Affiliated Cancer Hospital of Harbin Medical University,,,,,,,Heilongjiang,Harbin,27,,unavailable,,,,registry_reported,not_evaluated,,False,,https://clinicaltrials.gov/study/NCT02929290,2026-09-04,automated_triage_only,official_name_zh | english_name | short_names | historical_names | unified_social_credit_code,,,
542,ctg,cnha-pending-6fdf56b31ee1bbb2,The First Hospital of Jilin University,,,,,,,Unknown,Jilin City,27,,unavailable,,,,registry_reported,not_evaluated,,False,,https://clinicaltrials.gov/study/NCT02112656,2026-09-04,automated_triage_only,official_name_zh | english_name | short_names | historical_names | unified_social_credit_code,,,
543,ctg,cnha-pending-afe15d3d9b52197e,The First People's Hospital of Foshan,,,,,,,Unknown,Foshan,27,,unavailable,,,,registry_reported,not_evaluated,,False,,https://clinicaltrials.gov/study/NCT04085276,2026-09-04,automated_triage_only,official_name_zh | english_name | short_names | historical_names | unified_social_credit_code,,,
544,ctg,cnha-pending-b9add3095f67bd0d,The Second Hospital of Nanjing,,,,,,,Jiangsu,Nanjing,27,,unavailable,,,,registry_reported,not_evaluated,,False,,https://clinicaltrials.gov/study/NCT01326546,2026-09-04,automated_triage_only,official_name_zh | english_name | short_names | historical_names | unified_social_credit_code,,,
545,ctg,cnha-pending-c72c066351cf0dc6,The 2nd Affiliated Hospital of Harbin Medical University,,,,,,,Heilongjiang,Harbin,27,,unavailable,,,,registry_reported,not_evaluated,,False,,https://clinicaltrials.gov/study/NCT00736515,2026-09-04,automated_triage_only,official_name_zh | english_name | short_names | historical_names | unified_social_credit_code,,,
546,ctg,cnha-pending-c7dd5359b9a76f5d,Hangzhou Third People's Hospital,,,,,,,Zhejiang,Hangzhou,27,,unavailable,,,,registry_reported,not_evaluated,,False,,https://clinicaltrials.gov/study/NCT04717310,2026-09-04,automated_triage_only,official_name_zh | english_name | short_names | historical_names | unified_social_credit_code,,,
547,ctg,cnha-pending-cc41285160f6c64c,The Second Affiliated Hospital of Shandong First Medical University,,,,,,,Shandong,Taian,27,,unavailable,,,,registry_reported,not_evaluated,,False,,https://clinicaltrials.gov/study/NCT05068921,2026-09-04,automated_triage_only,official_name_zh | english_name | short_names | historical_names | unified_social_credit_code,,,
548,ctg,cnha-pending-d822cd7e25eb3884,Wuhan Central Hospital,,,,,,,Hubei,Wuhan,27,,unavailable,,,,registry_reported,not_evaluated,,False,,https://clinicaltrials.gov/study/NCT03338010,2026-09-04,automated_triage_only,official_name_zh | english_name | short_names | historical_names | unified_social_credit_code,,,
549,ctg,cnha-pending-f292f3fc8d85e7b4,First Affiliated Hospital of Medical College of Xi'an Jiaotong University,,,,,,,Unknown,Xi'an,27,,unavailable,,,,registry_reported,not_evaluated,,False,,https://clinicaltrials.gov/study/NCT01192880,2026-09-04,automated_triage_only,official_name_zh | english_name | short_names | historical_names | unified_social_credit_code,,,
550,ctg,cnha-pending-f5b17350d4150466,"Cancer Hospital Chinese Academy Of Medical Sciences, Shenzhen Center",,,,,,,Guangdong,Shenzhen,27,,unavailable,,,,registry_reported,not_evaluated,,False,,https://clinicaltrials.gov/study/NCT03753685,2026-09-04,automated_triage_only,official_name_zh | english_name | short_names | historical_names | unified_social_credit_code,,,
551,ctg,cnha-cfdi-42d95032c0a80333133ed997a11b066f,首都医科大学附属北京儿童医院,首都医科大学附属北京儿童医院,北京儿童医院,Beijing Children’s Hospital,北京儿童医院,北平私立儿童医院,,北京市,北京市,26,,unavailable,药临床机构备字2020000311,https://ror.org/04skmn292,,official_filing,filed,active,False,http://www.bch.com.cn/,https://beian.cfdi.org.cn/CTMDS/pub/PUB010100.do?method=handle06&curPage=4&pageSize=100,2026-09-05,official_fields_partially_reviewed,unified_social_credit_code,,,
552,ctg,cnha-cfdi-4754f3d4c0a803331cd8fdb4f4406ac0,揭阳市人民医院,揭阳市人民医院,揭阳市人民医院（中山大学附属揭阳医院）,Jieyang People's Hospital,,,中山大学附属揭阳医院,广东省,揭阳市,26,,unavailable,药临床机构备字2020000933,https://ror.org/03mpy3k07,,official_filing,filed,active,False,https://www.jysrmyy.cn/,https://beian.cfdi.org.cn/CTMDS/pub/PUB010100.do?method=handle06&curPage=10&pageSize=100,2026-09-05,automated_triage_only,short_names | historical_names | unified_social_credit_code,,,
553,ctg,cnha-pending-0cc534aafa6b2402,The third Affiliated Hospital of Guangzhou Medical University,,,,,,,Guangdong,Guangzhou,26,,unavailable,,,,registry_reported,not_evaluated,,False,,https://clinicaltrials.gov/study/NCT01922193,2026-09-04,automated_triage_only,official_name_zh | english_name | short_names | historical_names | unified_social_credit_code,,,
554,ctg,cnha-pending-349f84280ace0cf8,HeNan Tumor Hospital,,,,,,,Henan,Zhengzhou,26,,unavailable,,,,registry_reported,not_evaluated,,False,,https://clinicaltrials.gov/study/NCT02117726,2026-09-04,automated_triage_only,official_name_zh | english_name | short_names | historical_names | unified_social_credit_code,,,
555,ctg,cnha-pending-36d177d3ee2aefcd,The first affiliated hospital of ustc,,,,,,,Anhui,Hefei,26,,unavailable,,,,registry_reported,not_evaluated,,False,,https://clinicaltrials.gov/study/NCT04797013,2026-09-04,automated_triage_only,official_name_zh | english_name | short_names | historical_names | unified_social_credit_code,,,
556,ctg,cnha-pending-375b465d068c6f00,The First Affiliated Hospital of Hainan Medical University,,,,,,,Hainan,Haikou,26,,unavailable,,,,registry_reported,not_evaluated,,False,,https://clinicaltrials.gov/study/NCT04078737,2026-09-04,automated_triage_only,official_name_zh | english_name | short_names | historical_names | unified_social_credit_code,,,
557,ctg,cnha-pending-41dae958264ee567,Shanghai Jiao-Tong University School of Medicine Renji Hospital,,,,,,,Shanghai Municipality,Shanghai,26,,unavailable,,,,registry_reported,not_evaluated,,False,,https://clinicaltrials.gov/study/NCT01513811,2026-09-04,automated_triage_only,official_name_zh | english_name | short_names | historical_names | unified_social_credit_code,,,
558,ctg,cnha-pending-5841a9552bc7d1f5,"National Cancer Center/Cancer Hospital, Chinese Academy of Medical Sciences and Peking Union Medical College",,,,,,,Unknown,Beijing,26,,unavailable,,,,registry_reported,not_evaluated,,False,,https://clinicaltrials.gov/study/NCT03398941,2026-09-04,automated_triage_only,official_name_zh | english_name | short_names | historical_names | unified_social_credit_code,,,
559,ctg,cnha-pending-75a7ed9d28bcf75d,First Affiliated Hospital of Xi 'an Jiaotong University,,,,,,,Shanxi,XiAn,26,,unavailable,,,,registry_reported,not_evaluated,,False,,https://clinicaltrials.gov/study/NCT04274049,2026-09-04,automated_triage_only,official_name_zh | english_name | short_names | historical_names | unified_social_credit_code,,,
560,ctg,cnha-pending-7f31e99920edcb9c,Guangxi Medical University Cancer Hospital,,,,,,,Unknown,Nanning,26,,unavailable,,,,registry_reported,not_evaluated,,False,,https://clinicaltrials.gov/study/NCT03704246,2026-09-04,automated_triage_only,official_name_zh | english_name | short_names | historical_names | unified_social_credit_code,,,
561,ctg,cnha-pending-8602e337a013861b,General Hospital of Eastern Theater Command,,,,,,,Jiangsu,Nanjing,26,,unavailable,,,,registry_reported,not_evaluated,,False,,https://clinicaltrials.gov/study/NCT01560052,2026-09-04,automated_triage_only,official_name_zh | english_name | short_names | historical_names | unified_social_credit_code,,,
562,ctg,cnha-pending-8818733913ac51dd,Fuwai Hospital Chinese Academy of Medical Sciences,,,,,,,Unknown,Beijing,26,,unavailable,,,,registry_reported,not_evaluated,,False,,https://clinicaltrials.gov/study/NCT02617446,2026-09-04,automated_triage_only,official_name_zh | english_name | short_names | historical_names | unified_social_credit_code,,,
563,ctg,cnha-pending-919b3f90356317d4,"National Cancer Center/Cancer Hospital, Chinese Academy of Medical Sciences and Peking Union Medical College",,,,,,,Beijing Municipality,Beijing,26,,unavailable,,,,registry_reported,not_evaluated,,False,,https://clinicaltrials.gov/study/NCT02734680,2026-09-04,automated_triage_only,official_name_zh | english_name | short_names | historical_names | unified_social_credit_code,,,
564,ctg,cnha-pending-c293a321da9d5749,Fudan University Zhongshan Hospital,,,,,,,Shanghai Municipality,Shanghai,26,,unavailable,,,,registry_reported,not_evaluated,,False,,https://clinicaltrials.gov/study/NCT01489566,2026-09-04,automated_triage_only,official_name_zh | english_name | short_names | historical_names | unified_social_credit_code,,,
565,ctg,cnha-pending-c3fd409647f16cb1,Central Hospital Affiliated To Shandong First Medical University,,,,,,,Shandong,Jinan,26,,unavailable,,,,registry_reported,not_evaluated,,False,,https://clinicaltrials.gov/study/NCT03431142,2026-09-04,automated_triage_only,official_name_zh | english_name | short_names | historical_names | unified_social_credit_code,,,
566,ctg,cnha-pending-c70b973dabba82e6,Tianjin Medical University Cancer Hospital,,,,,,,Tianjin Municipality,Tianjin,26,,unavailable,,,,registry_reported,not_evaluated,,False,,https://clinicaltrials.gov/study/NCT01393093,2026-09-04,automated_triage_only,official_name_zh | english_name | short_names | historical_names | unified_social_credit_code,,,
567,ctg,cnha-pending-e3636c017a5a6e6e,The Affiliated Hospital of Xuzhou Medical College,,,,,,,Unknown,Xuzhou,26,,unavailable,,,,registry_reported,not_evaluated,,False,,https://clinicaltrials.gov/study/NCT01143064,2026-09-04,automated_triage_only,official_name_zh | english_name | short_names | historical_names | unified_social_credit_code,,,
568,ctg,cnha-pending-ea5c893ae52f3871,Xijing Hospital of Digestive Diseases,,,,,,,Shaanxi,Xi'an,26,,unavailable,,,,registry_reported,not_evaluated,,False,,https://clinicaltrials.gov/study/NCT01496781,2026-09-04,automated_triage_only,official_name_zh | english_name | short_names | historical_names | unified_social_credit_code,,,
569,ctg,cnha-pending-fa7bb908bcb2b2c9,Eastern hepatobilliary surgery hospital,,,,,,,Shanghai Municipality,Shanghai,26,,unavailable,,,,registry_reported,not_evaluated,,False,,https://clinicaltrials.gov/study/NCT00819650,2026-09-04,automated_triage_only,official_name_zh | english_name | short_names | historical_names | unified_social_credit_code,,,
570,ctg,cnha-ror-00xw2x114,Tangshan People's Hospital,,,Tangshan People's Hospital,,,,河北省,Tangshan,26,,unavailable,,https://ror.org/00xw2x114,,reference_curated,not_linked,active,False,http://www.tsrmyy.cn/,https://ror.org/00xw2x114,2026-09-05,automated_triage_only,official_name_zh | short_names | historical_names | unified_social_credit_code,,,
571,ctg,cnha-ror-01hbm5940,江西省妇幼保健院,,江西省妇幼保健院,Jiangxi Maternal and Child Health Hospital,,,,江西省,Nanchang,26,,unavailable,,https://ror.org/01hbm5940,,reference_curated,not_linked,active,False,http://www.jxsfybjyy.cn/,https://ror.org/01hbm5940,2026-09-05,automated_triage_only,official_name_zh | short_names | historical_names | unified_social_credit_code,,,
572,ctg,cnha-ror-036dyz052,PLA Navy General Hospital,,,PLA Navy General Hospital,,,,北京市,Beijing,26,,unavailable,,https://ror.org/036dyz052,,reference_curated,not_linked,active,False,http://www.hjzyy.com.cn/#,https://ror.org/036dyz052,2026-09-05,automated_triage_only,official_name_zh | short_names | historical_names | unified_social_credit_code,,,
573,ctg,cnha-ror-04gjmb875,中国中医科学院广安门医院,,中国中医科学院广安门医院,Guang’anmen Hospital,GAM,,,北京市,Beijing,26,,unavailable,,https://ror.org/04gjmb875,,reference_curated,not_linked,active,False,http://www.gamhospital.ac.cn/english/,https://ror.org/04gjmb875,2026-09-05,automated_triage_only,official_name_zh | historical_names | unified_social_credit_code,,,
574,ctg,cnha-ror-04tm3k558,Third Affiliated Hospital of Sun Yat-sen University,,,Third Affiliated Hospital of Sun Yat-sen University,,,,广东省,Guangzhou,26,,unavailable,,https://ror.org/04tm3k558,,reference_curated,not_linked,active,False,http://www.zssy.com.cn/,https://ror.org/04tm3k558,2026-09-05,automated_triage_only,official_name_zh | short_names | historical_names | unified_social_credit_code,,,
575,ctg,cnha-cfdi-13cd3688c0a8033335a695c8d55c6e3d,长沙市第一医院,长沙市第一医院,长沙市第一医院,The First Hospital of Changsha,,,,湖南省,长沙市,25,,unavailable,药临床机构备字2020000809,https://ror.org/01sy5t684,,official_filing,filed,active,False,http://www.cssdyyy.com/,https://beian.cfdi.org.cn/CTMDS/pub/PUB010100.do?method=handle06&curPage=9&pageSize=100,2026-09-05,automated_triage_only,short_names | historical_names | unified_social_credit_code,,,
576,ctg,cnha-cfdi-26ddbb23c0a803332da8fc9bf4f5384a,华北理工大学附属医院,华北理工大学附属医院,华北理工大学附属医院,North China University of Science and Technology Affiliated Hospital,,,,河北省,唐山市,25,,unavailable,药临床机构备字2021000136,https://ror.org/015kdfj59,,official_filing,filed,active,False,http://www.myfy.com.cn/,https://beian.cfdi.org.cn/CTMDS/pub/PUB010100.do?method=handle06&curPage=11&pageSize=100,2026-09-05,automated_triage_only,short_names | historical_names | unified_social_credit_code,,,
577,ctg,cnha-cfdi-31c31344c0a803337cc19b734c5cf1ef,江西省儿童医院,江西省儿童医院,,Jiangxi Provincial Children's Hospital,,,,江西省,南昌市,25,,unavailable,药临床机构备字2020000663,https://ror.org/03tws3217,,official_filing,filed,active,False,http://www.jxsetyy.cn/,https://beian.cfdi.org.cn/CTMDS/pub/PUB010100.do?method=handle06&curPage=7&pageSize=100,2026-09-05,official_fields_partially_reviewed,short_names | historical_names | unified_social_credit_code,,,
578,ctg,cnha-cfdi-95a4d38cc0a803333e4235f2ddb5c2f6,南通市第一人民医院,南通市第一人民医院,南通大学第二附属医院,Second Affiliated Hospital of Nantong University,,,,江苏省,南通市,25,,unavailable,药临床机构备字2020000542,https://ror.org/05pdn2z45,,official_filing,filed,active,False,https://www.nt2191.com,https://beian.cfdi.org.cn/CTMDS/pub/PUB010100.do?method=handle06&curPage=6&pageSize=100,2026-09-05,automated_triage_only,short_names | historical_names | unified_social_credit_code,,,
579,ctg,cnha-pending-049a0518b6f36cad,Zhongshan People's Hospital,,,,,,,Guangdong,Zhongshan,25,,unavailable,,,,registry_reported,not_evaluated,,False,,https://clinicaltrials.gov/study/NCT02173457,2026-09-04,automated_triage_only,official_name_zh | english_name | short_names | historical_names | unified_social_credit_code,,,
580,ctg,cnha-pending-1cef0093366e7b1d,Xiangtan Central Hospital,,,,,,,Hu'nan,Xiangtan,25,,unavailable,,,,registry_reported,not_evaluated,,False,,https://clinicaltrials.gov/study/NCT02388737,2026-09-04,automated_triage_only,official_name_zh | english_name | short_names | historical_names | unified_social_credit_code,,,
581,ctg,cnha-pending-21374c1954eb6a9c,CANGZHOU People's Hospital,,,,,,,Hebei,Cangzhou,25,,unavailable,,,,registry_reported,not_evaluated,,False,,https://clinicaltrials.gov/study/NCT03089957,2026-09-04,automated_triage_only,official_name_zh | english_name | short_names | historical_names | unified_social_credit_code,,,
582,ctg,cnha-pending-40f43ef1c843936b,Zhongshan City People's Hospital,,,,,,,Guangdong,Zhongshan,25,,unavailable,,,,registry_reported,not_evaluated,,False,,https://clinicaltrials.gov/study/NCT00565708,2026-09-04,automated_triage_only,official_name_zh | english_name | short_names | historical_names | unified_social_credit_code,,,
583,ctg,cnha-pending-59ab22138e0df23e,The Second Affiliated Hospital and Yuying Children's Hospital of Wenzhou Medical University,,,,,,,Zhejiang,Wenzhou,25,,unavailable,,,,registry_reported,not_evaluated,,False,,https://clinicaltrials.gov/study/NCT03105167,2026-09-04,automated_triage_only,official_name_zh | english_name | short_names | historical_names | unified_social_credit_code,,,
584,ctg,cnha-pending-80ab0eb67fe0290a,Cancer Center Of Guangzhou Medical University,,,,,,,Guangdong,Guangzhou,25,,unavailable,,,,registry_reported,not_evaluated,,False,,https://clinicaltrials.gov/study/NCT02309437,2026-09-04,automated_triage_only,official_name_zh | english_name | short_names | historical_names | unified_social_credit_code,,,
585,ctg,cnha-pending-8a0d0f1ca352cb94,Shanghai Rui Jin Hospital,,,,,,,Unknown,Shanghai,25,,unavailable,,,,registry_reported,not_evaluated,,False,,https://clinicaltrials.gov/study/NCT00240409,2026-09-04,automated_triage_only,official_name_zh | english_name | short_names | historical_names | unified_social_credit_code,,,
586,ctg,cnha-pending-96977a85ef022a6c,"Guang'anmen Hospital, China Academy of Chinese Medical Sciences",,,,,,,Beijing Municipality,Beijing,25,,unavailable,,,,registry_reported,not_evaluated,,False,,https://clinicaltrials.gov/study/NCT01681316,2026-09-04,automated_triage_only,official_name_zh | english_name | short_names | historical_names | unified_social_credit_code,,,
587,ctg,cnha-pending-9b80a75efd46ff18,Changhai Hospital of Shanghai,,,,,,,Shanghai Municipality,Shanghai,25,,unavailable,,,,registry_reported,not_evaluated,,False,,https://clinicaltrials.gov/study/NCT01642771,2026-09-04,automated_triage_only,official_name_zh | english_name | short_names | historical_names | unified_social_credit_code,,,
588,ctg,cnha-pending-bbec594abe503ecc,The sixth Affiliated Hospital of Sun Yat-sen University,,,,,,,Unknown,Guangzhou,25,,unavailable,,,,registry_reported,not_evaluated,,False,,https://clinicaltrials.gov/study/NCT02062489,2026-09-04,automated_triage_only,official_name_zh | english_name | short_names | historical_names | unified_social_credit_code,,,
589,ctg,cnha-pending-e826d52cb7a68a5f,Anhui Cancer Hospital,,,,,,,Anhui,Hefei,25,,unavailable,,,,registry_reported,not_evaluated,,False,,https://clinicaltrials.gov/study/NCT02748772,2026-09-04,automated_triage_only,official_name_zh | english_name | short_names | historical_names | unified_social_credit_code,,,
590,ctg,cnha-pending-fca7383f9a8a37fe,The Affiliated Hospital of Xuzhou Medical College,,,,,,,Jiangsu,Xuzhou,25,,unavailable,,,,registry_reported,not_evaluated,,False,,https://clinicaltrials.gov/study/NCT01848873,2026-09-04,automated_triage_only,official_name_zh | english_name | short_names | historical_names | unified_social_credit_code,,,
591,ctg,cnha-cfdi-18cb6e9ac0a8033363b0753f3cba5eee,广州医科大学附属市八医院,广州医科大学附属市八医院,广州市第八人民医院,Guangzhou Eighth People's Hospital,,,广州市第八人民医院 | 广州市第八人民医院互联网医院 | 广州市肝病医院,广东省,广州市,24,,unavailable,药临床机构备字2020000388,https://ror.org/0534awx66,,official_filing,filed,active,False,http://www.gz8h.com.cn/,https://beian.cfdi.org.cn/CTMDS/pub/PUB010100.do?method=handle06&curPage=5&pageSize=100,2026-09-05,automated_triage_only,short_names | historical_names | unified_social_credit_code,,,
592,ctg,cnha-pending-0a5e392d75ae10df,The First Hospital of Lanzhou University,,,,,,,Unknown,Lanzhou,24,,unavailable,,,,registry_reported,not_evaluated,,False,,https://clinicaltrials.gov/study/NCT02448524,2026-09-04,automated_triage_only,official_name_zh | english_name | short_names | historical_names | unified_social_credit_code,,,
593,ctg,cnha-pending-2da05855bbf44182,Taizhou Central Hospital,,,,,,,Zhejiang,Taizhou,24,,unavailable,,,,registry_reported,not_evaluated,,False,,https://clinicaltrials.gov/study/NCT02455141,2026-09-04,automated_triage_only,official_name_zh | english_name | short_names | historical_names | unified_social_credit_code,,,
594,ctg,cnha-pending-6bf21d6b702828b5,Tongji Hospital of Tongji Medical College of Huazhong University of Science and Technology,,,,,,,Hubei,Wuhan,24,,unavailable,,,,registry_reported,not_evaluated,,False,,https://clinicaltrials.gov/study/NCT00962533,2026-09-04,automated_triage_only,official_name_zh | english_name | short_names | historical_names | unified_social_credit_code,,,
595,ctg,cnha-pending-755c55425b56b2f5,"Xijing Hospital, Fourth Military Medical University",,,,,,,Shaanxi,Xi'an,24,,unavailable,,,,registry_reported,not_evaluated,,False,,https://clinicaltrials.gov/study/NCT00604435,2026-09-04,automated_triage_only,official_name_zh | english_name | short_names | historical_names | unified_social_credit_code,,,
596,ctg,cnha-pending-9d4c6a4c4166c839,Hebei Petro China Central Hospital,,,,,,,Hebei,Langfang,24,,unavailable,,,,registry_reported,not_evaluated,,False,,https://clinicaltrials.gov/study/NCT04970914,2026-09-04,automated_triage_only,official_name_zh | english_name | short_names | historical_names | unified_social_credit_code,,,
597,ctg,cnha-pending-cae6c907119366cb,"Beijing Tongren Hospital, Cmu",,,,,,,Beijing Municipality,Beijing,24,,unavailable,,,,registry_reported,not_evaluated,,False,,https://clinicaltrials.gov/study/NCT04047862,2026-09-04,automated_triage_only,official_name_zh | english_name | short_names | historical_names | unified_social_credit_code,,,
598,ctg,cnha-pending-e3327ebe9bd53bf1,"Daping Hospital, Third Military Medical University",,,,,,,Chongqing Municipality,Chongqing,24,,unavailable,,,,registry_reported,not_evaluated,,False,,https://clinicaltrials.gov/study/NCT01977209,2026-09-04,automated_triage_only,official_name_zh | english_name | short_names | historical_names | unified_social_credit_code,,,
599,ctg,cnha-pending-ed339dc2a5e7e956,The first Affiliated Hospital of Shantou University Medical College,,,,,,,Guangdong,Shantou,24,,unavailable,,,,registry_reported,not_evaluated,,False,,https://clinicaltrials.gov/study/NCT01147627,2026-09-04,automated_triage_only,official_name_zh | english_name | short_names | historical_names | unified_social_credit_code,,,
600,ctg,cnha-ror-04pge2a40,Second Affiliated Hospital of Nanjing Medical University,,,Second Affiliated Hospital of Nanjing Medical University,,,,江苏省,Nanjing,24,,unavailable,,https://ror.org/04pge2a40,,reference_curated,not_linked,active,False,http://www.jsnydefy.com/,https://ror.org/04pge2a40,2026-09-05,automated_triage_only,official_name_zh | short_names | historical_names | unified_social_credit_code,,,
601,ctg,cnha-cfdi-da50e69ac0a8033314c4be56ac99fa22,中国医科大学附属盛京医院,中国医科大学附属盛京医院,中国医科大学附属盛京医院,Sheng Jing Hospital,,,,辽宁省,沈阳市,23,,unavailable,药临床机构备字2020000525,https://ror.org/0202bj006,,official_filing,filed,active,False,http://www.sj-hospital.org/,https://beian.cfdi.org.cn/CTMDS/pub/PUB010100.do?method=handle06&curPage=6&pageSize=100,2026-09-05,automated_triage_only,short_names | historical_names | unified_social_credit_code,,,
602,ctg,cnha-pending-04f45329134ff749,Chinese Academy of Medical Science and Blood Disease Hospital,,,,,,,Tianjin Municipality,Tianjin,23,,unavailable,,,,registry_reported,not_evaluated,,False,,https://clinicaltrials.gov/study/NCT04600960,2026-09-04,automated_triage_only,official_name_zh | english_name | short_names | historical_names | unified_social_credit_code,,,
603,ctg,cnha-pending-161dd7c392a45037,The Second People's Hospital of Hefei,,,,,,,Anhui,Hefei,23,,unavailable,,,,registry_reported,not_evaluated,,False,,https://clinicaltrials.gov/study/NCT03667690,2026-09-04,automated_triage_only,official_name_zh | english_name | short_names | historical_names | unified_social_credit_code,,,
604,ctg,cnha-pending-2ee54a5802191454,The third hospital of Nanchang,,,,,,,Jiangxi,Nanchang,23,,unavailable,,,,registry_reported,not_evaluated,,False,,https://clinicaltrials.gov/study/NCT00912444,2026-09-04,automated_triage_only,official_name_zh | english_name | short_names | historical_names | unified_social_credit_code,,,
605,ctg,cnha-pending-33360cdd2ab37bb2,PLA General Hospital,,,,,,,Beijing Municipality,Beijing,23,,unavailable,,,,registry_reported,not_evaluated,,False,,https://clinicaltrials.gov/study/NCT00829660,2026-09-04,automated_triage_only,official_name_zh | english_name | short_names | historical_names | unified_social_credit_code,,,
606,ctg,cnha-pending-4bfbf59d21d92a45,Tianjin Eye Hospital,,,,,,,Tianjin Municipality,Tianjin,23,,unavailable,,,,registry_reported,not_evaluated,,False,,https://clinicaltrials.gov/study/NCT00485199,2026-09-04,automated_triage_only,official_name_zh | english_name | short_names | historical_names | unified_social_credit_code,,,
607,ctg,cnha-pending-5f0c862c0615efa4,The First Bethune Hospital of Jilin University,,,,,,,Unknown,Changchun,23,,unavailable,,,,registry_reported,not_evaluated,,False,,https://clinicaltrials.gov/study/NCT03390504,2026-09-04,automated_triage_only,official_name_zh | english_name | short_names | historical_names | unified_social_credit_code,,,
608,ctg,cnha-pending-6168a17a1069d718,"Institute of Hematology & Blood Diseases Hospital, Chinese Academy of Medical Sciences & Peking Union Medical College",,,,,,,Tianjin Municipality,Tianjin,23,,unavailable,,,,registry_reported,not_evaluated,,False,,https://clinicaltrials.gov/study/NCT01503502,2026-09-04,automated_triage_only,official_name_zh | english_name | short_names | historical_names | unified_social_credit_code,,,
609,ctg,cnha-pending-810213ed5330687e,Zhoukou Central Hospital,,,,,,,Henan,Zhoukou,23,,unavailable,,,,registry_reported,not_evaluated,,False,,https://clinicaltrials.gov/study/NCT03406819,2026-09-04,automated_triage_only,official_name_zh | english_name | short_names | historical_names | unified_social_credit_code,,,
610,ctg,cnha-pending-85d37bad33931590,The Second People's Hospital of Yibin,,,,,,,Sichuan,Yibin,23,,unavailable,,,,registry_reported,not_evaluated,,False,,https://clinicaltrials.gov/study/NCT02135835,2026-09-04,automated_triage_only,official_name_zh | english_name | short_names | historical_names | unified_social_credit_code,,,
611,ctg,cnha-pending-8a6fb635cd96c71f,Luoyang Third People's Hospital,,,,,,,He'nan,Luoyang,23,,unavailable,,,,registry_reported,not_evaluated,,False,,https://clinicaltrials.gov/study/NCT05607680,2026-09-04,automated_triage_only,official_name_zh | english_name | short_names | historical_names | unified_social_credit_code,,,
612,ctg,cnha-pending-91bc12116281c3c2,Fuda cancer institute of Fuda cancer hospital,,,,,,,Guangdong,Guangzhou,23,,unavailable,,,,registry_reported,not_evaluated,,False,,https://clinicaltrials.gov/study/NCT02849314,2026-09-04,automated_triage_only,official_name_zh | english_name | short_names | historical_names | unified_social_credit_code,,,
613,ctg,cnha-pending-95bf3ba969c4c622,The First People's Hospital of Changde City,,,,,,,Hunan,Changde,23,,unavailable,,,,registry_reported,not_evaluated,,False,,https://clinicaltrials.gov/study/NCT03363035,2026-09-04,automated_triage_only,official_name_zh | english_name | short_names | historical_names | unified_social_credit_code,,,
614,ctg,cnha-pending-988d6dbcb651fb6e,Dermatology Hospital of Jiangxi Province,,,,,,,Jiangxi,Nanchang,23,,unavailable,,,,registry_reported,not_evaluated,,False,,https://clinicaltrials.gov/study/NCT03422822,2026-09-04,automated_triage_only,official_name_zh | english_name | short_names | historical_names | unified_social_credit_code,,,
615,ctg,cnha-pending-9ab7e7e1b670d4a6,Tongji Hospital of Tongji University,,,,,,,Unknown,Shanghai,23,,unavailable,,,,registry_reported,not_evaluated,,False,,https://clinicaltrials.gov/study/NCT01192880,2026-09-04,automated_triage_only,official_name_zh | english_name | short_names | historical_names | unified_social_credit_code,,,
616,ctg,cnha-pending-9ad301aceb5ea3f9,Foshan First People's Hospital,,,,,,,Guangdong,Foshan,23,,unavailable,,,,registry_reported,not_evaluated,,False,,https://clinicaltrials.gov/study/NCT00548223,2026-09-04,automated_triage_only,official_name_zh | english_name | short_names | historical_names | unified_social_credit_code,,,
617,ctg,cnha-pending-be5467bf47a4df08,Shulan (Hangzhou) Hospital,,,,,,,Zhejiang,Hangzhou,23,,unavailable,,,,registry_reported,not_evaluated,,False,,https://clinicaltrials.gov/study/NCT03388593,2026-09-04,automated_triage_only,official_name_zh | english_name | short_names | historical_names | unified_social_credit_code,,,
618,ctg,cnha-pending-bfd67dd64111a29a,The Fourth Affiliated Hospital of Harbin Medical University,,,,,,,Unknown,Harbin,23,,unavailable,,,,registry_reported,not_evaluated,,False,,https://clinicaltrials.gov/study/NCT04382937,2026-09-04,automated_triage_only,official_name_zh | english_name | short_names | historical_names | unified_social_credit_code,,,
619,ctg,cnha-pending-c1b2fba977564969,Renji Hospital Affiliated to Shanghai Jiao Tong University School of Medicine,,,,,,,Unknown,Shanghai,23,,unavailable,,,,registry_reported,not_evaluated,,False,,https://clinicaltrials.gov/study/NCT00486759,2026-09-04,automated_triage_only,official_name_zh | english_name | short_names | historical_names | unified_social_credit_code,,,
620,ctg,cnha-pending-d74bcd7ea66c1cae,Yibin Second People's Hospital,,,,,,,Sichuan,Yibin,23,,unavailable,,,,registry_reported,not_evaluated,,False,,https://clinicaltrials.gov/study/NCT04152499,2026-09-04,automated_triage_only,official_name_zh | english_name | short_names | historical_names | unified_social_credit_code,,,
621,ctg,cnha-pending-e5e86875b998312e,Shanghai Tong Ren Hospital,,,,,,,Shanghai Municipality,Shanghai,23,,unavailable,,,,registry_reported,not_evaluated,,False,,https://clinicaltrials.gov/study/NCT02764281,2026-09-04,automated_triage_only,official_name_zh | english_name | short_names | historical_names | unified_social_credit_code,,,
622,ctg,cnha-pending-eb338d031722cfda,Breast cancer institute of Fudan University Cancer Hospital,,,,,,,Shanghai Municipality,Shanghai,23,,unavailable,,,,registry_reported,not_evaluated,,False,,https://clinicaltrials.gov/study/NCT01428414,2026-09-04,automated_triage_only,official_name_zh | english_name | short_names | historical_names | unified_social_credit_code,,,
623,ctg,cnha-pending-f231d3fc38b9d21e,Tianjin Eye Hospital,,,,,,,Unknown,Tianjin,23,,unavailable,,,,registry_reported,not_evaluated,,False,,https://clinicaltrials.gov/study/NCT02341560,2026-09-04,automated_triage_only,official_name_zh | english_name | short_names | historical_names | unified_social_credit_code,,,
624,ctg,cnha-pending-f7f816ef35b5c0fa,"Shanghai JiaoTong University School of Medicine, Ruijin Hospital",,,,,,,Shanghai Municipality,Shanghai,23,,unavailable,,,,registry_reported,not_evaluated,,False,,https://clinicaltrials.gov/study/NCT02455141,2026-09-04,automated_triage_only,official_name_zh | english_name | short_names | historical_names | unified_social_credit_code,,,
625,ctg,cnha-pending-fd350b45a29100d4,"Medical Center for Digestive Diseases, The Second Affiliated Hospital of Nanjing Medical University",,,,,,,Jiangsu,Nanjing,23,,unavailable,,,,registry_reported,not_evaluated,,False,,https://clinicaltrials.gov/study/NCT01790061,2026-09-04,automated_triage_only,official_name_zh | english_name | short_names | historical_names | unified_social_credit_code,,,
626,ctg,cnha-ror-00qw5wg75,Guizhou Cancer Hospital,,,Guizhou Cancer Hospital,,,,贵州省,Guiyang,23,,unavailable,,https://ror.org/00qw5wg75,,reference_curated,not_linked,active,False,http://www.gzszlyy.cn/,https://ror.org/00qw5wg75,2026-09-05,automated_triage_only,official_name_zh | short_names | historical_names | unified_social_credit_code,,,
627,ctg,cnha-ror-02xjrkt08,Second Affiliated Hospital of Soochow University,,,Second Affiliated Hospital of Soochow University,,,,江苏省,Suzhou,23,,unavailable,,https://ror.org/02xjrkt08,,reference_curated,not_linked,active,False,http://www.sdfey.com/web/jsp/front/english.jsp,https://ror.org/02xjrkt08,2026-09-05,automated_triage_only,official_name_zh | short_names | historical_names | unified_social_credit_code,,,
628,ctg,cnha-ror-035wt7p80,Shengli Oilfield Central Hospital,,,Shengli Oilfield Central Hospital,,,,山东省,Dongying,23,,unavailable,,https://ror.org/035wt7p80,,reference_curated,not_linked,active,False,http://www.slchos.com:8070/,https://ror.org/035wt7p80,2026-09-05,automated_triage_only,official_name_zh | short_names | historical_names | unified_social_credit_code,,,
629,ctg,cnha-ror-03cyvdv85,First Affiliated Hospital of Wenzhou Medical University,,,First Affiliated Hospital of Wenzhou Medical University,,,,浙江省,Wenzhou,23,,unavailable,,https://ror.org/03cyvdv85,,reference_curated,not_linked,active,False,https://www.wzhospital.cn/,https://ror.org/03cyvdv85,2026-09-05,automated_triage_only,official_name_zh | short_names | historical_names | unified_social_credit_code,,,
630,ctg,cnha-cfdi-0cf24949c0a803332821abbd34763079,枣庄市立医院,枣庄市立医院,枣庄市立医院,Zaozhuang Municipal Hospital,,,,山东省,枣庄市市,22,,unavailable,药临床机构备字2020000686,https://ror.org/01nvdh647,,official_filing,filed,active,False,http://www.zzslyy.com/,https://beian.cfdi.org.cn/CTMDS/pub/PUB010100.do?method=handle06&curPage=8&pageSize=100,2026-09-05,automated_triage_only,short_names | historical_names | unified_social_credit_code,,,
631,ctg,cnha-cfdi-367d16a9c0a803334d358b8a60341c23,天津市中西医结合医院,天津市中西医结合医院,天津市南开医院,Tianjin Nankai Hospital,,,天津市南开医院,天津市,天津市,22,,unavailable,药临床机构备字2020000402,https://ror.org/00hq79z10,,official_filing,filed,active,False,http://www.tjnkh.com/,https://beian.cfdi.org.cn/CTMDS/pub/PUB010100.do?method=handle06&curPage=5&pageSize=100,2026-09-05,automated_triage_only,short_names | historical_names | unified_social_credit_code,,,
632,ctg,cnha-cfdi-41bce0e2c0a8033315f29b2a61cee434,大连理工大学附属中心医院,大连理工大学附属中心医院,大连市中心医院,Dalian Municipal Central Hospital,,,大连市中心医院,辽宁省,大连市,22,,unavailable,药临床机构备字2020000369,https://ror.org/01n6v0a11,,official_filing,filed,active,False,http://www.dlzxyy.com/,https://beian.cfdi.org.cn/CTMDS/pub/PUB010100.do?method=handle06&curPage=5&pageSize=100,2026-09-05,automated_triage_only,short_names | historical_names | unified_social_credit_code,,,
633,ctg,cnha-cfdi-6ef3ba1fc0a803335a951950d4a738de,安徽医科大学第二附属医院,安徽医科大学第二附属医院,,Second Affiliated Hospital of Anhui Medical University,,,,安徽省,合肥市,22,,unavailable,药临床机构备字2019000021,https://ror.org/047aw1y82,,official_filing,filed,active,False,http://www.ay2fy.com/,https://beian.cfdi.org.cn/CTMDS/pub/PUB010100.do?method=handle06&curPage=1&pageSize=100,2026-09-05,official_fields_partially_reviewed,short_names | historical_names | unified_social_credit_code,,,
634,ctg,cnha-cfdi-87425d16c0a803332cf760b3931ed20b,复旦大学附属妇产科医院,复旦大学附属妇产科医院,复旦大学附属妇产科医院,Obstetrics and Gynecology Hospital of Fudan University,,,,上海市,上海市,22,,unavailable,药临床机构备字2020000435,https://ror.org/04rhdtb47,,official_filing,filed,active,False,http://fckyy.fudan.edu.cn/en/,https://beian.cfdi.org.cn/CTMDS/pub/PUB010100.do?method=handle06&curPage=5&pageSize=100,2026-09-05,automated_triage_only,short_names | historical_names | unified_social_credit_code,,,
635,ctg,cnha-cfdi-b1b916e1c0a803337959d7fcacbd5db1,无锡市第二人民医院,无锡市第二人民医院,无锡市第二人民医院,Wuxi No.2 People's Hospital,,,,江苏省,无锡市,22,,unavailable,药临床机构备字2020000219,https://ror.org/0399zkh42,,official_filing,filed,active,False,http://www.wx2h.com/,https://beian.cfdi.org.cn/CTMDS/pub/PUB010100.do?method=handle06&curPage=3&pageSize=100,2026-09-05,automated_triage_only,short_names | historical_names | unified_social_credit_code,,,
636,ctg,cnha-cfdi-db373e4bc0a8033358aa9e0c82bd6c96,首都医科大学附属北京安贞医院南充医院,首都医科大学附属北京安贞医院南充医院,南充市中心医院,Nanchong Central Hospital,,,南充市中心医院,四川省,南充市,22,,unavailable,药临床机构备字2020000274,https://ror.org/05n50qc07,,official_filing,filed,active,False,http://www.nc120.cn/,https://beian.cfdi.org.cn/CTMDS/pub/PUB010100.do?method=handle06&curPage=4&pageSize=100,2026-09-05,automated_triage_only,short_names | historical_names | unified_social_credit_code,,,
637,ctg,cnha-pending-0032be6caa549808,People's Hospital of Zhengzhou,,,,,,,Henan,Zhengzhou,22,,unavailable,,,,registry_reported,not_evaluated,,False,,https://clinicaltrials.gov/study/NCT01677208,2026-09-04,automated_triage_only,official_name_zh | english_name | short_names | historical_names | unified_social_credit_code,,,
638,ctg,cnha-pending-1e76a7f5df1244da,The First Affiliated Hospital of Xinxiang Medical College,,,,,,,Henan,Xinxiang,22,,unavailable,,,,registry_reported,not_evaluated,,False,,https://clinicaltrials.gov/study/NCT02319187,2026-09-04,automated_triage_only,official_name_zh | english_name | short_names | historical_names | unified_social_credit_code,,,
639,ctg,cnha-pending-254b4d01c404efa6,"Xin Hua Hospital, Shanghai Jiaotong University School of Medicine",,,,,,,Shanghai Municipality,Shanghai,22,,unavailable,,,,registry_reported,not_evaluated,,False,,https://clinicaltrials.gov/study/NCT00912444,2026-09-04,automated_triage_only,official_name_zh | english_name | short_names | historical_names | unified_social_credit_code,,,
640,ctg,cnha-pending-2695a3dc4449eb9b,Qingyuan People's hospital,,,,,,,Guangdong,Qingyuan,22,,unavailable,,,,registry_reported,not_evaluated,,False,,https://clinicaltrials.gov/study/NCT01147627,2026-09-04,automated_triage_only,official_name_zh | english_name | short_names | historical_names | unified_social_credit_code,,,
641,ctg,cnha-pending-29985ee4f8dd63d6,Xi'an International Medical Center Hospital,,,,,,,Shaanxi,Xi'an,22,,unavailable,,,,registry_reported,not_evaluated,,False,,https://clinicaltrials.gov/study/NCT02485184,2026-09-04,automated_triage_only,official_name_zh | english_name | short_names | historical_names | unified_social_credit_code,,,
642,ctg,cnha-pending-4740998d4a42417b,Shanxi Cancer Hospital,,,,,,,Unknown,Taiyuan,22,,unavailable,,,,registry_reported,not_evaluated,,False,,https://clinicaltrials.gov/study/NCT03500380,2026-09-04,automated_triage_only,official_name_zh | english_name | short_names | historical_names | unified_social_credit_code,,,
643,ctg,cnha-pending-5ded5e318c64896a,Anhui Provincial Cancer Hospital,,,,,,,Unknown,Hefei,22,,unavailable,,,,registry_reported,not_evaluated,,False,,https://clinicaltrials.gov/study/NCT03704246,2026-09-04,automated_triage_only,official_name_zh | english_name | short_names | historical_names | unified_social_credit_code,,,
644,ctg,cnha-pending-65dfa134a874885b,"Union Hospital Affiliated to Tongji Medical College, Huazhong University of Science and Technology",,,,,,,Hubei,Wuhan,22,,unavailable,,,,registry_reported,not_evaluated,,False,,https://clinicaltrials.gov/study/NCT01560052,2026-09-04,automated_triage_only,official_name_zh | english_name | short_names | historical_names | unified_social_credit_code,,,
645,ctg,cnha-pending-6dc969d71a4b5a58,Xiangyang Central Hospital,,,,,,,Unknown,Xiangyang,22,,unavailable,,,,registry_reported,not_evaluated,,False,,https://clinicaltrials.gov/study/NCT04085276,2026-09-04,automated_triage_only,official_name_zh | english_name | short_names | historical_names | unified_social_credit_code,,,
646,ctg,cnha-pending-6e6f5cb4657c2c8c,Taizhou Hospital of Zhejiang Province,,,,,,,Unknown,Taizhou,22,,unavailable,,,,registry_reported,not_evaluated,,False,,https://clinicaltrials.gov/study/NCT03974022,2026-09-04,automated_triage_only,official_name_zh | english_name | short_names | historical_names | unified_social_credit_code,,,
647,ctg,cnha-pending-da2b97d8e63a74ef,The First Affiliated Hospital of University of Science and Technology of China (Anhui Provincial Hospital),,,,,,,Anhui,Hefei,22,,unavailable,,,,registry_reported,not_evaluated,,False,,https://clinicaltrials.gov/study/NCT03792932,2026-09-04,automated_triage_only,official_name_zh | english_name | short_names | historical_names | unified_social_credit_code,,,
648,ctg,cnha-pending-f2fc8fce87714c57,Henan Cancer Hospital (The Affiliated Cancer Hospital of Zhengzhou University),,,,,,,Henan,Zhengzhou,22,,unavailable,,,,registry_reported,not_evaluated,,False,,https://clinicaltrials.gov/study/NCT01998230,2026-09-04,automated_triage_only,official_name_zh | english_name | short_names | historical_names | unified_social_credit_code,,,
649,ctg,cnha-pending-fa58f433b9572385,Hebei Medical University Third Hospital,,,,,,,Hebei,Shijiazhuang,22,,unavailable,,,,registry_reported,not_evaluated,,False,,https://clinicaltrials.gov/study/NCT02327949,2026-09-04,automated_triage_only,official_name_zh | english_name | short_names | historical_names | unified_social_credit_code,,,
650,ctg,cnha-ror-00h4nzs54,Zhumadian Central Hospital,,,Zhumadian Central Hospital,,,,河南省,Zhumadian,22,,unavailable,,https://ror.org/00h4nzs54,,reference_curated,not_linked,active,False,http://www.zmdszxyy.cn/,https://ror.org/00h4nzs54,2026-09-05,automated_triage_only,official_name_zh | short_names | historical_names | unified_social_credit_code,,,
651,ctg,cnha-ror-021ky1s64,北京安定医院,,北京安定医院,Beijing Anding Hospital,,,,北京市,Beijing,22,,unavailable,,https://ror.org/021ky1s64,,reference_curated,not_linked,active,False,http://www.bjad.com.cn/article/?sid=106,https://ror.org/021ky1s64,2026-09-05,automated_triage_only,official_name_zh | short_names | historical_names | unified_social_credit_code,,,
652,ctg,cnha-ror-030em0930,Hebei Yanda Ludaopei Hospital,,,Hebei Yanda Ludaopei Hospital,,,,河北省,Sanhe,22,,unavailable,,https://ror.org/030em0930,,reference_curated,not_linked,active,False,http://ludaopei.com,https://ror.org/030em0930,2026-09-05,automated_triage_only,official_name_zh | short_names | historical_names | unified_social_credit_code,,,
653,ctg,cnha-ror-04fszpp16,Dongyang People's Hospital,,,Dongyang People's Hospital,,,,浙江省,Dongyang,22,,unavailable,,https://ror.org/04fszpp16,,reference_curated,not_linked,active,False,http://www.dyhospital.com/,https://ror.org/04fszpp16,2026-09-05,automated_triage_only,official_name_zh | short_names | historical_names | unified_social_credit_code,,,
654,ctg,cnha-ror-04y2bwa40,Chenzhou First People's Hospital,,,Chenzhou First People's Hospital,,,,湖南省,Chenzhou,22,,unavailable,,https://ror.org/04y2bwa40,,reference_curated,not_linked,active,False,http://www.czhospital.com/Index.html,https://ror.org/04y2bwa40,2026-09-05,automated_triage_only,official_name_zh | short_names | historical_names | unified_social_credit_code,,,
655,ctg,cnha-cfdi-417dd7d5c0a803332053ddb03e929a9e,自贡市第一人民医院,自贡市第一人民医院,自贡市第一人民医院,Zigong First People's Hospital,,,自贡市传染病医院,四川省,自贡市,21,,unavailable,药临床机构备字2020000358,https://ror.org/04khs3e04,,official_filing,filed,active,False,http://www.zgno1hos.com.cn/,https://beian.cfdi.org.cn/CTMDS/pub/PUB010100.do?method=handle06&curPage=5&pageSize=100,2026-09-05,automated_triage_only,short_names | historical_names | unified_social_credit_code,,,
656,ctg,cnha-cfdi-473fe7d4c0a80333369e1812752d6f58,汕头市中心医院,汕头市中心医院,汕头市中心医院,Shantou Central Hospital,,,,广东省,汕头市,21,,unavailable,药临床机构备字2020000444,https://ror.org/04jmrra88,,official_filing,filed,active,False,http://www.sthospital.com/,https://beian.cfdi.org.cn/CTMDS/pub/PUB010100.do?method=handle06&curPage=5&pageSize=100,2026-09-05,automated_triage_only,short_names | historical_names | unified_social_credit_code,,,
657,ctg,cnha-cfdi-601a3506c0a803332c09e912a6ed6a6f,山东中医药大学附属医院,山东中医药大学附属医院,山东中医药大学附属医院,Affiliated Hospital of Shandong University of Traditional Chinese Medicine,,,,山东省,济南市,21,,unavailable,药临床机构备字2020000479,https://ror.org/052q26725,,official_filing,filed,active,False,http://www.sdzydfy.com/web/index.asp,https://beian.cfdi.org.cn/CTMDS/pub/PUB010100.do?method=handle06&curPage=6&pageSize=100,2026-09-05,automated_triage_only,short_names | historical_names | unified_social_credit_code,,,
658,ctg,cnha-cfdi-91ae13e4c0a803334363b0261c5172c2,金华市中心医院,金华市中心医院,金华市中心医院,Jinhua Central Hospital,,,,浙江省,金华市,21,,unavailable,药临床机构备字2020000623,https://ror.org/04z13ha89,,official_filing,filed,active,False,http://www.jhzxyy.cn/,https://beian.cfdi.org.cn/CTMDS/pub/PUB010100.do?method=handle06&curPage=7&pageSize=100,2026-09-05,automated_triage_only,short_names | historical_names | unified_social_credit_code,,,
659,ctg,cnha-cfdi-a142e98bc0a803336a3b193e17e91236,河南省传染病医院,河南省传染病医院,郑州市第六人民医院,The Sixth People's Hospital of Zhengzhou,,,郑州市第六人民医院,河南省,郑州市,21,,unavailable,药临床机构备字2020000422,https://ror.org/046znv447,,official_filing,filed,active,False,http://www.zz6y.cn/,https://beian.cfdi.org.cn/CTMDS/pub/PUB010100.do?method=handle06&curPage=5&pageSize=100,2026-09-05,automated_triage_only,short_names | historical_names | unified_social_credit_code,,,
660,ctg,cnha-cfdi-a15cc9cbc0a8033339bd35fd623e7255,上海市浦东医院,上海市浦东医院,上海市浦东医院,Pudong Medical Center,,,,上海市,上海市,21,,unavailable,药临床机构备字2020000243,https://ror.org/02nptez24,,official_filing,filed,active,False,http://shmc.fudan.edu.cn/eng/show/Pudong,https://beian.cfdi.org.cn/CTMDS/pub/PUB010100.do?method=handle06&curPage=4&pageSize=100,2026-09-05,automated_triage_only,short_names | historical_names | unified_social_credit_code,,,
661,ctg,cnha-cfdi-a68dae61c0a803330aa87c8efde9c72b,娄底市中心医院,娄底市中心医院,娄底市中心医院,Loudi Central Hospital,,,,湖南省,娄底市,21,,unavailable,药临床机构备字2020000847,https://ror.org/04jref587,,official_filing,filed,active,False,http://www.ldzxyy.com/,https://beian.cfdi.org.cn/CTMDS/pub/PUB010100.do?method=handle06&curPage=9&pageSize=100,2026-09-05,automated_triage_only,short_names | historical_names | unified_social_credit_code,,,
662,ctg,cnha-cfdi-b0e294e2c0a8033365254668ebd20dbc,珠海市人民医院,珠海市人民医院,珠海市人民医院,Zhuhai People's Hospital,,,,广东省,珠海市,21,,unavailable,药临床机构备字2020000720,https://ror.org/01k1x3b35,,official_filing,filed,active,False,http://www.zhhospital.cn/,https://beian.cfdi.org.cn/CTMDS/pub/PUB010100.do?method=handle06&curPage=8&pageSize=100,2026-09-05,automated_triage_only,short_names | historical_names | unified_social_credit_code,,,
663,ctg,cnha-pending-088baa9b666c34d4,The First Affiliated Hospital of Baotou Medical College,,,,,,,Inner Mongolia,Baotou,21,,unavailable,,,,registry_reported,not_evaluated,,False,,https://clinicaltrials.gov/study/NCT00829660,2026-09-04,automated_triage_only,official_name_zh | english_name | short_names | historical_names | unified_social_credit_code,,,
664,ctg,cnha-pending-0c8173fcbce0f658,Yueyang Central Hospital,,,,,,,Hunan,Yueyang,21,,unavailable,,,,registry_reported,not_evaluated,,False,,https://clinicaltrials.gov/study/NCT03822975,2026-09-04,automated_triage_only,official_name_zh | english_name | short_names | historical_names | unified_social_credit_code,,,
665,ctg,cnha-pending-1b29f5be24123efa,Nanfang Hospital of Southern Medical University,,,,,,,Unknown,Guangzhou,21,,unavailable,,,,registry_reported,not_evaluated,,False,,https://clinicaltrials.gov/study/NCT01593410,2026-09-04,automated_triage_only,official_name_zh | english_name | short_names | historical_names | unified_social_credit_code,,,
666,ctg,cnha-pending-1e5d861e7821d775,Shanghai 6th People's Hospital,,,,,,,Shanghai Municipality,Shanghai,21,,unavailable,,,,registry_reported,not_evaluated,,False,,https://clinicaltrials.gov/study/NCT01417767,2026-09-04,automated_triage_only,official_name_zh | english_name | short_names | historical_names | unified_social_credit_code,,,
667,ctg,cnha-pending-25a74df2c4583ede,The Second People's Hospital of Hefei,,,,,,,Unknown,Hefei,21,,unavailable,,,,registry_reported,not_evaluated,,False,,https://clinicaltrials.gov/study/NCT06292013,2026-09-04,automated_triage_only,official_name_zh | english_name | short_names | historical_names | unified_social_credit_code,,,
668,ctg,cnha-pending-2f7dec9e710b7958,Beijing Pinggu Hospital,,,,,,,Unknown,Beijing,21,,unavailable,,,,registry_reported,not_evaluated,,False,,https://clinicaltrials.gov/study/NCT02985918,2026-09-04,automated_triage_only,official_name_zh | english_name | short_names | historical_names | unified_social_credit_code,,,
669,ctg,cnha-pending-31600225e5d5ea94,Jining No.1 People's Hospital,,,,,,,Shandong,Jining,21,,unavailable,,,,registry_reported,not_evaluated,,False,,https://clinicaltrials.gov/study/NCT02231125,2026-09-04,automated_triage_only,official_name_zh | english_name | short_names | historical_names | unified_social_credit_code,,,
670,ctg,cnha-pending-418301169a83736a,"Beijing Anding Hospital, Capital Medical University",,,,,,,Beijing Municipality,Beijing,21,,unavailable,,,,registry_reported,not_evaluated,,False,,https://clinicaltrials.gov/study/NCT01263080,2026-09-04,automated_triage_only,official_name_zh | english_name | short_names | historical_names | unified_social_credit_code,,,
671,ctg,cnha-pending-4b3fa9078776eba7,Nanyang Second General Hospital,,,,,,,Henan,Nanyang,21,,unavailable,,,,registry_reported,not_evaluated,,False,,https://clinicaltrials.gov/study/NCT04491695,2026-09-04,automated_triage_only,official_name_zh | english_name | short_names | historical_names | unified_social_credit_code,,,
672,ctg,cnha-pending-4d2063d100160b7d,"Peking University Insititute of Hematology, Peking University People's Hospital",,,,,,,Beijing Municipality,Beijing,21,,unavailable,,,,registry_reported,not_evaluated,,False,,https://clinicaltrials.gov/study/NCT03304288,2026-09-04,automated_triage_only,official_name_zh | english_name | short_names | historical_names | unified_social_credit_code,,,
673,ctg,cnha-pending-75fb4ef4504e1955,Beijing Tiantan Hospital Affiliated to Capital Medical University,,,,,,,Beijing Municipality,Beijing,21,,unavailable,,,,registry_reported,not_evaluated,,False,,https://clinicaltrials.gov/study/NCT01656980,2026-09-04,automated_triage_only,official_name_zh | english_name | short_names | historical_names | unified_social_credit_code,,,
674,ctg,cnha-pending-771e822ce8cae2c4,Institute of Hematology and Hospital of Blood Disease,,,,,,,Tianjin Municipality,Tianjin,21,,unavailable,,,,registry_reported,not_evaluated,,False,,https://clinicaltrials.gov/study/NCT03145064,2026-09-04,automated_triage_only,official_name_zh | english_name | short_names | historical_names | unified_social_credit_code,,,
675,ctg,cnha-pending-78cccfcb198fb385,"Department of Nasopharyngeal Carcinoma, Sun Yat-sen University Cancer Center",,,,,,,Guangdong,Guangzhou,21,,unavailable,,,,registry_reported,not_evaluated,,False,,https://clinicaltrials.gov/study/NCT00705627,2026-09-04,automated_triage_only,official_name_zh | english_name | short_names | historical_names | unified_social_credit_code,,,
676,ctg,cnha-pending-7a24545778496b86,Guang'anmen Hospital of China Academy of Chinese Medical Sciences,,,,,,,Beijing Municipality,Beijing,21,,unavailable,,,,registry_reported,not_evaluated,,False,,https://clinicaltrials.gov/study/NCT00974454,2026-09-04,automated_triage_only,official_name_zh | english_name | short_names | historical_names | unified_social_credit_code,,,
677,ctg,cnha-pending-7e769e33aca9eac0,The First Affiliated Hospital of Xinjiang Medical University,,,,,,,Unknown,Ürümqi,21,,unavailable,,,,registry_reported,not_evaluated,,False,,https://clinicaltrials.gov/study/NCT02485184,2026-09-04,automated_triage_only,official_name_zh | english_name | short_names | historical_names | unified_social_credit_code,,,
678,ctg,cnha-pending-b722ea470410e990,Sichuan Academy of Medical Sciences & Sichuan Provincial People's Hospital,,,,,,,Sichuan,Chengdu,21,,unavailable,,,,registry_reported,not_evaluated,,False,,https://clinicaltrials.gov/study/NCT05589454,2026-09-04,automated_triage_only,official_name_zh | english_name | short_names | historical_names | unified_social_credit_code,,,
679,ctg,cnha-pending-b9f81022676b4719,First affiliated hospital of Zhejiang University,,,,,,,Zhejiang,Hangzhou,21,,unavailable,,,,registry_reported,not_evaluated,,False,,https://clinicaltrials.gov/study/NCT02401373,2026-09-04,automated_triage_only,official_name_zh | english_name | short_names | historical_names | unified_social_credit_code,,,
680,ctg,cnha-pending-c877225991e9c7f3,ShengJing Hospital of China Medical University,,,,,,,Liaoning,Shengyang,21,,unavailable,,,,registry_reported,not_evaluated,,False,,https://clinicaltrials.gov/study/NCT01529255,2026-09-04,automated_triage_only,official_name_zh | english_name | short_names | historical_names | unified_social_credit_code,,,
681,ctg,cnha-pending-d50b2f9077014efb,"Tongji Hospital, Tongji Medical College of Huazhong University of Science and Technology",,,,,,,Hubei,Wuhan,21,,unavailable,,,,registry_reported,not_evaluated,,False,,https://clinicaltrials.gov/study/NCT03377491,2026-09-04,automated_triage_only,official_name_zh | english_name | short_names | historical_names | unified_social_credit_code,,,
682,ctg,cnha-pending-ec3d05fd5a0d89cb,"Sun Yat-sen University, Cancer Center",,,,,,,Guangdong,Guanzhou,21,,unavailable,,,,registry_reported,not_evaluated,,False,,https://clinicaltrials.gov/study/NCT03084237,2026-09-04,automated_triage_only,official_name_zh | english_name | short_names | historical_names | unified_social_credit_code,,,
683,ctg,cnha-pending-fb5f59008d9aa512,Zibo Municipal Hospital,,,,,,,Shandong,Zibo,21,,unavailable,,,,registry_reported,not_evaluated,,False,,https://clinicaltrials.gov/study/NCT03872791,2026-09-04,automated_triage_only,official_name_zh | english_name | short_names | historical_names | unified_social_credit_code,,,
684,ctg,cnha-ror-01a2gef28,Nanjing Maternity and Child Health Care Hospital,,,Nanjing Maternity and Child Health Care Hospital,,,,江苏省,Nanjing,21,,unavailable,,https://ror.org/01a2gef28,,reference_curated,not_linked,active,False,http://www.njfybjy.com/,https://ror.org/01a2gef28,2026-09-05,automated_triage_only,official_name_zh | short_names | historical_names | unified_social_credit_code,,,
685,ctg,cnha-cfdi-3a82f5aec0a80333558d48cdf85b8d1e,南京市儿童医院,南京市儿童医院,南京市儿童医院,Nanjing Children's Hospital,,,,江苏省,南京市,20,,unavailable,药临床机构备字2020000726,https://ror.org/000xvke80,,official_filing,filed,active,False,http://www.njch.com.cn/,https://beian.cfdi.org.cn/CTMDS/pub/PUB010100.do?method=handle06&curPage=8&pageSize=100,2026-09-05,automated_triage_only,short_names | historical_names | unified_social_credit_code,,,
686,ctg,cnha-cfdi-4a7f74e8c0a8033314a7aadf1c8aa2b7,大连医科大学附属第一医院,大连医科大学附属第一医院,大连医科大学附属第一医院,First Affiliated Hospital of Dalian Medical University,,,,辽宁省,大连市,20,,unavailable,药临床机构备字2020000286,https://ror.org/055w74b96,,official_filing,filed,active,False,http://www.dmu-1.com/,https://beian.cfdi.org.cn/CTMDS/pub/PUB010100.do?method=handle06&curPage=4&pageSize=100,2026-09-05,automated_triage_only,short_names | historical_names | unified_social_credit_code,,,
687,ctg,cnha-cfdi-7cd5f605c0a8033313b6b64d97e193fe,台州市第一人民医院,台州市第一人民医院,台州市第一人民医院,Taizhou First People's Hospital,,,,浙江省,台州市,20,,unavailable,药临床机构备字2020000949,https://ror.org/04jyt7608,,official_filing,filed,active,False,http://www.tzrmyy.cn/,https://beian.cfdi.org.cn/CTMDS/pub/PUB010100.do?method=handle06&curPage=10&pageSize=100,2026-09-05,automated_triage_only,short_names | historical_names | unified_social_credit_code,,,
688,ctg,cnha-cfdi-87a361ebc0a8033332c5e8986e853e18,梧州市红十字会医院,梧州市红十字会医院,梧州市红十字会医院,Wuzhou Red Cross Hospital,,,,广西壮族自治区,梧州市,20,,unavailable,药临床机构备字2023000146,https://ror.org/059wqqf58,,official_filing,filed,active,False,http://www.wzhh120.com/,https://beian.cfdi.org.cn/CTMDS/pub/PUB010100.do?method=handle06&curPage=14&pageSize=100,2026-09-05,automated_triage_only,short_names | historical_names | unified_social_credit_code,,,
689,ctg,cnha-cfdi-b642d952c0a803334aa6b910471c02c8,黑龙江省医院,黑龙江省医院,黑龙江省医院,Heilongjiang Provincial Hospital,,,黑龙江省中日友谊医院 | 黑龙江省医院互联网医院,黑龙江省,哈尔滨市,20,,unavailable,药临床机构备字2021000115,https://ror.org/03qrkhd32,,official_filing,filed,active,False,http://www.hljhospital.net/,https://beian.cfdi.org.cn/CTMDS/pub/PUB010100.do?method=handle06&curPage=11&pageSize=100,2026-09-05,automated_triage_only,short_names | historical_names | unified_social_credit_code,,,
690,ctg,cnha-cfdi-d00dfa19c0a8033361c9f822dde08acc,西南医科大学附属中医医院,西南医科大学附属中医医院,西南医科大学附属中医医院,Affiliated Hospital of Southwest Medical University,,,,四川省,泸州市,20,,unavailable,药临床机构备字2020000454,https://ror.org/0014a0n68,,official_filing,filed,active,False,http://www.swmctcm.com/index.html,https://beian.cfdi.org.cn/CTMDS/pub/PUB010100.do?method=handle06&curPage=6&pageSize=100,2026-09-05,automated_triage_only,short_names | historical_names | unified_social_credit_code,,,
691,ctg,cnha-cfdi-d707cae9c0a8033355a48dc114d9c7e4,航天中心医院,航天中心医院,航天中心医院,Aerospace Center Hospital,ASCH,,,北京市,北京市,20,,unavailable,药临床机构备字2020000303,https://ror.org/01yb3sb52,,official_filing,filed,active,False,http://www.asch.net.cn/english/list/249.html,https://beian.cfdi.org.cn/CTMDS/pub/PUB010100.do?method=handle06&curPage=4&pageSize=100,2026-09-05,automated_triage_only,historical_names | unified_social_credit_code,,,
692,ctg,cnha-cfdi-db14c9dac0a803330de3e9f495fdb997,深圳市康宁医院,深圳市康宁医院,,Shenzhen KangNing Hospital,,,深圳市精神卫生中心,广东省,深圳市,20,,unavailable,药临床机构备字2020000608,https://ror.org/02skpkw64,,official_filing,filed,active,False,http://www.szknyy.com/,https://beian.cfdi.org.cn/CTMDS/pub/PUB010100.do?method=handle06&curPage=7&pageSize=100,2026-09-05,official_fields_partially_reviewed,short_names | historical_names | unified_social_credit_code,,,
693,ctg,cnha-cfdi-fc8093c0c0a80333634c8842c417afb5,青海省人民医院,青海省人民医院,青海省人民医院,Qinghai Provincial Peoples Hospital,,,,青海省,西宁市,20,,unavailable,药临床机构备字2020000484,https://ror.org/04vtzbx16,,official_filing,filed,active,False,http://www.qhsrmyy.com/main/index.asp,https://beian.cfdi.org.cn/CTMDS/pub/PUB010100.do?method=handle06&curPage=6&pageSize=100,2026-09-05,automated_triage_only,short_names | historical_names | unified_social_credit_code,,,
694,ctg,cnha-pending-050d30eff2d82b98,Beijing Tongren hospital affiliated to Capital Medical University,,,,,,,Beijing Municipality,Beijing,20,,unavailable,,,,registry_reported,not_evaluated,,False,,https://clinicaltrials.gov/study/NCT01809223,2026-09-04,automated_triage_only,official_name_zh | english_name | short_names | historical_names | unified_social_credit_code,,,
695,ctg,cnha-pending-0de48f2d0bd9d087,Subei People's Hospital of Jiangsu Province,,,,,,,Jiangsu,Yangzhou,20,,unavailable,,,,registry_reported,not_evaluated,,False,,https://clinicaltrials.gov/study/NCT02071407,2026-09-04,automated_triage_only,official_name_zh | english_name | short_names | historical_names | unified_social_credit_code,,,
696,ctg,cnha-pending-1e2e0ec9a6438981,"Chinese Academy of Medical Sciences, Fuwai Hospital",,,,,,,Beijing Municipality,Beijing,20,,unavailable,,,,registry_reported,not_evaluated,,False,,https://clinicaltrials.gov/study/NCT01471522,2026-09-04,automated_triage_only,official_name_zh | english_name | short_names | historical_names | unified_social_credit_code,,,
697,ctg,cnha-pending-22abe284ec3b38b5,Guangxi Cancer Hospital of Guangxi Medical University,,,,,,,Unknown,Nanning,20,,unavailable,,,,registry_reported,not_evaluated,,False,,https://clinicaltrials.gov/study/NCT01364012,2026-09-04,automated_triage_only,official_name_zh | english_name | short_names | historical_names | unified_social_credit_code,,,
698,ctg,cnha-pending-2bb5cae06b4c80ae,The Affiliated People's Hospital of Ningbo University,,,,,,,Zhejiang,Ningbo,20,,unavailable,,,,registry_reported,not_evaluated,,False,,https://clinicaltrials.gov/study/NCT04682795,2026-09-04,automated_triage_only,official_name_zh | english_name | short_names | historical_names | unified_social_credit_code,,,
699,ctg,cnha-pending-2d3d81da65f89104,The Second Hospital of Lanzhou University,,,,,,,Gansu,Lanzhou,20,,unavailable,,,,registry_reported,not_evaluated,,False,,https://clinicaltrials.gov/study/NCT01238705,2026-09-04,automated_triage_only,official_name_zh | english_name | short_names | historical_names | unified_social_credit_code,,,
700,ctg,cnha-pending-349625f7220f5e18,The central hospital of Wuhan,,,,,,,Unknown,Wuhan,20,,unavailable,,,,registry_reported,not_evaluated,,False,,https://clinicaltrials.gov/study/NCT01918098,2026-09-04,automated_triage_only,official_name_zh | english_name | short_names | historical_names | unified_social_credit_code,,,
701,ctg,cnha-pending-3955aefd1c018c47,Guangdong Second Provincial General Hospital,,,,,,,Guangdong,Guangzhou,20,,unavailable,,,,registry_reported,not_evaluated,,False,,https://clinicaltrials.gov/study/NCT03416179,2026-09-04,automated_triage_only,official_name_zh | english_name | short_names | historical_names | unified_social_credit_code,,,
702,ctg,cnha-pending-3c3104359689f8fb,Huadong hospital affiliated to Fudan University,,,,,,,Shanghai Municipality,Shanghai,20,,unavailable,,,,registry_reported,not_evaluated,,False,,https://clinicaltrials.gov/study/NCT01665651,2026-09-04,automated_triage_only,official_name_zh | english_name | short_names | historical_names | unified_social_credit_code,,,
703,ctg,cnha-pending-3f345800439e82f2,"Peking Union Medical College Hospital, Chinese Academy of Medical Sciences",,,,,,,Unknown,Beijing,20,,unavailable,,,,registry_reported,not_evaluated,,False,,https://clinicaltrials.gov/study/NCT02754284,2026-09-04,automated_triage_only,official_name_zh | english_name | short_names | historical_names | unified_social_credit_code,,,
704,ctg,cnha-pending-436df5003bdf9539,Tianjin Academy of Traditional Chinese Medicine Affiliated Hospital,,,,,,,Tianjin Municipality,Tianjin,20,,unavailable,,,,registry_reported,not_evaluated,,False,,https://clinicaltrials.gov/study/NCT04162899,2026-09-04,automated_triage_only,official_name_zh | english_name | short_names | historical_names | unified_social_credit_code,,,
705,ctg,cnha-pending-4521e406c26fa8c7,General Hospital of Tianjin Medical University,,,,,,,Tianjin Municipality,Tianjin,20,,unavailable,,,,registry_reported,not_evaluated,,False,,https://clinicaltrials.gov/study/NCT01039467,2026-09-04,automated_triage_only,official_name_zh | english_name | short_names | historical_names | unified_social_credit_code,,,
706,ctg,cnha-pending-47b724626025902e,"Shanghai General Hospital, Shanghai Jiao Tong University School of Medicine",,,,,,,Shanghai Municipality,Shanghai,20,,unavailable,,,,registry_reported,not_evaluated,,False,,https://clinicaltrials.gov/study/NCT02707484,2026-09-04,automated_triage_only,official_name_zh | english_name | short_names | historical_names | unified_social_credit_code,,,
707,ctg,cnha-pending-4b5d4c9b2dbfffe9,"Beijing Luhe Hospital, Capital Medical University",,,,,,,Unknown,Beijing,20,,unavailable,,,,registry_reported,not_evaluated,,False,,https://clinicaltrials.gov/study/NCT02534545,2026-09-04,automated_triage_only,official_name_zh | english_name | short_names | historical_names | unified_social_credit_code,,,
708,ctg,cnha-pending-573c4e18e7b49164,Shandong Provincial Hospital Affiliated to Shandong First Medical University,,,,,,,Shandong,Jinan,20,,unavailable,,,,registry_reported,not_evaluated,,False,,https://clinicaltrials.gov/study/NCT04835870,2026-09-04,automated_triage_only,official_name_zh | english_name | short_names | historical_names | unified_social_credit_code,,,
709,ctg,cnha-pending-66385b6ddc3a4ae3,Obstetrics & Gynecology Hospital of Fudan University,,,,,,,Shanghai Municipality,Shanghai,20,,unavailable,,,,registry_reported,not_evaluated,,False,,https://clinicaltrials.gov/study/NCT02455141,2026-09-04,automated_triage_only,official_name_zh | english_name | short_names | historical_names | unified_social_credit_code,,,
710,ctg,cnha-pending-6db73c3becc13cfc,The Second People's Hospital of Neijiang,,,,,,,Sichuan,Neijiang,20,,unavailable,,,,registry_reported,not_evaluated,,False,,https://clinicaltrials.gov/study/NCT03388593,2026-09-04,automated_triage_only,official_name_zh | english_name | short_names | historical_names | unified_social_credit_code,,,
711,ctg,cnha-pending-788d7cfea3f118c3,"Sir Run Run Shaw Hospital, School of Medicine, Zhejiang University",,,,,,,Unknown,Hangzhou,20,,unavailable,,,,registry_reported,not_evaluated,,False,,https://clinicaltrials.gov/study/NCT01364012,2026-09-04,automated_triage_only,official_name_zh | english_name | short_names | historical_names | unified_social_credit_code,,,
712,ctg,cnha-pending-95ea64ed1ffb71d6,the Third Affiliated Hospital of Southern Medical University,,,,,,,Guangdong,Guangzhou,20,,unavailable,,,,registry_reported,not_evaluated,,False,,https://clinicaltrials.gov/study/NCT02796079,2026-09-04,automated_triage_only,official_name_zh | english_name | short_names | historical_names | unified_social_credit_code,,,
713,ctg,cnha-pending-a516e403d5dcd792,Affiliated Cancer Hospital of Xinjiang Medical University,,,,,,,Xinjiang,Ürümqi,20,,unavailable,,,,registry_reported,not_evaluated,,False,,https://clinicaltrials.gov/study/NCT01176916,2026-09-04,automated_triage_only,official_name_zh | english_name | short_names | historical_names | unified_social_credit_code,,,
714,ctg,cnha-pending-b66255eb1bcdeca4,The University of Hong Kong-Shenzhen Hospital,,,,,,,Unknown,Shenzhen,20,,unavailable,,,,registry_reported,not_evaluated,,False,,https://clinicaltrials.gov/study/NCT02831959,2026-09-04,automated_triage_only,official_name_zh | english_name | short_names | historical_names | unified_social_credit_code,,,
715,ctg,cnha-pending-be6e2040617b743b,The Second People's Hospital of Shenzhen,,,,,,,Guangdong,Shenzhen,20,,unavailable,,,,registry_reported,not_evaluated,,False,,https://clinicaltrials.gov/study/NCT01677208,2026-09-04,automated_triage_only,official_name_zh | english_name | short_names | historical_names | unified_social_credit_code,,,
716,ctg,cnha-pending-c2d38d3efcf101bb,"Nanjing First Hospital,Nanjing Medical University",,,,,,,Jiangsu,Nanjing,20,,unavailable,,,,registry_reported,not_evaluated,,False,,https://clinicaltrials.gov/study/NCT01171911,2026-09-04,automated_triage_only,official_name_zh | english_name | short_names | historical_names | unified_social_credit_code,,,
717,ctg,cnha-pending-d390274d7b432e08,Liaoning Cancer Hospital,,,,,,,Unknown,Shenyang,20,,unavailable,,,,registry_reported,not_evaluated,,False,,https://clinicaltrials.gov/study/NCT03399110,2026-09-04,automated_triage_only,official_name_zh | english_name | short_names | historical_names | unified_social_credit_code,,,
718,ctg,cnha-pending-d50ad41a9e3ed26b,Chongqing University Three gorges Hospital,,,,,,,Unknown,Chongqing,20,,unavailable,,,,registry_reported,not_evaluated,,False,,https://clinicaltrials.gov/study/NCT03500380,2026-09-04,automated_triage_only,official_name_zh | english_name | short_names | historical_names | unified_social_credit_code,,,
719,ctg,cnha-pending-d55b127e167598eb,Xiangya hospital,,,,,,,Hunan,Changsha,20,,unavailable,,,,registry_reported,not_evaluated,,False,,https://clinicaltrials.gov/study/NCT01192854,2026-09-04,automated_triage_only,official_name_zh | english_name | short_names | historical_names | unified_social_credit_code,,,
720,ctg,cnha-pending-de7538a34b7ed1c6,PKUCare Luzhong Hospital,,,,,,,Shandong,Zibo,20,,unavailable,,,,registry_reported,not_evaluated,,False,,https://clinicaltrials.gov/study/NCT02973789,2026-09-04,automated_triage_only,official_name_zh | english_name | short_names | historical_names | unified_social_credit_code,,,
721,ctg,cnha-pending-ea0484f63fddd7bc,The Second Affiliated Hospital of Guangzhou Medical University,,,,,,,Unknown,Guangzhou,20,,unavailable,,,,registry_reported,not_evaluated,,False,,https://clinicaltrials.gov/study/NCT02914158,2026-09-04,automated_triage_only,official_name_zh | english_name | short_names | historical_names | unified_social_credit_code,,,
722,ctg,cnha-pending-ee110351431bde1b,The First Affiliated Hospital of Dalian Medical University,,,,,,,Unknown,Dalian,20,,unavailable,,,,registry_reported,not_evaluated,,False,,https://clinicaltrials.gov/study/NCT02137577,2026-09-04,automated_triage_only,official_name_zh | english_name | short_names | historical_names | unified_social_credit_code,,,
723,ctg,cnha-pending-f377a320609d3348,Shenzhen University General Hospital,,,,,,,Guangdong,Shenzhen,20,,unavailable,,,,registry_reported,not_evaluated,,False,,https://clinicaltrials.gov/study/NCT03485404,2026-09-04,automated_triage_only,official_name_zh | english_name | short_names | historical_names | unified_social_credit_code,,,
724,ctg,cnha-pending-f89f7f78676c9a3d,ZhuJiang Hospital of Southern Medical University,,,,,,,Unknown,Guangzhou,20,,unavailable,,,,registry_reported,not_evaluated,,False,,https://clinicaltrials.gov/study/NCT03466411,2026-09-04,automated_triage_only,official_name_zh | english_name | short_names | historical_names | unified_social_credit_code,,,
725,ctg,cnha-pending-fcf0ca96a399ff1a,General Hospital of Tianjin Medical University,,,,,,,Unknown,Tianjin,20,,unavailable,,,,registry_reported,not_evaluated,,False,,https://clinicaltrials.gov/study/NCT00492843,2026-09-04,automated_triage_only,official_name_zh | english_name | short_names | historical_names | unified_social_credit_code,,,
726,ctg,cnha-ror-01pd66220,中国人民解放军第302医院,,中国人民解放军第302医院,302 Military Hospital of China,,,,北京市,Beijing,20,,unavailable,,https://ror.org/01pd66220,,reference_curated,not_linked,active,False,http://www.302hospital.com/,https://ror.org/01pd66220,2026-09-05,automated_triage_only,official_name_zh | short_names | historical_names | unified_social_credit_code,,,
727,ctg,cnha-ror-02fsmcz03,中国传统医药的天津大学第一附属医院,,中国传统医药的天津大学第一附属医院,First Teaching Hospital of Tianjin University of Traditional Chinese Medicine,,,,天津市,Tianjin,20,,unavailable,,https://ror.org/02fsmcz03,,reference_curated,not_linked,active,False,http://www.tjtcm.cn/english/,https://ror.org/02fsmcz03,2026-09-05,automated_triage_only,official_name_zh | short_names | historical_names | unified_social_credit_code,,,
728,ctg,cnha-ror-033vnzz93,重庆医科大学附属永川医院,,重庆医科大学附属永川医院,The Affiliated Yongchuan Hospital of Chongqing Medical University,,,,重庆市,Chongqing,20,,unavailable,,https://ror.org/033vnzz93,,reference_curated,not_linked,active,False,https://www.ychcqmu.com,https://ror.org/033vnzz93,2026-09-05,automated_triage_only,official_name_zh | short_names | historical_names | unified_social_credit_code,,,
729,ctg,cnha-ror-03aq7kf18,Second Affiliated Hospital of Xi'an Jiaotong University,,,Second Affiliated Hospital of Xi'an Jiaotong University,,,,陕西省,Xi'an,20,,unavailable,,https://ror.org/03aq7kf18,,reference_curated,not_linked,active,False,http://www.2yuan.org/,https://ror.org/03aq7kf18,2026-09-05,automated_triage_only,official_name_zh | short_names | historical_names | unified_social_credit_code,,,
730,ctg,cnha-ror-05kkkes98,北京地坛医院,,北京地坛医院,Beijing Ditan Hospital,,,,北京市,Beijing,20,,unavailable,,https://ror.org/05kkkes98,,reference_curated,not_linked,active,False,http://www.bjdth.com/,https://ror.org/05kkkes98,2026-09-05,automated_triage_only,official_name_zh | short_names | historical_names | unified_social_credit_code,,,
731,ctg,cnha-ror-05m1p5x56,First Affiliated Hospital Zhejiang University,,,First Affiliated Hospital Zhejiang University,,,,浙江省,Hangzhou,20,,unavailable,,https://ror.org/05m1p5x56,,reference_curated,not_linked,active,False,http://www.zy91.com/,https://ror.org/05m1p5x56,2026-09-05,automated_triage_only,official_name_zh | short_names | historical_names | unified_social_credit_code,,,
732,ctg,cnha-cfdi-f39d1486c0a8033356e66cced185f148,西安市中心医院,西安市中心医院,西安市中心医院,Xian Central Hospital,,,,陕西省,西安市,19,,unavailable,药临床机构备字2020000562,https://ror.org/004cdc714,,official_filing,filed,active,False,http://xaszxyy.com/,https://beian.cfdi.org.cn/CTMDS/pub/PUB010100.do?method=handle06&curPage=6&pageSize=100,2026-09-05,automated_triage_only,short_names | historical_names | unified_social_credit_code,,,
733,ctg,cnha-pending-0953e77c07472a1e,"Shanghai Ninth People's Hospital, Shanghai Jiaotong University School of Medicine",,,,,,,Unknown,Shanghai,19,,unavailable,,,,registry_reported,not_evaluated,,False,,https://clinicaltrials.gov/study/NCT02944071,2026-09-04,automated_triage_only,official_name_zh | english_name | short_names | historical_names | unified_social_credit_code,,,
734,ctg,cnha-pending-0bf98b122b3928fb,The Affiliated Hospital of Hangzhou Normal University,,,,,,,Zhejiang,Hangzhou,19,,unavailable,,,,registry_reported,not_evaluated,,False,,https://clinicaltrials.gov/study/NCT01897805,2026-09-04,automated_triage_only,official_name_zh | english_name | short_names | historical_names | unified_social_credit_code,,,
735,ctg,cnha-pending-21a017aa83493ab6,Meihekou Central Hospital,,,,,,,Jilin,Meihekou,19,,unavailable,,,,registry_reported,not_evaluated,,False,,https://clinicaltrials.gov/study/NCT03388593,2026-09-04,automated_triage_only,official_name_zh | english_name | short_names | historical_names | unified_social_credit_code,,,
736,ctg,cnha-pending-26f59d69905b2940,Ruijin Hospital Shanghai Jiaotong University,,,,,,,Unknown,Shanghai,19,,unavailable,,,,registry_reported,not_evaluated,,False,,https://clinicaltrials.gov/study/NCT00689936,2026-09-04,automated_triage_only,official_name_zh | english_name | short_names | historical_names | unified_social_credit_code,,,
737,ctg,cnha-pending-2dae75dda543958e,Tonghua Central Hospital,,,,,,,Jilin,Tonghua,19,,unavailable,,,,registry_reported,not_evaluated,,False,,https://clinicaltrials.gov/study/NCT02832544,2026-09-04,automated_triage_only,official_name_zh | english_name | short_names | historical_names | unified_social_credit_code,,,
738,ctg,cnha-pending-319fcd216f07e80b,Chengdu Xinhua Hospital,,,,,,,Sichuan,Chengdu,19,,unavailable,,,,registry_reported,not_evaluated,,False,,https://clinicaltrials.gov/study/NCT04683406,2026-09-04,automated_triage_only,official_name_zh | english_name | short_names | historical_names | unified_social_credit_code,,,
739,ctg,cnha-pending-483f3efbb3b2895f,"Department of Neurology, General Hospital of Northern Theater Command",,,,,,,Unknown,Shenyang,19,,unavailable,,,,registry_reported,not_evaluated,,False,,https://clinicaltrials.gov/study/NCT04664933,2026-09-04,automated_triage_only,official_name_zh | english_name | short_names | historical_names | unified_social_credit_code,,,
740,ctg,cnha-pending-560dd0a852582eb5,Sichuan Academy of Medical Sciences and Sichuan Provincial Peoples Hospital,,,,,,,Sichuan,Chengdu,19,,unavailable,,,,registry_reported,not_evaluated,,False,,https://clinicaltrials.gov/study/NCT03358875,2026-09-04,automated_triage_only,official_name_zh | english_name | short_names | historical_names | unified_social_credit_code,,,
741,ctg,cnha-pending-5e95d5c56c1f3a3b,Weihai Central Hospital,,,,,,,Shandong,Weihai,19,,unavailable,,,,registry_reported,not_evaluated,,False,,https://clinicaltrials.gov/study/NCT03753061,2026-09-04,automated_triage_only,official_name_zh | english_name | short_names | historical_names | unified_social_credit_code,,,
742,ctg,cnha-pending-740e34a56ad49540,Affiliated Hospital of Inner Mongolia Medical University,,,,,,,Inner Mongolia,Hohhot,19,,unavailable,,,,registry_reported,not_evaluated,,False,,https://clinicaltrials.gov/study/NCT02430350,2026-09-04,automated_triage_only,official_name_zh | english_name | short_names | historical_names | unified_social_credit_code,,,
743,ctg,cnha-pending-74a456242535bcae,The Second Affiliated Hospital of Fujian Medical University,,,,,,,Fujian,Quanzhou,19,,unavailable,,,,registry_reported,not_evaluated,,False,,https://clinicaltrials.gov/study/NCT02959333,2026-09-04,automated_triage_only,official_name_zh | english_name | short_names | historical_names | unified_social_credit_code,,,
744,ctg,cnha-pending-75b16954f5fc34b5,Handan Central Hospital,,,,,,,Hebei,Handan,19,,unavailable,,,,registry_reported,not_evaluated,,False,,https://clinicaltrials.gov/study/NCT01677208,2026-09-04,automated_triage_only,official_name_zh | english_name | short_names | historical_names | unified_social_credit_code,,,
745,ctg,cnha-pending-82b2570f87fc66db,Zhongshan Hospital of Fudan University,,,,,,,Shanghai Municipality,Shanghai,19,,unavailable,,,,registry_reported,not_evaluated,,False,,https://clinicaltrials.gov/study/NCT00642239,2026-09-04,automated_triage_only,official_name_zh | english_name | short_names | historical_names | unified_social_credit_code,,,
746,ctg,cnha-pending-936bf1ff9d0ef91f,"Guangzhou Military Region General Hospital, Department of Anesthesiology",,,,,,,Guangdong,Guangzhou,19,,unavailable,,,,registry_reported,not_evaluated,,False,,https://clinicaltrials.gov/study/NCT01864187,2026-09-04,automated_triage_only,official_name_zh | english_name | short_names | historical_names | unified_social_credit_code,,,
747,ctg,cnha-pending-947d1bf524db7ed0,"Affiliated Hangzhou First People's Hospital, Zhejiang University School of Medicine",,,,,,,Zhejiang,Hangzhou,19,,unavailable,,,,registry_reported,not_evaluated,,False,,https://clinicaltrials.gov/study/NCT03589924,2026-09-04,automated_triage_only,official_name_zh | english_name | short_names | historical_names | unified_social_credit_code,,,
748,ctg,cnha-pending-a218e2adea43713e,The first Affiliated Hospital of Jilin University,,,,,,,Jilin,Changchun,19,,unavailable,,,,registry_reported,not_evaluated,,False,,https://clinicaltrials.gov/study/NCT01569516,2026-09-04,automated_triage_only,official_name_zh | english_name | short_names | historical_names | unified_social_credit_code,,,
749,ctg,cnha-pending-a6277b761ebf2907,Shanxi Bethune Hospital,,,,,,,Unknown,Taiyuan,19,,unavailable,,,,registry_reported,not_evaluated,,False,,https://clinicaltrials.gov/study/NCT03500380,2026-09-04,automated_triage_only,official_name_zh | english_name | short_names | historical_names | unified_social_credit_code,,,
750,ctg,cnha-pending-a74e7b4393094829,Deyang people's hospital,,,,,,,Sichuan,Deyang,19,,unavailable,,,,registry_reported,not_evaluated,,False,,https://clinicaltrials.gov/study/NCT03541668,2026-09-04,automated_triage_only,official_name_zh | english_name | short_names | historical_names | unified_social_credit_code,,,
751,ctg,cnha-pending-a88fc0be0234e137,Taizhou Hospital of Zhejiang Province,,,,,,,Zhejiang,Linhai,19,,unavailable,,,,registry_reported,not_evaluated,,False,,https://clinicaltrials.gov/study/NCT01537276,2026-09-04,automated_triage_only,official_name_zh | english_name | short_names | historical_names | unified_social_credit_code,,,
752,ctg,cnha-pending-bc019516aa780475,"Beijing Shijitan Hospital, Capital Medical University",,,,,,,Beijing Municipality,Beijing,19,,unavailable,,,,registry_reported,not_evaluated,,False,,https://clinicaltrials.gov/study/NCT03177499,2026-09-04,automated_triage_only,official_name_zh | english_name | short_names | historical_names | unified_social_credit_code,,,
753,ctg,cnha-pending-d0f78eafce9908d2,The Children's Hospital Zhejiang University School of Medicine,,,,,,,Zhejiang,Hangzhou,19,,unavailable,,,,registry_reported,not_evaluated,,False,,https://clinicaltrials.gov/study/NCT01500551,2026-09-04,automated_triage_only,official_name_zh | english_name | short_names | historical_names | unified_social_credit_code,,,
754,ctg,cnha-pending-e6e1b7b363d0a2bb,West China Second University Hospital,,,,,,,Sichuan,Chengdu,19,,unavailable,,,,registry_reported,not_evaluated,,False,,https://clinicaltrials.gov/study/NCT02316730,2026-09-04,automated_triage_only,official_name_zh | english_name | short_names | historical_names | unified_social_credit_code,,,
755,ctg,cnha-pending-eda366140e780325,The Third Affiliated Hospital of Sun Yat-Sen University,,,,,,,Unknown,Guangzhou,19,,unavailable,,,,registry_reported,not_evaluated,,False,,https://clinicaltrials.gov/study/NCT00773461,2026-09-04,automated_triage_only,official_name_zh | english_name | short_names | historical_names | unified_social_credit_code,,,
756,ctg,cnha-pending-f12e0bbbd13d2fbe,The Southwest Hospital Of AMU,,,,,,,Chongqing Municipality,Chongqing,19,,unavailable,,,,registry_reported,not_evaluated,,False,,https://clinicaltrials.gov/study/NCT04723004,2026-09-04,automated_triage_only,official_name_zh | english_name | short_names | historical_names | unified_social_credit_code,,,
757,ctg,cnha-pending-fbc5a80bf30fb4fe,Zhongda Hospital Affiliated to Southeast University,,,,,,,Jiangsu,Nanjing,19,,unavailable,,,,registry_reported,not_evaluated,,False,,https://clinicaltrials.gov/study/NCT04099927,2026-09-04,automated_triage_only,official_name_zh | english_name | short_names | historical_names | unified_social_credit_code,,,
758,ctg,cnha-ror-02j5n9e16,厦门市第二医院,,厦门市第二医院,The Second Affiliated Hospital of Xiamen Medical College,,,,福建省,Xiamen,19,,unavailable,,https://ror.org/02j5n9e16,,reference_curated,not_linked,active,False,https://www.xmdeyy.com,https://ror.org/02j5n9e16,2026-09-05,automated_triage_only,official_name_zh | short_names | historical_names | unified_social_credit_code,,,
759,ctg,cnha-ror-04tgrpw60,郑州人民医院网站,,郑州人民医院网站,Zhengzhou People's Hospital,,,,河南省,Zhengzhou,19,,unavailable,,https://ror.org/04tgrpw60,,reference_curated,not_linked,active,False,http://www.zzrmyy.com/,https://ror.org/04tgrpw60,2026-09-05,automated_triage_only,official_name_zh | short_names | historical_names | unified_social_credit_code,,,
760,ctg,cnha-ror-05pmkqv04,First Hospital of Qinhuangdao,,,First Hospital of Qinhuangdao,,,,河北省,Qinhuangdao,19,,unavailable,,https://ror.org/05pmkqv04,,reference_curated,not_linked,active,False,http://www.qhdsdyyy.com/,https://ror.org/05pmkqv04,2026-09-05,automated_triage_only,official_name_zh | short_names | historical_names | unified_social_credit_code,,,
761,ctg,cnha-cfdi-8cc8acb7c0a803337d9c8f8bc4ae361c,盐城市第一人民医院,盐城市第一人民医院,盐城市第一人民医院,Yancheng First People's Hospital,,,,江苏省,盐城市,18,,unavailable,药临床机构备字2020000943,https://ror.org/02rbkz523,,official_filing,filed,active,False,http://www.ycsyy.com/,https://beian.cfdi.org.cn/CTMDS/pub/PUB010100.do?method=handle06&curPage=10&pageSize=100,2026-09-05,automated_triage_only,short_names | historical_names | unified_social_credit_code,,,
762,ctg,cnha-cfdi-f723a667c0a803337bbbd1a71a8a05c0,苏州市第五人民医院,苏州市第五人民医院,苏州市第五人民医院,The Fifth People’s Hospital of Suzhou,,,,江苏省,苏州市,18,,unavailable,药临床机构备字2020000940,https://ror.org/05jy72h47,,official_filing,filed,active,False,http://www.szwy.cn/,https://beian.cfdi.org.cn/CTMDS/pub/PUB010100.do?method=handle06&curPage=10&pageSize=100,2026-09-05,automated_triage_only,short_names | historical_names | unified_social_credit_code,,,
763,ctg,cnha-pending-011e102e8208d91a,KaiFeng Central Hospital,,,,,,,Henan,Kaifeng,18,,unavailable,,,,registry_reported,not_evaluated,,False,,https://clinicaltrials.gov/study/NCT01897805,2026-09-04,automated_triage_only,official_name_zh | english_name | short_names | historical_names | unified_social_credit_code,,,
764,ctg,cnha-pending-03bddea65b237545,The First Affiliated Hospital of Hebei North University,,,,,,,Hebei,Zhangjiakou,18,,unavailable,,,,registry_reported,not_evaluated,,False,,https://clinicaltrials.gov/study/NCT03015311,2026-09-04,automated_triage_only,official_name_zh | english_name | short_names | historical_names | unified_social_credit_code,,,
765,ctg,cnha-pending-1ed19af6a9a949dc,The Central Hospital of Yongzhou,,,,,,,Hunan,Yongzhou,18,,unavailable,,,,registry_reported,not_evaluated,,False,,https://clinicaltrials.gov/study/NCT04237805,2026-09-04,automated_triage_only,official_name_zh | english_name | short_names | historical_names | unified_social_credit_code,,,
766,ctg,cnha-pending-25fc7dbe360cccf9,WuHan Union Hospital Of China,,,,,,,Hubei,Wuhan,18,,unavailable,,,,registry_reported,not_evaluated,,False,,https://clinicaltrials.gov/study/NCT00786136,2026-09-04,automated_triage_only,official_name_zh | english_name | short_names | historical_names | unified_social_credit_code,,,
767,ctg,cnha-pending-30ec7a2cb9b01866,"Tongji Hospital, Tongji Medical College of HUST",,,,,,,Unknown,Wuhan,18,,unavailable,,,,registry_reported,not_evaluated,,False,,https://clinicaltrials.gov/study/NCT03217812,2026-09-04,automated_triage_only,official_name_zh | english_name | short_names | historical_names | unified_social_credit_code,,,
768,ctg,cnha-pending-3e006111aa238133,The Second Affiliated Hospital of Dalian Medical University,,,,,,,Unknown,Dalian,18,,unavailable,,,,registry_reported,not_evaluated,,False,,https://clinicaltrials.gov/study/NCT00805194,2026-09-04,automated_triage_only,official_name_zh | english_name | short_names | historical_names | unified_social_credit_code,,,
769,ctg,cnha-pending-3ec5956c1751070b,People's Hospital of Ningxia Hui Autonomous Region,,,,,,,Ningxia,Yinchuan,18,,unavailable,,,,registry_reported,not_evaluated,,False,,https://clinicaltrials.gov/study/NCT04078737,2026-09-04,automated_triage_only,official_name_zh | english_name | short_names | historical_names | unified_social_credit_code,,,
770,ctg,cnha-pending-434c6e0f853a6a11,The First Affiliated Hospital of Guangzhou Medical College,,,,,,,Guangdong,Guangzhou,18,,unavailable,,,,registry_reported,not_evaluated,,False,,https://clinicaltrials.gov/study/NCT00548223,2026-09-04,automated_triage_only,official_name_zh | english_name | short_names | historical_names | unified_social_credit_code,,,
771,ctg,cnha-pending-4e49945500f23ed9,Huai'an Second People's Hospital,,,,,,,Jiangsu,Huai'an,18,,unavailable,,,,registry_reported,not_evaluated,,False,,https://clinicaltrials.gov/study/NCT04676659,2026-09-04,automated_triage_only,official_name_zh | english_name | short_names | historical_names | unified_social_credit_code,,,
772,ctg,cnha-pending-5be41072c01d8fd0,Haikou People's Hospital,,,,,,,Hainan,Haikou,18,,unavailable,,,,registry_reported,not_evaluated,,False,,https://clinicaltrials.gov/study/NCT01975376,2026-09-04,automated_triage_only,official_name_zh | english_name | short_names | historical_names | unified_social_credit_code,,,
773,ctg,cnha-pending-5e04c34da2aa6b7c,Shandong University Qilu hospital,,,,,,,Shandong,Jinan,18,,unavailable,,,,registry_reported,not_evaluated,,False,,https://clinicaltrials.gov/study/NCT01568333,2026-09-04,automated_triage_only,official_name_zh | english_name | short_names | historical_names | unified_social_credit_code,,,
774,ctg,cnha-pending-64e33d4daa733cc7,The First Affiliated Hospital of Henan University of Science & Technology,,,,,,,Unknown,Luoyang,18,,unavailable,,,,registry_reported,not_evaluated,,False,,https://clinicaltrials.gov/study/NCT03500380,2026-09-04,automated_triage_only,official_name_zh | english_name | short_names | historical_names | unified_social_credit_code,,,
775,ctg,cnha-pending-6a2774d4557ab30f,Beijing Boren Hospital,,,,,,,Beijing Municipality,Beijing,18,,unavailable,,,,registry_reported,not_evaluated,,False,,https://clinicaltrials.gov/study/NCT03952078,2026-09-04,automated_triage_only,official_name_zh | english_name | short_names | historical_names | unified_social_credit_code,,,
776,ctg,cnha-pending-7b8f9a16f1978fa8,The Second Affiliated Hospital of Guilin Medical University,,,,,,,Guangxi,Guilin,18,,unavailable,,,,registry_reported,not_evaluated,,False,,https://clinicaltrials.gov/study/NCT04152499,2026-09-04,automated_triage_only,official_name_zh | english_name | short_names | historical_names | unified_social_credit_code,,,
777,ctg,cnha-pending-8a882b798f204c08,Xuan Wu Hospital of Capital Medical University,,,,,,,Beijing Municipality,Beijing,18,,unavailable,,,,registry_reported,not_evaluated,,False,,https://clinicaltrials.gov/study/NCT01978730,2026-09-04,automated_triage_only,official_name_zh | english_name | short_names | historical_names | unified_social_credit_code,,,
778,ctg,cnha-pending-95db16a3b22e541d,Reproductive & Genetic Hospital of CITIC-XIANGYA,,,,,,,Hunan,Changsha,18,,unavailable,,,,registry_reported,not_evaluated,,False,,https://clinicaltrials.gov/study/NCT02868528,2026-09-04,automated_triage_only,official_name_zh | english_name | short_names | historical_names | unified_social_credit_code,,,
779,ctg,cnha-pending-a21eac31fbac369e,The Second Affiliated Hospital to Nanchang University,,,,,,,Unknown,Nanchang,18,,unavailable,,,,registry_reported,not_evaluated,,False,,https://clinicaltrials.gov/study/NCT01287741,2026-09-04,automated_triage_only,official_name_zh | english_name | short_names | historical_names | unified_social_credit_code,,,
780,ctg,cnha-pending-ae6535e4036eddd7,Hainan Cancer Hospital,,,,,,,Hainan,Haikou,18,,unavailable,,,,registry_reported,not_evaluated,,False,,https://clinicaltrials.gov/study/NCT03649529,2026-09-04,automated_triage_only,official_name_zh | english_name | short_names | historical_names | unified_social_credit_code,,,
781,ctg,cnha-pending-b0ce0bb91847c28e,Shanxi Provincial Cancer Hospital,,,,,,,Unknown,Taiyuan,18,,unavailable,,,,registry_reported,not_evaluated,,False,,https://clinicaltrials.gov/study/NCT04208347,2026-09-04,automated_triage_only,official_name_zh | english_name | short_names | historical_names | unified_social_credit_code,,,
782,ctg,cnha-pending-c2354ca348ac9385,the Second Xiangya Hospital，Central South University,,,,,,,Hunan,Changsha,18,,unavailable,,,,registry_reported,not_evaluated,,False,,https://clinicaltrials.gov/study/NCT01040780,2026-09-04,automated_triage_only,official_name_zh | english_name | short_names | historical_names | unified_social_credit_code,,,
783,ctg,cnha-pending-cc50e0860f2fe0c2,Chongqing General Hospital,,,,,,,Unknown,Chongqing,18,,unavailable,,,,registry_reported,not_evaluated,,False,,https://clinicaltrials.gov/study/NCT03338010,2026-09-04,automated_triage_only,official_name_zh | english_name | short_names | historical_names | unified_social_credit_code,,,
784,ctg,cnha-pending-d22a24fa19d2b130,Chinese Academy of Medical Sciences Cancer Hospital,,,,,,,Beijing Municipality,Beijing,18,,unavailable,,,,registry_reported,not_evaluated,,False,,https://clinicaltrials.gov/study/NCT01232374,2026-09-04,automated_triage_only,official_name_zh | english_name | short_names | historical_names | unified_social_credit_code,,,
785,ctg,cnha-pending-da6be8522268364d,Hainan Provincial People's Hospital,,,,,,,Hainan,Haikou,18,,unavailable,,,,registry_reported,not_evaluated,,False,,https://clinicaltrials.gov/study/NCT01721408,2026-09-04,automated_triage_only,official_name_zh | english_name | short_names | historical_names | unified_social_credit_code,,,
786,ctg,cnha-pending-db14c6cc803865a8,Shanghai Oriental Hospital,,,,,,,Shanghai Municipality,Shanghai,18,,unavailable,,,,registry_reported,not_evaluated,,False,,https://clinicaltrials.gov/study/NCT03166553,2026-09-04,automated_triage_only,official_name_zh | english_name | short_names | historical_names | unified_social_credit_code,,,
787,ctg,cnha-pending-e64c9752234c293e,The First Affiliated Hospital of Henan University of Science &Technology,,,,,,,Unknown,Luoyang Shi,18,,unavailable,,,,registry_reported,not_evaluated,,False,,https://clinicaltrials.gov/study/NCT05556512,2026-09-04,automated_triage_only,official_name_zh | english_name | short_names | historical_names | unified_social_credit_code,,,
788,ctg,cnha-pending-e85547138a00c1b1,Sir Run Run Shaw Hospital of Zhejiang University School of Medicine,,,,,,,Zhejiang,Hangzhou,18,,unavailable,,,,registry_reported,not_evaluated,,False,,https://clinicaltrials.gov/study/NCT04960930,2026-09-04,automated_triage_only,official_name_zh | english_name | short_names | historical_names | unified_social_credit_code,,,
789,ctg,cnha-pending-ed831ec51474d06e,Affiliated Cancer Hospital and Institute of Guangzhou Medical University,,,,,,,Guangdong,Guangzhou,18,,unavailable,,,,registry_reported,not_evaluated,,False,,https://clinicaltrials.gov/study/NCT03084237,2026-09-04,automated_triage_only,official_name_zh | english_name | short_names | historical_names | unified_social_credit_code,,,
790,ctg,cnha-pending-ede537768ac54bbd,"Changhai Hospital, Second Military Medical University",,,,,,,Unknown,Shanghai,18,,unavailable,,,,registry_reported,not_evaluated,,False,,https://clinicaltrials.gov/study/NCT00653978,2026-09-04,automated_triage_only,official_name_zh | english_name | short_names | historical_names | unified_social_credit_code,,,
791,ctg,cnha-pending-f2794622a973d34d,the Second Affiliated Hospital of Guangxi Medical University,,,,,,,Guangxi,Nanning,18,,unavailable,,,,registry_reported,not_evaluated,,False,,https://clinicaltrials.gov/study/NCT04830644,2026-09-04,automated_triage_only,official_name_zh | english_name | short_names | historical_names | unified_social_credit_code,,,
792,ctg,cnha-pending-f4e7b935795146bd,Gansu Wuwei Tumour Hospital,,,,,,,Gansu,Wuwei,18,,unavailable,,,,registry_reported,not_evaluated,,False,,https://clinicaltrials.gov/study/NCT04033354,2026-09-04,automated_triage_only,official_name_zh | english_name | short_names | historical_names | unified_social_credit_code,,,
793,ctg,cnha-ror-02wh8xm70,Shanxi Eye Hospital,,,Shanxi Eye Hospital,,,,山西省,Taiyuan,18,,unavailable,,https://ror.org/02wh8xm70,,reference_curated,not_linked,active,False,http://www.sxsyk.com/html/yingwenban/,https://ror.org/02wh8xm70,2026-09-05,automated_triage_only,official_name_zh | short_names | historical_names | unified_social_credit_code,,,
794,ctg,cnha-cfdi-8d5e7d36c0a80333718f051d3ecd4885,信阳市中心医院,信阳市中心医院,信阳市中心医院,Xinyang Central Hospital,,,,河南省,信阳市,17,,unavailable,药临床机构备字2020000423,https://ror.org/03hqvqf51,,official_filing,filed,active,False,http://www.xyzxyy.com.cn/,https://beian.cfdi.org.cn/CTMDS/pub/PUB010100.do?method=handle06&curPage=5&pageSize=100,2026-09-05,automated_triage_only,short_names | historical_names | unified_social_credit_code,,,
795,ctg,cnha-cfdi-a80f2247c0a80333027f42dab0c78035,广州医科大学附属脑科医院,广州医科大学附属脑科医院,,Guangzhou Psychiatric Hospital,,,广州医科大学附属精神病医院 | 广州市惠爱医院 | 广州市精神卫生中心 | 广州市精神病医院 | 广州市脑科医院,广东省,广州市,17,,unavailable,药临床机构备字2020000785,https://ror.org/03k4xgp92,,official_filing,filed,active,False,http://www.gzbrain.cn/,https://beian.cfdi.org.cn/CTMDS/pub/PUB010100.do?method=handle06&curPage=8&pageSize=100,2026-09-05,official_fields_partially_reviewed,short_names | historical_names | unified_social_credit_code,,,
796,ctg,cnha-cfdi-a9e58d41c0a803334712a9fdd252ffd2,福建医科大学附属第一医院,福建医科大学附属第一医院,福建医科大学附属第一医院,First Affiliated Hospital of Fujian Medical University,,,,福建省,福州市,17,,unavailable,药临床机构备字2020000331,https://ror.org/030e09f60,,official_filing,filed,active,False,http://www.fyyy.com/,https://beian.cfdi.org.cn/CTMDS/pub/PUB010100.do?method=handle06&curPage=4&pageSize=100,2026-09-05,automated_triage_only,short_names | historical_names | unified_social_credit_code,,,
797,ctg,cnha-cfdi-be58dd73c0a803333d3a61f48bdbad55,黄石市中心医院,黄石市中心医院,黄石市中心医院,Huangshi Central Hospital,,,,湖北省,黄石市,17,,unavailable,药临床机构备字2020000460,https://ror.org/05ncqj764,,official_filing,filed,active,False,http://www.hshospital.cn/web/showabout.asp?ArtID=1249,https://beian.cfdi.org.cn/CTMDS/pub/PUB010100.do?method=handle06&curPage=6&pageSize=100,2026-09-05,automated_triage_only,short_names | historical_names | unified_social_credit_code,,,
798,ctg,cnha-cfdi-f75fef0bc0a803337fd6ece95424d9e8,温州市中心医院,温州市中心医院,温州市中心医院,Wenzhou Central Hospital,,,,浙江省,温州市,17,,unavailable,药临床机构备字2020000240,https://ror.org/00w5h0n54,,official_filing,filed,active,False,https://www.wzhosp.com/,https://beian.cfdi.org.cn/CTMDS/pub/PUB010100.do?method=handle06&curPage=4&pageSize=100,2026-09-05,automated_triage_only,short_names | historical_names | unified_social_credit_code,,,
799,ctg,cnha-pending-02dd4331a3aa510e,The Fifth Affiliated Hospital of Guangzhou Medical University,,,,,,,Guangdong,Guangzhou,17,,unavailable,,,,registry_reported,not_evaluated,,False,,https://clinicaltrials.gov/study/NCT03007160,2026-09-04,automated_triage_only,official_name_zh | english_name | short_names | historical_names | unified_social_credit_code,,,
800,ctg,cnha-pending-03d67473ff651084,Chinese People's Liberation Army General Hospital,,,,,,,Beijing Municipality,Beijing,17,,unavailable,,,,registry_reported,not_evaluated,,False,,https://clinicaltrials.gov/study/NCT00445458,2026-09-04,automated_triage_only,official_name_zh | english_name | short_names | historical_names | unified_social_credit_code,,,
801,ctg,cnha-pending-07ec637c2482d69a,Peking University Cancer Hospital & Institute,,,,,,,Unknown,Beijing,17,,unavailable,,,,registry_reported,not_evaluated,,False,,https://clinicaltrials.gov/study/NCT03575637,2026-09-04,automated_triage_only,official_name_zh | english_name | short_names | historical_names | unified_social_credit_code,,,
802,ctg,cnha-pending-0c0671cc983acd2a,Chongqing Traditional Chinese Medicine Hospital,,,,,,,Chongqing Municipality,Chongqing,17,,unavailable,,,,registry_reported,not_evaluated,,False,,https://clinicaltrials.gov/study/NCT02306421,2026-09-04,automated_triage_only,official_name_zh | english_name | short_names | historical_names | unified_social_credit_code,,,
803,ctg,cnha-pending-152d5e9afb3a4bd4,Huashan Hospital of Fudan University,,,,,,,Shanghai Municipality,Shanghai,17,,unavailable,,,,registry_reported,not_evaluated,,False,,https://clinicaltrials.gov/study/NCT02652806,2026-09-04,automated_triage_only,official_name_zh | english_name | short_names | historical_names | unified_social_credit_code,,,
804,ctg,cnha-pending-169d4e77cb83c616,Anyang People's Hospital,,,,,,,Henan,Anyang,17,,unavailable,,,,registry_reported,not_evaluated,,False,,https://clinicaltrials.gov/study/NCT04078737,2026-09-04,automated_triage_only,official_name_zh | english_name | short_names | historical_names | unified_social_credit_code,,,
805,ctg,cnha-pending-19f6df21ad6bc80f,Fuzhou General Hospital,,,,,,,Fujian,Fuzhou,17,,unavailable,,,,registry_reported,not_evaluated,,False,,https://clinicaltrials.gov/study/NCT00646724,2026-09-04,automated_triage_only,official_name_zh | english_name | short_names | historical_names | unified_social_credit_code,,,
806,ctg,cnha-pending-1e985d88714ccb12,Linfen people's hospital,,,,,,,Shanxi,Linfen,17,,unavailable,,,,registry_reported,not_evaluated,,False,,https://clinicaltrials.gov/study/NCT04797013,2026-09-04,automated_triage_only,official_name_zh | english_name | short_names | historical_names | unified_social_credit_code,,,
807,ctg,cnha-pending-2247a54640304a49,Union Hospital Tongji Medical College of Huazhong University of Science and Technology,,,,,,,Unknown,Wuhan,17,,unavailable,,,,registry_reported,not_evaluated,,False,,https://clinicaltrials.gov/study/NCT03617016,2026-09-04,automated_triage_only,official_name_zh | english_name | short_names | historical_names | unified_social_credit_code,,,
808,ctg,cnha-pending-253d7d9ca01aeb78,Xinhua Hospital Shanghai Jiaotong University School of Medicine,,,,,,,Unknown,Shanghai,17,,unavailable,,,,registry_reported,not_evaluated,,False,,https://clinicaltrials.gov/study/NCT02099721,2026-09-04,automated_triage_only,official_name_zh | english_name | short_names | historical_names | unified_social_credit_code,,,
809,ctg,cnha-pending-29cf4c026c937809,"Gastrointestinal Hospital, Sun Yatsen University",,,,,,,Guangdong,Guangzhou,17,,unavailable,,,,registry_reported,not_evaluated,,False,,https://clinicaltrials.gov/study/NCT01211210,2026-09-04,automated_triage_only,official_name_zh | english_name | short_names | historical_names | unified_social_credit_code,,,
810,ctg,cnha-pending-2b69acae5cfbbaff,Lishui People's Hospital,,,,,,,Zhejiang,Lishui,17,,unavailable,,,,registry_reported,not_evaluated,,False,,https://clinicaltrials.gov/study/NCT02430350,2026-09-04,automated_triage_only,official_name_zh | english_name | short_names | historical_names | unified_social_credit_code,,,
811,ctg,cnha-pending-3480a28bbeadd23a,Cancer Hospital of Guizhou Medical University,,,,,,,Guizhou,Guiyang,17,,unavailable,,,,registry_reported,not_evaluated,,False,,https://clinicaltrials.gov/study/NCT02937519,2026-09-04,automated_triage_only,official_name_zh | english_name | short_names | historical_names | unified_social_credit_code,,,
812,ctg,cnha-pending-509630128df6c420,the Third People'S Hospital of Chengdu,,,,,,,Sichuan,Chengdu,17,,unavailable,,,,registry_reported,not_evaluated,,False,,https://clinicaltrials.gov/study/NCT01437514,2026-09-04,automated_triage_only,official_name_zh | english_name | short_names | historical_names | unified_social_credit_code,,,
813,ctg,cnha-pending-51332896fbd3f9f5,Affiliated Hospital of Qinghai University,,,,,,,Qinghai,Xining,17,,unavailable,,,,registry_reported,not_evaluated,,False,,https://clinicaltrials.gov/study/NCT02660411,2026-09-04,automated_triage_only,official_name_zh | english_name | short_names | historical_names | unified_social_credit_code,,,
814,ctg,cnha-pending-7ffb7b6d112e3448,Tianjin Medical University Second Hospital,,,,,,,Tianjin Municipality,Tianjin,17,,unavailable,,,,registry_reported,not_evaluated,,False,,https://clinicaltrials.gov/study/NCT03786848,2026-09-04,automated_triage_only,official_name_zh | english_name | short_names | historical_names | unified_social_credit_code,,,
815,ctg,cnha-pending-845479cf1f22fa68,Affiliated Cancer Hospital of Shandong First Medical University,,,,,,,Shandong,Jinan,17,,unavailable,,,,registry_reported,not_evaluated,,False,,https://clinicaltrials.gov/study/NCT04685226,2026-09-04,automated_triage_only,official_name_zh | english_name | short_names | historical_names | unified_social_credit_code,,,
816,ctg,cnha-pending-86b65ebb2f9931aa,"Cancer Institute & Hospital, Chinese Academy of Medical Sciences",,,,,,,Beijing Municipality,Beijing,17,,unavailable,,,,registry_reported,not_evaluated,,False,,https://clinicaltrials.gov/study/NCT00985998,2026-09-04,automated_triage_only,official_name_zh | english_name | short_names | historical_names | unified_social_credit_code,,,
817,ctg,cnha-pending-89eedad6c1fdfa24,Chang Zheng Hospital,,,,,,,Shanghai Municipality,Shanghai,17,,unavailable,,,,registry_reported,not_evaluated,,False,,https://clinicaltrials.gov/study/NCT00749463,2026-09-04,automated_triage_only,official_name_zh | english_name | short_names | historical_names | unified_social_credit_code,,,
818,ctg,cnha-pending-8c378fe243df35c0,Maoming People's Hospital,,,,,,,Guangdong,Maoming,17,,unavailable,,,,registry_reported,not_evaluated,,False,,https://clinicaltrials.gov/study/NCT02441556,2026-09-04,automated_triage_only,official_name_zh | english_name | short_names | historical_names | unified_social_credit_code,,,
819,ctg,cnha-pending-8d144ff21400f592,District One Hospital,,,,,,,Beijing Municipality,Beijing,17,,unavailable,,,,registry_reported,not_evaluated,,False,,https://clinicaltrials.gov/study/NCT06213636,2026-09-04,automated_triage_only,official_name_zh | english_name | short_names | historical_names | unified_social_credit_code,,,
820,ctg,cnha-pending-90da99eeb46b8193,The Fourth Affiliated Hospital of China Medical University,,,,,,,Liaoning,Shenyang,17,,unavailable,,,,registry_reported,not_evaluated,,False,,https://clinicaltrials.gov/study/NCT00786136,2026-09-04,automated_triage_only,official_name_zh | english_name | short_names | historical_names | unified_social_credit_code,,,
821,ctg,cnha-pending-aadbab045b27f05b,"Zhongshan Hospital, Xiamen University",,,,,,,Unknown,Xiamen,17,,unavailable,,,,registry_reported,not_evaluated,,False,,https://clinicaltrials.gov/study/NCT03466411,2026-09-04,automated_triage_only,official_name_zh | english_name | short_names | historical_names | unified_social_credit_code,,,
822,ctg,cnha-pending-b74914b6b7fbad54,"Department of Medical Oncology, Sun Yat-Sen University Cancer Center",,,,,,,Guangdong,Guangzhou,17,,unavailable,,,,registry_reported,not_evaluated,,False,,https://clinicaltrials.gov/study/NCT01921790,2026-09-04,automated_triage_only,official_name_zh | english_name | short_names | historical_names | unified_social_credit_code,,,
823,ctg,cnha-pending-bbf824748c3d48ad,The Second Hospital of Dalian Medical University,,,,,,,Unknown,Dalian,17,,unavailable,,,,registry_reported,not_evaluated,,False,,https://clinicaltrials.gov/study/NCT02112656,2026-09-04,automated_triage_only,official_name_zh | english_name | short_names | historical_names | unified_social_credit_code,,,
824,ctg,cnha-pending-c892f51f8e2c2178,Shanghai Dermatology Hospital,,,,,,,Shanghai Municipality,Shanghai,17,,unavailable,,,,registry_reported,not_evaluated,,False,,https://clinicaltrials.gov/study/NCT03942185,2026-09-04,automated_triage_only,official_name_zh | english_name | short_names | historical_names | unified_social_credit_code,,,
825,ctg,cnha-pending-cbdba9295221c9ac,The Second Affiliated Hospital of Henan University of Science and Technology,,,,,,,Henan,Luoyang,17,,unavailable,,,,registry_reported,not_evaluated,,False,,https://clinicaltrials.gov/study/NCT04078737,2026-09-04,automated_triage_only,official_name_zh | english_name | short_names | historical_names | unified_social_credit_code,,,
826,ctg,cnha-pending-d4040b80ee4daf97,Second Affiliated Hospital of Zhejiang University School of Medicine,,,,,,,Unknown,Hangzhou,17,,unavailable,,,,registry_reported,not_evaluated,,False,,https://clinicaltrials.gov/study/NCT04213196,2026-09-04,automated_triage_only,official_name_zh | english_name | short_names | historical_names | unified_social_credit_code,,,
827,ctg,cnha-pending-d6ea920a353b45d8,The First People's Hospital of Yunnan Province,,,,,,,Unknown,Kunming,17,,unavailable,,,,registry_reported,not_evaluated,,False,,https://clinicaltrials.gov/study/NCT03519945,2026-09-04,automated_triage_only,official_name_zh | english_name | short_names | historical_names | unified_social_credit_code,,,
828,ctg,cnha-pending-ddd0b7bca42a97ef,Xianyang Hospital of Yan'an University,,,,,,,Unknown,Xianyang,17,,unavailable,,,,registry_reported,not_evaluated,,False,,https://clinicaltrials.gov/study/NCT04915729,2026-09-04,automated_triage_only,official_name_zh | english_name | short_names | historical_names | unified_social_credit_code,,,
829,ctg,cnha-pending-ef8c1bbdc5f48a85,The Second Affiliated Hospital of Wannan Medical College,,,,,,,Anhui,Wuhu,17,,unavailable,,,,registry_reported,not_evaluated,,False,,https://clinicaltrials.gov/study/NCT06192264,2026-09-04,automated_triage_only,official_name_zh | english_name | short_names | historical_names | unified_social_credit_code,,,
830,ctg,cnha-pending-f01d3913a0dc2087,"Beijing Tiantan Hospital, Beijing, Beijing 100070",,,,,,,Unknown,Beijing,17,,unavailable,,,,registry_reported,not_evaluated,,False,,https://clinicaltrials.gov/study/NCT07157852,2026-09-04,automated_triage_only,official_name_zh | english_name | short_names | historical_names | unified_social_credit_code,,,
831,ctg,cnha-pending-f0901ec682a1862f,Chongqing Three Gorges Central Hospital,,,,,,,Chong Qing,Chongqing,17,,unavailable,,,,registry_reported,not_evaluated,,False,,https://clinicaltrials.gov/study/NCT02873689,2026-09-04,automated_triage_only,official_name_zh | english_name | short_names | historical_names | unified_social_credit_code,,,
832,ctg,cnha-pending-f6313f000c6871b0,Sichuan Cancer Hospital & Institute,,,,,,,Sichuan,Chengdu,17,,unavailable,,,,registry_reported,not_evaluated,,False,,https://clinicaltrials.gov/study/NCT02076477,2026-09-04,automated_triage_only,official_name_zh | english_name | short_names | historical_names | unified_social_credit_code,,,
833,ctg,cnha-pending-f6b549bd75f18043,Beijing GoBroad Hospital,,,,,,,Unknown,Beijing,17,,unavailable,,,,registry_reported,not_evaluated,,False,,https://clinicaltrials.gov/study/NCT05718895,2026-09-04,automated_triage_only,official_name_zh | english_name | short_names | historical_names | unified_social_credit_code,,,
834,ctg,cnha-ror-015ycqv20,Second Hospital of Hebei Medical University,,,Second Hospital of Hebei Medical University,,,,河北省,Shijiazhuang,17,,unavailable,,https://ror.org/015ycqv20,,reference_curated,not_linked,active,False,https://www.hb2h.com,https://ror.org/015ycqv20,2026-09-05,automated_triage_only,official_name_zh | short_names | historical_names | unified_social_credit_code,,,
835,ctg,cnha-ror-037ve0v69,Yanbian University Hospital,,,Yanbian University Hospital,,,,吉林省,Yanji,17,,unavailable,,https://ror.org/037ve0v69,,reference_curated,not_linked,active,False,http://www.yanbianhospital.com/,https://ror.org/037ve0v69,2026-09-05,automated_triage_only,official_name_zh | short_names | historical_names | unified_social_credit_code,,,
836,ctg,cnha-ror-057vq6e26,北京市中西医结合医院,,北京市中西医结合医院,Beijing Hospital of Traditional Chinese Medicine,,,,北京市,Beijing,17,,unavailable,,https://ror.org/057vq6e26,,reference_curated,not_linked,active,False,https://www.bjzhongyi.com/,https://ror.org/057vq6e26,2026-09-05,automated_triage_only,official_name_zh | short_names | historical_names | unified_social_credit_code,,,
837,ctg,cnha-cfdi-1b0d359fc0a803334a1c241e97d2032c,南昌大学第二附属医院,南昌大学第二附属医院,南昌大学第二附属医院,Second Affiliated Hospital of Nanchang University,,,,江西省,南昌市,16,,unavailable,药临床机构备字2019000055,https://ror.org/01nxv5c88,,official_filing,filed,active,False,http://www.jxndefy.cn/index.shtml,https://beian.cfdi.org.cn/CTMDS/pub/PUB010100.do?method=handle06&curPage=1&pageSize=100,2026-09-05,automated_triage_only,short_names | historical_names | unified_social_credit_code,,,
838,ctg,cnha-cfdi-2a76f77dc0a8033311314f9be1ed9183,武汉市第四医院,武汉市第四医院,武汉普爱医院,Wuhan Puai Hospital,,,武汉市普爱医院 | 武汉市骨科医院,湖北省,武汉市,16,,unavailable,药临床机构备字2020000451,https://ror.org/00qavst65,,official_filing,filed,active,False,http://www.puaihospital.net/,https://beian.cfdi.org.cn/CTMDS/pub/PUB010100.do?method=handle06&curPage=6&pageSize=100,2026-09-05,official_fields_partially_reviewed,short_names | historical_names | unified_social_credit_code,,,
839,ctg,cnha-cfdi-44db4bffc0a8033313e33b5544492482,承德医学院附属医院,承德医学院附属医院,承德医学院附属医院,Affiliated Hospital of Chengde Medical College,,,,河北省,承德市,16,,unavailable,药临床机构备字2020000811,https://ror.org/01bgds823,,official_filing,filed,active,False,http://www.cyfy.cn/,https://beian.cfdi.org.cn/CTMDS/pub/PUB010100.do?method=handle06&curPage=9&pageSize=100,2026-09-05,automated_triage_only,short_names | historical_names | unified_social_credit_code,,,
840,ctg,cnha-cfdi-645d8541c0a8033356127b1b254f2668,衡水市人民医院,衡水市人民医院,衡水市人民医院,Harrison International Peace Hospital,,,哈励逊国际和平医院,河北省,衡水市,16,,unavailable,药临床机构备字2020000505,https://ror.org/03kgydk02,,official_filing,filed,active,False,http://www.halixun.com/0812/,https://beian.cfdi.org.cn/CTMDS/pub/PUB010100.do?method=handle06&curPage=6&pageSize=100,2026-09-05,automated_triage_only,short_names | historical_names | unified_social_credit_code,,,
841,ctg,cnha-cfdi-a110ca6fc0a8033361d8961082e5e19e,浙江省立同德医院,浙江省立同德医院,浙江省立同德医院,Tongde Hospital of Zhejiang Province,,,,浙江省,杭州市,16,,unavailable,药临床机构备字2020000691,https://ror.org/00trnhw76,,official_filing,filed,active,False,http://www.zjtongde.com/cms/englishdefault.aspx,https://beian.cfdi.org.cn/CTMDS/pub/PUB010100.do?method=handle06&curPage=8&pageSize=100,2026-09-05,automated_triage_only,short_names | historical_names | unified_social_credit_code,,,
842,ctg,cnha-cfdi-cac245e9c0a80333661ce99773e9b741,首都医科大学附属北京佑安医院,首都医科大学附属北京佑安医院,北京佑安医院,Beijing YouAn Hospital,,,,北京市,北京市,16,,unavailable,药临床机构备字2019000001,https://ror.org/04etaja30,,official_filing,filed,active,False,http://www.bjyah.com/Html/News/Main/142.html,https://beian.cfdi.org.cn/CTMDS/pub/PUB010100.do?method=handle06&curPage=1&pageSize=100,2026-09-05,official_fields_partially_reviewed,short_names | historical_names | unified_social_credit_code,,,
843,ctg,cnha-cfdi-fff9474dc0a80333235f1a3d04d0fcc9,安徽省儿童医院,安徽省儿童医院,安徽省儿童医院,Anhui Provincial Children's Hospital,,,复旦大学附属儿科医院安徽医院 | 安徽省儿科医学研究所 | 安徽省新华医院,安徽省,合肥市,16,,unavailable,药临床机构备字2022000101,https://ror.org/04je70584,,official_filing,filed,active,False,http://www.ahetyy.com,https://beian.cfdi.org.cn/CTMDS/pub/PUB010100.do?method=handle06&curPage=12&pageSize=100,2026-09-05,automated_triage_only,short_names | historical_names | unified_social_credit_code,,,
844,ctg,cnha-pending-0eb360049572720a,Huizhou Municipal Central Hospital,,,,,,,Unknown,Huizhou,16,,unavailable,,,,registry_reported,not_evaluated,,False,,https://clinicaltrials.gov/study/NCT04384484,2026-09-04,automated_triage_only,official_name_zh | english_name | short_names | historical_names | unified_social_credit_code,,,
845,ctg,cnha-pending-14da96665d895e37,"Department of Rheumatology and Immunology, Peking University People's Hospital",,,,,,,Beijing Municipality,Beijing,16,,unavailable,,,,registry_reported,not_evaluated,,False,,https://clinicaltrials.gov/study/NCT02084238,2026-09-04,automated_triage_only,official_name_zh | english_name | short_names | historical_names | unified_social_credit_code,,,
846,ctg,cnha-pending-2995f3c99eb662ba,Central laboratory in Fuda cancer hospital,,,,,,,Guangdong,Guangzhou,16,,unavailable,,,,registry_reported,not_evaluated,,False,,https://clinicaltrials.gov/study/NCT02447263,2026-09-04,automated_triage_only,official_name_zh | english_name | short_names | historical_names | unified_social_credit_code,,,
847,ctg,cnha-pending-2f959936f512cabf,QUANZHOU First Hospital,,,,,,,Fujian,Quanzhou,16,,unavailable,,,,registry_reported,not_evaluated,,False,,https://clinicaltrials.gov/study/NCT01735656,2026-09-04,automated_triage_only,official_name_zh | english_name | short_names | historical_names | unified_social_credit_code,,,
848,ctg,cnha-pending-34596f6911435322,Liuzhou people's Hospital,,,,,,,Unknown,Liuzhou,16,,unavailable,,,,registry_reported,not_evaluated,,False,,https://clinicaltrials.gov/study/NCT04892173,2026-09-04,automated_triage_only,official_name_zh | english_name | short_names | historical_names | unified_social_credit_code,,,
849,ctg,cnha-pending-3ea7ffb05e4111b1,The First Affiliated Hospital of Xinxiang Medical University,,,,,,,Unknown,Xinxiang,16,,unavailable,,,,registry_reported,not_evaluated,,False,,https://clinicaltrials.gov/study/NCT03500380,2026-09-04,automated_triage_only,official_name_zh | english_name | short_names | historical_names | unified_social_credit_code,,,
850,ctg,cnha-pending-4a7b021eacbf18cf,The Affiliated Hospital of Nanjing University Medical School,,,,,,,Jiangsu,Nanjing,16,,unavailable,,,,registry_reported,not_evaluated,,False,,https://clinicaltrials.gov/study/NCT02489214,2026-09-04,automated_triage_only,official_name_zh | english_name | short_names | historical_names | unified_social_credit_code,,,
851,ctg,cnha-pending-50da74dd9e008b83,Changzhou Second People's Hospital,,,,,,,Unknown,Changzhou,16,,unavailable,,,,registry_reported,not_evaluated,,False,,https://clinicaltrials.gov/study/NCT03635749,2026-09-04,automated_triage_only,official_name_zh | english_name | short_names | historical_names | unified_social_credit_code,,,
852,ctg,cnha-pending-5b88208a397d65ab,Shanghai Cancer Center,,,,,,,Shanghai Municipality,Shanghai,16,,unavailable,,,,registry_reported,not_evaluated,,False,,https://clinicaltrials.gov/study/NCT01310478,2026-09-04,automated_triage_only,official_name_zh | english_name | short_names | historical_names | unified_social_credit_code,,,
853,ctg,cnha-pending-5fa030257170292d,Wenzhou People's Hospital,,,,,,,Zhejiang,Wenzhou,16,,unavailable,,,,registry_reported,not_evaluated,,False,,https://clinicaltrials.gov/study/NCT02455141,2026-09-04,automated_triage_only,official_name_zh | english_name | short_names | historical_names | unified_social_credit_code,,,
854,ctg,cnha-pending-5fff47dc9141c2c5,"the Affiliated Hospital of Yangzhou University, Yangzhou University",,,,,,,Jiangsu,Yangzhou,16,,unavailable,,,,registry_reported,not_evaluated,,False,,https://clinicaltrials.gov/study/NCT03126422,2026-09-04,automated_triage_only,official_name_zh | english_name | short_names | historical_names | unified_social_credit_code,,,
855,ctg,cnha-pending-6319172992993ede,The second Affiliated Hospital of Wenzhou Medical University,,,,,,,Unknown,Wenzhou,16,,unavailable,,,,registry_reported,not_evaluated,,False,,https://clinicaltrials.gov/study/NCT03709056,2026-09-04,automated_triage_only,official_name_zh | english_name | short_names | historical_names | unified_social_credit_code,,,
856,ctg,cnha-pending-66016c8b65cea297,Fudan University Cancer Center,,,,,,,Shanghai Municipality,Shanghai,16,,unavailable,,,,registry_reported,not_evaluated,,False,,https://clinicaltrials.gov/study/NCT01047111,2026-09-04,automated_triage_only,official_name_zh | english_name | short_names | historical_names | unified_social_credit_code,,,
857,ctg,cnha-pending-69843f159b083e5c,Daqing peoples hospital,,,,,,,Heilongjiang,Daqing,16,,unavailable,,,,registry_reported,not_evaluated,,False,,https://clinicaltrials.gov/study/NCT02135835,2026-09-04,automated_triage_only,official_name_zh | english_name | short_names | historical_names | unified_social_credit_code,,,
858,ctg,cnha-pending-7483c7aa733801a3,The First Affiliated Hospital of Zhejiang University,,,,,,,Unknown,Hangzhou,16,,unavailable,,,,registry_reported,not_evaluated,,False,,https://clinicaltrials.gov/study/NCT01976208,2026-09-04,automated_triage_only,official_name_zh | english_name | short_names | historical_names | unified_social_credit_code,,,
859,ctg,cnha-pending-819af720cb91dd59,The Second Affiliated Hospital of Zhengzhou University,,,,,,,Unknown,Zhengzhou,16,,unavailable,,,,registry_reported,not_evaluated,,False,,https://clinicaltrials.gov/study/NCT03519945,2026-09-04,automated_triage_only,official_name_zh | english_name | short_names | historical_names | unified_social_credit_code,,,
860,ctg,cnha-pending-87c89ebdfce06dd3,The second affiliated hospital of Harbin medical university,,,,,,,Unknown,Harbin,16,,unavailable,,,,registry_reported,not_evaluated,,False,,https://clinicaltrials.gov/study/NCT01918098,2026-09-04,automated_triage_only,official_name_zh | english_name | short_names | historical_names | unified_social_credit_code,,,
861,ctg,cnha-pending-8822cdaf40d7b6b1,Shandong Cancer Hospital & Institute,,,,,,,Shandong,Jinan,16,,unavailable,,,,registry_reported,not_evaluated,,False,,https://clinicaltrials.gov/study/NCT04704934,2026-09-04,automated_triage_only,official_name_zh | english_name | short_names | historical_names | unified_social_credit_code,,,
862,ctg,cnha-pending-9472811d611a6f3b,Childrens Hospital of Shanghai,,,,,,,Unknown,Shanghai,16,,unavailable,,,,registry_reported,not_evaluated,,False,,https://clinicaltrials.gov/study/NCT02932410,2026-09-04,automated_triage_only,official_name_zh | english_name | short_names | historical_names | unified_social_credit_code,,,
863,ctg,cnha-pending-97a52777f4436219,The Sixth Affiliated Hospital Sun Yat sen University,,,,,,,Unknown,Guangzhou,16,,unavailable,,,,registry_reported,not_evaluated,,False,,https://clinicaltrials.gov/study/NCT04033445,2026-09-04,automated_triage_only,official_name_zh | english_name | short_names | historical_names | unified_social_credit_code,,,
864,ctg,cnha-pending-99b1d264b288db29,"Sichuan University, West China Hospital",,,,,,,Sichuan,Chengdu,16,,unavailable,,,,registry_reported,not_evaluated,,False,,https://clinicaltrials.gov/study/NCT01531829,2026-09-04,automated_triage_only,official_name_zh | english_name | short_names | historical_names | unified_social_credit_code,,,
865,ctg,cnha-pending-9ee8d670bae51729,The First Affiliated Hospital of Medical School of Zhejiang University,,,,,,,Zhejiang,Hangzhou,16,,unavailable,,,,registry_reported,not_evaluated,,False,,https://clinicaltrials.gov/study/NCT01364376,2026-09-04,automated_triage_only,official_name_zh | english_name | short_names | historical_names | unified_social_credit_code,,,
866,ctg,cnha-pending-b100e0b29bf32bfc,The First Affiliated Hospital of Nanyang Medical College,,,,,,,Unknown,Nanyang,16,,unavailable,,,,registry_reported,not_evaluated,,False,,https://clinicaltrials.gov/study/NCT04998032,2026-09-04,automated_triage_only,official_name_zh | english_name | short_names | historical_names | unified_social_credit_code,,,
867,ctg,cnha-pending-b3f7f4919ec7a35d,"First Affiliated Hospital, Soochow University",,,,,,,Jiangsu,Suzhou,16,,unavailable,,,,registry_reported,not_evaluated,,False,,https://clinicaltrials.gov/study/NCT01809392,2026-09-04,automated_triage_only,official_name_zh | english_name | short_names | historical_names | unified_social_credit_code,,,
868,ctg,cnha-pending-c41939ec68965e43,Oncology Department of The First Affiliated Hospital of Zhengzhou University,,,,,,,Henan,Zhengzhou,16,,unavailable,,,,registry_reported,not_evaluated,,False,,https://clinicaltrials.gov/study/NCT01501136,2026-09-04,automated_triage_only,official_name_zh | english_name | short_names | historical_names | unified_social_credit_code,,,
869,ctg,cnha-pending-c427bb67b80dcdef,"Cancer Hospital, Chinese Academy of Medical Sciences and Peking Union Medical College",,,,,,,Beijing Municipality,Beijing,16,,unavailable,,,,registry_reported,not_evaluated,,False,,https://clinicaltrials.gov/study/NCT03944499,2026-09-04,automated_triage_only,official_name_zh | english_name | short_names | historical_names | unified_social_credit_code,,,
870,ctg,cnha-pending-c737cee650298b02,Chongqing General Hospital,,,,,,,Chongqing Municipality,Chongqing,16,,unavailable,,,,registry_reported,not_evaluated,,False,,https://clinicaltrials.gov/study/NCT03926130,2026-09-04,automated_triage_only,official_name_zh | english_name | short_names | historical_names | unified_social_credit_code,,,
871,ctg,cnha-pending-ca793de3b1b417be,920th Hospital of Joint Logistics Support Force of People's Liberation Army of China,,,,,,,Yunnan,Kunming,16,,unavailable,,,,registry_reported,not_evaluated,,False,,https://clinicaltrials.gov/study/NCT04860817,2026-09-04,automated_triage_only,official_name_zh | english_name | short_names | historical_names | unified_social_credit_code,,,
872,ctg,cnha-pending-cac8ef34de16f71b,Affiliated Hospital of Yangzhou University,,,,,,,Jiangsu,Yangzhou,16,,unavailable,,,,registry_reported,not_evaluated,,False,,https://clinicaltrials.gov/study/NCT04078737,2026-09-04,automated_triage_only,official_name_zh | english_name | short_names | historical_names | unified_social_credit_code,,,
873,ctg,cnha-pending-d1751b4b36478669,People's Hospital of Hunan Province,,,,,,,Hunan,Changsha,16,,unavailable,,,,registry_reported,not_evaluated,,False,,https://clinicaltrials.gov/study/NCT01541202,2026-09-04,automated_triage_only,official_name_zh | english_name | short_names | historical_names | unified_social_credit_code,,,
874,ctg,cnha-pending-df14e4a4eccfa084,Henan Cancer Hospital,,,,,,,Unknown,Henan,16,,unavailable,,,,registry_reported,not_evaluated,,False,,https://clinicaltrials.gov/study/NCT02753127,2026-09-04,automated_triage_only,official_name_zh | english_name | short_names | historical_names | unified_social_credit_code,,,
875,ctg,cnha-pending-e744c29f416a30fa,Hematology Hospital of Chinese Academy of Medical Sciences,,,,,,,Tianjin Municipality,Tianjin,16,,unavailable,,,,registry_reported,not_evaluated,,False,,https://clinicaltrials.gov/study/NCT03757000,2026-09-04,automated_triage_only,official_name_zh | english_name | short_names | historical_names | unified_social_credit_code,,,
876,ctg,cnha-pending-f3a5a00035282920,The First affiliated Hospital of Wenzhou Medical College,,,,,,,Zhejiang,Wenzhou,16,,unavailable,,,,registry_reported,not_evaluated,,False,,https://clinicaltrials.gov/study/NCT00565396,2026-09-04,automated_triage_only,official_name_zh | english_name | short_names | historical_names | unified_social_credit_code,,,
877,ctg,cnha-pending-ff9543c6f8fae994,"Cancer Hospital, Chinese Academy of Medical Science",,,,,,,Unknown,Beijing,16,,unavailable,,,,registry_reported,not_evaluated,,False,,https://clinicaltrials.gov/study/NCT03349203,2026-09-04,automated_triage_only,official_name_zh | english_name | short_names | historical_names | unified_social_credit_code,,,
878,ctg,cnha-ror-00sr40296,Tangshan Gongren Hospital,,,Tangshan Gongren Hospital,,,,河北省,Tangshan,16,,unavailable,,https://ror.org/00sr40296,,reference_curated,not_linked,active,False,,https://ror.org/00sr40296,2026-09-05,automated_triage_only,official_name_zh | short_names | historical_names | unified_social_credit_code,,,
879,ctg,cnha-cfdi-3d0b67a2c0a8033370b2e48f7b5c9870,广州医科大学附属第二医院,广州医科大学附属第二医院,广州医科大学附属第二医院,Second Affiliated Hospital of Guangzhou Medical University,,,,广东省,广州市,15,,unavailable,药临床机构备字2020000088,https://ror.org/00a98yf63,,official_filing,filed,active,False,http://www.gyey.com/cn/index.aspx,https://beian.cfdi.org.cn/CTMDS/pub/PUB010100.do?method=handle06&curPage=2&pageSize=100,2026-09-05,automated_triage_only,short_names | historical_names | unified_social_credit_code,,,
880,ctg,cnha-cfdi-fdd05094c0a803332e4470a4901a5db0,昆明市儿童医院,昆明市儿童医院,昆明市儿童医院,Kunming Children's Hospital,,,,云南省,昆明市,15,,unavailable,药临床机构备字2021000038,https://ror.org/00fjv1g65,,official_filing,filed,active,False,http://www.etyy.cn/,https://beian.cfdi.org.cn/CTMDS/pub/PUB010100.do?method=handle06&curPage=11&pageSize=100,2026-09-05,automated_triage_only,short_names | historical_names | unified_social_credit_code,,,
881,ctg,cnha-pending-035bc4f5ddbb77e2,Nanjing Maternal and Child Health Care Hospital,,,,,,,Jiangsu,Nanjing,15,,unavailable,,,,registry_reported,not_evaluated,,False,,https://clinicaltrials.gov/study/NCT00638599,2026-09-04,automated_triage_only,official_name_zh | english_name | short_names | historical_names | unified_social_credit_code,,,
882,ctg,cnha-pending-06a268c146dbd4d0,"The First Affiliated Hospital,Chongqing Medical University",,,,,,,Unknown,Chongqing,15,,unavailable,,,,registry_reported,not_evaluated,,False,,https://clinicaltrials.gov/study/NCT01529476,2026-09-04,automated_triage_only,official_name_zh | english_name | short_names | historical_names | unified_social_credit_code,,,
883,ctg,cnha-pending-0de16d1f67c4a7ea,"Sichuan Academy of Medical Sciences, Sichuan Provincial People's Hospital",,,,,,,Sichuan,Chengdu,15,,unavailable,,,,registry_reported,not_evaluated,,False,,https://clinicaltrials.gov/study/NCT00995098,2026-09-04,automated_triage_only,official_name_zh | english_name | short_names | historical_names | unified_social_credit_code,,,
884,ctg,cnha-pending-1324bf5553fbf223,"Third Affiliated Hospital, Sun Yat-Sen University",,,,,,,Guangdong,Guangzhou,15,,unavailable,,,,registry_reported,not_evaluated,,False,,https://clinicaltrials.gov/study/NCT01379391,2026-09-04,automated_triage_only,official_name_zh | english_name | short_names | historical_names | unified_social_credit_code,,,
885,ctg,cnha-pending-2adbb23b5cc46817,The First Affiliated Hospital of Bengbu Medical University,,,,,,,Unknown,Bengbu,15,,unavailable,,,,registry_reported,not_evaluated,,False,,https://clinicaltrials.gov/study/NCT04930432,2026-09-04,automated_triage_only,official_name_zh | english_name | short_names | historical_names | unified_social_credit_code,,,
886,ctg,cnha-pending-2d3f138caaf2b6e0,ChangZhou First People's Hospital,,,,,,,Jiangsu,Changzhou,15,,unavailable,,,,registry_reported,not_evaluated,,False,,https://clinicaltrials.gov/study/NCT01670812,2026-09-04,automated_triage_only,official_name_zh | english_name | short_names | historical_names | unified_social_credit_code,,,
887,ctg,cnha-pending-45a5e64a870124b0,Shanghai 10th People's Hospital,,,,,,,Shanghai Municipality,Shanghai,15,,unavailable,,,,registry_reported,not_evaluated,,False,,https://clinicaltrials.gov/study/NCT02728414,2026-09-04,automated_triage_only,official_name_zh | english_name | short_names | historical_names | unified_social_credit_code,,,
888,ctg,cnha-pending-4d31c2b6aa3fd934,Wuxi Second People's Hospital,,,,,,,Jiangsu,Wuxi,15,,unavailable,,,,registry_reported,not_evaluated,,False,,https://clinicaltrials.gov/study/NCT01436864,2026-09-04,automated_triage_only,official_name_zh | english_name | short_names | historical_names | unified_social_credit_code,,,
889,ctg,cnha-pending-51cace3bd2ba6dc3,"Zhujiang Hospital, Southern Medical University",,,,,,,Guangdong,Guangzhou,15,,unavailable,,,,registry_reported,not_evaluated,,False,,https://clinicaltrials.gov/study/NCT01468064,2026-09-04,automated_triage_only,official_name_zh | english_name | short_names | historical_names | unified_social_credit_code,,,
890,ctg,cnha-pending-5383772465992dd4,Shijiazhuang People's Hospital,,,,,,,Hebei,Shijiazhuang,15,,unavailable,,,,registry_reported,not_evaluated,,False,,https://clinicaltrials.gov/study/NCT03261375,2026-09-04,automated_triage_only,official_name_zh | english_name | short_names | historical_names | unified_social_credit_code,,,
891,ctg,cnha-pending-5a2419fb933b6c3a,Handan First Hospital,,,,,,,Hebei,Handan,15,,unavailable,,,,registry_reported,not_evaluated,,False,,https://clinicaltrials.gov/study/NCT02534545,2026-09-04,automated_triage_only,official_name_zh | english_name | short_names | historical_names | unified_social_credit_code,,,
892,ctg,cnha-pending-604c795e13e979b3,"Tongji Hospital Affiliated to Tongji Medical College, Huazhong University of Science and Technology",,,,,,,Hubei,Wuhan,15,,unavailable,,,,registry_reported,not_evaluated,,False,,https://clinicaltrials.gov/study/NCT01770431,2026-09-04,automated_triage_only,official_name_zh | english_name | short_names | historical_names | unified_social_credit_code,,,
893,ctg,cnha-pending-635f99ee1d31bc9f,The Second People's Hospital of Neijiang,,,,,,,Unknown,Neijiang,15,,unavailable,,,,registry_reported,not_evaluated,,False,,https://clinicaltrials.gov/study/NCT03500380,2026-09-04,automated_triage_only,official_name_zh | english_name | short_names | historical_names | unified_social_credit_code,,,
894,ctg,cnha-pending-6ca8daca5e9f3c6d,Shanxi Province Cancer Hospital,,,,,,,Shanxi,Taiyuan,15,,unavailable,,,,registry_reported,not_evaluated,,False,,https://clinicaltrials.gov/study/NCT02319187,2026-09-04,automated_triage_only,official_name_zh | english_name | short_names | historical_names | unified_social_credit_code,,,
895,ctg,cnha-pending-71b8aed4752dcf87,Tuen Mun Hospital,,,,,,,Unknown,Hong Kong,15,,unavailable,,,,registry_reported,not_evaluated,,False,,https://clinicaltrials.gov/study/NCT00045032,2026-09-04,automated_triage_only,official_name_zh | english_name | short_names | historical_names | unified_social_credit_code,,,
896,ctg,cnha-pending-79c058728f90b531,Shanghai First Maternity and Infant Hospital,,,,,,,Shanghai Municipality,Shanghai,15,,unavailable,,,,registry_reported,not_evaluated,,False,,https://clinicaltrials.gov/study/NCT02317406,2026-09-04,automated_triage_only,official_name_zh | english_name | short_names | historical_names | unified_social_credit_code,,,
897,ctg,cnha-pending-7e2457df04ce8b9e,the first hospital of Jilin University,,,,,,,Changchun,Jilin City,15,,unavailable,,,,registry_reported,not_evaluated,,False,,https://clinicaltrials.gov/study/NCT03959397,2026-09-04,automated_triage_only,official_name_zh | english_name | short_names | historical_names | unified_social_credit_code,,,
898,ctg,cnha-pending-86628fcd05aa629f,Xuancheng People's Hospital,,,,,,,Anhui,Xuancheng,15,,unavailable,,,,registry_reported,not_evaluated,,False,,https://clinicaltrials.gov/study/NCT04683406,2026-09-04,automated_triage_only,official_name_zh | english_name | short_names | historical_names | unified_social_credit_code,,,
899,ctg,cnha-pending-919ddcad7f0b2143,The First Affiliated Hospital of Henan University of Traditional Chinese Medicine,,,,,,,Henan,Zhengzhou,15,,unavailable,,,,registry_reported,not_evaluated,,False,,https://clinicaltrials.gov/study/NCT01836016,2026-09-04,automated_triage_only,official_name_zh | english_name | short_names | historical_names | unified_social_credit_code,,,
900,ctg,cnha-pending-983e2bc0c33d080c,Shanxi Provincial People's Hospital,,,,,,,Shanxi,Xian,15,,unavailable,,,,registry_reported,not_evaluated,,False,,https://clinicaltrials.gov/study/NCT01471522,2026-09-04,automated_triage_only,official_name_zh | english_name | short_names | historical_names | unified_social_credit_code,,,
901,ctg,cnha-pending-9a4b75a0c3493c5a,"Department of Urology, Minimally Invasive Surgery Center, The First Affiliated Hospital of Guangzhou Medical University",,,,,,,Guangdong,Guangzhou,15,,unavailable,,,,registry_reported,not_evaluated,,False,,https://clinicaltrials.gov/study/NCT02266381,2026-09-04,automated_triage_only,official_name_zh | english_name | short_names | historical_names | unified_social_credit_code,,,
902,ctg,cnha-pending-9e5b99398dbb3b49,Xiyuan Hospital of China Academy of Chinese Medical Sciences,,,,,,,Beijing Municipality,Beijing,15,,unavailable,,,,registry_reported,not_evaluated,,False,,https://clinicaltrials.gov/study/NCT01555320,2026-09-04,automated_triage_only,official_name_zh | english_name | short_names | historical_names | unified_social_credit_code,,,
903,ctg,cnha-pending-a739bbe69f30e52b,Yijishan Hospital of Wannan Medical College,,,,,,,Anhui,Wuhu,15,,unavailable,,,,registry_reported,not_evaluated,,False,,https://clinicaltrials.gov/study/NCT01774877,2026-09-04,automated_triage_only,official_name_zh | english_name | short_names | historical_names | unified_social_credit_code,,,
904,ctg,cnha-pending-a9d774d323ad34ff,The First Teaching Hospital of Xinjiang Medical University,,,,,,,Xinjiang,Ürümqi,15,,unavailable,,,,registry_reported,not_evaluated,,False,,https://clinicaltrials.gov/study/NCT00829660,2026-09-04,automated_triage_only,official_name_zh | english_name | short_names | historical_names | unified_social_credit_code,,,
905,ctg,cnha-pending-aa0f14e3710a2464,Affiliated Tumor Hospital of Guangxi Medical University,,,,,,,Guangxi,Nanning,15,,unavailable,,,,registry_reported,not_evaluated,,False,,https://clinicaltrials.gov/study/NCT02654028,2026-09-04,automated_triage_only,official_name_zh | english_name | short_names | historical_names | unified_social_credit_code,,,
906,ctg,cnha-pending-b048d3f665c02d3d,West China School of Medicine；West China Hospital of Sichuan University,,,,,,,Sichuan,Chengdu,15,,unavailable,,,,registry_reported,not_evaluated,,False,,https://clinicaltrials.gov/study/NCT04302103,2026-09-04,automated_triage_only,official_name_zh | english_name | short_names | historical_names | unified_social_credit_code,,,
907,ctg,cnha-pending-b072919aa2cfc4dd,Chenzhou No.1 People's Hospital,,,,,,,Hu'nan,Chenzhou,15,,unavailable,,,,registry_reported,not_evaluated,,False,,https://clinicaltrials.gov/study/NCT02388724,2026-09-04,automated_triage_only,official_name_zh | english_name | short_names | historical_names | unified_social_credit_code,,,
908,ctg,cnha-pending-b5526505f7c66956,the Affiliated Hospital of Yangzhou University,,,,,,,Jiangsu,Yangzhou,15,,unavailable,,,,registry_reported,not_evaluated,,False,,https://clinicaltrials.gov/study/NCT04109339,2026-09-04,automated_triage_only,official_name_zh | english_name | short_names | historical_names | unified_social_credit_code,,,
909,ctg,cnha-pending-b6a9f1a3fa75e604,The Affiliated Cancer Hospital of Guizhou Medical University,,,,,,,Guizhou,Guiyang,15,,unavailable,,,,registry_reported,not_evaluated,,False,,https://clinicaltrials.gov/study/NCT03581786,2026-09-04,automated_triage_only,official_name_zh | english_name | short_names | historical_names | unified_social_credit_code,,,
910,ctg,cnha-pending-bc905e48ffc67332,Shenzhen Hospital of Southern Medical University,,,,,,,Guangdong,Shenzhen,15,,unavailable,,,,registry_reported,not_evaluated,,False,,https://clinicaltrials.gov/study/NCT03703635,2026-09-04,automated_triage_only,official_name_zh | english_name | short_names | historical_names | unified_social_credit_code,,,
911,ctg,cnha-pending-c18cd5f5db757f18,Cardiovascular Institute and Fuwai Hospital,,,,,,,Unknown,Beijing,15,,unavailable,,,,registry_reported,not_evaluated,,False,,https://clinicaltrials.gov/study/NCT01064167,2026-09-04,automated_triage_only,official_name_zh | english_name | short_names | historical_names | unified_social_credit_code,,,
912,ctg,cnha-pending-c87bcd823f586cb7,The Affiliated Hospital of Hangzhou Normal University,,,,,,,Unknown,Hangzhou,15,,unavailable,,,,registry_reported,not_evaluated,,False,,https://clinicaltrials.gov/study/NCT02239120,2026-09-04,automated_triage_only,official_name_zh | english_name | short_names | historical_names | unified_social_credit_code,,,
913,ctg,cnha-pending-cd63a78540babad8,Cancer Hospital of Guangxi Medical University,,,,,,,Guangxi,Nanning,15,,unavailable,,,,registry_reported,not_evaluated,,False,,https://clinicaltrials.gov/study/NCT02116231,2026-09-04,automated_triage_only,official_name_zh | english_name | short_names | historical_names | unified_social_credit_code,,,
914,ctg,cnha-pending-e2fe461c11e18436,Sichuan Cancer Hospital and Research Institute,,,,,,,Sichuan,Chengdu,15,,unavailable,,,,registry_reported,not_evaluated,,False,,https://clinicaltrials.gov/study/NCT04177797,2026-09-04,automated_triage_only,official_name_zh | english_name | short_names | historical_names | unified_social_credit_code,,,
915,ctg,cnha-pending-e8f28b371a776273,The First Affiliated Hospital of Zhejiang University School of Medicine,,,,,,,Unknown,Hangzhou,15,,unavailable,,,,registry_reported,not_evaluated,,False,,https://clinicaltrials.gov/study/NCT04735575,2026-09-04,automated_triage_only,official_name_zh | english_name | short_names | historical_names | unified_social_credit_code,,,
916,ctg,cnha-pending-ea16a07cfbd9506b,The First Affiliated Hospital of Shandong First Medical University (Shandong Provincial Qianfoshan Hospital),,,,,,,Shandong,Jinan,15,,unavailable,,,,registry_reported,not_evaluated,,False,,https://clinicaltrials.gov/study/NCT05585580,2026-09-04,automated_triage_only,official_name_zh | english_name | short_names | historical_names | unified_social_credit_code,,,
917,ctg,cnha-pending-f495fe162a36a9f8,"The First Affiliated Hospital of College of Medicine, Zhejiang University",,,,,,,Unknown,Hangzhou,15,,unavailable,,,,registry_reported,not_evaluated,,False,,https://clinicaltrials.gov/study/NCT01287741,2026-09-04,automated_triage_only,official_name_zh | english_name | short_names | historical_names | unified_social_credit_code,,,
918,ctg,cnha-ror-006xrph64,Central Hospital Affiliated to Shenyang Medical College,,,Central Hospital Affiliated to Shenyang Medical College,,,,辽宁省,Shenyang,15,,unavailable,,https://ror.org/006xrph64,,reference_curated,not_linked,active,False,http://www.syzxyy.cn/,https://ror.org/006xrph64,2026-09-05,automated_triage_only,official_name_zh | short_names | historical_names | unified_social_credit_code,,,
919,ctg,cnha-cfdi-0db8a76bc0a8033343b0ed0176df3d0f,河南省胸科医院,河南省胸科医院,河南省胸科医院,Henan Provincial Chest Hospital,,,,河南省,郑州市,14,,unavailable,药临床机构备字2020000223,https://ror.org/04d3sf574,,official_filing,filed,active,False,http://www.hnxkyy.com.cn/,https://beian.cfdi.org.cn/CTMDS/pub/PUB010100.do?method=handle06&curPage=3&pageSize=100,2026-09-05,automated_triage_only,short_names | historical_names | unified_social_credit_code,,,
920,ctg,cnha-cfdi-19e0f103c0a803336ebd2c700e31ac50,常德市第一人民医院,常德市第一人民医院,,The First People's Hospital of Changde,,,,湖南省,常德市,14,,unavailable,药临床机构备字2020000747,https://ror.org/02h2ywm64,,official_filing,filed,active,False,http://www.cdsyy.com/,https://beian.cfdi.org.cn/CTMDS/pub/PUB010100.do?method=handle06&curPage=8&pageSize=100,2026-09-05,official_fields_partially_reviewed,short_names | historical_names | unified_social_credit_code,,,
921,ctg,cnha-cfdi-7d137124c0a80333539fcd8a474e028d,武汉市金银潭医院,武汉市金银潭医院,武汉市金银潭医院,Jinyintan Hospital,,,武汉市传染病医院,湖北省,武汉市,14,,unavailable,药临床机构备字2019000052,https://ror.org/038p1ty61,,official_filing,filed,active,False,http://www.whyljz.com.cn/,https://beian.cfdi.org.cn/CTMDS/pub/PUB010100.do?method=handle06&curPage=1&pageSize=100,2026-09-05,automated_triage_only,short_names | historical_names | unified_social_credit_code,,,
922,ctg,cnha-cfdi-a77f73acc0a8033351ef676fcbe2692c,辽宁省人民医院,辽宁省人民医院,辽宁省人民医院,Liaoning Provincial People's Hospital,,,,辽宁省,沈阳市,14,,unavailable,药临床机构备字2020000320,https://ror.org/01n3v7c44,,official_filing,filed,active,False,http://www.lnph.com/,https://beian.cfdi.org.cn/CTMDS/pub/PUB010100.do?method=handle06&curPage=4&pageSize=100,2026-09-05,automated_triage_only,short_names | historical_names | unified_social_credit_code,,,
923,ctg,cnha-cfdi-ad94b118c0a80333719526c741366821,云南省第一人民医院,云南省第一人民医院,云南省第一人民医院,First People's Hospital of Yunnan Province,,,,云南省,昆明市,14,,unavailable,药临床机构备字2020000161,https://ror.org/00c099g34,,official_filing,filed,active,False,http://www.ypfph.com/deskAction.do?method=showDesk,https://beian.cfdi.org.cn/CTMDS/pub/PUB010100.do?method=handle06&curPage=3&pageSize=100,2026-09-05,automated_triage_only,short_names | historical_names | unified_social_credit_code,,,
924,ctg,cnha-cfdi-d3a7de8ac0a803332ae265949d8bca90,南宁市第二人民医院,南宁市第二人民医院,南宁市第二人民医院,The Second Nanning People's Hospital,,,,广西壮族自治区,南宁市,14,,unavailable,药临床机构备字2020000660,https://ror.org/02qmhct90,,official_filing,filed,active,False,http://www.nn2yy.com/,https://beian.cfdi.org.cn/CTMDS/pub/PUB010100.do?method=handle06&curPage=7&pageSize=100,2026-09-05,automated_triage_only,short_names | historical_names | unified_social_credit_code,,,
925,ctg,cnha-pending-09e775624df24053,The Fourth Hospital of Harbin Medical University,,,,,,,Heilongjiang,Harbin,14,,unavailable,,,,registry_reported,not_evaluated,,False,,https://clinicaltrials.gov/study/NCT02534545,2026-09-04,automated_triage_only,official_name_zh | english_name | short_names | historical_names | unified_social_credit_code,,,
926,ctg,cnha-pending-0c519607122d52dd,"Guang'anmen hospital, China Academy of Chinese Medical Sciences",,,,,,,Unknown,Beijing,14,,unavailable,,,,registry_reported,not_evaluated,,False,,https://clinicaltrials.gov/study/NCT01613183,2026-09-04,automated_triage_only,official_name_zh | english_name | short_names | historical_names | unified_social_credit_code,,,
927,ctg,cnha-pending-0dca2884b6861259,The First Affiliated Hospital of China Medical University,,,,,,,Unknown,Shenyang,14,,unavailable,,,,registry_reported,not_evaluated,,False,,https://clinicaltrials.gov/study/NCT00413413,2026-09-04,automated_triage_only,official_name_zh | english_name | short_names | historical_names | unified_social_credit_code,,,
928,ctg,cnha-pending-11f7c2cbeb4f6a71,Tongji Hospital Tongji Medical College of Huazhong University of Science and Technology,,,,,,,Unknown,Wuhan,14,,unavailable,,,,registry_reported,not_evaluated,,False,,https://clinicaltrials.gov/study/NCT03170518,2026-09-04,automated_triage_only,official_name_zh | english_name | short_names | historical_names | unified_social_credit_code,,,
929,ctg,cnha-pending-22ec7ed64dba2d54,Quzhou People's Hospital,,,,,,,Zhejiang,Quzhou,14,,unavailable,,,,registry_reported,not_evaluated,,False,,https://clinicaltrials.gov/study/NCT03329092,2026-09-04,automated_triage_only,official_name_zh | english_name | short_names | historical_names | unified_social_credit_code,,,
930,ctg,cnha-pending-240ba5d83d112aaf,The Fifth Medical Center of Chinese PLA General Hospital,,,,,,,Beijing Municipality,Beijing,14,,unavailable,,,,registry_reported,not_evaluated,,False,,https://clinicaltrials.gov/study/NCT03546309,2026-09-04,automated_triage_only,official_name_zh | english_name | short_names | historical_names | unified_social_credit_code,,,
931,ctg,cnha-pending-258daaccfecdc093,Daqing Longnan hospital,,,,,,,Heilongjiang,Daqing,14,,unavailable,,,,registry_reported,not_evaluated,,False,,https://clinicaltrials.gov/study/NCT01116167,2026-09-04,automated_triage_only,official_name_zh | english_name | short_names | historical_names | unified_social_credit_code,,,
932,ctg,cnha-pending-282ab8068bd9b0a9,Sir Run Run Hospital Nanjing Medical University,,,,,,,Jiangsu,Nanjing,14,,unavailable,,,,registry_reported,not_evaluated,,False,,https://clinicaltrials.gov/study/NCT04017832,2026-09-04,automated_triage_only,official_name_zh | english_name | short_names | historical_names | unified_social_credit_code,,,
933,ctg,cnha-pending-29a302076d95e957,The Second Affiliated Hospital of Kunming Medical University,,,,,,,Unknown,Kunming,14,,unavailable,,,,registry_reported,not_evaluated,,False,,https://clinicaltrials.gov/study/NCT04077463,2026-09-04,automated_triage_only,official_name_zh | english_name | short_names | historical_names | unified_social_credit_code,,,
934,ctg,cnha-pending-37677f3d353401cd,Guangzhou Panyu Central Hospital,,,,,,,Guangdong,Guangzhou,14,,unavailable,,,,registry_reported,not_evaluated,,False,,https://clinicaltrials.gov/study/NCT02378350,2026-09-04,automated_triage_only,official_name_zh | english_name | short_names | historical_names | unified_social_credit_code,,,
935,ctg,cnha-pending-39c20f9a6398ed13,Zhejiang Xiaoshan Hospital,,,,,,,Zhejiang,Hangzhou,14,,unavailable,,,,registry_reported,not_evaluated,,False,,https://clinicaltrials.gov/study/NCT03007160,2026-09-04,automated_triage_only,official_name_zh | english_name | short_names | historical_names | unified_social_credit_code,,,
936,ctg,cnha-pending-423c7a238bd2fed7,Siping Central People's Hospital,,,,,,,Jilin,Siping,14,,unavailable,,,,registry_reported,not_evaluated,,False,,https://clinicaltrials.gov/study/NCT02173457,2026-09-04,automated_triage_only,official_name_zh | english_name | short_names | historical_names | unified_social_credit_code,,,
937,ctg,cnha-pending-432b07cb7857fdb2,Baoji Central Hospital,,,,,,,Shan'Xi,Baoji,14,,unavailable,,,,registry_reported,not_evaluated,,False,,https://clinicaltrials.gov/study/NCT06680921,2026-09-04,automated_triage_only,official_name_zh | english_name | short_names | historical_names | unified_social_credit_code,,,
938,ctg,cnha-pending-4dfe86581bc62f96,"Beijing Obstetrics and Gynecology Hospital,Capital Medical University",,,,,,,Beijing Municipality,Beijing,14,,unavailable,,,,registry_reported,not_evaluated,,False,,https://clinicaltrials.gov/study/NCT02031523,2026-09-04,automated_triage_only,official_name_zh | english_name | short_names | historical_names | unified_social_credit_code,,,
939,ctg,cnha-pending-4f32fcad85749141,Jiujiang NO.1 People's Hospital,,,,,,,Jiangxi,Jiujiang,14,,unavailable,,,,registry_reported,not_evaluated,,False,,https://clinicaltrials.gov/study/NCT02836184,2026-09-04,automated_triage_only,official_name_zh | english_name | short_names | historical_names | unified_social_credit_code,,,
940,ctg,cnha-pending-5032107f0307c940,Hebei Medical University Fourth Hospital,,,,,,,Hebei,Shijiazhuang,14,,unavailable,,,,registry_reported,not_evaluated,,False,,https://clinicaltrials.gov/study/NCT01410214,2026-09-04,automated_triage_only,official_name_zh | english_name | short_names | historical_names | unified_social_credit_code,,,
941,ctg,cnha-pending-5bcbcc5477234a8c,the First Affiliated Hospital of Zhejiang Chinese Medical University,,,,,,,Zhejiang,Hangzhou,14,,unavailable,,,,registry_reported,not_evaluated,,False,,https://clinicaltrials.gov/study/NCT02529878,2026-09-04,automated_triage_only,official_name_zh | english_name | short_names | historical_names | unified_social_credit_code,,,
942,ctg,cnha-pending-65f521559ce34833,The Affiliated Hospital of Medical College Qingdao University,,,,,,,Unknown,Qingdao,14,,unavailable,,,,registry_reported,not_evaluated,,False,,https://clinicaltrials.gov/study/NCT00057382,2026-09-04,automated_triage_only,official_name_zh | english_name | short_names | historical_names | unified_social_credit_code,,,
943,ctg,cnha-pending-6aa73d08f537ac76,Taizhou Hospital,,,,,,,Zhejiang,Taizhou,14,,unavailable,,,,registry_reported,not_evaluated,,False,,https://clinicaltrials.gov/study/NCT01970059,2026-09-04,automated_triage_only,official_name_zh | english_name | short_names | historical_names | unified_social_credit_code,,,
944,ctg,cnha-pending-74345d3a4233f9b1,The First People's Hospital of Hangzhou,,,,,,,Zhejiang,Hangzhou,14,,unavailable,,,,registry_reported,not_evaluated,,False,,https://clinicaltrials.gov/study/NCT01494415,2026-09-04,automated_triage_only,official_name_zh | english_name | short_names | historical_names | unified_social_credit_code,,,
945,ctg,cnha-pending-753f874c36de6269,The third people's hospital of Shenzhen,,,,,,,Guangdong,Shenzhen,14,,unavailable,,,,registry_reported,not_evaluated,,False,,https://clinicaltrials.gov/study/NCT01908335,2026-09-04,automated_triage_only,official_name_zh | english_name | short_names | historical_names | unified_social_credit_code,,,
946,ctg,cnha-pending-77dd0787411e26c8,Lishui Municipal Central Hospital,,,,,,,Zhejiang,Lishui,14,,unavailable,,,,registry_reported,not_evaluated,,False,,https://clinicaltrials.gov/study/NCT03547232,2026-09-04,automated_triage_only,official_name_zh | english_name | short_names | historical_names | unified_social_credit_code,,,
947,ctg,cnha-pending-78b17b25068070cb,Southwest Hospital of Third Millitary Medical University,,,,,,,Chongqing Municipality,Chongqing,14,,unavailable,,,,registry_reported,not_evaluated,,False,,https://clinicaltrials.gov/study/NCT02349698,2026-09-04,automated_triage_only,official_name_zh | english_name | short_names | historical_names | unified_social_credit_code,,,
948,ctg,cnha-pending-7919ecd7169ec6f6,The Third People's Hospital of Zhengzhou,,,,,,,Henan,Zhengzhou,14,,unavailable,,,,registry_reported,not_evaluated,,False,,https://clinicaltrials.gov/study/NCT03716518,2026-09-04,automated_triage_only,official_name_zh | english_name | short_names | historical_names | unified_social_credit_code,,,
949,ctg,cnha-pending-7c107bbfccee59dd,Harbin Medical University Cancer Hospital,,,,,,,Unknown,Haerbin,14,,unavailable,,,,registry_reported,not_evaluated,,False,,https://clinicaltrials.gov/study/NCT04536558,2026-09-04,automated_triage_only,official_name_zh | english_name | short_names | historical_names | unified_social_credit_code,,,
950,ctg,cnha-pending-7c84cd9fce8bae83,First affiliated Hospital of Zhejiang University,,,,,,,Unknown,Hangzhou,14,,unavailable,,,,registry_reported,not_evaluated,,False,,https://clinicaltrials.gov/study/NCT03201965,2026-09-04,automated_triage_only,official_name_zh | english_name | short_names | historical_names | unified_social_credit_code,,,
951,ctg,cnha-pending-84203b4b2e5b2034,Jingzhou First People's Hospital,,,,,,,Hubei,Jingzhou,14,,unavailable,,,,registry_reported,not_evaluated,,False,,https://clinicaltrials.gov/study/NCT04649242,2026-09-04,automated_triage_only,official_name_zh | english_name | short_names | historical_names | unified_social_credit_code,,,
952,ctg,cnha-pending-9a64660db507b0f1,Zhongshan Hospital Affiliated to Xiamen University,,,,,,,Fujian,Xiamen,14,,unavailable,,,,registry_reported,not_evaluated,,False,,https://clinicaltrials.gov/study/NCT03426683,2026-09-04,automated_triage_only,official_name_zh | english_name | short_names | historical_names | unified_social_credit_code,,,
953,ctg,cnha-pending-9e0513af036a0fc6,Jiangsu Provincial Hospital,,,,,,,Jiangsu,Nanjing,14,,unavailable,,,,registry_reported,not_evaluated,,False,,https://clinicaltrials.gov/study/NCT03228836,2026-09-04,automated_triage_only,official_name_zh | english_name | short_names | historical_names | unified_social_credit_code,,,
954,ctg,cnha-pending-a0d6e4f4dd54681e,"Research Institute of Nephrology, Jinling Hospital, Nanjing University School of Medicine",,,,,,,Jiangsu,Nanjing,14,,unavailable,,,,registry_reported,not_evaluated,,False,,https://clinicaltrials.gov/study/NCT00298506,2026-09-04,automated_triage_only,official_name_zh | english_name | short_names | historical_names | unified_social_credit_code,,,
955,ctg,cnha-pending-a47c0b0f98ea6ea8,Shanghai Xuhui District Central Hospital,,,,,,,Shanghai Municipality,Shanghai,14,,unavailable,,,,registry_reported,not_evaluated,,False,,https://clinicaltrials.gov/study/NCT01455129,2026-09-04,automated_triage_only,official_name_zh | english_name | short_names | historical_names | unified_social_credit_code,,,
956,ctg,cnha-pending-aea0304c78ab4caa,The General Hospital of Shenyang Military Region,,,,,,,Liaoning,Shenyang,14,,unavailable,,,,registry_reported,not_evaluated,,False,,https://clinicaltrials.gov/study/NCT01612260,2026-09-04,automated_triage_only,official_name_zh | english_name | short_names | historical_names | unified_social_credit_code,,,
957,ctg,cnha-pending-b521ce5785932d9d,"Institute of Hematology & Blood Diseases Hospital, Chinese Academy of Medical Sciences",,,,,,,Unknown,Tianjin,14,,unavailable,,,,registry_reported,not_evaluated,,False,,https://clinicaltrials.gov/study/NCT04260217,2026-09-04,automated_triage_only,official_name_zh | english_name | short_names | historical_names | unified_social_credit_code,,,
958,ctg,cnha-pending-b5cd8e6c967edfc3,Maanshan People's Hospital,,,,,,,Anhui,Maanshan,14,,unavailable,,,,registry_reported,not_evaluated,,False,,https://clinicaltrials.gov/study/NCT06680921,2026-09-04,automated_triage_only,official_name_zh | english_name | short_names | historical_names | unified_social_credit_code,,,
959,ctg,cnha-pending-ba4558fafd3b824d,"Union Hospital, Huazhong University of Science and Technology",,,,,,,Hubei,Wuhan,14,,unavailable,,,,registry_reported,not_evaluated,,False,,https://clinicaltrials.gov/study/NCT02248038,2026-09-04,automated_triage_only,official_name_zh | english_name | short_names | historical_names | unified_social_credit_code,,,
960,ctg,cnha-pending-bcaf79ed54075598,Luoyang Third People's Hospital,,,,,,,Unknown,Luoyang,14,,unavailable,,,,registry_reported,not_evaluated,,False,,https://clinicaltrials.gov/study/NCT05142722,2026-09-04,automated_triage_only,official_name_zh | english_name | short_names | historical_names | unified_social_credit_code,,,
961,ctg,cnha-pending-be6d4e376549f280,"Beijing Obstetrics and Gynecology Hospital,Capital Medical University",,,,,,,Unknown,Beijing,14,,unavailable,,,,registry_reported,not_evaluated,,False,,https://clinicaltrials.gov/study/NCT02095028,2026-09-04,automated_triage_only,official_name_zh | english_name | short_names | historical_names | unified_social_credit_code,,,
962,ctg,cnha-pending-c1d62dae1b4aa641,The Affiliated Hospital of Inner Mongolia Medical University,,,,,,,Unknown,Hohhot,14,,unavailable,,,,registry_reported,not_evaluated,,False,,https://clinicaltrials.gov/study/NCT03974022,2026-09-04,automated_triage_only,official_name_zh | english_name | short_names | historical_names | unified_social_credit_code,,,
963,ctg,cnha-pending-d3c1339e71114a58,The Second People's Hospital of Lianyungang,,,,,,,Jiangsu,Lianyungang,14,,unavailable,,,,registry_reported,not_evaluated,,False,,https://clinicaltrials.gov/study/NCT04078737,2026-09-04,automated_triage_only,official_name_zh | english_name | short_names | historical_names | unified_social_credit_code,,,
964,ctg,cnha-pending-d5babd69b64f1dee,Harbin Medical University Cancer Hospital,,,,,,,Heilongjiang,Haerbin,14,,unavailable,,,,registry_reported,not_evaluated,,False,,https://clinicaltrials.gov/study/NCT02945215,2026-09-04,automated_triage_only,official_name_zh | english_name | short_names | historical_names | unified_social_credit_code,,,
965,ctg,cnha-pending-d624e92529a727aa,"Affiliated Drum Tower Hospital, Medical School of Nanjing University",,,,,,,Jiangsu,Nanjing,14,,unavailable,,,,registry_reported,not_evaluated,,False,,https://clinicaltrials.gov/study/NCT04390737,2026-09-04,automated_triage_only,official_name_zh | english_name | short_names | historical_names | unified_social_credit_code,,,
966,ctg,cnha-pending-dbe27143f877ea96,"Tangdu Hospital, Fourth Military Medical University",,,,,,,Shan'xi,Xi'an,14,,unavailable,,,,registry_reported,not_evaluated,,False,,https://clinicaltrials.gov/study/NCT05083923,2026-09-04,automated_triage_only,official_name_zh | english_name | short_names | historical_names | unified_social_credit_code,,,
967,ctg,cnha-pending-dfda0747799b1f66,Prince of Wales Hospital,,,,,,,Hong Kong,Hong Kong,14,,unavailable,,,,registry_reported,not_evaluated,,False,,https://clinicaltrials.gov/study/NCT00305032,2026-09-04,automated_triage_only,official_name_zh | english_name | short_names | historical_names | unified_social_credit_code,,,
968,ctg,cnha-pending-e0fb3b72da8242ac,Shanghai Tong Ren hospital,,,,,,,Unknown,Shanghai,14,,unavailable,,,,registry_reported,not_evaluated,,False,,https://clinicaltrials.gov/study/NCT03356080,2026-09-04,automated_triage_only,official_name_zh | english_name | short_names | historical_names | unified_social_credit_code,,,
969,ctg,cnha-pending-e6d969d62f2a188b,The Second Affiliated Hospital of Zhejiang University,,,,,,,Unknown,Hangzhou,14,,unavailable,,,,registry_reported,not_evaluated,,False,,https://clinicaltrials.gov/study/NCT01976208,2026-09-04,automated_triage_only,official_name_zh | english_name | short_names | historical_names | unified_social_credit_code,,,
970,ctg,cnha-pending-ee58d32849b59558,Jiangsu Province People's Hospital,,,,,,,Jiangsu,Nanjing,14,,unavailable,,,,registry_reported,not_evaluated,,False,,https://clinicaltrials.gov/study/NCT02388724,2026-09-04,automated_triage_only,official_name_zh | english_name | short_names | historical_names | unified_social_credit_code,,,
971,ctg,cnha-pending-f563eb00911400cb,The Tumor Hospital Affiliated to Guangxi Medical University,,,,,,,Guangxi,Nanning,14,,unavailable,,,,registry_reported,not_evaluated,,False,,https://clinicaltrials.gov/study/NCT03519230,2026-09-04,automated_triage_only,official_name_zh | english_name | short_names | historical_names | unified_social_credit_code,,,
972,ctg,cnha-pending-fcf87c64ff2477a1,"Cancer Hospital Chinese Academy of Medical Sciences, Shenzhen Center",,,,,,,Unknown,Shenzhen,14,,unavailable,,,,registry_reported,not_evaluated,,False,,https://clinicaltrials.gov/study/NCT04008797,2026-09-04,automated_triage_only,official_name_zh | english_name | short_names | historical_names | unified_social_credit_code,,,
973,ctg,cnha-pending-fdb94c392bb236f6,The First Hospital of Shanxi Medical University,,,,,,,Unknown,Taiyuan,14,,unavailable,,,,registry_reported,not_evaluated,,False,,https://clinicaltrials.gov/study/NCT01176565,2026-09-04,automated_triage_only,official_name_zh | english_name | short_names | historical_names | unified_social_credit_code,,,
974,ctg,cnha-ror-00xabh388,湖北省中醫院,,湖北省中醫院,Hubei Provincial Hospital of Traditional Chinese Medicine,,,,湖北省,Wuhan,14,,unavailable,,https://ror.org/00xabh388,,reference_curated,not_linked,active,False,http://www.hbhtcm.com/,https://ror.org/00xabh388,2026-09-05,automated_triage_only,official_name_zh | short_names | historical_names | unified_social_credit_code,,,
975,ctg,cnha-ror-01g9gaq76,Xuzhou Cancer Hospital,,,Xuzhou Cancer Hospital,,,,江苏省,Xuzhou,14,,unavailable,,https://ror.org/01g9gaq76,,reference_curated,not_linked,active,False,http://www.xzzlyy.com/,https://ror.org/01g9gaq76,2026-09-05,automated_triage_only,official_name_zh | short_names | historical_names | unified_social_credit_code,,,
976,ctg,cnha-ror-05vy2sc54,First Affiliated Hospital of Harbin Medical University,,,First Affiliated Hospital of Harbin Medical University,,,,黑龙江省,Harbin,14,,unavailable,,https://ror.org/05vy2sc54,,reference_curated,not_linked,active,False,http://www.54dr.com/,https://ror.org/05vy2sc54,2026-09-05,automated_triage_only,official_name_zh | short_names | historical_names | unified_social_credit_code,,,
977,ctg,cnha-cfdi-31c61602c0a803336b55426e8e04a4da,中国医学科学院肿瘤医院,中国医学科学院肿瘤医院,中国医学科学院肿瘤医院,Cancer Hospital of Chinese Academy of Medical Sciences,,,,北京市,北京市,13,,unavailable,药临床机构备字2020000332,https://ror.org/03x937183,,official_filing,filed,active,False,https://www.cicams.ac.cn,https://beian.cfdi.org.cn/CTMDS/pub/PUB010100.do?method=handle06&curPage=4&pageSize=100,2026-09-05,automated_triage_only,short_names | historical_names | unified_social_credit_code,,,
978,ctg,cnha-cfdi-3340923cc0a803335613d72a9247a1b9,吉林省肿瘤医院,吉林省肿瘤医院,吉林省肿瘤医院,Jilin Province Tumor Hospital,,,,吉林省,长春市,13,,unavailable,药临床机构备字2020000473,https://ror.org/00vgek070,,official_filing,filed,active,False,https://www.jlszlyy.com/,https://beian.cfdi.org.cn/CTMDS/pub/PUB010100.do?method=handle06&curPage=6&pageSize=100,2026-09-05,automated_triage_only,short_names | historical_names | unified_social_credit_code,,,
979,ctg,cnha-cfdi-38d4d4c9c0a8033370f802154de28e76,滕州市中心人民医院,滕州市中心人民医院,滕州市中心人民医院,Tengzhou Central People's Hospital,,,,山东省,滕州市,13,,unavailable,药临床机构备字2020000722,https://ror.org/03b867n98,,official_filing,filed,active,False,http://www.tzzxrmyy.com/,https://beian.cfdi.org.cn/CTMDS/pub/PUB010100.do?method=handle06&curPage=8&pageSize=100,2026-09-05,automated_triage_only,short_names | historical_names | unified_social_credit_code,,,
980,ctg,cnha-pending-022c4bbdf3e9c9b7,The first hospital of Qinhuangdao,,,,,,,Hebei,Qinhuangdao,13,,unavailable,,,,registry_reported,not_evaluated,,False,,https://clinicaltrials.gov/study/NCT03008473,2026-09-04,automated_triage_only,official_name_zh | english_name | short_names | historical_names | unified_social_credit_code,,,
981,ctg,cnha-pending-034b66ced39fcdc6,Suining central hospital,,,,,,,Unknown,Suining,13,,unavailable,,,,registry_reported,not_evaluated,,False,,https://clinicaltrials.gov/study/NCT03706287,2026-09-04,automated_triage_only,official_name_zh | english_name | short_names | historical_names | unified_social_credit_code,,,
982,ctg,cnha-pending-07d9c26c55ee9067,"National Cancer Center/ National Clinical Research Center for Cancer/Cancer Hospital, Chinese Academy of Medical Sciences and Peking Union Medical College",,,,,,,Beijing Municipality,Beijing,13,,unavailable,,,,registry_reported,not_evaluated,,False,,https://clinicaltrials.gov/study/NCT04348032,2026-09-04,automated_triage_only,official_name_zh | english_name | short_names | historical_names | unified_social_credit_code,,,
983,ctg,cnha-pending-09aa57a10f6f54e7,Kaiping Central Hospital,,,,,,,Guangdong,Kaiping,13,,unavailable,,,,registry_reported,not_evaluated,,False,,https://clinicaltrials.gov/study/NCT02856126,2026-09-04,automated_triage_only,official_name_zh | english_name | short_names | historical_names | unified_social_credit_code,,,
984,ctg,cnha-pending-0a7ed06f4e4f0006,The First Affiliated Hospital of Henan University of Chinese Medicine,,,,,,,Henan,Zhengzhou,13,,unavailable,,,,registry_reported,not_evaluated,,False,,https://clinicaltrials.gov/study/NCT04995159,2026-09-04,automated_triage_only,official_name_zh | english_name | short_names | historical_names | unified_social_credit_code,,,
985,ctg,cnha-pending-0db4e2d542b7e08c,Guangxi Medical University Affiliated Tumor Hospital,,,,,,,Unknown,Nanning,13,,unavailable,,,,registry_reported,not_evaluated,,False,,https://clinicaltrials.gov/study/NCT03975647,2026-09-04,automated_triage_only,official_name_zh | english_name | short_names | historical_names | unified_social_credit_code,,,
986,ctg,cnha-pending-1e2b0f1a210eace6,"Fuwai Hospital, CAMS&PUMC",,,,,,,Beijing Municipality,Beijing,13,,unavailable,,,,registry_reported,not_evaluated,,False,,https://clinicaltrials.gov/study/NCT02946307,2026-09-04,automated_triage_only,official_name_zh | english_name | short_names | historical_names | unified_social_credit_code,,,
987,ctg,cnha-pending-26025f0cd310929e,Shanghai Tongji Hospital,,,,,,,Unknown,Shanghai,13,,unavailable,,,,registry_reported,not_evaluated,,False,,https://clinicaltrials.gov/study/NCT01614041,2026-09-04,automated_triage_only,official_name_zh | english_name | short_names | historical_names | unified_social_credit_code,,,
988,ctg,cnha-pending-27d2f77982b24b64,Henan Children's Hospital,,,,,,,Henan,Zhengzhou,13,,unavailable,,,,registry_reported,not_evaluated,,False,,https://clinicaltrials.gov/study/NCT03635580,2026-09-04,automated_triage_only,official_name_zh | english_name | short_names | historical_names | unified_social_credit_code,,,
989,ctg,cnha-pending-289d079096723963,"Renmin Hospital of Wuhan University, Hubei General Hospital",,,,,,,Hubei,Wuhan,13,,unavailable,,,,registry_reported,not_evaluated,,False,,https://clinicaltrials.gov/study/NCT01391260,2026-09-04,automated_triage_only,official_name_zh | english_name | short_names | historical_names | unified_social_credit_code,,,
990,ctg,cnha-pending-2ad72c173dd0d982,"Dongzhimen Hospital ,Beijing University of Chinese Medicine",,,,,,,Beijing Municipality,Beijing,13,,unavailable,,,,registry_reported,not_evaluated,,False,,https://clinicaltrials.gov/study/NCT01761227,2026-09-04,automated_triage_only,official_name_zh | english_name | short_names | historical_names | unified_social_credit_code,,,
991,ctg,cnha-pending-3086259242b232ba,The General Hospital of Western Theater Command,,,,,,,Sichuan,Chengdu,13,,unavailable,,,,registry_reported,not_evaluated,,False,,https://clinicaltrials.gov/study/NCT04527861,2026-09-04,automated_triage_only,official_name_zh | english_name | short_names | historical_names | unified_social_credit_code,,,
992,ctg,cnha-pending-34c52179e17d43d3,Jiaxing Second Hospital,,,,,,,Zhejiang,Jiaxing,13,,unavailable,,,,registry_reported,not_evaluated,,False,,https://clinicaltrials.gov/study/NCT04158843,2026-09-04,automated_triage_only,official_name_zh | english_name | short_names | historical_names | unified_social_credit_code,,,
993,ctg,cnha-pending-360be81c24f9ce1b,Xiamen Cardiovascular Hospital Xiamen University,,,,,,,Fujian,Xiamen,13,,unavailable,,,,registry_reported,not_evaluated,,False,,https://clinicaltrials.gov/study/NCT04259411,2026-09-04,automated_triage_only,official_name_zh | english_name | short_names | historical_names | unified_social_credit_code,,,
994,ctg,cnha-pending-3732a17580801bac,Beijing University First Hospital,,,,,,,Beijing Municipality,Beijing,13,,unavailable,,,,registry_reported,not_evaluated,,False,,https://clinicaltrials.gov/study/NCT01863485,2026-09-04,automated_triage_only,official_name_zh | english_name | short_names | historical_names | unified_social_credit_code,,,
995,ctg,cnha-pending-38020477582abf41,Daping Hospital and the Research Institute of Surgery of the Third Military Medical University,,,,,,,Chongqing Municipality,Chongqing,13,,unavailable,,,,registry_reported,not_evaluated,,False,,https://clinicaltrials.gov/study/NCT00786136,2026-09-04,automated_triage_only,official_name_zh | english_name | short_names | historical_names | unified_social_credit_code,,,
996,ctg,cnha-pending-41d250c4ad45bacd,Beijing GoBroad Boren Hospital,,,,,,,Beijing Municipality,Beijing,13,,unavailable,,,,registry_reported,not_evaluated,,False,,https://clinicaltrials.gov/study/NCT04849351,2026-09-04,automated_triage_only,official_name_zh | english_name | short_names | historical_names | unified_social_credit_code,,,
997,ctg,cnha-pending-452805faa35b7b5b,Affiliated Tumor Hospital of Xinjiang Medical University,,,,,,,Xinjiang,Ürümqi,13,,unavailable,,,,registry_reported,not_evaluated,,False,,https://clinicaltrials.gov/study/NCT03657914,2026-09-04,automated_triage_only,official_name_zh | english_name | short_names | historical_names | unified_social_credit_code,,,
998,ctg,cnha-pending-63534a182bc7ad6a,SunYat-sen University Cancer Centre,,,,,,,Guangdong,Guangzhou,13,,unavailable,,,,registry_reported,not_evaluated,,False,,https://clinicaltrials.gov/study/NCT01322776,2026-09-04,automated_triage_only,official_name_zh | english_name | short_names | historical_names | unified_social_credit_code,,,
999,ctg,cnha-pending-65478b1f7f23a089,Tangshan Workers Hospital,,,,,,,Hebei,Tangshan,13,,unavailable,,,,registry_reported,not_evaluated,,False,,https://clinicaltrials.gov/study/NCT00829660,2026-09-04,automated_triage_only,official_name_zh | english_name | short_names | historical_names | unified_social_credit_code,,,
1000,ctg,cnha-pending-659823c0476464fb,Huizhou Municipal Central Hospital,,,,,,,Guangdong,Huizhou,13,,unavailable,,,,registry_reported,not_evaluated,,False,,https://clinicaltrials.gov/study/NCT03015311,2026-09-04,automated_triage_only,official_name_zh | english_name | short_names | historical_names | unified_social_credit_code,,,
