priority_rank,hospital_id,reported_name,candidate_hospital_id,candidate_canonical_name,matched_reference_name,similarity,decision,source_url
24,cnha-pending-865b65f77ddd694e,The First Affiliated Hospital of Soochow University,cnha-cfdi-b5cd6543c0a803330d96755e77d8daa5,苏州大学附属第一医院,First Affiliated Hospital of Soochow University,0.965517,review_required,https://beian.cfdi.org.cn/CTMDS/pub/PUB010100.do?method=handle06&curPage=9&pageSize=100
24,cnha-pending-865b65f77ddd694e,The First Affiliated Hospital of Soochow University,cnha-cfdi-1d696d32c0a803331506764268553b23,苏州大学附属第四医院,The Fourth Affiliated Hospital of Soochow University,0.945055,review_required,https://beian.cfdi.org.cn/CTMDS/pub/PUB010100.do?method=handle06&curPage=14&pageSize=100
24,cnha-pending-865b65f77ddd694e,The First Affiliated Hospital of Soochow University,cnha-ror-0358q4810,Ruihua Affiliated Hospital of Soochow University,Ruihua Affiliated Hospital of Soochow University,0.863636,review_required,https://ror.org/0358q4810
28,cnha-pending-ea44269cf5d0f2f6,"Zhongshan Hospital, Fudan University",cnha-cfdi-18e1e4e6c0a8033309dd544ae217ced3,复旦大学附属金山医院,Jinshan Hospital of Fudan University,0.875,review_required,https://beian.cfdi.org.cn/CTMDS/pub/PUB010100.do?method=handle06&curPage=4&pageSize=100
29,cnha-pending-91a5a54e1f332bd6,"Cancer Hospital, Chinese Academy of Medical Sciences",cnha-cfdi-31c61602c0a803336b55426e8e04a4da,中国医学科学院肿瘤医院,Cancer Hospital of Chinese Academy of Medical Sciences,0.978261,review_required,https://beian.cfdi.org.cn/CTMDS/pub/PUB010100.do?method=handle06&curPage=4&pageSize=100
34,cnha-pending-85de4d882cda37e1,"The First Affiliated Hospital , Zhejiang University, School of Medicine",cnha-ror-05m1p5x56,First Affiliated Hospital Zhejiang University,First Affiliated Hospital Zhejiang University,0.811881,review_required,https://ror.org/05m1p5x56
37,cnha-pending-7d6060d7b3cec138,The second Xiangya Hospital of Central South University,cnha-ror-053v2gh09,Second Xiangya Hospital of Central South University,Second Xiangya Hospital of Central South University,0.967742,review_required,https://ror.org/053v2gh09
37,cnha-pending-7d6060d7b3cec138,The second Xiangya Hospital of Central South University,cnha-ror-05akvb491,中南大学湘雅三医院-门急诊楼,Third Xiangya Hospital of Central South University,0.913043,review_required,https://ror.org/05akvb491
37,cnha-pending-7d6060d7b3cec138,The second Xiangya Hospital of Central South University,cnha-cfdi-3bb0a3b4c0a803332a9f6fc83950b0b0,中南大学湘雅医院,Xiangya Hospital Central South University,0.870588,review_required,https://beian.cfdi.org.cn/CTMDS/pub/PUB010100.do?method=handle06&curPage=2&pageSize=100
40,cnha-pending-784a9c9811b22555,Fujian Cancer Hospital,cnha-cfdi-8943f31ac0a80333354a0df6962a1108,福建省肿瘤医院,Fujian Provincial Cancer Hospital,0.8,review_required,https://beian.cfdi.org.cn/CTMDS/pub/PUB010100.do?method=handle06&curPage=7&pageSize=100
50,cnha-pending-2c782256529ea671,The First Hospital of China Medical University,cnha-cfdi-066b931bc0a8033351202887a2fd71fa,中国医科大学附属第一医院,First Hospital of China Medical University,0.961039,review_required,https://beian.cfdi.org.cn/CTMDS/pub/PUB010100.do?method=handle06&curPage=2&pageSize=100
50,cnha-pending-2c782256529ea671,The First Hospital of China Medical University,cnha-cfdi-20bf70afc0a803331d8b21c12f0aaad7,中国医科大学附属第四医院,Fourth Affiliated Hospital of China Medical University,0.840909,review_required,https://beian.cfdi.org.cn/CTMDS/pub/PUB010100.do?method=handle06&curPage=7&pageSize=100
52,cnha-pending-3618cbeac5624a9b,The Affiliated Hospital of Qingdao University,cnha-ror-026e9yy16,Affiliated Hospital of Qingdao University,Affiliated Hospital of Qingdao University,0.961039,review_required,https://ror.org/026e9yy16
53,cnha-pending-442794888d86af0b,The First Affiliated Hospital of Xiamen University,cnha-cfdi-f54478f4c0a803337f778cd3b4849179,厦门大学附属第一医院,First Affiliated Hospital of Xiamen University,0.964706,review_required,https://beian.cfdi.org.cn/CTMDS/pub/PUB010100.do?method=handle06&curPage=1&pageSize=100
55,cnha-pending-ea3d9ddfd3280e6c,The Third Xiangya Hospital of Central South University,cnha-ror-05akvb491,中南大学湘雅三医院-门急诊楼,Third Xiangya Hospital of Central South University,0.967033,review_required,https://ror.org/05akvb491
55,cnha-pending-ea3d9ddfd3280e6c,The Third Xiangya Hospital of Central South University,cnha-ror-053v2gh09,Second Xiangya Hospital of Central South University,Second Xiangya Hospital of Central South University,0.891304,review_required,https://ror.org/053v2gh09
55,cnha-pending-ea3d9ddfd3280e6c,The Third Xiangya Hospital of Central South University,cnha-cfdi-3bb0a3b4c0a803332a9f6fc83950b0b0,中南大学湘雅医院,Xiangya Hospital Central South University,0.880952,review_required,https://beian.cfdi.org.cn/CTMDS/pub/PUB010100.do?method=handle06&curPage=2&pageSize=100
57,cnha-pending-24326fb852c6aa28,The First Affiliated Hospital of Wenzhou Medical University,cnha-ror-03cyvdv85,First Affiliated Hospital of Wenzhou Medical University,First Affiliated Hospital of Wenzhou Medical University,0.970297,review_required,https://ror.org/03cyvdv85
57,cnha-pending-24326fb852c6aa28,The First Affiliated Hospital of Wenzhou Medical University,cnha-cfdi-d6ef24aac0a8033338dc6eae29c3581b,瑞安市人民医院,Third Affiliated Hospital of Wenzhou Medical University,0.950495,review_required,https://beian.cfdi.org.cn/CTMDS/pub/PUB010100.do?method=handle06&curPage=8&pageSize=100
58,cnha-pending-cff05d3e522ba7b8,The First Affiliated Hospital of Chongqing Medical University,cnha-ror-033vnzz93,重庆医科大学附属永川医院,First Affiliated Hospital of Chongqing Medical University,0.971429,review_required,https://ror.org/033vnzz93
58,cnha-pending-cff05d3e522ba7b8,The First Affiliated Hospital of Chongqing Medical University,cnha-cfdi-330a5a5dc0a8033377e4178e3d5a8695,重庆医科大学附属第二医院,Second Affiliated Hospital of Chongqing Medical University,0.886792,review_required,https://beian.cfdi.org.cn/CTMDS/pub/PUB010100.do?method=handle06&curPage=1&pageSize=100
58,cnha-pending-cff05d3e522ba7b8,The First Affiliated Hospital of Chongqing Medical University,cnha-ror-05pz4ws32,Children's Hospital of Chongqing Medical University,Children's Hospital of Chongqing Medical University,0.808081,review_required,https://ror.org/05pz4ws32
61,cnha-pending-f7d3a85536f1aef9,Shengjing Hospital of China Medical University,cnha-cfdi-066b931bc0a8033351202887a2fd71fa,中国医科大学附属第一医院,First Hospital of China Medical University,0.846154,review_required,https://beian.cfdi.org.cn/CTMDS/pub/PUB010100.do?method=handle06&curPage=2&pageSize=100
62,cnha-pending-26777eb65b0e1042,The First Affiliated Hospital of Xi'an Jiaotong University,cnha-ror-02tbvhh96,First Affiliated Hospital of Xi'an Jiaotong University,First Affiliated Hospital of Xi'an Jiaotong University,0.969072,review_required,https://ror.org/02tbvhh96
62,cnha-pending-26777eb65b0e1042,The First Affiliated Hospital of Xi'an Jiaotong University,cnha-cfdi-637b975dc0a803333264020224c4f75d,陕西省人民医院,Third Affiliated Hospital of Xi'an Jiaotong University,0.948454,review_required,https://beian.cfdi.org.cn/CTMDS/pub/PUB010100.do?method=handle06&curPage=3&pageSize=100
62,cnha-pending-26777eb65b0e1042,The First Affiliated Hospital of Xi'an Jiaotong University,cnha-ror-03aq7kf18,Second Affiliated Hospital of Xi'an Jiaotong University,Second Affiliated Hospital of Xi'an Jiaotong University,0.877551,review_required,https://ror.org/03aq7kf18
65,cnha-pending-2a770a2dc9004ac8,"Beijing Friendship Hospital, Capital Medical University",cnha-cfdi-312ade48c0a803330dbbe4dc78900ab2,首都医科大学附属北京朝阳医院,"Beijing Chao-Yang Hospital, Capital Medical University",0.833333,review_required,https://beian.cfdi.org.cn/CTMDS/pub/PUB010100.do?method=handle06&curPage=4&pageSize=100
66,cnha-pending-a4b5b42d548e68a3,"Nanfang Hospital, Southern Medical University",cnha-cfdi-56692f49c0a803335013e3da1634f3d6,南方医科大学第三附属医院,Third Affiliated Hospital of Southern Medical University,0.8,review_required,https://beian.cfdi.org.cn/CTMDS/pub/PUB010100.do?method=handle06&curPage=10&pageSize=100
69,cnha-pending-77024d09e5021830,Tianjin Medical University Cancer Institute & Hospital,cnha-cfdi-f38bbd78c0a80333056a73b8390ed2c2,天津市肿瘤医院,Tianjin Medical University Cancer Institute and Hospital,0.959184,review_required,https://beian.cfdi.org.cn/CTMDS/pub/PUB010100.do?method=handle06&curPage=9&pageSize=100
69,cnha-pending-77024d09e5021830,Tianjin Medical University Cancer Institute & Hospital,cnha-ror-04j2cfe69,Tianjin Medical University Eye Hospital,Tianjin Medical University Eye Hospital,0.819277,review_required,https://ror.org/04j2cfe69
69,cnha-pending-77024d09e5021830,Tianjin Medical University Cancer Institute & Hospital,cnha-cfdi-214a1071c0a8033329decd493fe7ec5e,天津医科大学总医院,Tianjin Medical University General Hospital,0.804598,review_required,https://beian.cfdi.org.cn/CTMDS/pub/PUB010100.do?method=handle06&curPage=1&pageSize=100
72,cnha-pending-a4873134dcd47f9b,Xuanwu Hospital Capital Medical University,cnha-ror-00k7r7f88,北京市老年病医疗研究中心,Xuan Wu Hospital of the Capital Medical University,0.938272,review_required,https://ror.org/00k7r7f88
72,cnha-pending-a4873134dcd47f9b,Xuanwu Hospital Capital Medical University,cnha-cfdi-312ade48c0a803330dbbe4dc78900ab2,首都医科大学附属北京朝阳医院,"Beijing Chao-Yang Hospital, Capital Medical University",0.8,review_required,https://beian.cfdi.org.cn/CTMDS/pub/PUB010100.do?method=handle06&curPage=4&pageSize=100
73,cnha-pending-7c4d0be213a12060,The First Affiliated Hospital of Guangzhou Medical University,cnha-cfdi-3bbe3ceec0a803331320f715d583ef2c,广州医科大学附属第一医院,First Affiliated Hospital of Guangzhou Medical University,0.971429,review_required,https://beian.cfdi.org.cn/CTMDS/pub/PUB010100.do?method=handle06&curPage=3&pageSize=100
73,cnha-pending-7c4d0be213a12060,The First Affiliated Hospital of Guangzhou Medical University,cnha-cfdi-a31d20a3c0a803333f0784da0389236b,广州医科大学附属第三医院,Third Affiliated Hospital of Guangzhou Medical University,0.952381,review_required,https://beian.cfdi.org.cn/CTMDS/pub/PUB010100.do?method=handle06&curPage=2&pageSize=100
73,cnha-pending-7c4d0be213a12060,The First Affiliated Hospital of Guangzhou Medical University,cnha-cfdi-3d0b67a2c0a8033370b2e48f7b5c9870,广州医科大学附属第二医院,Second Affiliated Hospital of Guangzhou Medical University,0.886792,review_required,https://beian.cfdi.org.cn/CTMDS/pub/PUB010100.do?method=handle06&curPage=2&pageSize=100
76,cnha-pending-ee05ab409c581ba3,The Second Affiliated Hospital Zhejiang University School of Medicine,cnha-ror-059cjpv64,Second Affiliated Hospital of Zhejiang University,Second Affiliated Hospital of Zhejiang University,0.8,review_required,https://ror.org/059cjpv64
78,cnha-pending-b5d09ff2ff5a55c0,Huashan Hospital Fudan University,cnha-cfdi-18e1e4e6c0a8033309dd544ae217ced3,复旦大学附属金山医院,Jinshan Hospital of Fudan University,0.870968,review_required,https://beian.cfdi.org.cn/CTMDS/pub/PUB010100.do?method=handle06&curPage=4&pageSize=100
80,cnha-pending-fabd5a0342a363e3,The Second Affiliated hospital of Zhejiang University School of Medicine,cnha-ror-059cjpv64,Second Affiliated Hospital of Zhejiang University,Second Affiliated Hospital of Zhejiang University,0.82243,review_required,https://ror.org/059cjpv64
83,cnha-pending-f11e26e0493a72cf,The Second Affiliated Hospital of Nanchang University,cnha-cfdi-1b0d359fc0a803334a1c241e97d2032c,南昌大学第二附属医院,Second Affiliated Hospital of Nanchang University,0.967033,review_required,https://beian.cfdi.org.cn/CTMDS/pub/PUB010100.do?method=handle06&curPage=1&pageSize=100
83,cnha-pending-f11e26e0493a72cf,The Second Affiliated Hospital of Nanchang University,cnha-ror-02g9jg318,南昌大学第三附属医院,Third Affiliated Hospital of Nanchang University,0.911111,review_required,https://ror.org/02g9jg318
83,cnha-pending-f11e26e0493a72cf,The Second Affiliated Hospital of Nanchang University,cnha-cfdi-56984763c0a803336779babb6fc8fa42,南昌大学第一附属医院,The First Affiliated Hospital of Nanchang University,0.903226,review_required,https://beian.cfdi.org.cn/CTMDS/pub/PUB010100.do?method=handle06&curPage=1&pageSize=100
84,cnha-pending-f530ddfbeea77512,The First Affiliated Hospital of Guangxi Medical University,cnha-ror-030sc3x20,First Affiliated Hospital of GuangXi Medical University,First Affiliated Hospital of GuangXi Medical University,0.970297,review_required,https://ror.org/030sc3x20
84,cnha-pending-f530ddfbeea77512,The First Affiliated Hospital of Guangxi Medical University,cnha-ror-04zdsga82,广西中医药大学附属瑞康医院,Ruikang Affiliated Hospital of Guangxi Medical University,0.873786,review_required,https://ror.org/04zdsga82
85,cnha-pending-82d95b2d147d3b01,"Tongji Hospital Tongji Medical College, Huazhong University of Science and Technology",cnha-cfdi-cfc87cfdc0a8033370f2b59ea8bf5206,华中科技大学同济医学院附属协和医院,"Union Hospital, Tongji Medical College, Huazhong University of Science and Technology",0.952381,review_required,https://beian.cfdi.org.cn/CTMDS/pub/PUB010100.do?method=handle06&curPage=1&pageSize=100
86,cnha-pending-2a13f66d1c41f2eb,The First Affiliated Hospital of Fujian Medical University,cnha-cfdi-a9e58d41c0a803334712a9fdd252ffd2,福建医科大学附属第一医院,First Affiliated Hospital of Fujian Medical University,0.969697,review_required,https://beian.cfdi.org.cn/CTMDS/pub/PUB010100.do?method=handle06&curPage=4&pageSize=100
87,cnha-pending-b5a1eb9b6dc50892,The First Affiliated Hospital of Nanjing Medical University,cnha-cfdi-382ba8b0c0a803335b4ce03a0dba2371,南京医科大学第一附属医院,First Affiliated Hospital of Nanjing Medical University,0.970297,review_required,https://beian.cfdi.org.cn/CTMDS/pub/PUB010100.do?method=handle06&curPage=9&pageSize=100
87,cnha-pending-b5a1eb9b6dc50892,The First Affiliated Hospital of Nanjing Medical University,cnha-cfdi-6dae90ddc0a803335e342eb63d0590c0,南京市中医院,Third Affiliated Hospital of Nanjing Medical University,0.950495,review_required,https://beian.cfdi.org.cn/CTMDS/pub/PUB010100.do?method=handle06&curPage=7&pageSize=100
87,cnha-pending-b5a1eb9b6dc50892,The First Affiliated Hospital of Nanjing Medical University,cnha-ror-04pge2a40,Second Affiliated Hospital of Nanjing Medical University,Second Affiliated Hospital of Nanjing Medical University,0.882353,review_required,https://ror.org/04pge2a40
89,cnha-pending-191e5255c338b096,"Beijing Tiantan Hospital, Capital Medical University",cnha-cfdi-312ade48c0a803330dbbe4dc78900ab2,首都医科大学附属北京朝阳医院,"Beijing Chao-Yang Hospital, Capital Medical University",0.88172,review_required,https://beian.cfdi.org.cn/CTMDS/pub/PUB010100.do?method=handle06&curPage=4&pageSize=100
90,cnha-pending-3d92a444a9fbb144,Xiangya Hospital of Central South University,cnha-cfdi-3bb0a3b4c0a803332a9f6fc83950b0b0,中南大学湘雅医院,Xiangya Hospital Central South University,0.973684,review_required,https://beian.cfdi.org.cn/CTMDS/pub/PUB010100.do?method=handle06&curPage=2&pageSize=100
90,cnha-pending-3d92a444a9fbb144,Xiangya Hospital of Central South University,cnha-ror-05akvb491,中南大学湘雅三医院-门急诊楼,Third Xiangya Hospital of Central South University,0.939759,review_required,https://ror.org/05akvb491
90,cnha-pending-3d92a444a9fbb144,Xiangya Hospital of Central South University,cnha-ror-053v2gh09,Second Xiangya Hospital of Central South University,Second Xiangya Hospital of Central South University,0.928571,review_required,https://ror.org/053v2gh09
93,cnha-pending-c9c1abb0f52bc5bb,"Zhong Shan Hospital, Fudan University",cnha-cfdi-18e1e4e6c0a8033309dd544ae217ced3,复旦大学附属金山医院,Jinshan Hospital of Fudan University,0.875,review_required,https://beian.cfdi.org.cn/CTMDS/pub/PUB010100.do?method=handle06&curPage=4&pageSize=100
94,cnha-pending-d068564c703f5b7d,Sichuan Provincial People's Hospital,cnha-ror-029wq9x81,四川省肿瘤研究所,Sichuan Provincial Tumor Hospital,0.83871,review_required,https://ror.org/029wq9x81
96,cnha-pending-644f448707778094,The First Affiliated Hospital of Xi'an Jiaotong University,cnha-ror-02tbvhh96,First Affiliated Hospital of Xi'an Jiaotong University,First Affiliated Hospital of Xi'an Jiaotong University,0.969072,review_required,https://ror.org/02tbvhh96
96,cnha-pending-644f448707778094,The First Affiliated Hospital of Xi'an Jiaotong University,cnha-cfdi-637b975dc0a803333264020224c4f75d,陕西省人民医院,Third Affiliated Hospital of Xi'an Jiaotong University,0.948454,review_required,https://beian.cfdi.org.cn/CTMDS/pub/PUB010100.do?method=handle06&curPage=3&pageSize=100
96,cnha-pending-644f448707778094,The First Affiliated Hospital of Xi'an Jiaotong University,cnha-ror-03aq7kf18,Second Affiliated Hospital of Xi'an Jiaotong University,Second Affiliated Hospital of Xi'an Jiaotong University,0.877551,review_required,https://ror.org/03aq7kf18
97,cnha-pending-a2097fad3149e9f5,The Second Hospital of Hebei Medical University,cnha-ror-015ycqv20,Second Hospital of Hebei Medical University,Second Hospital of Hebei Medical University,0.962025,review_required,https://ror.org/015ycqv20
97,cnha-pending-a2097fad3149e9f5,The Second Hospital of Hebei Medical University,cnha-cfdi-f04b3a1bc0a803331df9ed77fa224b2e,河北医科大学第三医院,Third Hospital of Hebei Medical University,0.897436,review_required,https://beian.cfdi.org.cn/CTMDS/pub/PUB010100.do?method=handle06&curPage=5&pageSize=100
97,cnha-pending-a2097fad3149e9f5,The Second Hospital of Hebei Medical University,cnha-cfdi-72402946c0a80333358e0b3c7b0e665c,河北医科大学第四医院,Fourth Hospital of Hebei Medical University,0.860759,review_required,https://beian.cfdi.org.cn/CTMDS/pub/PUB010100.do?method=handle06&curPage=3&pageSize=100
98,cnha-pending-123bebecebe397c1,the first Affiliated Hospital of Sun Yat-Sen university,cnha-cfdi-3ce595d2c0a803333acc798da7cf0c71,中山大学附属第一医院,"The First Affiliated Hospital, Sun Yat-sen University",0.978261,review_required,https://beian.cfdi.org.cn/CTMDS/pub/PUB010100.do?method=handle06&curPage=1&pageSize=100
98,cnha-pending-123bebecebe397c1,the first Affiliated Hospital of Sun Yat-Sen university,cnha-ror-04tm3k558,Third Affiliated Hospital of Sun Yat-sen University,Third Affiliated Hospital of Sun Yat-sen University,0.945055,review_required,https://ror.org/04tm3k558
98,cnha-pending-123bebecebe397c1,the first Affiliated Hospital of Sun Yat-Sen university,cnha-cfdi-27288bcdc0a8033311523e0dfe55b3ff,中山大学附属第六医院,Sixth Affiliated Hospital of Sun Yat-sen University,0.901099,review_required,https://beian.cfdi.org.cn/CTMDS/pub/PUB010100.do?method=handle06&curPage=1&pageSize=100
101,cnha-pending-3df91f45dcbf3b85,Cancer Hospital Chinese Academy of Medical Sciences.,cnha-cfdi-31c61602c0a803336b55426e8e04a4da,中国医学科学院肿瘤医院,Cancer Hospital of Chinese Academy of Medical Sciences,0.978261,review_required,https://beian.cfdi.org.cn/CTMDS/pub/PUB010100.do?method=handle06&curPage=4&pageSize=100
103,cnha-pending-5bd963e6d387804a,The Fourth Hospital of Hebei Medical University,cnha-cfdi-72402946c0a80333358e0b3c7b0e665c,河北医科大学第四医院,Fourth Hospital of Hebei Medical University,0.962025,review_required,https://beian.cfdi.org.cn/CTMDS/pub/PUB010100.do?method=handle06&curPage=3&pageSize=100
103,cnha-pending-5bd963e6d387804a,The Fourth Hospital of Hebei Medical University,cnha-cfdi-f04b3a1bc0a803331df9ed77fa224b2e,河北医科大学第三医院,Third Hospital of Hebei Medical University,0.897436,review_required,https://beian.cfdi.org.cn/CTMDS/pub/PUB010100.do?method=handle06&curPage=5&pageSize=100
103,cnha-pending-5bd963e6d387804a,The Fourth Hospital of Hebei Medical University,cnha-ror-015ycqv20,Second Hospital of Hebei Medical University,Second Hospital of Hebei Medical University,0.860759,review_required,https://ror.org/015ycqv20
104,cnha-pending-dbbdcaef4f47a4e4,The first affiliated hospital of bengbu medical college,cnha-ror-04v043n92,蚌埠医学院第一附属医院,First Affiliated Hospital of Bengbu Medical College,0.967742,review_required,https://ror.org/04v043n92
104,cnha-pending-dbbdcaef4f47a4e4,The first affiliated hospital of bengbu medical college,cnha-ror-0441pfj90,蚌埠医学院第二附属医院,The Second Affiliated Hospital of Bengbu Medical College,0.907216,review_required,https://ror.org/0441pfj90
107,cnha-pending-f11401febaf7c0e0,"Xuanwu Hospital, Capital Medical University",cnha-ror-00k7r7f88,北京市老年病医疗研究中心,Xuan Wu Hospital of the Capital Medical University,0.938272,review_required,https://ror.org/00k7r7f88
107,cnha-pending-f11401febaf7c0e0,"Xuanwu Hospital, Capital Medical University",cnha-cfdi-312ade48c0a803330dbbe4dc78900ab2,首都医科大学附属北京朝阳医院,"Beijing Chao-Yang Hospital, Capital Medical University",0.8,review_required,https://beian.cfdi.org.cn/CTMDS/pub/PUB010100.do?method=handle06&curPage=4&pageSize=100
108,cnha-pending-4393c3715c502228,The Second Hospital of Anhui Medical University,cnha-cfdi-6ef3ba1fc0a803335a951950d4a738de,安徽医科大学第二附属医院,Second Hospital of Anhui Medical University,0.962025,review_required,https://beian.cfdi.org.cn/CTMDS/pub/PUB010100.do?method=handle06&curPage=1&pageSize=100
108,cnha-pending-4393c3715c502228,The Second Hospital of Anhui Medical University,cnha-cfdi-f9225458c0a8033321f824bbb774a21f,安徽医科大学第一附属医院,The First Affiliated Hospital of Anhui Medical University,0.835165,review_required,https://beian.cfdi.org.cn/CTMDS/pub/PUB010100.do?method=handle06&curPage=5&pageSize=100
108,cnha-pending-4393c3715c502228,The Second Hospital of Anhui Medical University,cnha-ror-05x9zm716,安徽医科大学第四附属医院,Fourth Affiliated Hospital of Anhui Medical University,0.808989,review_required,https://ror.org/05x9zm716
109,cnha-pending-6d52186f0bc5a5e5,Chongqing University Cancer Hospital,cnha-ror-047d8yx24,重庆市肿瘤研究所,Chongqing Cancer Hospital,0.821429,review_required,https://ror.org/047d8yx24
111,cnha-pending-b36e7e1f23966ad7,Zhujiang Hospital of Southern Medical University,cnha-cfdi-56692f49c0a803335013e3da1634f3d6,南方医科大学第三附属医院,Third Affiliated Hospital of Southern Medical University,0.817204,review_required,https://beian.cfdi.org.cn/CTMDS/pub/PUB010100.do?method=handle06&curPage=10&pageSize=100
112,cnha-pending-21565acd424fc9b2,The First Affiliated Hospital Of Xi'an Jiaotong University,cnha-ror-02tbvhh96,First Affiliated Hospital of Xi'an Jiaotong University,First Affiliated Hospital of Xi'an Jiaotong University,0.969072,review_required,https://ror.org/02tbvhh96
112,cnha-pending-21565acd424fc9b2,The First Affiliated Hospital Of Xi'an Jiaotong University,cnha-cfdi-637b975dc0a803333264020224c4f75d,陕西省人民医院,Third Affiliated Hospital of Xi'an Jiaotong University,0.948454,review_required,https://beian.cfdi.org.cn/CTMDS/pub/PUB010100.do?method=handle06&curPage=3&pageSize=100
112,cnha-pending-21565acd424fc9b2,The First Affiliated Hospital Of Xi'an Jiaotong University,cnha-ror-03aq7kf18,Second Affiliated Hospital of Xi'an Jiaotong University,Second Affiliated Hospital of Xi'an Jiaotong University,0.877551,review_required,https://ror.org/03aq7kf18
113,cnha-pending-4a5b0a12876448d8,Xijing Hospital,cnha-ror-05cqe9350,西京医院,Xijing Hospital,1.0,review_required,https://ror.org/05cqe9350
113,cnha-pending-4a5b0a12876448d8,Xijing Hospital,cnha-ror-020299x40,Xian Mental Health Center,Xi'an Qujiang hospital,0.848485,review_required,https://ror.org/020299x40
120,cnha-pending-15aeb380c630ee90,The First Affiliated Hospital of Henan University of Science and Technology,cnha-ror-035zbbv42,First Affiliated Hospital of Henan University of Science and Technology,First Affiliated Hospital of Henan University of Science and Technology,0.976378,review_required,https://ror.org/035zbbv42
122,cnha-pending-6c4c6ef0fae770b7,Nanfang Hospital of Southern Medical University,cnha-cfdi-56692f49c0a803335013e3da1634f3d6,南方医科大学第三附属医院,Third Affiliated Hospital of Southern Medical University,0.826087,review_required,https://beian.cfdi.org.cn/CTMDS/pub/PUB010100.do?method=handle06&curPage=10&pageSize=100
124,cnha-pending-bd75b7a865f512a7,The First Hospital of Hebei Medical University,cnha-cfdi-f04b3a1bc0a803331df9ed77fa224b2e,河北医科大学第三医院,Third Hospital of Hebei Medical University,0.935065,review_required,https://beian.cfdi.org.cn/CTMDS/pub/PUB010100.do?method=handle06&curPage=5&pageSize=100
124,cnha-pending-bd75b7a865f512a7,The First Hospital of Hebei Medical University,cnha-cfdi-72402946c0a80333358e0b3c7b0e665c,河北医科大学第四医院,Fourth Hospital of Hebei Medical University,0.871795,review_required,https://beian.cfdi.org.cn/CTMDS/pub/PUB010100.do?method=handle06&curPage=3&pageSize=100
124,cnha-pending-bd75b7a865f512a7,The First Hospital of Hebei Medical University,cnha-ror-02s8x1148,石家庄市第一医院,People's Hospital of Hebei Medical University,0.860759,review_required,https://ror.org/02s8x1148
126,cnha-pending-a54ec16b29f3fa58,The First hospital of LanZhou university,cnha-cfdi-b45b220cc0a803337480611370b57181,兰州大学第一医院,First Hospital of Lanzhou University,0.955224,review_required,https://beian.cfdi.org.cn/CTMDS/pub/PUB010100.do?method=handle06&curPage=2&pageSize=100
127,cnha-pending-de611f9415f26a86,"Hua Shan Hospital, Fu Dan University",cnha-cfdi-18e1e4e6c0a8033309dd544ae217ced3,复旦大学附属金山医院,Jinshan Hospital of Fudan University,0.870968,review_required,https://beian.cfdi.org.cn/CTMDS/pub/PUB010100.do?method=handle06&curPage=4&pageSize=100
132,cnha-pending-ad8c266ac68ffebf,The First Affiliated Hospital with Nanjing Medical University,cnha-cfdi-382ba8b0c0a803335b4ce03a0dba2371,南京医科大学第一附属医院,First Affiliated Hospital of Nanjing Medical University,0.912621,review_required,https://beian.cfdi.org.cn/CTMDS/pub/PUB010100.do?method=handle06&curPage=9&pageSize=100
132,cnha-pending-ad8c266ac68ffebf,The First Affiliated Hospital with Nanjing Medical University,cnha-cfdi-6dae90ddc0a803335e342eb63d0590c0,南京市中医院,Third Affiliated Hospital of Nanjing Medical University,0.893204,review_required,https://beian.cfdi.org.cn/CTMDS/pub/PUB010100.do?method=handle06&curPage=7&pageSize=100
132,cnha-pending-ad8c266ac68ffebf,The First Affiliated Hospital with Nanjing Medical University,cnha-ror-04pge2a40,Second Affiliated Hospital of Nanjing Medical University,Second Affiliated Hospital of Nanjing Medical University,0.826923,review_required,https://ror.org/04pge2a40
134,cnha-pending-c96b62139dd95b1d,Shanxi Bethune Hospital,cnha-ror-02wh8xm70,Shanxi Eye Hospital,Shanxi Eye Hospital,0.842105,review_required,https://ror.org/02wh8xm70
149,cnha-pending-076aac7ea2f85c0e,ShengJing Hospital of China Medical University,cnha-cfdi-066b931bc0a8033351202887a2fd71fa,中国医科大学附属第一医院,First Hospital of China Medical University,0.846154,review_required,https://beian.cfdi.org.cn/CTMDS/pub/PUB010100.do?method=handle06&curPage=2&pageSize=100
151,cnha-pending-8645966d5d47644c,The Second Affiliated Hospital of Guangzhou Medical University,cnha-cfdi-3d0b67a2c0a8033370b2e48f7b5c9870,广州医科大学附属第二医院,Second Affiliated Hospital of Guangzhou Medical University,0.971963,review_required,https://beian.cfdi.org.cn/CTMDS/pub/PUB010100.do?method=handle06&curPage=2&pageSize=100
151,cnha-pending-8645966d5d47644c,The Second Affiliated Hospital of Guangzhou Medical University,cnha-cfdi-a31d20a3c0a803333f0784da0389236b,广州医科大学附属第三医院,Third Affiliated Hospital of Guangzhou Medical University,0.924528,review_required,https://beian.cfdi.org.cn/CTMDS/pub/PUB010100.do?method=handle06&curPage=2&pageSize=100
151,cnha-pending-8645966d5d47644c,The Second Affiliated Hospital of Guangzhou Medical University,cnha-cfdi-3bbe3ceec0a803331320f715d583ef2c,广州医科大学附属第一医院,First Affiliated Hospital of Guangzhou Medical University,0.886792,review_required,https://beian.cfdi.org.cn/CTMDS/pub/PUB010100.do?method=handle06&curPage=3&pageSize=100
153,cnha-pending-7805c4971c29ec3d,The Second Affiliated Hospital of Chongqing Medical University,cnha-cfdi-330a5a5dc0a8033377e4178e3d5a8695,重庆医科大学附属第二医院,Second Affiliated Hospital of Chongqing Medical University,0.971963,review_required,https://beian.cfdi.org.cn/CTMDS/pub/PUB010100.do?method=handle06&curPage=1&pageSize=100
153,cnha-pending-7805c4971c29ec3d,The Second Affiliated Hospital of Chongqing Medical University,cnha-ror-033vnzz93,重庆医科大学附属永川医院,First Affiliated Hospital of Chongqing Medical University,0.886792,review_required,https://ror.org/033vnzz93
153,cnha-pending-7805c4971c29ec3d,The Second Affiliated Hospital of Chongqing Medical University,cnha-ror-05pz4ws32,Children's Hospital of Chongqing Medical University,Children's Hospital of Chongqing Medical University,0.8,review_required,https://ror.org/05pz4ws32
154,cnha-pending-ed0f5e1f54a51d4d,The First Affiliated Hospital of Soochow University,cnha-cfdi-b5cd6543c0a803330d96755e77d8daa5,苏州大学附属第一医院,First Affiliated Hospital of Soochow University,0.965517,review_required,https://beian.cfdi.org.cn/CTMDS/pub/PUB010100.do?method=handle06&curPage=9&pageSize=100
154,cnha-pending-ed0f5e1f54a51d4d,The First Affiliated Hospital of Soochow University,cnha-cfdi-1d696d32c0a803331506764268553b23,苏州大学附属第四医院,The Fourth Affiliated Hospital of Soochow University,0.945055,review_required,https://beian.cfdi.org.cn/CTMDS/pub/PUB010100.do?method=handle06&curPage=14&pageSize=100
154,cnha-pending-ed0f5e1f54a51d4d,The First Affiliated Hospital of Soochow University,cnha-ror-0358q4810,Ruihua Affiliated Hospital of Soochow University,Ruihua Affiliated Hospital of Soochow University,0.863636,review_required,https://ror.org/0358q4810
155,cnha-pending-40ff0242eef28973,The Second Affiliated Hospital of Soochow University,cnha-ror-02xjrkt08,Second Affiliated Hospital of Soochow University,Second Affiliated Hospital of Soochow University,0.966292,review_required,https://ror.org/02xjrkt08
155,cnha-pending-40ff0242eef28973,The Second Affiliated Hospital of Soochow University,cnha-cfdi-1d696d32c0a803331506764268553b23,苏州大学附属第四医院,The Fourth Affiliated Hospital of Soochow University,0.891304,review_required,https://beian.cfdi.org.cn/CTMDS/pub/PUB010100.do?method=handle06&curPage=14&pageSize=100
155,cnha-pending-40ff0242eef28973,The Second Affiliated Hospital of Soochow University,cnha-cfdi-b5cd6543c0a803330d96755e77d8daa5,苏州大学附属第一医院,First Affiliated Hospital of Soochow University,0.863636,review_required,https://beian.cfdi.org.cn/CTMDS/pub/PUB010100.do?method=handle06&curPage=9&pageSize=100
156,cnha-pending-d3cdd7794abc91fb,Tianjin Medical University Cancer Institute & Hospital,cnha-cfdi-f38bbd78c0a80333056a73b8390ed2c2,天津市肿瘤医院,Tianjin Medical University Cancer Institute and Hospital,0.959184,review_required,https://beian.cfdi.org.cn/CTMDS/pub/PUB010100.do?method=handle06&curPage=9&pageSize=100
156,cnha-pending-d3cdd7794abc91fb,Tianjin Medical University Cancer Institute & Hospital,cnha-ror-04j2cfe69,Tianjin Medical University Eye Hospital,Tianjin Medical University Eye Hospital,0.819277,review_required,https://ror.org/04j2cfe69
156,cnha-pending-d3cdd7794abc91fb,Tianjin Medical University Cancer Institute & Hospital,cnha-cfdi-214a1071c0a8033329decd493fe7ec5e,天津医科大学总医院,Tianjin Medical University General Hospital,0.804598,review_required,https://beian.cfdi.org.cn/CTMDS/pub/PUB010100.do?method=handle06&curPage=1&pageSize=100
157,cnha-pending-e85a42099c08e416,The Third Affiliated Hospital of Sun Yat-Sen University,cnha-ror-04tm3k558,Third Affiliated Hospital of Sun Yat-sen University,Third Affiliated Hospital of Sun Yat-sen University,0.967033,review_required,https://ror.org/04tm3k558
157,cnha-pending-e85a42099c08e416,The Third Affiliated Hospital of Sun Yat-Sen University,cnha-cfdi-3ce595d2c0a803333acc798da7cf0c71,中山大学附属第一医院,"The First Affiliated Hospital, Sun Yat-sen University",0.913043,review_required,https://beian.cfdi.org.cn/CTMDS/pub/PUB010100.do?method=handle06&curPage=1&pageSize=100
157,cnha-pending-e85a42099c08e416,The Third Affiliated Hospital of Sun Yat-Sen University,cnha-cfdi-27288bcdc0a8033311523e0dfe55b3ff,中山大学附属第六医院,Sixth Affiliated Hospital of Sun Yat-sen University,0.901099,review_required,https://beian.cfdi.org.cn/CTMDS/pub/PUB010100.do?method=handle06&curPage=1&pageSize=100
158,cnha-pending-ea63b7619995ba43,The Affiliated Hospital of Guizhou Medical University,cnha-ror-02kstas42,Affiliated Hospital of Guizhou Medical University,Affiliated Hospital of Guizhou Medical University,0.967033,review_required,https://ror.org/02kstas42
159,cnha-pending-eb24d36cdc926016,The Second Xiangya Hospital of Central South University,cnha-ror-053v2gh09,Second Xiangya Hospital of Central South University,Second Xiangya Hospital of Central South University,0.967742,review_required,https://ror.org/053v2gh09
159,cnha-pending-eb24d36cdc926016,The Second Xiangya Hospital of Central South University,cnha-ror-05akvb491,中南大学湘雅三医院-门急诊楼,Third Xiangya Hospital of Central South University,0.913043,review_required,https://ror.org/05akvb491
159,cnha-pending-eb24d36cdc926016,The Second Xiangya Hospital of Central South University,cnha-cfdi-3bb0a3b4c0a803332a9f6fc83950b0b0,中南大学湘雅医院,Xiangya Hospital Central South University,0.870588,review_required,https://beian.cfdi.org.cn/CTMDS/pub/PUB010100.do?method=handle06&curPage=2&pageSize=100
160,cnha-pending-f2e1d3dddb323acb,The First Affiliated Hospital of Wenzhou Medical University,cnha-ror-03cyvdv85,First Affiliated Hospital of Wenzhou Medical University,First Affiliated Hospital of Wenzhou Medical University,0.970297,review_required,https://ror.org/03cyvdv85
160,cnha-pending-f2e1d3dddb323acb,The First Affiliated Hospital of Wenzhou Medical University,cnha-cfdi-d6ef24aac0a8033338dc6eae29c3581b,瑞安市人民医院,Third Affiliated Hospital of Wenzhou Medical University,0.950495,review_required,https://beian.cfdi.org.cn/CTMDS/pub/PUB010100.do?method=handle06&curPage=8&pageSize=100
161,cnha-pending-5a933f9c966f9fdf,Sichuan Provincial People's Hospital,cnha-ror-029wq9x81,四川省肿瘤研究所,Sichuan Provincial Tumor Hospital,0.83871,review_required,https://ror.org/029wq9x81
165,cnha-pending-df5aa8bfccbaf4d9,Beijing Friendship Hospital Capital Medical University,cnha-cfdi-312ade48c0a803330dbbe4dc78900ab2,首都医科大学附属北京朝阳医院,"Beijing Chao-Yang Hospital, Capital Medical University",0.833333,review_required,https://beian.cfdi.org.cn/CTMDS/pub/PUB010100.do?method=handle06&curPage=4&pageSize=100
166,cnha-pending-ed992210e8706130,Shanxi Cancer Hospital,cnha-ror-02wh8xm70,Shanxi Eye Hospital,Shanxi Eye Hospital,0.810811,review_required,https://ror.org/02wh8xm70
168,cnha-pending-3f1f58cf27d2f38e,The Second Affiliated Hospital of Nanjing Medical University,cnha-ror-04pge2a40,Second Affiliated Hospital of Nanjing Medical University,Second Affiliated Hospital of Nanjing Medical University,0.970874,review_required,https://ror.org/04pge2a40
168,cnha-pending-3f1f58cf27d2f38e,The Second Affiliated Hospital of Nanjing Medical University,cnha-cfdi-6dae90ddc0a803335e342eb63d0590c0,南京市中医院,Third Affiliated Hospital of Nanjing Medical University,0.921569,review_required,https://beian.cfdi.org.cn/CTMDS/pub/PUB010100.do?method=handle06&curPage=7&pageSize=100
168,cnha-pending-3f1f58cf27d2f38e,The Second Affiliated Hospital of Nanjing Medical University,cnha-cfdi-382ba8b0c0a803335b4ce03a0dba2371,南京医科大学第一附属医院,First Affiliated Hospital of Nanjing Medical University,0.882353,review_required,https://beian.cfdi.org.cn/CTMDS/pub/PUB010100.do?method=handle06&curPage=9&pageSize=100
169,cnha-pending-ef5ec6125d920bfb,The Second Hospital of Jilin University,cnha-cfdi-28c180c3c0a803337c9a4eaf72b893ea,吉林大学第一医院,The First Hospital of Jilin University,0.865672,review_required,https://beian.cfdi.org.cn/CTMDS/pub/PUB010100.do?method=handle06&curPage=3&pageSize=100
169,cnha-pending-ef5ec6125d920bfb,The Second Hospital of Jilin University,cnha-ror-03x6hbh34,Second Affiliated Hospital of Jilin University,Second Affiliated Hospital of Jilin University,0.826667,review_required,https://ror.org/03x6hbh34
171,cnha-pending-3e44cee3f228cd54,The Second Affiliated Hospital of Anhui Medical University,cnha-cfdi-6ef3ba1fc0a803335a951950d4a738de,安徽医科大学第二附属医院,Second Affiliated Hospital of Anhui Medical University,0.969697,review_required,https://beian.cfdi.org.cn/CTMDS/pub/PUB010100.do?method=handle06&curPage=1&pageSize=100
171,cnha-pending-3e44cee3f228cd54,The Second Affiliated Hospital of Anhui Medical University,cnha-cfdi-f9225458c0a8033321f824bbb774a21f,安徽医科大学第一附属医院,The First Affiliated Hospital of Anhui Medical University,0.910891,review_required,https://beian.cfdi.org.cn/CTMDS/pub/PUB010100.do?method=handle06&curPage=5&pageSize=100
171,cnha-pending-3e44cee3f228cd54,The Second Affiliated Hospital of Anhui Medical University,cnha-ror-05x9zm716,安徽医科大学第四附属医院,Fourth Affiliated Hospital of Anhui Medical University,0.888889,review_required,https://ror.org/05x9zm716
173,cnha-pending-7c4167d8ba7f6bfd,Tianjin Cancer Hospital,cnha-ror-00k5k8k03,天津市天和医院,Tianjin Tianhe Hospital,0.857143,review_required,https://ror.org/00k5k8k03
173,cnha-pending-7c4167d8ba7f6bfd,Tianjin Cancer Hospital,cnha-cfdi-13c9eaf7c0a8033352df6dbdc89113dd,天津市环湖医院,Tianjin Lake Hospital,0.85,review_required,https://beian.cfdi.org.cn/CTMDS/pub/PUB010100.do?method=handle06&curPage=1&pageSize=100
173,cnha-pending-7c4167d8ba7f6bfd,Tianjin Cancer Hospital,cnha-cfdi-a2d79c24c0a803336726896fad70ebb6,天津市第一中心医院,Tianjin No.1 Center Hospital,0.844444,review_required,https://beian.cfdi.org.cn/CTMDS/pub/PUB010100.do?method=handle06&curPage=4&pageSize=100
175,cnha-pending-bec128e66ca91f72,The First Affiliated Hospital of Harbin Medical University,cnha-ror-05vy2sc54,First Affiliated Hospital of Harbin Medical University,First Affiliated Hospital of Harbin Medical University,0.969697,review_required,https://ror.org/05vy2sc54
175,cnha-pending-bec128e66ca91f72,The First Affiliated Hospital of Harbin Medical University,cnha-cfdi-4ab33e0bc0a8033302630a51547a45f3,哈尔滨医科大学附属肿瘤医院,Third Affiliated Hospital of Harbin Medical University,0.949495,review_required,https://beian.cfdi.org.cn/CTMDS/pub/PUB010100.do?method=handle06&curPage=3&pageSize=100
175,cnha-pending-bec128e66ca91f72,The First Affiliated Hospital of Harbin Medical University,cnha-ror-02s7c9e98,哈尔滨医科大学第四附属医院,Fourth Affiliated Hospital of Harbin Medical University,0.9,review_required,https://ror.org/02s7c9e98
179,cnha-pending-41d4596deda085e3,The first bethune hospital of Jilin university,cnha-ror-051c4bd82,吉林大学第一医院科研教学楼,First Bethune Hospital of Jilin University,0.961039,review_required,https://ror.org/051c4bd82
179,cnha-pending-41d4596deda085e3,The first bethune hospital of Jilin university,cnha-cfdi-28c180c3c0a803337c9a4eaf72b893ea,吉林大学第一医院,The First Hospital of Jilin University,0.90411,review_required,https://beian.cfdi.org.cn/CTMDS/pub/PUB010100.do?method=handle06&curPage=3&pageSize=100
180,cnha-pending-939755ef7e59a1b4,Liaoning Cancer Hospital,cnha-cfdi-0d9e9d19c0a803332f2e459fefe8ecda,大连理工大学附属肿瘤医院,Liaoning Cancer Hospital & Institute,0.814815,review_required,https://beian.cfdi.org.cn/CTMDS/pub/PUB010100.do?method=handle06&curPage=3&pageSize=100
183,cnha-pending-e84d07cb88a21554,the Sixth Affiliated Hospital of Sun Yat-sen University,cnha-cfdi-27288bcdc0a8033311523e0dfe55b3ff,中山大学附属第六医院,Sixth Affiliated Hospital of Sun Yat-sen University,0.967033,review_required,https://beian.cfdi.org.cn/CTMDS/pub/PUB010100.do?method=handle06&curPage=1&pageSize=100
183,cnha-pending-e84d07cb88a21554,the Sixth Affiliated Hospital of Sun Yat-sen University,cnha-ror-04tm3k558,Third Affiliated Hospital of Sun Yat-sen University,Third Affiliated Hospital of Sun Yat-sen University,0.923077,review_required,https://ror.org/04tm3k558
183,cnha-pending-e84d07cb88a21554,the Sixth Affiliated Hospital of Sun Yat-sen University,cnha-cfdi-3ce595d2c0a803333acc798da7cf0c71,中山大学附属第一医院,"The First Affiliated Hospital, Sun Yat-sen University",0.913043,review_required,https://beian.cfdi.org.cn/CTMDS/pub/PUB010100.do?method=handle06&curPage=1&pageSize=100
189,cnha-pending-03402c34145557c2,The First Affiliated Hospital of Xinjiang Medical University,cnha-cfdi-c96cb6cfc0a80333106c5822b7f9113e,新疆医科大学第一附属医院,First Affiliated Hospital of Xinjiang Medical University,0.970874,review_required,https://beian.cfdi.org.cn/CTMDS/pub/PUB010100.do?method=handle06&curPage=2&pageSize=100
189,cnha-pending-03402c34145557c2,The First Affiliated Hospital of Xinjiang Medical University,cnha-ror-04f970v93,Fifth Affiliated Hospital of Xinjiang Medical University,Fifth Affiliated Hospital of Xinjiang Medical University,0.912621,review_required,https://ror.org/04f970v93
189,cnha-pending-03402c34145557c2,The First Affiliated Hospital of Xinjiang Medical University,cnha-ror-03r4az639,Sixth Affiliated Hospital of Xinjiang Medical University,Sixth Affiliated Hospital of Xinjiang Medical University,0.912621,review_required,https://ror.org/03r4az639
190,cnha-pending-a269e094691c5581,Guangxi Medical University Cancer Hospital,cnha-ror-051mn8706,广西医科大学肿瘤医院,Guangxi Medical University Affiliated Tumour Hospital,0.813953,review_required,https://ror.org/051mn8706
191,cnha-pending-d121e5dde0cd8495,The First Affiliated Hospital of Xiamen University,cnha-cfdi-f54478f4c0a803337f778cd3b4849179,厦门大学附属第一医院,First Affiliated Hospital of Xiamen University,0.964706,review_required,https://beian.cfdi.org.cn/CTMDS/pub/PUB010100.do?method=handle06&curPage=1&pageSize=100
194,cnha-pending-59ad14297f7865f7,The First Affiliated Hospital of China Medical University,cnha-cfdi-066b931bc0a8033351202887a2fd71fa,中国医科大学附属第一医院,First Affiliated Hospital of China Medical University,0.969072,review_required,https://beian.cfdi.org.cn/CTMDS/pub/PUB010100.do?method=handle06&curPage=2&pageSize=100
194,cnha-pending-59ad14297f7865f7,The First Affiliated Hospital of China Medical University,cnha-cfdi-20bf70afc0a803331d8b21c12f0aaad7,中国医科大学附属第四医院,Fourth Affiliated Hospital of China Medical University,0.897959,review_required,https://beian.cfdi.org.cn/CTMDS/pub/PUB010100.do?method=handle06&curPage=7&pageSize=100
195,cnha-pending-b6582c8819bf3106,"Beijing Anzhen Hospital, Capital Medical University",cnha-cfdi-312ade48c0a803330dbbe4dc78900ab2,首都医科大学附属北京朝阳医院,"Beijing Chao-Yang Hospital, Capital Medical University",0.891304,review_required,https://beian.cfdi.org.cn/CTMDS/pub/PUB010100.do?method=handle06&curPage=4&pageSize=100
195,cnha-pending-b6582c8819bf3106,"Beijing Anzhen Hospital, Capital Medical University",cnha-cfdi-447c2c0fc0a8033306e7455935ce5d05,首都医科大学附属北京潞河医院,Beijing Luhe Hospital Affiliated to Capital Medical University,0.82,review_required,https://beian.cfdi.org.cn/CTMDS/pub/PUB010100.do?method=handle06&curPage=1&pageSize=100
196,cnha-pending-d6953d7a2853ebad,The First Affiliated Hospital of Dalian Medical University,cnha-cfdi-4a7f74e8c0a8033314a7aadf1c8aa2b7,大连医科大学附属第一医院,First Affiliated Hospital of Dalian Medical University,0.969697,review_required,https://beian.cfdi.org.cn/CTMDS/pub/PUB010100.do?method=handle06&curPage=4&pageSize=100
196,cnha-pending-d6953d7a2853ebad,The First Affiliated Hospital of Dalian Medical University,cnha-ror-012f2cn18,Second Affiliated Hospital of Dalian Medical University,Second Affiliated Hospital of Dalian Medical University,0.88,review_required,https://ror.org/012f2cn18
197,cnha-pending-d8bbeaa46369eb97,Anhui Provincial Cancer Hospital,cnha-cfdi-85eb4b82c0a803331df18fb4918e3bf6,中国科学技术大学附属第一医院,Anhui Provincial Hospital,0.884615,review_required,https://beian.cfdi.org.cn/CTMDS/pub/PUB010100.do?method=handle06&curPage=6&pageSize=100
197,cnha-pending-d8bbeaa46369eb97,Anhui Provincial Cancer Hospital,cnha-cfdi-fff9474dc0a80333235f1a3d04d0fcc9,安徽省儿童医院,Anhui Provincial Children's Hospital,0.819672,review_required,https://beian.cfdi.org.cn/CTMDS/pub/PUB010100.do?method=handle06&curPage=12&pageSize=100
202,cnha-pending-2ffa4678eef019fc,Fujian Cancer Hospital,cnha-cfdi-8943f31ac0a80333354a0df6962a1108,福建省肿瘤医院,Fujian Provincial Cancer Hospital,0.8,review_required,https://beian.cfdi.org.cn/CTMDS/pub/PUB010100.do?method=handle06&curPage=7&pageSize=100
206,cnha-pending-117a0164281026f0,"The FIrst Affiliated Hospital, College of Medicine, Zhejiang University",cnha-ror-05m1p5x56,First Affiliated Hospital Zhejiang University,First Affiliated Hospital Zhejiang University,0.803922,review_required,https://ror.org/05m1p5x56
207,cnha-pending-7a1dec3d226e37f1,"Second Affiliated Hospital, School of Medicine, Zhejiang University",cnha-ror-059cjpv64,Second Affiliated Hospital of Zhejiang University,Second Affiliated Hospital of Zhejiang University,0.862745,review_required,https://ror.org/059cjpv64
207,cnha-pending-7a1dec3d226e37f1,"Second Affiliated Hospital, School of Medicine, Zhejiang University",cnha-cfdi-b7d8b816c0a80333148e2d188b047f39,浙江大学医学院附属妇产科医院,"Women's Hospital, School of Medicine, Zhejiang University",0.811321,review_required,https://beian.cfdi.org.cn/CTMDS/pub/PUB010100.do?method=handle06&curPage=5&pageSize=100
214,cnha-pending-e9999527cb9dbb66,Tianjin Cancer Hospital,cnha-ror-00k5k8k03,天津市天和医院,Tianjin Tianhe Hospital,0.857143,review_required,https://ror.org/00k5k8k03
214,cnha-pending-e9999527cb9dbb66,Tianjin Cancer Hospital,cnha-cfdi-13c9eaf7c0a8033352df6dbdc89113dd,天津市环湖医院,Tianjin Lake Hospital,0.85,review_required,https://beian.cfdi.org.cn/CTMDS/pub/PUB010100.do?method=handle06&curPage=1&pageSize=100
214,cnha-pending-e9999527cb9dbb66,Tianjin Cancer Hospital,cnha-cfdi-a2d79c24c0a803336726896fad70ebb6,天津市第一中心医院,Tianjin No.1 Center Hospital,0.844444,review_required,https://beian.cfdi.org.cn/CTMDS/pub/PUB010100.do?method=handle06&curPage=4&pageSize=100
215,cnha-pending-f73b90f407c51ac1,The First Affiliated Hospital of Chongqing Medical University,cnha-ror-033vnzz93,重庆医科大学附属永川医院,First Affiliated Hospital of Chongqing Medical University,0.971429,review_required,https://ror.org/033vnzz93
215,cnha-pending-f73b90f407c51ac1,The First Affiliated Hospital of Chongqing Medical University,cnha-cfdi-330a5a5dc0a8033377e4178e3d5a8695,重庆医科大学附属第二医院,Second Affiliated Hospital of Chongqing Medical University,0.886792,review_required,https://beian.cfdi.org.cn/CTMDS/pub/PUB010100.do?method=handle06&curPage=1&pageSize=100
215,cnha-pending-f73b90f407c51ac1,The First Affiliated Hospital of Chongqing Medical University,cnha-ror-05pz4ws32,Children's Hospital of Chongqing Medical University,Children's Hospital of Chongqing Medical University,0.808081,review_required,https://ror.org/05pz4ws32
216,cnha-pending-d49af3fde3ca1038,The Second Affiliated Hospital of Kunming Medical University,cnha-ror-00c639s42,云南省第二人民医院,Fourth Affiliated Hospital of Kunming Medical University,0.893204,review_required,https://ror.org/00c639s42
216,cnha-pending-d49af3fde3ca1038,The Second Affiliated Hospital of Kunming Medical University,cnha-ror-02g01ht84,First Affiliated Hospital of Kunming Medical University,First Affiliated Hospital of Kunming Medical University,0.882353,review_required,https://ror.org/02g01ht84
216,cnha-pending-d49af3fde3ca1038,The Second Affiliated Hospital of Kunming Medical University,cnha-cfdi-9160584dc0a803334852b549174b5336,昆明医科大学第二附属医院,Second Affiliated Hospital of Kunming Medical College,0.82,review_required,https://beian.cfdi.org.cn/CTMDS/pub/PUB010100.do?method=handle06&curPage=9&pageSize=100
221,cnha-pending-db76542d4b2116b8,"BeiJing YouAn Hospital ,Capital Medical University",cnha-cfdi-312ade48c0a803330dbbe4dc78900ab2,首都医科大学附属北京朝阳医院,"Beijing Chao-Yang Hospital, Capital Medical University",0.923077,review_required,https://beian.cfdi.org.cn/CTMDS/pub/PUB010100.do?method=handle06&curPage=4&pageSize=100
221,cnha-pending-db76542d4b2116b8,"BeiJing YouAn Hospital ,Capital Medical University",cnha-cfdi-447c2c0fc0a8033306e7455935ce5d05,首都医科大学附属北京潞河医院,Beijing Luhe Hospital Affiliated to Capital Medical University,0.808081,review_required,https://beian.cfdi.org.cn/CTMDS/pub/PUB010100.do?method=handle06&curPage=1&pageSize=100
221,cnha-pending-db76542d4b2116b8,"BeiJing YouAn Hospital ,Capital Medical University",cnha-ror-00k7r7f88,北京市老年病医疗研究中心,Xuan Wu Hospital of the Capital Medical University,0.804598,review_required,https://ror.org/00k7r7f88
225,cnha-pending-e1345c8ebd9de006,The First Affiliated Hospital ZheJiang University,cnha-ror-05m1p5x56,First Affiliated Hospital Zhejiang University,First Affiliated Hospital Zhejiang University,0.964706,review_required,https://ror.org/05m1p5x56
225,cnha-pending-e1345c8ebd9de006,The First Affiliated Hospital ZheJiang University,cnha-ror-059cjpv64,Second Affiliated Hospital of Zhejiang University,Second Affiliated Hospital of Zhejiang University,0.840909,review_required,https://ror.org/059cjpv64
226,cnha-pending-2c47753fd58d8f63,"Tongji Hospital of Tongji Medical College, Huazhong University of Science and Technology",cnha-cfdi-cfc87cfdc0a8033370f2b59ea8bf5206,华中科技大学同济医学院附属协和医院,Union Hospital of Tongji Medical College of Huazhong University of Science and Technology,0.941176,review_required,https://beian.cfdi.org.cn/CTMDS/pub/PUB010100.do?method=handle06&curPage=1&pageSize=100
228,cnha-pending-07986ee3fa432d17,Beijing Tongren Hospital Capital Medical University,cnha-cfdi-312ade48c0a803330dbbe4dc78900ab2,首都医科大学附属北京朝阳医院,"Beijing Chao-Yang Hospital, Capital Medical University",0.903226,review_required,https://beian.cfdi.org.cn/CTMDS/pub/PUB010100.do?method=handle06&curPage=4&pageSize=100
229,cnha-pending-5211ffa49ad39f5b,"Cancer Institute and Hospital ,Chinese Academy of Medical Sciences",cnha-cfdi-31c61602c0a803336b55426e8e04a4da,中国医学科学院肿瘤医院,Cancer Hospital of Chinese Academy of Medical Sciences,0.865385,review_required,https://beian.cfdi.org.cn/CTMDS/pub/PUB010100.do?method=handle06&curPage=4&pageSize=100
231,cnha-pending-32af6d1a54480c7e,The Second Hospital of Dalian Medical University,cnha-ror-012f2cn18,Second Affiliated Hospital of Dalian Medical University,Second Affiliated Hospital of Dalian Medical University,0.857143,review_required,https://ror.org/012f2cn18
231,cnha-pending-32af6d1a54480c7e,The Second Hospital of Dalian Medical University,cnha-cfdi-4a7f74e8c0a8033314a7aadf1c8aa2b7,大连医科大学附属第一医院,First Affiliated Hospital of Dalian Medical University,0.8,review_required,https://beian.cfdi.org.cn/CTMDS/pub/PUB010100.do?method=handle06&curPage=4&pageSize=100
234,cnha-pending-5307bc88d97ba1a5,Chongqing University Cancer Hospital,cnha-ror-047d8yx24,重庆市肿瘤研究所,Chongqing Cancer Hospital,0.821429,review_required,https://ror.org/047d8yx24
235,cnha-pending-bd06040496d13516,The First Affiliated Hospital of Guangzhou Medical University,cnha-cfdi-3bbe3ceec0a803331320f715d583ef2c,广州医科大学附属第一医院,First Affiliated Hospital of Guangzhou Medical University,0.971429,review_required,https://beian.cfdi.org.cn/CTMDS/pub/PUB010100.do?method=handle06&curPage=3&pageSize=100
235,cnha-pending-bd06040496d13516,The First Affiliated Hospital of Guangzhou Medical University,cnha-cfdi-a31d20a3c0a803333f0784da0389236b,广州医科大学附属第三医院,Third Affiliated Hospital of Guangzhou Medical University,0.952381,review_required,https://beian.cfdi.org.cn/CTMDS/pub/PUB010100.do?method=handle06&curPage=2&pageSize=100
235,cnha-pending-bd06040496d13516,The First Affiliated Hospital of Guangzhou Medical University,cnha-cfdi-3d0b67a2c0a8033370b2e48f7b5c9870,广州医科大学附属第二医院,Second Affiliated Hospital of Guangzhou Medical University,0.886792,review_required,https://beian.cfdi.org.cn/CTMDS/pub/PUB010100.do?method=handle06&curPage=2&pageSize=100
243,cnha-pending-df36ab61a9c5baaf,The First Affiliated Hospital of Xinxiang Medical University,cnha-ror-0278r4c85,First Affiliated Hospital of Xinxiang Medical University,First Affiliated Hospital of Xinxiang Medical University,0.970874,review_required,https://ror.org/0278r4c85
245,cnha-pending-1330f877db1d154b,"Beijing Tian Tan Hospital, Capital Medical University",cnha-cfdi-312ade48c0a803330dbbe4dc78900ab2,首都医科大学附属北京朝阳医院,"Beijing Chao-Yang Hospital, Capital Medical University",0.88172,review_required,https://beian.cfdi.org.cn/CTMDS/pub/PUB010100.do?method=handle06&curPage=4&pageSize=100
247,cnha-pending-77c1b8fc55452711,The second affiliated hospital of xi'an jiaotong university,cnha-ror-03aq7kf18,Second Affiliated Hospital of Xi'an Jiaotong University,Second Affiliated Hospital of Xi'an Jiaotong University,0.969697,review_required,https://ror.org/03aq7kf18
247,cnha-pending-77c1b8fc55452711,The second affiliated hospital of xi'an jiaotong university,cnha-cfdi-637b975dc0a803333264020224c4f75d,陕西省人民医院,Third Affiliated Hospital of Xi'an Jiaotong University,0.918367,review_required,https://beian.cfdi.org.cn/CTMDS/pub/PUB010100.do?method=handle06&curPage=3&pageSize=100
247,cnha-pending-77c1b8fc55452711,The second affiliated hospital of xi'an jiaotong university,cnha-ror-02tbvhh96,First Affiliated Hospital of Xi'an Jiaotong University,First Affiliated Hospital of Xi'an Jiaotong University,0.877551,review_required,https://ror.org/02tbvhh96
248,cnha-pending-8bce630f6a158022,Affiliated Hospital of Zunyi Medical University,cnha-ror-05mzh9z59,遵义医学院附属医院,Affiliated Hospital of Zunyi Medical College,0.814815,review_required,https://ror.org/05mzh9z59
250,cnha-pending-c8c8e5f516271739,Shanxi Provincial Cancer Hospital,cnha-ror-042ry7b85,山西省妇幼保健院,Shanxi Provincial Children's Hospital,0.825397,review_required,https://ror.org/042ry7b85
250,cnha-pending-c8c8e5f516271739,Shanxi Provincial Cancer Hospital,cnha-cfdi-5a9b087bc0a803337e94e03983195adc,山西省人民医院,Shanxi Provincial People’s Hospital,0.819672,review_required,https://beian.cfdi.org.cn/CTMDS/pub/PUB010100.do?method=handle06&curPage=6&pageSize=100
252,cnha-pending-fe7aeabb4a620773,"the Sixth Affiliated Hospital, Sun Yat-sen University",cnha-cfdi-27288bcdc0a8033311523e0dfe55b3ff,中山大学附属第六医院,Sixth Affiliated Hospital of Sun Yat-sen University,0.94382,review_required,https://beian.cfdi.org.cn/CTMDS/pub/PUB010100.do?method=handle06&curPage=1&pageSize=100
252,cnha-pending-fe7aeabb4a620773,"the Sixth Affiliated Hospital, Sun Yat-sen University",cnha-cfdi-3ce595d2c0a803333acc798da7cf0c71,中山大学附属第一医院,"The First Affiliated Hospital, Sun Yat-sen University",0.933333,review_required,https://beian.cfdi.org.cn/CTMDS/pub/PUB010100.do?method=handle06&curPage=1&pageSize=100
252,cnha-pending-fe7aeabb4a620773,"the Sixth Affiliated Hospital, Sun Yat-sen University",cnha-ror-04tm3k558,Third Affiliated Hospital of Sun Yat-sen University,Third Affiliated Hospital of Sun Yat-sen University,0.898876,review_required,https://ror.org/04tm3k558
256,cnha-pending-cd6da00d7de40b5b,"Beijing Anzhen Hospital, Capital Medical University",cnha-cfdi-312ade48c0a803330dbbe4dc78900ab2,首都医科大学附属北京朝阳医院,"Beijing Chao-Yang Hospital, Capital Medical University",0.891304,review_required,https://beian.cfdi.org.cn/CTMDS/pub/PUB010100.do?method=handle06&curPage=4&pageSize=100
256,cnha-pending-cd6da00d7de40b5b,"Beijing Anzhen Hospital, Capital Medical University",cnha-cfdi-447c2c0fc0a8033306e7455935ce5d05,首都医科大学附属北京潞河医院,Beijing Luhe Hospital Affiliated to Capital Medical University,0.82,review_required,https://beian.cfdi.org.cn/CTMDS/pub/PUB010100.do?method=handle06&curPage=1&pageSize=100
259,cnha-pending-522e8b686c63d2f1,The First Affiliated Hospital of Kunming Medical University,cnha-ror-02g01ht84,First Affiliated Hospital of Kunming Medical University,First Affiliated Hospital of Kunming Medical University,0.970297,review_required,https://ror.org/02g01ht84
259,cnha-pending-522e8b686c63d2f1,The First Affiliated Hospital of Kunming Medical University,cnha-ror-00c639s42,云南省第二人民医院,Fourth Affiliated Hospital of Kunming Medical University,0.901961,review_required,https://ror.org/00c639s42
260,cnha-pending-aab9531338114902,The Second Affiliated Hospital of Xi'an Jiao Tong University,cnha-ror-03aq7kf18,Second Affiliated Hospital of Xi'an Jiaotong University,Second Affiliated Hospital of Xi'an Jiaotong University,0.969697,review_required,https://ror.org/03aq7kf18
260,cnha-pending-aab9531338114902,The Second Affiliated Hospital of Xi'an Jiao Tong University,cnha-cfdi-637b975dc0a803333264020224c4f75d,陕西省人民医院,Third Affiliated Hospital of Xi'an Jiaotong University,0.918367,review_required,https://beian.cfdi.org.cn/CTMDS/pub/PUB010100.do?method=handle06&curPage=3&pageSize=100
260,cnha-pending-aab9531338114902,The Second Affiliated Hospital of Xi'an Jiao Tong University,cnha-ror-02tbvhh96,First Affiliated Hospital of Xi'an Jiaotong University,First Affiliated Hospital of Xi'an Jiaotong University,0.877551,review_required,https://ror.org/02tbvhh96
261,cnha-pending-f1f3a83e4fbe9218,The First Affiliated Hospital of Jinan University,cnha-cfdi-9c37e137c0a803334be840b08250055d,暨南大学附属第一医院,First Affiliated Hospital of Jinan University,0.963855,review_required,https://beian.cfdi.org.cn/CTMDS/pub/PUB010100.do?method=handle06&curPage=1&pageSize=100
261,cnha-pending-f1f3a83e4fbe9218,The First Affiliated Hospital of Jinan University,cnha-cfdi-3ce595d2c0a803333acc798da7cf0c71,中山大学附属第一医院,"The First Affiliated Hospital, Sun Yat-sen University",0.886364,review_required,https://beian.cfdi.org.cn/CTMDS/pub/PUB010100.do?method=handle06&curPage=1&pageSize=100
261,cnha-pending-f1f3a83e4fbe9218,The First Affiliated Hospital of Jinan University,cnha-ror-04tm3k558,Third Affiliated Hospital of Sun Yat-sen University,Third Affiliated Hospital of Sun Yat-sen University,0.850575,review_required,https://ror.org/04tm3k558
263,cnha-pending-205cefa13a74ca94,"Qilu Hospital, Shandong University",cnha-ror-056ef9489,Qilu Hospital of Shandong University,Qilu Hospital of Shandong University,0.967742,review_required,https://ror.org/056ef9489
263,cnha-pending-205cefa13a74ca94,"Qilu Hospital, Shandong University",cnha-ror-01fd86n56,Second Hospital of Shandong University,Second Hospital of Shandong University,0.8125,review_required,https://ror.org/01fd86n56
264,cnha-pending-52387aa588a01ca9,"Cancer Institute and Hospital, Chinese Academy of Medical Sciences",cnha-cfdi-31c61602c0a803336b55426e8e04a4da,中国医学科学院肿瘤医院,Cancer Hospital of Chinese Academy of Medical Sciences,0.865385,review_required,https://beian.cfdi.org.cn/CTMDS/pub/PUB010100.do?method=handle06&curPage=4&pageSize=100
266,cnha-pending-cf33525353c0f643,The second Affiliated Hospital of Harbin Medical University,cnha-cfdi-2582affec0a8033369862c097264a444,哈尔滨医科大学附属第二医院,Second Affiliated Hospital of Harbin Medical University,0.970297,review_required,https://beian.cfdi.org.cn/CTMDS/pub/PUB010100.do?method=handle06&curPage=4&pageSize=100
266,cnha-pending-cf33525353c0f643,The second Affiliated Hospital of Harbin Medical University,cnha-cfdi-4ab33e0bc0a8033302630a51547a45f3,哈尔滨医科大学附属肿瘤医院,Third Affiliated Hospital of Harbin Medical University,0.92,review_required,https://beian.cfdi.org.cn/CTMDS/pub/PUB010100.do?method=handle06&curPage=3&pageSize=100
266,cnha-pending-cf33525353c0f643,The second Affiliated Hospital of Harbin Medical University,cnha-ror-02s7c9e98,哈尔滨医科大学第四附属医院,Fourth Affiliated Hospital of Harbin Medical University,0.891089,review_required,https://ror.org/02s7c9e98
267,cnha-pending-e09a1cc4a76a89b8,The first hospital of China medical university,cnha-cfdi-066b931bc0a8033351202887a2fd71fa,中国医科大学附属第一医院,First Hospital of China Medical University,0.961039,review_required,https://beian.cfdi.org.cn/CTMDS/pub/PUB010100.do?method=handle06&curPage=2&pageSize=100
267,cnha-pending-e09a1cc4a76a89b8,The first hospital of China medical university,cnha-cfdi-20bf70afc0a803331d8b21c12f0aaad7,中国医科大学附属第四医院,Fourth Affiliated Hospital of China Medical University,0.840909,review_required,https://beian.cfdi.org.cn/CTMDS/pub/PUB010100.do?method=handle06&curPage=7&pageSize=100
269,cnha-pending-fc7c54a79cfbf967,Pingxiang People's Hospital,cnha-ror-02qkhx131,Jiangxi Pingxiang People's Hospital,Jiangxi Pingxiang People's Hospital,0.872727,review_required,https://ror.org/02qkhx131
272,cnha-pending-16aba4b5a9e13427,The First Affiliated Hospital of Zhejiang University,cnha-ror-05m1p5x56,First Affiliated Hospital Zhejiang University,First Affiliated Hospital Zhejiang University,0.942529,review_required,https://ror.org/05m1p5x56
272,cnha-pending-16aba4b5a9e13427,The First Affiliated Hospital of Zhejiang University,cnha-ror-059cjpv64,Second Affiliated Hospital of Zhejiang University,Second Affiliated Hospital of Zhejiang University,0.866667,review_required,https://ror.org/059cjpv64
273,cnha-pending-63bf7e6c1e930db0,the Affiliated Hospital of southwest medicalUniversity,cnha-cfdi-d00dfa19c0a8033361c9f822dde08acc,西南医科大学附属中医医院,Affiliated Hospital of Southwest Medical University,0.968421,review_required,https://beian.cfdi.org.cn/CTMDS/pub/PUB010100.do?method=handle06&curPage=6&pageSize=100
273,cnha-pending-63bf7e6c1e930db0,the Affiliated Hospital of southwest medicalUniversity,cnha-ror-005z7vs15,First Affiliated Hospital of Sichuan Medical University,First Affiliated Hospital of Sichuan Medical University,0.816327,review_required,https://ror.org/005z7vs15
274,cnha-pending-36592451d1f12809,Jiangsu Provincial People's Hospital,cnha-cfdi-382ba8b0c0a803335b4ce03a0dba2371,南京医科大学第一附属医院,Jiangsu Province Hospital,0.836364,review_required,https://beian.cfdi.org.cn/CTMDS/pub/PUB010100.do?method=handle06&curPage=9&pageSize=100
274,cnha-pending-36592451d1f12809,Jiangsu Provincial People's Hospital,cnha-ror-056bjcd96,Jiangsu Shengze Hospital,Jiangsu Provincial People's Hospital Shengze Branch,0.831169,review_required,https://ror.org/056bjcd96
274,cnha-pending-36592451d1f12809,Jiangsu Provincial People's Hospital,cnha-cfdi-80e0d7e7c0a803331dcf2361ad2b01f1,江苏省省级机关医院,Jiangsu Provincial Authorities Hospital,0.823529,review_required,https://beian.cfdi.org.cn/CTMDS/pub/PUB010100.do?method=handle06&curPage=8&pageSize=100
275,cnha-pending-ebc731922988d8fd,The Second Affiliated Hospital of Nanchang University,cnha-cfdi-1b0d359fc0a803334a1c241e97d2032c,南昌大学第二附属医院,Second Affiliated Hospital of Nanchang University,0.967033,review_required,https://beian.cfdi.org.cn/CTMDS/pub/PUB010100.do?method=handle06&curPage=1&pageSize=100
275,cnha-pending-ebc731922988d8fd,The Second Affiliated Hospital of Nanchang University,cnha-ror-02g9jg318,南昌大学第三附属医院,Third Affiliated Hospital of Nanchang University,0.911111,review_required,https://ror.org/02g9jg318
275,cnha-pending-ebc731922988d8fd,The Second Affiliated Hospital of Nanchang University,cnha-cfdi-56984763c0a803336779babb6fc8fa42,南昌大学第一附属医院,The First Affiliated Hospital of Nanchang University,0.903226,review_required,https://beian.cfdi.org.cn/CTMDS/pub/PUB010100.do?method=handle06&curPage=1&pageSize=100
279,cnha-pending-654cb2eb0996bdbc,The First Affiliated Hospital of Fujian Medical University,cnha-cfdi-a9e58d41c0a803334712a9fdd252ffd2,福建医科大学附属第一医院,First Affiliated Hospital of Fujian Medical University,0.969697,review_required,https://beian.cfdi.org.cn/CTMDS/pub/PUB010100.do?method=handle06&curPage=4&pageSize=100
280,cnha-pending-c1eee38e1441da6d,The First People's Hospital of Foshan,cnha-ror-01cqwmh55,First People's Hospital of Foshan,First People's Hospital of Foshan,0.949153,review_required,https://ror.org/01cqwmh55
281,cnha-pending-f3f20bad795fce9f,The Second Affiliated Hospital Of Xi'an Jiaotong University,cnha-ror-03aq7kf18,Second Affiliated Hospital of Xi'an Jiaotong University,Second Affiliated Hospital of Xi'an Jiaotong University,0.969697,review_required,https://ror.org/03aq7kf18
281,cnha-pending-f3f20bad795fce9f,The Second Affiliated Hospital Of Xi'an Jiaotong University,cnha-cfdi-637b975dc0a803333264020224c4f75d,陕西省人民医院,Third Affiliated Hospital of Xi'an Jiaotong University,0.918367,review_required,https://beian.cfdi.org.cn/CTMDS/pub/PUB010100.do?method=handle06&curPage=3&pageSize=100
281,cnha-pending-f3f20bad795fce9f,The Second Affiliated Hospital Of Xi'an Jiaotong University,cnha-ror-02tbvhh96,First Affiliated Hospital of Xi'an Jiaotong University,First Affiliated Hospital of Xi'an Jiaotong University,0.877551,review_required,https://ror.org/02tbvhh96
283,cnha-pending-4ad356428e622153,The First Affiliated Hospital - Zhejiang University School of Medicine,cnha-ror-05m1p5x56,First Affiliated Hospital Zhejiang University,First Affiliated Hospital Zhejiang University,0.811881,review_required,https://ror.org/05m1p5x56
284,cnha-pending-9257844e111df0df,The Affiliated Nanjing Drum Tower Hospital of Nanjing University Medical School,cnha-ror-026axqv54,Nanjing Drum Tower Hospital,Affiliated Hospital of Nanjing University Medical School,0.840336,review_required,https://ror.org/026axqv54
285,cnha-pending-2965f5ce735e18e3,The Affiliated Hospital of inner Mongolia medical university,cnha-ror-01y07zp44,Second Affiliated Hospital of Inner Mongolia Medical University,Second Affiliated Hospital of Inner Mongolia Medical University,0.93578,review_required,https://ror.org/01y07zp44
285,cnha-pending-2965f5ce735e18e3,The Affiliated Hospital of inner Mongolia medical university,cnha-cfdi-522ea2e9c0a8033328b3052f21083b94,内蒙古医科大学附属医院,Affiliated Hospital of Inner Mongolia Medical College,0.82,review_required,https://beian.cfdi.org.cn/CTMDS/pub/PUB010100.do?method=handle06&curPage=6&pageSize=100
287,cnha-pending-adf15a58d3045b72,The Affiliated Hospital of Qingdao University,cnha-ror-026e9yy16,Affiliated Hospital of Qingdao University,Affiliated Hospital of Qingdao University,0.961039,review_required,https://ror.org/026e9yy16
288,cnha-pending-e6da4e52def180c6,"Union Hospital of Tongji Medical College, Huazhong University of Science and Technology",cnha-cfdi-cfc87cfdc0a8033370f2b59ea8bf5206,华中科技大学同济医学院附属协和医院,Union Hospital of Tongji Medical College of Huazhong University of Science and Technology,0.986842,review_required,https://beian.cfdi.org.cn/CTMDS/pub/PUB010100.do?method=handle06&curPage=1&pageSize=100
291,cnha-pending-c4beadddbe0f5d6a,"Nanfang Hospital, Southern Medical University",cnha-cfdi-56692f49c0a803335013e3da1634f3d6,南方医科大学第三附属医院,Third Affiliated Hospital of Southern Medical University,0.8,review_required,https://beian.cfdi.org.cn/CTMDS/pub/PUB010100.do?method=handle06&curPage=10&pageSize=100
294,cnha-pending-46464b446521e579,Beijing GoBroad Hospital,cnha-ror-02jwb5s28,Beijing Hospital,Beijing Hospital,0.810811,review_required,https://ror.org/02jwb5s28
294,cnha-pending-46464b446521e579,Beijing GoBroad Hospital,cnha-cfdi-cac245e9c0a80333661ce99773e9b741,首都医科大学附属北京佑安医院,Beijing YouAn Hospital,0.809524,review_required,https://beian.cfdi.org.cn/CTMDS/pub/PUB010100.do?method=handle06&curPage=1&pageSize=100
294,cnha-pending-46464b446521e579,Beijing GoBroad Hospital,cnha-ror-00jkncn63,北京三博脑科医院,Beijing Sanbo Brain Hospital,0.808511,review_required,https://ror.org/00jkncn63
296,cnha-pending-c2992df5e064537b,Shanghai Zhongshan Hospital,cnha-cfdi-aaf35c6ec0a803332e232c9de3002662,复旦大学附属中山医院,Zhongshan Hospital,0.809524,review_required,https://beian.cfdi.org.cn/CTMDS/pub/PUB010100.do?method=handle06&curPage=2&pageSize=100
296,cnha-pending-c2992df5e064537b,Shanghai Zhongshan Hospital,cnha-cfdi-a15cc9cbc0a8033339bd35fd623e7255,上海市浦东医院,Shanghai Pudong Hospital,0.808511,review_required,https://beian.cfdi.org.cn/CTMDS/pub/PUB010100.do?method=handle06&curPage=4&pageSize=100
298,cnha-pending-acb29a0f29248900,"Beijing Children's Hospital, Capital Medical University",cnha-cfdi-312ade48c0a803330dbbe4dc78900ab2,首都医科大学附属北京朝阳医院,"Beijing Chao-Yang Hospital, Capital Medical University",0.884211,review_required,https://beian.cfdi.org.cn/CTMDS/pub/PUB010100.do?method=handle06&curPage=4&pageSize=100
299,cnha-pending-c8fcc556e68d95e4,The Third Xiangya Hospital of Central South University,cnha-ror-05akvb491,中南大学湘雅三医院-门急诊楼,Third Xiangya Hospital of Central South University,0.967033,review_required,https://ror.org/05akvb491
299,cnha-pending-c8fcc556e68d95e4,The Third Xiangya Hospital of Central South University,cnha-ror-053v2gh09,Second Xiangya Hospital of Central South University,Second Xiangya Hospital of Central South University,0.891304,review_required,https://ror.org/053v2gh09
299,cnha-pending-c8fcc556e68d95e4,The Third Xiangya Hospital of Central South University,cnha-cfdi-3bb0a3b4c0a803332a9f6fc83950b0b0,中南大学湘雅医院,Xiangya Hospital Central South University,0.880952,review_required,https://beian.cfdi.org.cn/CTMDS/pub/PUB010100.do?method=handle06&curPage=2&pageSize=100
303,cnha-pending-1bc4120b21a5b680,"Beijing Chest Hospital, Capital Medical University",cnha-cfdi-312ade48c0a803330dbbe4dc78900ab2,首都医科大学附属北京朝阳医院,"Beijing Chao-Yang Hospital, Capital Medical University",0.901099,review_required,https://beian.cfdi.org.cn/CTMDS/pub/PUB010100.do?method=handle06&curPage=4&pageSize=100
303,cnha-pending-1bc4120b21a5b680,"Beijing Chest Hospital, Capital Medical University",cnha-cfdi-447c2c0fc0a8033306e7455935ce5d05,首都医科大学附属北京潞河医院,Beijing Luhe Hospital Affiliated to Capital Medical University,0.828283,review_required,https://beian.cfdi.org.cn/CTMDS/pub/PUB010100.do?method=handle06&curPage=1&pageSize=100
305,cnha-pending-543a4d91206301bd,"Beijing Ditan Hospital, Capital Medical University",cnha-cfdi-312ade48c0a803330dbbe4dc78900ab2,首都医科大学附属北京朝阳医院,"Beijing Chao-Yang Hospital, Capital Medical University",0.901099,review_required,https://beian.cfdi.org.cn/CTMDS/pub/PUB010100.do?method=handle06&curPage=4&pageSize=100
306,cnha-pending-7b67f4cce8a42be1,Guangxi medical university affiliated tumor hospital,cnha-ror-051mn8706,广西医科大学肿瘤医院,Guangxi Medical University Affiliated Tumour Hospital,0.989474,review_required,https://ror.org/051mn8706
307,cnha-pending-98320c516e1c7c9a,The First Affiliated Hospital of University of South China,cnha-ror-049z3cb60,First Affiliated Hospital of University of South China,First Affiliated Hospital of University of South China,0.969072,review_required,https://ror.org/049z3cb60
308,cnha-pending-9b47939109b11fb8,The First Affiliated Hospital Of Bengbu Medical College,cnha-ror-04v043n92,蚌埠医学院第一附属医院,First Affiliated Hospital of Bengbu Medical College,0.967742,review_required,https://ror.org/04v043n92
308,cnha-pending-9b47939109b11fb8,The First Affiliated Hospital Of Bengbu Medical College,cnha-ror-0441pfj90,蚌埠医学院第二附属医院,The Second Affiliated Hospital of Bengbu Medical College,0.907216,review_required,https://ror.org/0441pfj90
309,cnha-pending-faaf31b2ae24072b,The Second Affiliated Hospital ZheJiang University School of Medicine,cnha-ror-059cjpv64,Second Affiliated Hospital of Zhejiang University,Second Affiliated Hospital of Zhejiang University,0.8,review_required,https://ror.org/059cjpv64
312,cnha-pending-0231eeb8ace4c0bf,"Beijing Tongren Hospital, Capital Medical University",cnha-cfdi-312ade48c0a803330dbbe4dc78900ab2,首都医科大学附属北京朝阳医院,"Beijing Chao-Yang Hospital, Capital Medical University",0.903226,review_required,https://beian.cfdi.org.cn/CTMDS/pub/PUB010100.do?method=handle06&curPage=4&pageSize=100
313,cnha-pending-176424bccf17415a,The First Affiliated Hospital of Bengbu Medical University,cnha-ror-04v043n92,蚌埠医学院第一附属医院,First Affiliated Hospital of Bengbu Medical College,0.8125,review_required,https://ror.org/04v043n92
314,cnha-pending-4415a498f21a63a2,Zhongshan Hospital Xiamen University,cnha-cfdi-a187f5a6c0a8033341bfac25249a0894,厦门大学附属中山医院,Zhongshan Hospital of Xiamen University,0.970588,review_required,https://beian.cfdi.org.cn/CTMDS/pub/PUB010100.do?method=handle06&curPage=5&pageSize=100
315,cnha-pending-82249543e28dda1e,Guangdong Provincial Hospital of Chinese Medicine,cnha-cfdi-ea0d4158c0a8033303db75e4c5aa1975,广东省中医院,Guangdong Provincial Hospital of Traditional Chinese Medicine,0.888889,review_required,https://beian.cfdi.org.cn/CTMDS/pub/PUB010100.do?method=handle06&curPage=1&pageSize=100
317,cnha-pending-c99fd7f3d347a9b8,Tongji hospital affiliated to tongji medical college of huazhong university of science and technology,cnha-cfdi-cfc87cfdc0a8033370f2b59ea8bf5206,华中科技大学同济医学院附属协和医院,Union Hospital of Tongji Medical College of Huazhong University of Science and Technology,0.884848,review_required,https://beian.cfdi.org.cn/CTMDS/pub/PUB010100.do?method=handle06&curPage=1&pageSize=100
323,cnha-pending-193ff56fd11785de,The First Affiliated Hospital of Henan University of Science &Technology,cnha-ror-035zbbv42,First Affiliated Hospital of Henan University of Science and Technology,First Affiliated Hospital of Henan University of Science and Technology,0.944,review_required,https://ror.org/035zbbv42
325,cnha-pending-6575bc6ddf60e3e7,Liaoning Cancer Hospital and Institute,cnha-cfdi-0d9e9d19c0a803332f2e459fefe8ecda,大连理工大学附属肿瘤医院,Liaoning Cancer Hospital & Institute,0.939394,review_required,https://beian.cfdi.org.cn/CTMDS/pub/PUB010100.do?method=handle06&curPage=3&pageSize=100
326,cnha-pending-c2233c99b6ca177e,The first hospital of Shanxi Medical University,cnha-ror-02vzqaq35,First Hospital of Shanxi Medical University,First Hospital of Shanxi Medical University,0.962025,review_required,https://ror.org/02vzqaq35
326,cnha-pending-c2233c99b6ca177e,The first hospital of Shanxi Medical University,cnha-cfdi-90498cb3c0a80333608cf87ec8056ce6,山西医科大学第二医院,Second Hospital of Shanxi Medical University,0.85,review_required,https://beian.cfdi.org.cn/CTMDS/pub/PUB010100.do?method=handle06&curPage=6&pageSize=100
331,cnha-pending-3c28c781c059e6e6,Shanghai Changhai Hospital,cnha-ror-0103dxn66,Shanghai Changzheng Hospital,Shanghai Changzheng Hospital,0.88,review_required,https://ror.org/0103dxn66
331,cnha-pending-3c28c781c059e6e6,Shanghai Changhai Hospital,cnha-ror-03fjc3817,Shanghai Chest Hospital,Shanghai Chest Hospital,0.8,review_required,https://ror.org/03fjc3817
331,cnha-pending-3c28c781c059e6e6,Shanghai Changhai Hospital,cnha-ror-02bjs0p66,Changhai Hospital,Changhai Hospital,0.8,review_required,https://ror.org/02bjs0p66
332,cnha-pending-5f1e9d589b3cdba3,"Tongji Hospital,Tongji Medical College Huazhong University of Science & Technology",cnha-cfdi-cfc87cfdc0a8033370f2b59ea8bf5206,华中科技大学同济医学院附属协和医院,"Union Hospital, Tongji Medical College, Huazhong University of Science and Technology",0.924138,review_required,https://beian.cfdi.org.cn/CTMDS/pub/PUB010100.do?method=handle06&curPage=1&pageSize=100
333,cnha-pending-80dbde0ce7dfb4e0,"Cancer Hospital,Chinese Academy of Medical Science",cnha-cfdi-31c61602c0a803336b55426e8e04a4da,中国医学科学院肿瘤医院,Cancer Hospital of Chinese Academy of Medical Sciences,0.967033,review_required,https://beian.cfdi.org.cn/CTMDS/pub/PUB010100.do?method=handle06&curPage=4&pageSize=100
334,cnha-pending-a20d11481305d487,The Second Affiliated Hospital of Zhengzhou University,cnha-ror-026bqfq17,Second Affiliated Hospital of Zhengzhou University,Second Affiliated Hospital of Zhengzhou University,0.967742,review_required,https://ror.org/026bqfq17
334,cnha-pending-a20d11481305d487,The Second Affiliated Hospital of Zhengzhou University,cnha-cfdi-5a977001c0a803332e59a866f980f41f,郑州大学第三附属医院,Third Affiliated Hospital of Zhengzhou University,0.913043,review_required,https://beian.cfdi.org.cn/CTMDS/pub/PUB010100.do?method=handle06&curPage=10&pageSize=100
334,cnha-pending-a20d11481305d487,The Second Affiliated Hospital of Zhengzhou University,cnha-cfdi-1cddfb03c0a803332664670577fb4a58,郑州大学第一附属医院,The First Affiliated Hospital of Zhengzhou University,0.905263,review_required,https://beian.cfdi.org.cn/CTMDS/pub/PUB010100.do?method=handle06&curPage=2&pageSize=100
338,cnha-pending-05a0fa73f825b08e,"Tongji Hospital, Tongji Medical College, Huazhong University of Science and Technology",cnha-cfdi-cfc87cfdc0a8033370f2b59ea8bf5206,华中科技大学同济医学院附属协和医院,"Union Hospital, Tongji Medical College, Huazhong University of Science and Technology",0.952381,review_required,https://beian.cfdi.org.cn/CTMDS/pub/PUB010100.do?method=handle06&curPage=1&pageSize=100
339,cnha-pending-1dbffbe7f7a56848,"2nd Affiliated Hospital, School of Medicine, Zhejiang University",cnha-cfdi-b7d8b816c0a80333148e2d188b047f39,浙江大学医学院附属妇产科医院,"Women's Hospital, School of Medicine, Zhejiang University",0.834951,review_required,https://beian.cfdi.org.cn/CTMDS/pub/PUB010100.do?method=handle06&curPage=5&pageSize=100
339,cnha-pending-1dbffbe7f7a56848,"2nd Affiliated Hospital, School of Medicine, Zhejiang University",cnha-ror-059cjpv64,Second Affiliated Hospital of Zhejiang University,Second Affiliated Hospital of Zhejiang University,0.808081,review_required,https://ror.org/059cjpv64
342,cnha-pending-5d204070acaca620,The Second Affiliated Hospital of Zhejiang University,cnha-ror-059cjpv64,Second Affiliated Hospital of Zhejiang University,Second Affiliated Hospital of Zhejiang University,0.967033,review_required,https://ror.org/059cjpv64
342,cnha-pending-5d204070acaca620,The Second Affiliated Hospital of Zhejiang University,cnha-ror-05m1p5x56,First Affiliated Hospital Zhejiang University,First Affiliated Hospital Zhejiang University,0.840909,review_required,https://ror.org/05m1p5x56
347,cnha-pending-c1b3e271f89b225b,Xijing Hospital,cnha-ror-05cqe9350,西京医院,Xijing Hospital,1.0,review_required,https://ror.org/05cqe9350
347,cnha-pending-c1b3e271f89b225b,Xijing Hospital,cnha-ror-020299x40,Xian Mental Health Center,Xi'an Qujiang hospital,0.848485,review_required,https://ror.org/020299x40
351,cnha-pending-acc916a5129dc5f3,The First Affiliated Hospital of Henan University of Science and Technology,cnha-ror-035zbbv42,First Affiliated Hospital of Henan University of Science and Technology,First Affiliated Hospital of Henan University of Science and Technology,0.976378,review_required,https://ror.org/035zbbv42
352,cnha-pending-b8b3b41d3707b4e5,The Third Hospital of Hebei Medical University,cnha-cfdi-f04b3a1bc0a803331df9ed77fa224b2e,河北医科大学第三医院,Third Hospital of Hebei Medical University,0.961039,review_required,https://beian.cfdi.org.cn/CTMDS/pub/PUB010100.do?method=handle06&curPage=5&pageSize=100
352,cnha-pending-b8b3b41d3707b4e5,The Third Hospital of Hebei Medical University,cnha-ror-015ycqv20,Second Hospital of Hebei Medical University,Second Hospital of Hebei Medical University,0.871795,review_required,https://ror.org/015ycqv20
352,cnha-pending-b8b3b41d3707b4e5,The Third Hospital of Hebei Medical University,cnha-cfdi-72402946c0a80333358e0b3c7b0e665c,河北医科大学第四医院,Fourth Hospital of Hebei Medical University,0.871795,review_required,https://beian.cfdi.org.cn/CTMDS/pub/PUB010100.do?method=handle06&curPage=3&pageSize=100
359,cnha-pending-0f57a91c169f0b5b,Xingtai People's Hospital,cnha-ror-0284jzx23,邢台市人民医院,Xingtai People's Hospital,1.0,review_required,https://ror.org/0284jzx23
360,cnha-pending-1c46b86068b287ba,The Second Hospital of Tianjin Medical University,cnha-ror-03rc99w60,Second Hospital of Tianjin Medical University,Second Hospital of Tianjin Medical University,0.963855,review_required,https://ror.org/03rc99w60
362,cnha-pending-72ed5757e1f188a8,Affiliated Hospital of Guangdong Medical University,cnha-ror-057p7h461,Affiliated Hospital of Guangdong Medical College Hospital,Affiliated Hospital of Guangdong Medical College Hospital,0.824742,review_required,https://ror.org/057p7h461
363,cnha-pending-79007f3154370d28,The Second Affiliated Hospital of Zhejiang University School of Medicine,cnha-ror-059cjpv64,Second Affiliated Hospital of Zhejiang University,Second Affiliated Hospital of Zhejiang University,0.82243,review_required,https://ror.org/059cjpv64
364,cnha-pending-93d5f731aae999d3,Meizhou People's Hospital,cnha-ror-0026mdx79,梅州市人民医院,Meizhou City People's Hospital,0.916667,review_required,https://ror.org/0026mdx79
372,cnha-pending-8983d4fe54cd4e2e,The Second Affiliated Hospital of Soochow University,cnha-ror-02xjrkt08,Second Affiliated Hospital of Soochow University,Second Affiliated Hospital of Soochow University,0.966292,review_required,https://ror.org/02xjrkt08
372,cnha-pending-8983d4fe54cd4e2e,The Second Affiliated Hospital of Soochow University,cnha-cfdi-1d696d32c0a803331506764268553b23,苏州大学附属第四医院,The Fourth Affiliated Hospital of Soochow University,0.891304,review_required,https://beian.cfdi.org.cn/CTMDS/pub/PUB010100.do?method=handle06&curPage=14&pageSize=100
372,cnha-pending-8983d4fe54cd4e2e,The Second Affiliated Hospital of Soochow University,cnha-cfdi-b5cd6543c0a803330d96755e77d8daa5,苏州大学附属第一医院,First Affiliated Hospital of Soochow University,0.863636,review_required,https://beian.cfdi.org.cn/CTMDS/pub/PUB010100.do?method=handle06&curPage=9&pageSize=100
373,cnha-pending-c24d9d44e98c5635,Guangzhou Women and Children's Medical Center,cnha-ror-01g53at17,广州市妇女儿童医疗中心,Guangzhou Women and Children Medical Center,0.987013,review_required,https://ror.org/01g53at17
374,cnha-pending-cbbe450615f10505,The Central Hospital of Wuhan,cnha-cfdi-8262816fc0a80333674bf72767903a94,武汉市中心医院,Central Hospital of Wuhan,0.93617,review_required,https://beian.cfdi.org.cn/CTMDS/pub/PUB010100.do?method=handle06&curPage=1&pageSize=100
375,cnha-pending-df9d5780f022ec47,The First Affiliated Hospital of Guangxi Medical University,cnha-ror-030sc3x20,First Affiliated Hospital of GuangXi Medical University,First Affiliated Hospital of GuangXi Medical University,0.970297,review_required,https://ror.org/030sc3x20
375,cnha-pending-df9d5780f022ec47,The First Affiliated Hospital of Guangxi Medical University,cnha-ror-04zdsga82,广西中医药大学附属瑞康医院,Ruikang Affiliated Hospital of Guangxi Medical University,0.873786,review_required,https://ror.org/04zdsga82
377,cnha-pending-e7d5d4dceb1bb3c7,The Second Hospital of Tianjin Medical University,cnha-ror-03rc99w60,Second Hospital of Tianjin Medical University,Second Hospital of Tianjin Medical University,0.963855,review_required,https://ror.org/03rc99w60
381,cnha-pending-6eca7ce27911f10b,The Second Affiliated Hospital of Wenzhou Medical University,cnha-cfdi-d6ef24aac0a8033338dc6eae29c3581b,瑞安市人民医院,Third Affiliated Hospital of Wenzhou Medical University,0.921569,review_required,https://beian.cfdi.org.cn/CTMDS/pub/PUB010100.do?method=handle06&curPage=8&pageSize=100
381,cnha-pending-6eca7ce27911f10b,The Second Affiliated Hospital of Wenzhou Medical University,cnha-ror-03cyvdv85,First Affiliated Hospital of Wenzhou Medical University,First Affiliated Hospital of Wenzhou Medical University,0.882353,review_required,https://ror.org/03cyvdv85
383,cnha-pending-fa00a2ef5a33a952,The First People's Hospital of Yunnan Province,cnha-cfdi-ad94b118c0a80333719526c741366821,云南省第一人民医院,First People's Hospital of Yunnan Province,0.96,review_required,https://beian.cfdi.org.cn/CTMDS/pub/PUB010100.do?method=handle06&curPage=3&pageSize=100
383,cnha-pending-fa00a2ef5a33a952,The First People's Hospital of Yunnan Province,cnha-cfdi-71459876c0a803331478331a585293db,云南省第三人民医院,Third People's Hospital of Yunnan Province,0.933333,review_required,https://beian.cfdi.org.cn/CTMDS/pub/PUB010100.do?method=handle06&curPage=4&pageSize=100
383,cnha-pending-fa00a2ef5a33a952,The First People's Hospital of Yunnan Province,cnha-ror-00c639s42,云南省第二人民医院,Second People's Hospital of Yunnan Province,0.842105,review_required,https://ror.org/00c639s42
388,cnha-pending-9d0dc5eaa37083ab,"Beijing Children's Hospital, Capital Medical University",cnha-cfdi-312ade48c0a803330dbbe4dc78900ab2,首都医科大学附属北京朝阳医院,"Beijing Chao-Yang Hospital, Capital Medical University",0.884211,review_required,https://beian.cfdi.org.cn/CTMDS/pub/PUB010100.do?method=handle06&curPage=4&pageSize=100
392,cnha-pending-b0e77f1d4e521070,The First Affiliated Hospital of Wannan Medical College,cnha-ror-05wbpaf14,First Affiliated Hospital of Wannan Medical College,First Affiliated Hospital of Wannan Medical College,0.967742,review_required,https://ror.org/05wbpaf14
393,cnha-pending-b49f7ecabc33303c,Tianjin First Central Hospital,cnha-cfdi-a2d79c24c0a803336726896fad70ebb6,天津市第一中心医院,Tianjin First Center Hospital,0.943396,review_required,https://beian.cfdi.org.cn/CTMDS/pub/PUB010100.do?method=handle06&curPage=4&pageSize=100
393,cnha-pending-b49f7ecabc33303c,Tianjin First Central Hospital,cnha-cfdi-83c0860bc0a8033360f9794df56395fd,天津市第四中心医院,Tianjin Fourth Central Hospital,0.909091,review_required,https://beian.cfdi.org.cn/CTMDS/pub/PUB010100.do?method=handle06&curPage=7&pageSize=100
393,cnha-pending-b49f7ecabc33303c,Tianjin First Central Hospital,cnha-cfdi-207c0e3cc0a80333422f4492f05bd844,天津市第三中心医院,Tianjin Third Central Hospital,0.888889,review_required,https://beian.cfdi.org.cn/CTMDS/pub/PUB010100.do?method=handle06&curPage=6&pageSize=100
394,cnha-pending-c7c1278187cca2c5,The Second Hospital of Hebei Medical University,cnha-ror-015ycqv20,Second Hospital of Hebei Medical University,Second Hospital of Hebei Medical University,0.962025,review_required,https://ror.org/015ycqv20
394,cnha-pending-c7c1278187cca2c5,The Second Hospital of Hebei Medical University,cnha-cfdi-f04b3a1bc0a803331df9ed77fa224b2e,河北医科大学第三医院,Third Hospital of Hebei Medical University,0.897436,review_required,https://beian.cfdi.org.cn/CTMDS/pub/PUB010100.do?method=handle06&curPage=5&pageSize=100
394,cnha-pending-c7c1278187cca2c5,The Second Hospital of Hebei Medical University,cnha-cfdi-72402946c0a80333358e0b3c7b0e665c,河北医科大学第四医院,Fourth Hospital of Hebei Medical University,0.860759,review_required,https://beian.cfdi.org.cn/CTMDS/pub/PUB010100.do?method=handle06&curPage=3&pageSize=100
395,cnha-pending-e58c0efa07dc8c56,The Second Hospital of Shanxi Medical University,cnha-cfdi-90498cb3c0a80333608cf87ec8056ce6,山西医科大学第二医院,Second Hospital of Shanxi Medical University,0.962963,review_required,https://beian.cfdi.org.cn/CTMDS/pub/PUB010100.do?method=handle06&curPage=6&pageSize=100
395,cnha-pending-e58c0efa07dc8c56,The Second Hospital of Shanxi Medical University,cnha-ror-02vzqaq35,First Hospital of Shanxi Medical University,First Hospital of Shanxi Medical University,0.85,review_required,https://ror.org/02vzqaq35
399,cnha-pending-131d810a1c92a1fa,The Fifth Affiliated Hospital of Sun Yat-Sen University,cnha-ror-023te5r95,Fifth Affiliated Hospital of Sun Yat-sen University,Fifth Affiliated Hospital of Sun Yat-sen University,0.967033,review_required,https://ror.org/023te5r95
410,cnha-pending-b7a5dee9b1be774a,Shanghai Ruijin Hospital,cnha-cfdi-a15cc9cbc0a8033339bd35fd623e7255,上海市浦东医院,Shanghai Pudong Hospital,0.818182,review_required,https://beian.cfdi.org.cn/CTMDS/pub/PUB010100.do?method=handle06&curPage=4&pageSize=100
412,cnha-pending-84088c4114f4c971,The Second Affiliated Hospital of Dalian Medical University,cnha-ror-012f2cn18,Second Affiliated Hospital of Dalian Medical University,Second Affiliated Hospital of Dalian Medical University,0.970297,review_required,https://ror.org/012f2cn18
412,cnha-pending-84088c4114f4c971,The Second Affiliated Hospital of Dalian Medical University,cnha-cfdi-4a7f74e8c0a8033314a7aadf1c8aa2b7,大连医科大学附属第一医院,First Affiliated Hospital of Dalian Medical University,0.88,review_required,https://beian.cfdi.org.cn/CTMDS/pub/PUB010100.do?method=handle06&curPage=4&pageSize=100
414,cnha-pending-da7097c4ae428c9e,Tongji Hospital of Tongji University,cnha-ror-03e4ys677,Tenth People's Hospital of Tongji University,Tenth People's Hospital of Tongji University,0.8,review_required,https://ror.org/03e4ys677
415,cnha-pending-e277429af0eac10f,Anyang Cancer Hospital,cnha-cfdi-51264b97c0a803335a11041859470683,安阳市眼科医院,Anyang Eye Hospital,0.810811,review_required,https://beian.cfdi.org.cn/CTMDS/pub/PUB010100.do?method=handle06&curPage=18&pageSize=100
418,cnha-pending-332f115b1a08bf4c,Second Affiliated Hospitalof Zhejiang University School of Medicine,cnha-ror-059cjpv64,Second Affiliated Hospital of Zhejiang University,Second Affiliated Hospital of Zhejiang University,0.846154,review_required,https://ror.org/059cjpv64
419,cnha-pending-4689b37d50604626,Xiangya Hospital of Central- South University,cnha-cfdi-3bb0a3b4c0a803332a9f6fc83950b0b0,中南大学湘雅医院,Xiangya Hospital Central South University,0.973684,review_required,https://beian.cfdi.org.cn/CTMDS/pub/PUB010100.do?method=handle06&curPage=2&pageSize=100
419,cnha-pending-4689b37d50604626,Xiangya Hospital of Central- South University,cnha-ror-05akvb491,中南大学湘雅三医院-门急诊楼,Third Xiangya Hospital of Central South University,0.939759,review_required,https://ror.org/05akvb491
419,cnha-pending-4689b37d50604626,Xiangya Hospital of Central- South University,cnha-ror-053v2gh09,Second Xiangya Hospital of Central South University,Second Xiangya Hospital of Central South University,0.928571,review_required,https://ror.org/053v2gh09
421,cnha-pending-5ea1b5817a41085f,"Beijing LuHe Hospital, Capital Medical University",cnha-cfdi-312ade48c0a803330dbbe4dc78900ab2,首都医科大学附属北京朝阳医院,"Beijing Chao-Yang Hospital, Capital Medical University",0.888889,review_required,https://beian.cfdi.org.cn/CTMDS/pub/PUB010100.do?method=handle06&curPage=4&pageSize=100
421,cnha-pending-5ea1b5817a41085f,"Beijing LuHe Hospital, Capital Medical University",cnha-cfdi-447c2c0fc0a8033306e7455935ce5d05,首都医科大学附属北京潞河医院,Beijing Luhe Hospital Affiliated to Capital Medical University,0.877551,review_required,https://beian.cfdi.org.cn/CTMDS/pub/PUB010100.do?method=handle06&curPage=1&pageSize=100
423,cnha-pending-790784af39e97cc9,The Fourth Affiliated Hospital of Harbin Medical University,cnha-ror-02s7c9e98,哈尔滨医科大学第四附属医院,Fourth Affiliated Hospital of Harbin Medical University,0.970297,review_required,https://ror.org/02s7c9e98
423,cnha-pending-790784af39e97cc9,The Fourth Affiliated Hospital of Harbin Medical University,cnha-cfdi-4ab33e0bc0a8033302630a51547a45f3,哈尔滨医科大学附属肿瘤医院,Third Affiliated Hospital of Harbin Medical University,0.92,review_required,https://beian.cfdi.org.cn/CTMDS/pub/PUB010100.do?method=handle06&curPage=3&pageSize=100
423,cnha-pending-790784af39e97cc9,The Fourth Affiliated Hospital of Harbin Medical University,cnha-cfdi-2582affec0a8033369862c097264a444,哈尔滨医科大学附属第二医院,Second Affiliated Hospital of Harbin Medical University,0.891089,review_required,https://beian.cfdi.org.cn/CTMDS/pub/PUB010100.do?method=handle06&curPage=4&pageSize=100
425,cnha-pending-a6e98727a5e84b16,"Beijing Chest Hospital, Capital Medical University",cnha-cfdi-312ade48c0a803330dbbe4dc78900ab2,首都医科大学附属北京朝阳医院,"Beijing Chao-Yang Hospital, Capital Medical University",0.901099,review_required,https://beian.cfdi.org.cn/CTMDS/pub/PUB010100.do?method=handle06&curPage=4&pageSize=100
425,cnha-pending-a6e98727a5e84b16,"Beijing Chest Hospital, Capital Medical University",cnha-cfdi-447c2c0fc0a8033306e7455935ce5d05,首都医科大学附属北京潞河医院,Beijing Luhe Hospital Affiliated to Capital Medical University,0.828283,review_required,https://beian.cfdi.org.cn/CTMDS/pub/PUB010100.do?method=handle06&curPage=1&pageSize=100
427,cnha-pending-c6bf4d5b32fa93fa,The First Hospital of Jiaxing,cnha-cfdi-fcd1711ec0a803337779219bf09aa1f7,嘉兴市第一医院,First Hospital of Jiaxing,0.93617,review_required,https://beian.cfdi.org.cn/CTMDS/pub/PUB010100.do?method=handle06&curPage=6&pageSize=100
428,cnha-pending-d9e817b28794ee09,The Second Affiliated Hospital of Chongqing Medical University,cnha-cfdi-330a5a5dc0a8033377e4178e3d5a8695,重庆医科大学附属第二医院,Second Affiliated Hospital of Chongqing Medical University,0.971963,review_required,https://beian.cfdi.org.cn/CTMDS/pub/PUB010100.do?method=handle06&curPage=1&pageSize=100
428,cnha-pending-d9e817b28794ee09,The Second Affiliated Hospital of Chongqing Medical University,cnha-ror-033vnzz93,重庆医科大学附属永川医院,First Affiliated Hospital of Chongqing Medical University,0.886792,review_required,https://ror.org/033vnzz93
428,cnha-pending-d9e817b28794ee09,The Second Affiliated Hospital of Chongqing Medical University,cnha-ror-05pz4ws32,Children's Hospital of Chongqing Medical University,Children's Hospital of Chongqing Medical University,0.8,review_required,https://ror.org/05pz4ws32
430,cnha-pending-f906bb9c178e10c5,"Fuwai Hospital, Chinese Academy of Medical Sciences",cnha-cfdi-31c61602c0a803336b55426e8e04a4da,中国医学科学院肿瘤医院,Cancer Hospital of Chinese Academy of Medical Sciences,0.879121,review_required,https://beian.cfdi.org.cn/CTMDS/pub/PUB010100.do?method=handle06&curPage=4&pageSize=100
437,cnha-pending-050b40605dfde0ee,Gansu Provincial Cancer Hospital,cnha-cfdi-5577712bc0a8033304fcb807dbd904e0,甘肃省人民医院,Gansu Provincial Hospital,0.884615,review_required,https://beian.cfdi.org.cn/CTMDS/pub/PUB010100.do?method=handle06&curPage=1&pageSize=100
437,cnha-pending-050b40605dfde0ee,Gansu Provincial Cancer Hospital,cnha-cfdi-17c9c043c0a803330faf5ff5d6ea395b,甘肃省中医院,Gansu Provincial Hospital of TCM,0.807018,review_required,https://beian.cfdi.org.cn/CTMDS/pub/PUB010100.do?method=handle06&curPage=7&pageSize=100
438,cnha-pending-26fd01bf99039aa4,The Second Hospital of Jilin University,cnha-cfdi-28c180c3c0a803337c9a4eaf72b893ea,吉林大学第一医院,The First Hospital of Jilin University,0.865672,review_required,https://beian.cfdi.org.cn/CTMDS/pub/PUB010100.do?method=handle06&curPage=3&pageSize=100
438,cnha-pending-26fd01bf99039aa4,The Second Hospital of Jilin University,cnha-ror-03x6hbh34,Second Affiliated Hospital of Jilin University,Second Affiliated Hospital of Jilin University,0.826667,review_required,https://ror.org/03x6hbh34
439,cnha-pending-299cac2c90e6f960,The First Hospital of Hebei Medical University,cnha-cfdi-f04b3a1bc0a803331df9ed77fa224b2e,河北医科大学第三医院,Third Hospital of Hebei Medical University,0.935065,review_required,https://beian.cfdi.org.cn/CTMDS/pub/PUB010100.do?method=handle06&curPage=5&pageSize=100
439,cnha-pending-299cac2c90e6f960,The First Hospital of Hebei Medical University,cnha-cfdi-72402946c0a80333358e0b3c7b0e665c,河北医科大学第四医院,Fourth Hospital of Hebei Medical University,0.871795,review_required,https://beian.cfdi.org.cn/CTMDS/pub/PUB010100.do?method=handle06&curPage=3&pageSize=100
439,cnha-pending-299cac2c90e6f960,The First Hospital of Hebei Medical University,cnha-ror-02s8x1148,石家庄市第一医院,People's Hospital of Hebei Medical University,0.860759,review_required,https://ror.org/02s8x1148
440,cnha-pending-4e07eaa71ab1ef14,Xuan Wu Hospital,cnha-cfdi-03936a7cc0a803336ea258b096c459d4,中国中医科学院西苑医院,Xiyuan Hospital,0.857143,review_required,https://beian.cfdi.org.cn/CTMDS/pub/PUB010100.do?method=handle06&curPage=4&pageSize=100
443,cnha-pending-7ad1017cd25fd707,The Affiliated Hospital of Guizhou Medical University,cnha-ror-02kstas42,Affiliated Hospital of Guizhou Medical University,Affiliated Hospital of Guizhou Medical University,0.967033,review_required,https://ror.org/02kstas42
445,cnha-pending-adc97031c80589b0,Sun Yet-Sen University Cancer Center,cnha-cfdi-5aade771c0a803334595b5c3428d53c9,中山大学肿瘤防治中心,Sun Yat-sen University Cancer Center,0.967742,review_required,https://beian.cfdi.org.cn/CTMDS/pub/PUB010100.do?method=handle06&curPage=3&pageSize=100
448,cnha-pending-4308822a86b0dca7,Union Hospital affiliated to Tongji Medical College of Huazhong University of Science and Technology,cnha-cfdi-cfc87cfdc0a8033370f2b59ea8bf5206,华中科技大学同济医学院附属协和医院,Union Hospital of Tongji Medical College of Huazhong University of Science and Technology,0.926829,review_required,https://beian.cfdi.org.cn/CTMDS/pub/PUB010100.do?method=handle06&curPage=1&pageSize=100
449,cnha-pending-581b1e239eb212ba,"The First Affiliated Hospital, School of Medicine, Zhejiang University",cnha-cfdi-b7d8b816c0a80333148e2d188b047f39,浙江大学医学院附属妇产科医院,"Women's Hospital, School of Medicine, Zhejiang University",0.814815,review_required,https://beian.cfdi.org.cn/CTMDS/pub/PUB010100.do?method=handle06&curPage=5&pageSize=100
449,cnha-pending-581b1e239eb212ba,"The First Affiliated Hospital, School of Medicine, Zhejiang University",cnha-ror-05m1p5x56,First Affiliated Hospital Zhejiang University,First Affiliated Hospital Zhejiang University,0.811881,review_required,https://ror.org/05m1p5x56
451,cnha-pending-c6143caa165454d5,Jinhua Municipal Central Hospital,cnha-cfdi-91ae13e4c0a803334363b0261c5172c2,金华市中心医院,Jinhua Central Hospital,0.823529,review_required,https://beian.cfdi.org.cn/CTMDS/pub/PUB010100.do?method=handle06&curPage=7&pageSize=100
456,cnha-pending-570fb42fad578f00,Affiliated Zhongshan Hospital of Fudan University,cnha-cfdi-18e1e4e6c0a8033309dd544ae217ced3,复旦大学附属金山医院,Jinshan Hospital of Fudan University,0.815789,review_required,https://beian.cfdi.org.cn/CTMDS/pub/PUB010100.do?method=handle06&curPage=4&pageSize=100
458,cnha-pending-97ab3b91999d528b,Pingxiang People's Hospital,cnha-ror-02qkhx131,Jiangxi Pingxiang People's Hospital,Jiangxi Pingxiang People's Hospital,0.872727,review_required,https://ror.org/02qkhx131
459,cnha-pending-d2cb4412cc751864,The First Affiliated Hospital of Nanchang University Branch Donghu,cnha-cfdi-56984763c0a803336779babb6fc8fa42,南昌大学第一附属医院,The First Affiliated Hospital of Nanchang University,0.884615,review_required,https://beian.cfdi.org.cn/CTMDS/pub/PUB010100.do?method=handle06&curPage=1&pageSize=100
459,cnha-pending-d2cb4412cc751864,The First Affiliated Hospital of Nanchang University Branch Donghu,cnha-ror-02g9jg318,南昌大学第三附属医院,Third Affiliated Hospital of Nanchang University,0.831683,review_required,https://ror.org/02g9jg318
464,cnha-pending-146f9e378be3acaa,"The First Affiliated Hospital, Zhejiang University",cnha-ror-05m1p5x56,First Affiliated Hospital Zhejiang University,First Affiliated Hospital Zhejiang University,0.964706,review_required,https://ror.org/05m1p5x56
464,cnha-pending-146f9e378be3acaa,"The First Affiliated Hospital, Zhejiang University",cnha-ror-059cjpv64,Second Affiliated Hospital of Zhejiang University,Second Affiliated Hospital of Zhejiang University,0.840909,review_required,https://ror.org/059cjpv64
466,cnha-pending-21afc989498dae1e,The Second Affiliated Hospital of Nanjing Medical University,cnha-ror-04pge2a40,Second Affiliated Hospital of Nanjing Medical University,Second Affiliated Hospital of Nanjing Medical University,0.970874,review_required,https://ror.org/04pge2a40
466,cnha-pending-21afc989498dae1e,The Second Affiliated Hospital of Nanjing Medical University,cnha-cfdi-6dae90ddc0a803335e342eb63d0590c0,南京市中医院,Third Affiliated Hospital of Nanjing Medical University,0.921569,review_required,https://beian.cfdi.org.cn/CTMDS/pub/PUB010100.do?method=handle06&curPage=7&pageSize=100
466,cnha-pending-21afc989498dae1e,The Second Affiliated Hospital of Nanjing Medical University,cnha-cfdi-382ba8b0c0a803335b4ce03a0dba2371,南京医科大学第一附属医院,First Affiliated Hospital of Nanjing Medical University,0.882353,review_required,https://beian.cfdi.org.cn/CTMDS/pub/PUB010100.do?method=handle06&curPage=9&pageSize=100
467,cnha-pending-2cdbd565725e28ad,The First Affiliated Hospital of Jinzhou Medical University,cnha-ror-00yx0s761,First Affiliated Hospital of Liaoning Medical University,First Affiliated Hospital of Liaoning Medical University,0.862745,review_required,https://ror.org/00yx0s761
468,cnha-pending-3b248bc11f0da5f2,The university of Hong Kong-Shenzhen Hospital,cnha-cfdi-8f069e4dc0a8033311493fedc11ca1b2,香港大学深圳医院,University of Hong Kong - Shenzhen Hospital,0.96,review_required,https://beian.cfdi.org.cn/CTMDS/pub/PUB010100.do?method=handle06&curPage=1&pageSize=100
469,cnha-pending-6f751e771a907943,Jilin Province People's Hospital,cnha-cfdi-0b0c702ac0a803331bfa908b88234450,吉林省人民医院,Jilin People's Hospital,0.833333,review_required,https://beian.cfdi.org.cn/CTMDS/pub/PUB010100.do?method=handle06&curPage=2&pageSize=100
469,cnha-pending-6f751e771a907943,Jilin Province People's Hospital,cnha-cfdi-3340923cc0a803335613d72a9247a1b9,吉林省肿瘤医院,Jilin Province Tumor Hospital,0.814815,review_required,https://beian.cfdi.org.cn/CTMDS/pub/PUB010100.do?method=handle06&curPage=6&pageSize=100
471,cnha-pending-8a5d4200fe45dab9,"The Third Affiliated Hospital, Sun Yat-Sen University",cnha-ror-04tm3k558,Third Affiliated Hospital of Sun Yat-sen University,Third Affiliated Hospital of Sun Yat-sen University,0.94382,review_required,https://ror.org/04tm3k558
471,cnha-pending-8a5d4200fe45dab9,"The Third Affiliated Hospital, Sun Yat-Sen University",cnha-cfdi-3ce595d2c0a803333acc798da7cf0c71,中山大学附属第一医院,"The First Affiliated Hospital, Sun Yat-sen University",0.933333,review_required,https://beian.cfdi.org.cn/CTMDS/pub/PUB010100.do?method=handle06&curPage=1&pageSize=100
471,cnha-pending-8a5d4200fe45dab9,"The Third Affiliated Hospital, Sun Yat-Sen University",cnha-cfdi-27288bcdc0a8033311523e0dfe55b3ff,中山大学附属第六医院,Sixth Affiliated Hospital of Sun Yat-sen University,0.876404,review_required,https://beian.cfdi.org.cn/CTMDS/pub/PUB010100.do?method=handle06&curPage=1&pageSize=100
472,cnha-pending-9d3a9e45d4f9c796,"Sixth Affiliated Hospital, Sun Yat-sen University",cnha-cfdi-27288bcdc0a8033311523e0dfe55b3ff,中山大学附属第六医院,Sixth Affiliated Hospital of Sun Yat-sen University,0.976744,review_required,https://beian.cfdi.org.cn/CTMDS/pub/PUB010100.do?method=handle06&curPage=1&pageSize=100
472,cnha-pending-9d3a9e45d4f9c796,"Sixth Affiliated Hospital, Sun Yat-sen University",cnha-cfdi-3ce595d2c0a803333acc798da7cf0c71,中山大学附属第一医院,"First Affiliated Hospital, Sun Yat-sen University",0.928571,review_required,https://beian.cfdi.org.cn/CTMDS/pub/PUB010100.do?method=handle06&curPage=1&pageSize=100
472,cnha-pending-9d3a9e45d4f9c796,"Sixth Affiliated Hospital, Sun Yat-sen University",cnha-ror-04tm3k558,Third Affiliated Hospital of Sun Yat-sen University,Third Affiliated Hospital of Sun Yat-sen University,0.906977,review_required,https://ror.org/04tm3k558
475,cnha-pending-bb2105c02c4681d2,Children's Hospital of Soochow University,cnha-ror-05a9skj35,Children's Hospital of Suzhou University,Children's Hospital of Suzhou University,0.901408,review_required,https://ror.org/05a9skj35
479,cnha-pending-036dd84ef26088bd,Shanghai Zhongshan Hospital,cnha-cfdi-aaf35c6ec0a803332e232c9de3002662,复旦大学附属中山医院,Zhongshan Hospital,0.809524,review_required,https://beian.cfdi.org.cn/CTMDS/pub/PUB010100.do?method=handle06&curPage=2&pageSize=100
479,cnha-pending-036dd84ef26088bd,Shanghai Zhongshan Hospital,cnha-cfdi-a15cc9cbc0a8033339bd35fd623e7255,上海市浦东医院,Shanghai Pudong Hospital,0.808511,review_required,https://beian.cfdi.org.cn/CTMDS/pub/PUB010100.do?method=handle06&curPage=4&pageSize=100
482,cnha-pending-b1e8f81b9d50ece1,Second Affiliated Hospital Zhejiang University School of Medicine,cnha-ror-059cjpv64,Second Affiliated Hospital of Zhejiang University,Second Affiliated Hospital of Zhejiang University,0.823529,review_required,https://ror.org/059cjpv64
483,cnha-pending-cb75d8c7dd60436b,The Third Hospital of Changsha,cnha-ror-04w3qme09,Third Hospital of Changsha,Third Hospital of Changsha,0.938776,review_required,https://ror.org/04w3qme09
483,cnha-pending-cb75d8c7dd60436b,The Third Hospital of Changsha,cnha-cfdi-13cd3688c0a8033335a695c8d55c6e3d,长沙市第一医院,The First Hospital of Changsha,0.884615,review_required,https://beian.cfdi.org.cn/CTMDS/pub/PUB010100.do?method=handle06&curPage=9&pageSize=100
483,cnha-pending-cb75d8c7dd60436b,The Third Hospital of Changsha,cnha-cfdi-0f96ca2bc0a80333003c85b5667dfb42,长沙市第四医院,Fourth Hospital of Changsha,0.8,review_required,https://beian.cfdi.org.cn/CTMDS/pub/PUB010100.do?method=handle06&curPage=7&pageSize=100
484,cnha-pending-d7a2307f563008c7,The Second Hospital of Shandong University,cnha-ror-01fd86n56,Second Hospital of Shandong University,Second Hospital of Shandong University,0.957746,review_required,https://ror.org/01fd86n56
484,cnha-pending-d7a2307f563008c7,The Second Hospital of Shandong University,cnha-ror-056ef9489,Qilu Hospital of Shandong University,Qilu Hospital of Shandong University,0.811594,review_required,https://ror.org/056ef9489
487,cnha-pending-e2f812b7060b0c16,"Cancer Hospital,Fudan University",cnha-cfdi-18e1e4e6c0a8033309dd544ae217ced3,复旦大学附属金山医院,Jinshan Hospital of Fudan University,0.819672,review_required,https://beian.cfdi.org.cn/CTMDS/pub/PUB010100.do?method=handle06&curPage=4&pageSize=100
491,cnha-pending-33eef1b0a4832f7c,Affiliated Hospital of Guilin Medical University,cnha-ror-03cmqpr17,Affiliated Hospital of Guilin Medical College,Affiliated Hospital of Guilin Medical College,0.819277,review_required,https://ror.org/03cmqpr17
492,cnha-pending-3cd9e48cb3055b9c,The Second Hospital of Anhui Medical University,cnha-cfdi-6ef3ba1fc0a803335a951950d4a738de,安徽医科大学第二附属医院,Second Hospital of Anhui Medical University,0.962025,review_required,https://beian.cfdi.org.cn/CTMDS/pub/PUB010100.do?method=handle06&curPage=1&pageSize=100
492,cnha-pending-3cd9e48cb3055b9c,The Second Hospital of Anhui Medical University,cnha-cfdi-f9225458c0a8033321f824bbb774a21f,安徽医科大学第一附属医院,The First Affiliated Hospital of Anhui Medical University,0.835165,review_required,https://beian.cfdi.org.cn/CTMDS/pub/PUB010100.do?method=handle06&curPage=5&pageSize=100
492,cnha-pending-3cd9e48cb3055b9c,The Second Hospital of Anhui Medical University,cnha-ror-05x9zm716,安徽医科大学第四附属医院,Fourth Affiliated Hospital of Anhui Medical University,0.808989,review_required,https://ror.org/05x9zm716
494,cnha-pending-94a9598b45b7d739,Xuan Wu Hospital,cnha-cfdi-03936a7cc0a803336ea258b096c459d4,中国中医科学院西苑医院,Xiyuan Hospital,0.857143,review_required,https://beian.cfdi.org.cn/CTMDS/pub/PUB010100.do?method=handle06&curPage=4&pageSize=100
496,cnha-pending-9f37dd93a6164930,The First Affiliated Hospital of Guangzhou University of Chinese Medicine,cnha-ror-01mxpdw03,First Affiliated Hospital of Guangzhou University of Chinese Medicine,First Affiliated Hospital of Guangzhou University of Chinese Medicine,0.976,review_required,https://ror.org/01mxpdw03
496,cnha-pending-9f37dd93a6164930,The First Affiliated Hospital of Guangzhou University of Chinese Medicine,cnha-cfdi-ea0d4158c0a8033303db75e4c5aa1975,广东省中医院,Second Affiliated Hospital of Guangzhou University of Traditional Chinese Medicine,0.832117,review_required,https://beian.cfdi.org.cn/CTMDS/pub/PUB010100.do?method=handle06&curPage=1&pageSize=100
498,cnha-pending-c25c4825b7945d65,Shanghai Changhai Hospital,cnha-ror-0103dxn66,Shanghai Changzheng Hospital,Shanghai Changzheng Hospital,0.88,review_required,https://ror.org/0103dxn66
498,cnha-pending-c25c4825b7945d65,Shanghai Changhai Hospital,cnha-ror-03fjc3817,Shanghai Chest Hospital,Shanghai Chest Hospital,0.8,review_required,https://ror.org/03fjc3817
498,cnha-pending-c25c4825b7945d65,Shanghai Changhai Hospital,cnha-ror-02bjs0p66,Changhai Hospital,Changhai Hospital,0.8,review_required,https://ror.org/02bjs0p66
499,cnha-pending-da90b27fc7e2af84,The fourth hospital of Hebei Medical University,cnha-cfdi-72402946c0a80333358e0b3c7b0e665c,河北医科大学第四医院,Fourth Hospital of Hebei Medical University,0.962025,review_required,https://beian.cfdi.org.cn/CTMDS/pub/PUB010100.do?method=handle06&curPage=3&pageSize=100
499,cnha-pending-da90b27fc7e2af84,The fourth hospital of Hebei Medical University,cnha-cfdi-f04b3a1bc0a803331df9ed77fa224b2e,河北医科大学第三医院,Third Hospital of Hebei Medical University,0.897436,review_required,https://beian.cfdi.org.cn/CTMDS/pub/PUB010100.do?method=handle06&curPage=5&pageSize=100
499,cnha-pending-da90b27fc7e2af84,The fourth hospital of Hebei Medical University,cnha-ror-015ycqv20,Second Hospital of Hebei Medical University,Second Hospital of Hebei Medical University,0.860759,review_required,https://ror.org/015ycqv20
501,cnha-pending-ddc49318d1999e09,The First Affiliated Hospital of Suzhou University,cnha-cfdi-b5cd6543c0a803330d96755e77d8daa5,苏州大学附属第一医院,First Affiliated Hospital of Soochow University,0.883721,review_required,https://beian.cfdi.org.cn/CTMDS/pub/PUB010100.do?method=handle06&curPage=9&pageSize=100
501,cnha-pending-ddc49318d1999e09,The First Affiliated Hospital of Suzhou University,cnha-cfdi-1d696d32c0a803331506764268553b23,苏州大学附属第四医院,The Fourth Affiliated Hospital of Soochow University,0.866667,review_required,https://beian.cfdi.org.cn/CTMDS/pub/PUB010100.do?method=handle06&curPage=14&pageSize=100
507,cnha-pending-19cd715a36b0d9f9,"Beijing You An Hospital, Capital Medical University",cnha-cfdi-312ade48c0a803330dbbe4dc78900ab2,首都医科大学附属北京朝阳医院,"Beijing Chao-Yang Hospital, Capital Medical University",0.923077,review_required,https://beian.cfdi.org.cn/CTMDS/pub/PUB010100.do?method=handle06&curPage=4&pageSize=100
507,cnha-pending-19cd715a36b0d9f9,"Beijing You An Hospital, Capital Medical University",cnha-cfdi-447c2c0fc0a8033306e7455935ce5d05,首都医科大学附属北京潞河医院,Beijing Luhe Hospital Affiliated to Capital Medical University,0.808081,review_required,https://beian.cfdi.org.cn/CTMDS/pub/PUB010100.do?method=handle06&curPage=1&pageSize=100
507,cnha-pending-19cd715a36b0d9f9,"Beijing You An Hospital, Capital Medical University",cnha-ror-00k7r7f88,北京市老年病医疗研究中心,Xuan Wu Hospital of the Capital Medical University,0.804598,review_required,https://ror.org/00k7r7f88
508,cnha-pending-27c18a196547ceaf,The Second Affiliated Hospital of Anhui Medical University,cnha-cfdi-6ef3ba1fc0a803335a951950d4a738de,安徽医科大学第二附属医院,Second Affiliated Hospital of Anhui Medical University,0.969697,review_required,https://beian.cfdi.org.cn/CTMDS/pub/PUB010100.do?method=handle06&curPage=1&pageSize=100
508,cnha-pending-27c18a196547ceaf,The Second Affiliated Hospital of Anhui Medical University,cnha-cfdi-f9225458c0a8033321f824bbb774a21f,安徽医科大学第一附属医院,The First Affiliated Hospital of Anhui Medical University,0.910891,review_required,https://beian.cfdi.org.cn/CTMDS/pub/PUB010100.do?method=handle06&curPage=5&pageSize=100
508,cnha-pending-27c18a196547ceaf,The Second Affiliated Hospital of Anhui Medical University,cnha-ror-05x9zm716,安徽医科大学第四附属医院,Fourth Affiliated Hospital of Anhui Medical University,0.888889,review_required,https://ror.org/05x9zm716
509,cnha-pending-36dfe4c595da3672,Peking University Cancer Hospital & Institute,cnha-cfdi-6dbec404c0a803332f72931bc454ee4e,北京肿瘤医院,Peking University Cancer Hospital,0.857143,review_required,https://beian.cfdi.org.cn/CTMDS/pub/PUB010100.do?method=handle06&curPage=1&pageSize=100
510,cnha-pending-570b30087304d115,Tongji Hospital affiliated to Tongji Medical College of Huazhong University of Science & Technology,cnha-cfdi-cfc87cfdc0a8033370f2b59ea8bf5206,华中科技大学同济医学院附属协和医院,Union Hospital of Tongji Medical College of Huazhong University of Science and Technology,0.858896,review_required,https://beian.cfdi.org.cn/CTMDS/pub/PUB010100.do?method=handle06&curPage=1&pageSize=100
511,cnha-pending-8a4d64d160e0d52c,"The Fifth Affiliated Hospital, Sun Yat-Sen University",cnha-ror-023te5r95,Fifth Affiliated Hospital of Sun Yat-sen University,Fifth Affiliated Hospital of Sun Yat-sen University,0.94382,review_required,https://ror.org/023te5r95
513,cnha-pending-e639497cd51dc025,The First Affiliated Hospital of Nanjing Medical University,cnha-cfdi-382ba8b0c0a803335b4ce03a0dba2371,南京医科大学第一附属医院,First Affiliated Hospital of Nanjing Medical University,0.970297,review_required,https://beian.cfdi.org.cn/CTMDS/pub/PUB010100.do?method=handle06&curPage=9&pageSize=100
513,cnha-pending-e639497cd51dc025,The First Affiliated Hospital of Nanjing Medical University,cnha-cfdi-6dae90ddc0a803335e342eb63d0590c0,南京市中医院,Third Affiliated Hospital of Nanjing Medical University,0.950495,review_required,https://beian.cfdi.org.cn/CTMDS/pub/PUB010100.do?method=handle06&curPage=7&pageSize=100
513,cnha-pending-e639497cd51dc025,The First Affiliated Hospital of Nanjing Medical University,cnha-ror-04pge2a40,Second Affiliated Hospital of Nanjing Medical University,Second Affiliated Hospital of Nanjing Medical University,0.882353,review_required,https://ror.org/04pge2a40
514,cnha-pending-f9d706fe6cbf81dd,Tangdu Hospital,cnha-ror-04yvdan45,Tang Du Hospital,Tang Du Hospital,1.0,review_required,https://ror.org/04yvdan45
524,cnha-pending-0a5d1fa408495bae,Jinhua Municipal Central Hospital,cnha-cfdi-91ae13e4c0a803334363b0261c5172c2,金华市中心医院,Jinhua Central Hospital,0.823529,review_required,https://beian.cfdi.org.cn/CTMDS/pub/PUB010100.do?method=handle06&curPage=7&pageSize=100
525,cnha-pending-19b78893794ebfe4,Shanghai Tongji Hospital,cnha-cfdi-a15cc9cbc0a8033339bd35fd623e7255,上海市浦东医院,Shanghai Pudong Hospital,0.863636,review_required,https://beian.cfdi.org.cn/CTMDS/pub/PUB010100.do?method=handle06&curPage=4&pageSize=100
525,cnha-pending-19b78893794ebfe4,Shanghai Tongji Hospital,cnha-ror-038xmzj21,Shanghai East Hospital,Shanghai East Hospital,0.809524,review_required,https://ror.org/038xmzj21
527,cnha-pending-4b033763f1d2db81,Affiliated Hospital of Chengde Medical University,cnha-cfdi-44db4bffc0a8033313e33b5544492482,承德医学院附属医院,Affiliated Hospital of Chengde Medical College,0.823529,review_required,https://beian.cfdi.org.cn/CTMDS/pub/PUB010100.do?method=handle06&curPage=9&pageSize=100
528,cnha-pending-b9dfe0b201be9802,"Beijing Ditan Hospital, Capital Medical University",cnha-cfdi-312ade48c0a803330dbbe4dc78900ab2,首都医科大学附属北京朝阳医院,"Beijing Chao-Yang Hospital, Capital Medical University",0.901099,review_required,https://beian.cfdi.org.cn/CTMDS/pub/PUB010100.do?method=handle06&curPage=4&pageSize=100
529,cnha-pending-c8a85e8585d4b333,The First Affiliated Hospital of Guangdong Pharmaceutical University,cnha-cfdi-3bbb9b13c0a80333757b560b5ab9e182,广东药科大学附属第一医院,First Affiliated Hospital of Guangdong Pharmaceutical University,0.97479,review_required,https://beian.cfdi.org.cn/CTMDS/pub/PUB010100.do?method=handle06&curPage=3&pageSize=100
529,cnha-pending-c8a85e8585d4b333,The First Affiliated Hospital of Guangdong Pharmaceutical University,cnha-ror-04tm3k558,Third Affiliated Hospital of Sun Yat-sen University,Third Affiliated Hospital of Zhongshan Medical University,0.803571,review_required,https://ror.org/04tm3k558
529,cnha-pending-c8a85e8585d4b333,The First Affiliated Hospital of Guangdong Pharmaceutical University,cnha-cfdi-3bbe3ceec0a803331320f715d583ef2c,广州医科大学附属第一医院,First Affiliated Hospital of Guangzhou Medical University,0.803571,review_required,https://beian.cfdi.org.cn/CTMDS/pub/PUB010100.do?method=handle06&curPage=3&pageSize=100
530,cnha-pending-dc75afd1336cf4d6,"West China Second University Hospital, Sichuan University",cnha-ror-00726et14,West China Second University Hospital of Sichuan University,West China Second University Hospital of Sichuan University,0.980392,review_required,https://ror.org/00726et14
530,cnha-pending-dc75afd1336cf4d6,"West China Second University Hospital, Sichuan University",cnha-cfdi-ed4d836ec0a803330121353252f3a595,成都市双流区第一人民医院,West China Airport Hospital Sichuan University,0.813187,review_required,https://beian.cfdi.org.cn/CTMDS/pub/PUB010100.do?method=handle06&curPage=13&pageSize=100
530,cnha-pending-dc75afd1336cf4d6,"West China Second University Hospital, Sichuan University",cnha-cfdi-1ee7cbacc0a803333781c82ae9b72a5d,四川大学华西医院,"West China Hospital, Sichuan University",0.809524,review_required,https://beian.cfdi.org.cn/CTMDS/pub/PUB010100.do?method=handle06&curPage=3&pageSize=100
531,cnha-pending-ee7be2344ea035c3,"Sir Run Run Shaw Hospital, School of Medicine, Zhejiang University",cnha-cfdi-b7d8b816c0a80333148e2d188b047f39,浙江大学医学院附属妇产科医院,"Women's Hospital, School of Medicine, Zhejiang University",0.854369,review_required,https://beian.cfdi.org.cn/CTMDS/pub/PUB010100.do?method=handle06&curPage=5&pageSize=100
536,cnha-pending-0e4cfe554f329f8b,The First Affiliated Hospital of Sun Yat-sen University,cnha-cfdi-3ce595d2c0a803333acc798da7cf0c71,中山大学附属第一医院,"The First Affiliated Hospital, Sun Yat-sen University",0.978261,review_required,https://beian.cfdi.org.cn/CTMDS/pub/PUB010100.do?method=handle06&curPage=1&pageSize=100
536,cnha-pending-0e4cfe554f329f8b,The First Affiliated Hospital of Sun Yat-sen University,cnha-ror-04tm3k558,Third Affiliated Hospital of Sun Yat-sen University,Third Affiliated Hospital of Sun Yat-sen University,0.945055,review_required,https://ror.org/04tm3k558
536,cnha-pending-0e4cfe554f329f8b,The First Affiliated Hospital of Sun Yat-sen University,cnha-cfdi-27288bcdc0a8033311523e0dfe55b3ff,中山大学附属第六医院,Sixth Affiliated Hospital of Sun Yat-sen University,0.901099,review_required,https://beian.cfdi.org.cn/CTMDS/pub/PUB010100.do?method=handle06&curPage=1&pageSize=100
541,cnha-pending-376b9f6e5b470f2a,Affiliated Cancer Hospital of Harbin Medical University,cnha-ror-05vy2sc54,First Affiliated Hospital of Harbin Medical University,First Affiliated Hospital of Harbin Medical University,0.886598,review_required,https://ror.org/05vy2sc54
541,cnha-pending-376b9f6e5b470f2a,Affiliated Cancer Hospital of Harbin Medical University,cnha-cfdi-4ab33e0bc0a8033302630a51547a45f3,哈尔滨医科大学附属肿瘤医院,Third Affiliated Hospital of Harbin Medical University,0.886598,review_required,https://beian.cfdi.org.cn/CTMDS/pub/PUB010100.do?method=handle06&curPage=3&pageSize=100
541,cnha-pending-376b9f6e5b470f2a,Affiliated Cancer Hospital of Harbin Medical University,cnha-ror-02s7c9e98,哈尔滨医科大学第四附属医院,Fourth Affiliated Hospital of Harbin Medical University,0.877551,review_required,https://ror.org/02s7c9e98
543,cnha-pending-afe15d3d9b52197e,The First People's Hospital of Foshan,cnha-ror-01cqwmh55,First People's Hospital of Foshan,First People's Hospital of Foshan,0.949153,review_required,https://ror.org/01cqwmh55
545,cnha-pending-c72c066351cf0dc6,The 2nd Affiliated Hospital of Harbin Medical University,cnha-cfdi-4ab33e0bc0a8033302630a51547a45f3,哈尔滨医科大学附属肿瘤医院,Third Affiliated Hospital of Harbin Medical University,0.948454,review_required,https://beian.cfdi.org.cn/CTMDS/pub/PUB010100.do?method=handle06&curPage=3&pageSize=100
545,cnha-pending-c72c066351cf0dc6,The 2nd Affiliated Hospital of Harbin Medical University,cnha-cfdi-2582affec0a8033369862c097264a444,哈尔滨医科大学附属第二医院,Second Affiliated Hospital of Harbin Medical University,0.938776,review_required,https://beian.cfdi.org.cn/CTMDS/pub/PUB010100.do?method=handle06&curPage=4&pageSize=100
545,cnha-pending-c72c066351cf0dc6,The 2nd Affiliated Hospital of Harbin Medical University,cnha-ror-02s7c9e98,哈尔滨医科大学第四附属医院,Fourth Affiliated Hospital of Harbin Medical University,0.918367,review_required,https://ror.org/02s7c9e98
546,cnha-pending-c7dd5359b9a76f5d,Hangzhou Third People's Hospital,cnha-cfdi-e9931cafc0a80333076533365daf5152,杭州市第一人民医院,Hangzhou First People's Hospital,0.892857,review_required,https://beian.cfdi.org.cn/CTMDS/pub/PUB010100.do?method=handle06&curPage=2&pageSize=100
548,cnha-pending-d822cd7e25eb3884,Wuhan Central Hospital,cnha-ror-0380dcc73,武汉市第七医院,Wuhan Seventh Hospital,0.8,review_required,https://ror.org/0380dcc73
549,cnha-pending-f292f3fc8d85e7b4,First Affiliated Hospital of Medical College of Xi'an Jiaotong University,cnha-ror-02tbvhh96,First Affiliated Hospital of Xi'an Jiaotong University,First Affiliated Hospital of Xi'an Jiaotong University,0.854545,review_required,https://ror.org/02tbvhh96
549,cnha-pending-f292f3fc8d85e7b4,First Affiliated Hospital of Medical College of Xi'an Jiaotong University,cnha-cfdi-637b975dc0a803333264020224c4f75d,陕西省人民医院,Third Affiliated Hospital of Xi'an Jiaotong University,0.8,review_required,https://beian.cfdi.org.cn/CTMDS/pub/PUB010100.do?method=handle06&curPage=3&pageSize=100
553,cnha-pending-0cc534aafa6b2402,The third Affiliated Hospital of Guangzhou Medical University,cnha-cfdi-a31d20a3c0a803333f0784da0389236b,广州医科大学附属第三医院,Third Affiliated Hospital of Guangzhou Medical University,0.971429,review_required,https://beian.cfdi.org.cn/CTMDS/pub/PUB010100.do?method=handle06&curPage=2&pageSize=100
553,cnha-pending-0cc534aafa6b2402,The third Affiliated Hospital of Guangzhou Medical University,cnha-cfdi-3bbe3ceec0a803331320f715d583ef2c,广州医科大学附属第一医院,First Affiliated Hospital of Guangzhou Medical University,0.914286,review_required,https://beian.cfdi.org.cn/CTMDS/pub/PUB010100.do?method=handle06&curPage=3&pageSize=100
553,cnha-pending-0cc534aafa6b2402,The third Affiliated Hospital of Guangzhou Medical University,cnha-cfdi-3d0b67a2c0a8033370b2e48f7b5c9870,广州医科大学附属第二医院,Second Affiliated Hospital of Guangzhou Medical University,0.90566,review_required,https://beian.cfdi.org.cn/CTMDS/pub/PUB010100.do?method=handle06&curPage=2&pageSize=100
559,cnha-pending-75a7ed9d28bcf75d,First Affiliated Hospital of Xi 'an Jiaotong University,cnha-ror-02tbvhh96,First Affiliated Hospital of Xi'an Jiaotong University,First Affiliated Hospital of Xi'an Jiaotong University,1.0,review_required,https://ror.org/02tbvhh96
559,cnha-pending-75a7ed9d28bcf75d,First Affiliated Hospital of Xi 'an Jiaotong University,cnha-cfdi-637b975dc0a803333264020224c4f75d,陕西省人民医院,Third Affiliated Hospital of Xi'an Jiaotong University,0.93617,review_required,https://beian.cfdi.org.cn/CTMDS/pub/PUB010100.do?method=handle06&curPage=3&pageSize=100
559,cnha-pending-75a7ed9d28bcf75d,First Affiliated Hospital of Xi 'an Jiaotong University,cnha-ror-03aq7kf18,Second Affiliated Hospital of Xi'an Jiaotong University,Second Affiliated Hospital of Xi'an Jiaotong University,0.905263,review_required,https://ror.org/03aq7kf18
560,cnha-pending-7f31e99920edcb9c,Guangxi Medical University Cancer Hospital,cnha-ror-051mn8706,广西医科大学肿瘤医院,Guangxi Medical University Affiliated Tumour Hospital,0.813953,review_required,https://ror.org/051mn8706
562,cnha-pending-8818733913ac51dd,Fuwai Hospital Chinese Academy of Medical Sciences,cnha-cfdi-31c61602c0a803336b55426e8e04a4da,中国医学科学院肿瘤医院,Cancer Hospital of Chinese Academy of Medical Sciences,0.879121,review_required,https://beian.cfdi.org.cn/CTMDS/pub/PUB010100.do?method=handle06&curPage=4&pageSize=100
565,cnha-pending-c3fd409647f16cb1,Central Hospital Affiliated To Shandong First Medical University,cnha-cfdi-377cbc83c0a8033328258152d0df5c96,济南市中心医院,Jinan Central Hospital Affiliated to Shandong University,0.841121,review_required,https://beian.cfdi.org.cn/CTMDS/pub/PUB010100.do?method=handle06&curPage=3&pageSize=100
566,cnha-pending-c70b973dabba82e6,Tianjin Medical University Cancer Hospital,cnha-cfdi-214a1071c0a8033329decd493fe7ec5e,天津医科大学总医院,Tianjin Medical University General Hospital,0.909091,review_required,https://beian.cfdi.org.cn/CTMDS/pub/PUB010100.do?method=handle06&curPage=1&pageSize=100
566,cnha-pending-c70b973dabba82e6,Tianjin Medical University Cancer Hospital,cnha-ror-04j2cfe69,Tianjin Medical University Eye Hospital,Tianjin Medical University Eye Hospital,0.90411,review_required,https://ror.org/04j2cfe69
566,cnha-pending-c70b973dabba82e6,Tianjin Medical University Cancer Hospital,cnha-cfdi-f38bbd78c0a80333056a73b8390ed2c2,天津市肿瘤医院,Tianjin Medical University Cancer Institute and Hospital,0.863636,review_required,https://beian.cfdi.org.cn/CTMDS/pub/PUB010100.do?method=handle06&curPage=9&pageSize=100
567,cnha-pending-e3636c017a5a6e6e,The Affiliated Hospital of Xuzhou Medical College,cnha-ror-04yrcjm56,徐州医学院第二附属医院,Second Affiliated Hospital of Xuzhou Medical College,0.921348,review_required,https://ror.org/04yrcjm56
569,cnha-pending-fa7bb908bcb2b2c9,Eastern hepatobilliary surgery hospital,cnha-ror-043sbvg03,东方肝胆外科医院,Eastern Hepatobiliary Surgery Hospital,0.985915,review_required,https://ror.org/043sbvg03
581,cnha-pending-21374c1954eb6a9c,CANGZHOU People's Hospital,cnha-ror-03ssa1s98,Cangzhou Hospital of Integrated Traditional Chinese and Western Medicine of Hebei Province,Cangzhou Second Hospital,0.8,review_required,https://ror.org/03ssa1s98
583,cnha-pending-59ab22138e0df23e,The Second Affiliated Hospital and Yuying Children's Hospital of Wenzhou Medical University,cnha-cfdi-22a5b04ac0a8033307695169cc0ae397,温州医科大学附属第二医院,Second Affiliated Hospital & Yuying Children's Hospital of Wenzhou Medical University,0.954248,review_required,https://beian.cfdi.org.cn/CTMDS/pub/PUB010100.do?method=handle06&curPage=2&pageSize=100
585,cnha-pending-8a0d0f1ca352cb94,Shanghai Rui Jin Hospital,cnha-cfdi-a15cc9cbc0a8033339bd35fd623e7255,上海市浦东医院,Shanghai Pudong Hospital,0.818182,review_required,https://beian.cfdi.org.cn/CTMDS/pub/PUB010100.do?method=handle06&curPage=4&pageSize=100
586,cnha-pending-96977a85ef022a6c,"Guang'anmen Hospital, China Academy of Chinese Medical Sciences",cnha-cfdi-e316dc10c0a803330c04ed74c08fb93d,中国中医科学院望京医院,Wangjing Hospital of China Academy of Chinese Medical Sciences,0.888889,review_required,https://beian.cfdi.org.cn/CTMDS/pub/PUB010100.do?method=handle06&curPage=9&pageSize=100
588,cnha-pending-bbec594abe503ecc,The sixth Affiliated Hospital of Sun Yat-sen University,cnha-cfdi-27288bcdc0a8033311523e0dfe55b3ff,中山大学附属第六医院,Sixth Affiliated Hospital of Sun Yat-sen University,0.967033,review_required,https://beian.cfdi.org.cn/CTMDS/pub/PUB010100.do?method=handle06&curPage=1&pageSize=100
588,cnha-pending-bbec594abe503ecc,The sixth Affiliated Hospital of Sun Yat-sen University,cnha-ror-04tm3k558,Third Affiliated Hospital of Sun Yat-sen University,Third Affiliated Hospital of Sun Yat-sen University,0.923077,review_required,https://ror.org/04tm3k558
588,cnha-pending-bbec594abe503ecc,The sixth Affiliated Hospital of Sun Yat-sen University,cnha-cfdi-3ce595d2c0a803333acc798da7cf0c71,中山大学附属第一医院,"The First Affiliated Hospital, Sun Yat-sen University",0.913043,review_required,https://beian.cfdi.org.cn/CTMDS/pub/PUB010100.do?method=handle06&curPage=1&pageSize=100
590,cnha-pending-fca7383f9a8a37fe,The Affiliated Hospital of Xuzhou Medical College,cnha-ror-04yrcjm56,徐州医学院第二附属医院,Second Affiliated Hospital of Xuzhou Medical College,0.921348,review_required,https://ror.org/04yrcjm56
592,cnha-pending-0a5e392d75ae10df,The First Hospital of Lanzhou University,cnha-cfdi-b45b220cc0a803337480611370b57181,兰州大学第一医院,First Hospital of Lanzhou University,0.955224,review_required,https://beian.cfdi.org.cn/CTMDS/pub/PUB010100.do?method=handle06&curPage=2&pageSize=100
593,cnha-pending-2da05855bbf44182,Taizhou Central Hospital,cnha-ror-040884w51,台州市中心医院,Taizhou Central Hospital,1.0,review_required,https://ror.org/040884w51
594,cnha-pending-6bf21d6b702828b5,Tongji Hospital of Tongji Medical College of Huazhong University of Science and Technology,cnha-cfdi-cfc87cfdc0a8033370f2b59ea8bf5206,华中科技大学同济医学院附属协和医院,Union Hospital of Tongji Medical College of Huazhong University of Science and Technology,0.954839,review_required,https://beian.cfdi.org.cn/CTMDS/pub/PUB010100.do?method=handle06&curPage=1&pageSize=100
597,cnha-pending-cae6c907119366cb,"Beijing Tongren Hospital, Cmu",cnha-cfdi-ee623edbc0a8033330de327baef0596f,首都医科大学附属北京同仁医院,Beijing Tongren Hospital,0.93617,review_required,https://beian.cfdi.org.cn/CTMDS/pub/PUB010100.do?method=handle06&curPage=4&pageSize=100
598,cnha-pending-e3327ebe9bd53bf1,"Daping Hospital, Third Military Medical University",cnha-ror-00fthae95,第三军医大学大坪医院,"Third Affiliated Hospital, Third Military Medical University",0.845361,review_required,https://ror.org/00fthae95
598,cnha-pending-e3327ebe9bd53bf1,"Daping Hospital, Third Military Medical University",cnha-ror-02d217z27,新桥医院,"Second Affiliated Hospital, Third Military Medical University",0.836735,review_required,https://ror.org/02d217z27
598,cnha-pending-e3327ebe9bd53bf1,"Daping Hospital, Third Military Medical University",cnha-ror-02jn36537,西南医院,"First Affiliated Hospital, Third Military Medical University",0.804124,review_required,https://ror.org/02jn36537
599,cnha-pending-ed339dc2a5e7e956,The first Affiliated Hospital of Shantou University Medical College,cnha-cfdi-e9603a52c0a803337902959920aa3a8d,汕头大学医学院第一附属医院,First Affiliated Hospital of Shantou University Medical College,0.973913,review_required,https://beian.cfdi.org.cn/CTMDS/pub/PUB010100.do?method=handle06&curPage=1&pageSize=100
599,cnha-pending-ed339dc2a5e7e956,The first Affiliated Hospital of Shantou University Medical College,cnha-cfdi-a67a543cc0a80333715ff1453326cb61,汕头大学医学院第二附属医院,Second Affiliated Hospital of Shantou University Medical College,0.896552,review_required,https://beian.cfdi.org.cn/CTMDS/pub/PUB010100.do?method=handle06&curPage=3&pageSize=100
599,cnha-pending-ed339dc2a5e7e956,The first Affiliated Hospital of Shantou University Medical College,cnha-cfdi-8e20a2dac0a80333543d3dd8675674e1,汕头大学医学院附属肿瘤医院,Cancer Hospital of Shantou University Medical College,0.811321,review_required,https://beian.cfdi.org.cn/CTMDS/pub/PUB010100.do?method=handle06&curPage=2&pageSize=100
603,cnha-pending-161dd7c392a45037,The Second People's Hospital of Hefei,cnha-ror-05mfr7w08,Third People's Hospital of Hefei,Third People's Hospital of Hefei,0.862069,review_required,https://ror.org/05mfr7w08
604,cnha-pending-2ee54a5802191454,The third hospital of Nanchang,cnha-ror-01h439d80,Third Hospital of Nanchang,Third Hospital of Nanchang,0.938776,review_required,https://ror.org/01h439d80
604,cnha-pending-2ee54a5802191454,The third hospital of Nanchang,cnha-ror-03037e419,南昌市第九医院官方网站,Ninth Hospital of Nanchang,0.816327,review_required,https://ror.org/03037e419
604,cnha-pending-2ee54a5802191454,The third hospital of Nanchang,cnha-ror-02g9jg318,南昌大学第三附属医院,First Hospital of Nanchang,0.816327,review_required,https://ror.org/02g9jg318
605,cnha-pending-33360cdd2ab37bb2,PLA General Hospital,cnha-ror-036dyz052,PLA Navy General Hospital,PLA Navy General Hospital,0.9,review_required,https://ror.org/036dyz052
605,cnha-pending-33360cdd2ab37bb2,PLA General Hospital,cnha-ror-04gw3ra78,中国人民解放军总医院,Chinese PLA General Hospital,0.837209,review_required,https://ror.org/04gw3ra78
605,cnha-pending-33360cdd2ab37bb2,PLA General Hospital,cnha-ror-00jy5cn48,煤炭总医院,Meitan General Hospital,0.820513,review_required,https://ror.org/00jy5cn48
606,cnha-pending-4bfbf59d21d92a45,Tianjin Eye Hospital,cnha-cfdi-c59865fbc0a8033357f5ad827184fd2d,天津市天津医院,Tianjin Hospital,0.909091,review_required,https://beian.cfdi.org.cn/CTMDS/pub/PUB010100.do?method=handle06&curPage=6&pageSize=100
606,cnha-pending-4bfbf59d21d92a45,Tianjin Eye Hospital,cnha-cfdi-13c9eaf7c0a8033352df6dbdc89113dd,天津市环湖医院,Tianjin Lake Hospital,0.864865,review_required,https://beian.cfdi.org.cn/CTMDS/pub/PUB010100.do?method=handle06&curPage=1&pageSize=100
606,cnha-pending-4bfbf59d21d92a45,Tianjin Eye Hospital,cnha-ror-00458wv14,Tianjin Beichen Hospital,Tianjin Beichen Hospital,0.85,review_required,https://ror.org/00458wv14
607,cnha-pending-5f0c862c0615efa4,The First Bethune Hospital of Jilin University,cnha-ror-051c4bd82,吉林大学第一医院科研教学楼,First Bethune Hospital of Jilin University,0.961039,review_required,https://ror.org/051c4bd82
607,cnha-pending-5f0c862c0615efa4,The First Bethune Hospital of Jilin University,cnha-cfdi-28c180c3c0a803337c9a4eaf72b893ea,吉林大学第一医院,The First Hospital of Jilin University,0.90411,review_required,https://beian.cfdi.org.cn/CTMDS/pub/PUB010100.do?method=handle06&curPage=3&pageSize=100
610,cnha-pending-85d37bad33931590,The Second People's Hospital of Yibin,cnha-ror-05xceke97,Second People’s Hospital of Yibin,Second People’s Hospital of Yibin,0.949153,review_required,https://ror.org/05xceke97
613,cnha-pending-95bf3ba969c4c622,The First People's Hospital of Changde City,cnha-cfdi-19e0f103c0a803336ebd2c700e31ac50,常德市第一人民医院,The First People's Hospital of Changde,0.941176,review_required,https://beian.cfdi.org.cn/CTMDS/pub/PUB010100.do?method=handle06&curPage=8&pageSize=100
615,cnha-pending-9ab7e7e1b670d4a6,Tongji Hospital of Tongji University,cnha-ror-03e4ys677,Tenth People's Hospital of Tongji University,Tenth People's Hospital of Tongji University,0.8,review_required,https://ror.org/03e4ys677
616,cnha-pending-9ad301aceb5ea3f9,Foshan First People's Hospital,cnha-cfdi-846375bac0a803337464390230129518,佛山市第二人民医院,Foshan Second People's Hospital,0.830189,review_required,https://beian.cfdi.org.cn/CTMDS/pub/PUB010100.do?method=handle06&curPage=19&pageSize=100
618,cnha-pending-bfd67dd64111a29a,The Fourth Affiliated Hospital of Harbin Medical University,cnha-ror-02s7c9e98,哈尔滨医科大学第四附属医院,Fourth Affiliated Hospital of Harbin Medical University,0.970297,review_required,https://ror.org/02s7c9e98
618,cnha-pending-bfd67dd64111a29a,The Fourth Affiliated Hospital of Harbin Medical University,cnha-cfdi-4ab33e0bc0a8033302630a51547a45f3,哈尔滨医科大学附属肿瘤医院,Third Affiliated Hospital of Harbin Medical University,0.92,review_required,https://beian.cfdi.org.cn/CTMDS/pub/PUB010100.do?method=handle06&curPage=3&pageSize=100
618,cnha-pending-bfd67dd64111a29a,The Fourth Affiliated Hospital of Harbin Medical University,cnha-cfdi-2582affec0a8033369862c097264a444,哈尔滨医科大学附属第二医院,Second Affiliated Hospital of Harbin Medical University,0.891089,review_required,https://beian.cfdi.org.cn/CTMDS/pub/PUB010100.do?method=handle06&curPage=4&pageSize=100
621,cnha-pending-e5e86875b998312e,Shanghai Tong Ren Hospital,cnha-cfdi-a15cc9cbc0a8033339bd35fd623e7255,上海市浦东医院,Shanghai Pudong Hospital,0.844444,review_required,https://beian.cfdi.org.cn/CTMDS/pub/PUB010100.do?method=handle06&curPage=4&pageSize=100
621,cnha-pending-e5e86875b998312e,Shanghai Tong Ren Hospital,cnha-ror-04a46mh28,Shanghai First People's Hospital,Shanghai General Hospital,0.826087,review_required,https://ror.org/04a46mh28
621,cnha-pending-e5e86875b998312e,Shanghai Tong Ren Hospital,cnha-ror-0103dxn66,Shanghai Changzheng Hospital,Shanghai Changzheng Hospital,0.816327,review_required,https://ror.org/0103dxn66
623,cnha-pending-f231d3fc38b9d21e,Tianjin Eye Hospital,cnha-cfdi-c59865fbc0a8033357f5ad827184fd2d,天津市天津医院,Tianjin Hospital,0.909091,review_required,https://beian.cfdi.org.cn/CTMDS/pub/PUB010100.do?method=handle06&curPage=6&pageSize=100
623,cnha-pending-f231d3fc38b9d21e,Tianjin Eye Hospital,cnha-cfdi-13c9eaf7c0a8033352df6dbdc89113dd,天津市环湖医院,Tianjin Lake Hospital,0.864865,review_required,https://beian.cfdi.org.cn/CTMDS/pub/PUB010100.do?method=handle06&curPage=1&pageSize=100
623,cnha-pending-f231d3fc38b9d21e,Tianjin Eye Hospital,cnha-ror-00458wv14,Tianjin Beichen Hospital,Tianjin Beichen Hospital,0.85,review_required,https://ror.org/00458wv14
637,cnha-pending-0032be6caa549808,People's Hospital of Zhengzhou,cnha-cfdi-a142e98bc0a803336a3b193e17e91236,河南省传染病医院,The Sixth People's Hospital of Zhengzhou,0.866667,review_required,https://beian.cfdi.org.cn/CTMDS/pub/PUB010100.do?method=handle06&curPage=5&pageSize=100
638,cnha-pending-1e76a7f5df1244da,The First Affiliated Hospital of Xinxiang Medical College,cnha-cfdi-370cbc66c0a80333260ea7d898e52ddf,河南省精神病医院,Second Affiliated Hospital of Xinxiang Medical College,0.877551,review_required,https://beian.cfdi.org.cn/CTMDS/pub/PUB010100.do?method=handle06&curPage=4&pageSize=100
638,cnha-pending-1e76a7f5df1244da,The First Affiliated Hospital of Xinxiang Medical College,cnha-ror-0278r4c85,First Affiliated Hospital of Xinxiang Medical University,First Affiliated Hospital of Xinxiang Medical University,0.82,review_required,https://ror.org/0278r4c85
642,cnha-pending-4740998d4a42417b,Shanxi Cancer Hospital,cnha-ror-02wh8xm70,Shanxi Eye Hospital,Shanxi Eye Hospital,0.810811,review_required,https://ror.org/02wh8xm70
643,cnha-pending-5ded5e318c64896a,Anhui Provincial Cancer Hospital,cnha-cfdi-85eb4b82c0a803331df18fb4918e3bf6,中国科学技术大学附属第一医院,Anhui Provincial Hospital,0.884615,review_required,https://beian.cfdi.org.cn/CTMDS/pub/PUB010100.do?method=handle06&curPage=6&pageSize=100
643,cnha-pending-5ded5e318c64896a,Anhui Provincial Cancer Hospital,cnha-cfdi-fff9474dc0a80333235f1a3d04d0fcc9,安徽省儿童医院,Anhui Provincial Children's Hospital,0.819672,review_required,https://beian.cfdi.org.cn/CTMDS/pub/PUB010100.do?method=handle06&curPage=12&pageSize=100
644,cnha-pending-65dfa134a874885b,"Union Hospital Affiliated to Tongji Medical College, Huazhong University of Science and Technology",cnha-cfdi-cfc87cfdc0a8033370f2b59ea8bf5206,华中科技大学同济医学院附属协和医院,"Union Hospital, Tongji Medical College, Huazhong University of Science and Technology",0.924051,review_required,https://beian.cfdi.org.cn/CTMDS/pub/PUB010100.do?method=handle06&curPage=1&pageSize=100
665,cnha-pending-1b29f5be24123efa,Nanfang Hospital of Southern Medical University,cnha-cfdi-56692f49c0a803335013e3da1634f3d6,南方医科大学第三附属医院,Third Affiliated Hospital of Southern Medical University,0.826087,review_required,https://beian.cfdi.org.cn/CTMDS/pub/PUB010100.do?method=handle06&curPage=10&pageSize=100
666,cnha-pending-1e5d861e7821d775,Shanghai 6th People's Hospital,cnha-ror-03vjkf643,上海第十人民医院,Shanghai Tenth People's Hospital,0.925926,review_required,https://ror.org/03vjkf643
666,cnha-pending-1e5d861e7821d775,Shanghai 6th People's Hospital,cnha-ror-010826a91,上海第九人民医院,Shanghai Ninth People's Hospital,0.925926,review_required,https://ror.org/010826a91
666,cnha-pending-1e5d861e7821d775,Shanghai 6th People's Hospital,cnha-ror-00gp99k74,上海交通大学医学院附属第三人民医院,Shanghai Third People's Hospital,0.925926,review_required,https://ror.org/00gp99k74
667,cnha-pending-25a74df2c4583ede,The Second People's Hospital of Hefei,cnha-ror-05mfr7w08,Third People's Hospital of Hefei,Third People's Hospital of Hefei,0.862069,review_required,https://ror.org/05mfr7w08
668,cnha-pending-2f7dec9e710b7958,Beijing Pinggu Hospital,cnha-ror-021ky1s64,北京安定医院,Beijing Anding Hospital,0.857143,review_required,https://ror.org/021ky1s64
668,cnha-pending-2f7dec9e710b7958,Beijing Pinggu Hospital,cnha-ror-03wgqqb38,北京回龙观医院,Beijing HuiLongGuan Hospital,0.851064,review_required,https://ror.org/03wgqqb38
668,cnha-pending-2f7dec9e710b7958,Beijing Pinggu Hospital,cnha-ror-02jwb5s28,Beijing Hospital,Beijing Hospital,0.833333,review_required,https://ror.org/02jwb5s28
669,cnha-pending-31600225e5d5ea94,Jining No.1 People's Hospital,cnha-cfdi-0f27c805c0a803332ce19ba6a765712a,济宁市第一人民医院,Jining First People's Hospital,0.84,review_required,https://beian.cfdi.org.cn/CTMDS/pub/PUB010100.do?method=handle06&curPage=10&pageSize=100
670,cnha-pending-418301169a83736a,"Beijing Anding Hospital, Capital Medical University",cnha-cfdi-312ade48c0a803330dbbe4dc78900ab2,首都医科大学附属北京朝阳医院,"Beijing Chao-Yang Hospital, Capital Medical University",0.913043,review_required,https://beian.cfdi.org.cn/CTMDS/pub/PUB010100.do?method=handle06&curPage=4&pageSize=100
673,cnha-pending-75fb4ef4504e1955,Beijing Tiantan Hospital Affiliated to Capital Medical University,cnha-cfdi-447c2c0fc0a8033306e7455935ce5d05,首都医科大学附属北京潞河医院,Beijing Luhe Hospital Affiliated to Capital Medical University,0.902655,review_required,https://beian.cfdi.org.cn/CTMDS/pub/PUB010100.do?method=handle06&curPage=1&pageSize=100
676,cnha-pending-7a24545778496b86,Guang'anmen Hospital of China Academy of Chinese Medical Sciences,cnha-cfdi-e316dc10c0a803330c04ed74c08fb93d,中国中医科学院望京医院,Wangjing Hospital of China Academy of Chinese Medical Sciences,0.909091,review_required,https://beian.cfdi.org.cn/CTMDS/pub/PUB010100.do?method=handle06&curPage=9&pageSize=100
677,cnha-pending-7e769e33aca9eac0,The First Affiliated Hospital of Xinjiang Medical University,cnha-cfdi-c96cb6cfc0a80333106c5822b7f9113e,新疆医科大学第一附属医院,First Affiliated Hospital of Xinjiang Medical University,0.970874,review_required,https://beian.cfdi.org.cn/CTMDS/pub/PUB010100.do?method=handle06&curPage=2&pageSize=100
677,cnha-pending-7e769e33aca9eac0,The First Affiliated Hospital of Xinjiang Medical University,cnha-ror-04f970v93,Fifth Affiliated Hospital of Xinjiang Medical University,Fifth Affiliated Hospital of Xinjiang Medical University,0.912621,review_required,https://ror.org/04f970v93
677,cnha-pending-7e769e33aca9eac0,The First Affiliated Hospital of Xinjiang Medical University,cnha-ror-03r4az639,Sixth Affiliated Hospital of Xinjiang Medical University,Sixth Affiliated Hospital of Xinjiang Medical University,0.912621,review_required,https://ror.org/03r4az639
679,cnha-pending-b9f81022676b4719,First affiliated hospital of Zhejiang University,cnha-ror-05m1p5x56,First Affiliated Hospital Zhejiang University,First Affiliated Hospital Zhejiang University,0.97619,review_required,https://ror.org/05m1p5x56
679,cnha-pending-b9f81022676b4719,First affiliated hospital of Zhejiang University,cnha-ror-059cjpv64,Second Affiliated Hospital of Zhejiang University,Second Affiliated Hospital of Zhejiang University,0.896552,review_required,https://ror.org/059cjpv64
681,cnha-pending-d50b2f9077014efb,"Tongji Hospital, Tongji Medical College of Huazhong University of Science and Technology",cnha-cfdi-cfc87cfdc0a8033370f2b59ea8bf5206,华中科技大学同济医学院附属协和医院,Union Hospital of Tongji Medical College of Huazhong University of Science and Technology,0.941176,review_required,https://beian.cfdi.org.cn/CTMDS/pub/PUB010100.do?method=handle06&curPage=1&pageSize=100
694,cnha-pending-050d30eff2d82b98,Beijing Tongren hospital affiliated to Capital Medical University,cnha-cfdi-447c2c0fc0a8033306e7455935ce5d05,首都医科大学附属北京潞河医院,Beijing Luhe Hospital Affiliated to Capital Medical University,0.920354,review_required,https://beian.cfdi.org.cn/CTMDS/pub/PUB010100.do?method=handle06&curPage=1&pageSize=100
694,cnha-pending-050d30eff2d82b98,Beijing Tongren hospital affiliated to Capital Medical University,cnha-cfdi-312ade48c0a803330dbbe4dc78900ab2,首都医科大学附属北京朝阳医院,"Beijing Chao-Yang Hospital, Capital Medical University",0.8,review_required,https://beian.cfdi.org.cn/CTMDS/pub/PUB010100.do?method=handle06&curPage=4&pageSize=100
697,cnha-pending-22abe284ec3b38b5,Guangxi Cancer Hospital of Guangxi Medical University,cnha-ror-051mn8706,广西医科大学肿瘤医院,Tumor Hospital of Guangxi Medical University,0.837209,review_required,https://ror.org/051mn8706
697,cnha-pending-22abe284ec3b38b5,Guangxi Cancer Hospital of Guangxi Medical University,cnha-ror-04zdsga82,广西中医药大学附属瑞康医院,Ruikang Affiliated Hospital of Guangxi Medical University,0.836735,review_required,https://ror.org/04zdsga82
699,cnha-pending-2d3d81da65f89104,The Second Hospital of Lanzhou University,cnha-cfdi-b45b220cc0a803337480611370b57181,兰州大学第一医院,First Hospital of Lanzhou University,0.823529,review_required,https://beian.cfdi.org.cn/CTMDS/pub/PUB010100.do?method=handle06&curPage=2&pageSize=100
700,cnha-pending-349625f7220f5e18,The central hospital of Wuhan,cnha-cfdi-8262816fc0a80333674bf72767903a94,武汉市中心医院,Central Hospital of Wuhan,0.93617,review_required,https://beian.cfdi.org.cn/CTMDS/pub/PUB010100.do?method=handle06&curPage=1&pageSize=100
705,cnha-pending-4521e406c26fa8c7,General Hospital of Tianjin Medical University,cnha-ror-03rc99w60,Second Hospital of Tianjin Medical University,Second Hospital of Tianjin Medical University,0.888889,review_required,https://ror.org/03rc99w60
707,cnha-pending-4b5d4c9b2dbfffe9,"Beijing Luhe Hospital, Capital Medical University",cnha-cfdi-312ade48c0a803330dbbe4dc78900ab2,首都医科大学附属北京朝阳医院,"Beijing Chao-Yang Hospital, Capital Medical University",0.888889,review_required,https://beian.cfdi.org.cn/CTMDS/pub/PUB010100.do?method=handle06&curPage=4&pageSize=100
707,cnha-pending-4b5d4c9b2dbfffe9,"Beijing Luhe Hospital, Capital Medical University",cnha-cfdi-447c2c0fc0a8033306e7455935ce5d05,首都医科大学附属北京潞河医院,Beijing Luhe Hospital Affiliated to Capital Medical University,0.877551,review_required,https://beian.cfdi.org.cn/CTMDS/pub/PUB010100.do?method=handle06&curPage=1&pageSize=100
709,cnha-pending-66385b6ddc3a4ae3,Obstetrics & Gynecology Hospital of Fudan University,cnha-cfdi-87425d16c0a803332cf760b3931ed20b,复旦大学附属妇产科医院,Obstetrics and Gynecology Hospital of Fudan University,0.957447,review_required,https://beian.cfdi.org.cn/CTMDS/pub/PUB010100.do?method=handle06&curPage=5&pageSize=100
710,cnha-pending-6db73c3becc13cfc,The Second People's Hospital of Neijiang,cnha-cfdi-af02162ac0a8033362ca0616b61130da,内江市第一人民医院,The First People's Hospital of Neijiang,0.865672,review_required,https://beian.cfdi.org.cn/CTMDS/pub/PUB010100.do?method=handle06&curPage=8&pageSize=100
711,cnha-pending-788d7cfea3f118c3,"Sir Run Run Shaw Hospital, School of Medicine, Zhejiang University",cnha-cfdi-b7d8b816c0a80333148e2d188b047f39,浙江大学医学院附属妇产科医院,"Women's Hospital, School of Medicine, Zhejiang University",0.854369,review_required,https://beian.cfdi.org.cn/CTMDS/pub/PUB010100.do?method=handle06&curPage=5&pageSize=100
712,cnha-pending-95ea64ed1ffb71d6,the Third Affiliated Hospital of Southern Medical University,cnha-cfdi-56692f49c0a803335013e3da1634f3d6,南方医科大学第三附属医院,Third Affiliated Hospital of Southern Medical University,0.970874,review_required,https://beian.cfdi.org.cn/CTMDS/pub/PUB010100.do?method=handle06&curPage=10&pageSize=100
712,cnha-pending-95ea64ed1ffb71d6,the Third Affiliated Hospital of Southern Medical University,cnha-ror-04tm3k558,Third Affiliated Hospital of Sun Yat-sen University,Third Affiliated Hospital of Zhongshan Medical University,0.865385,review_required,https://ror.org/04tm3k558
712,cnha-pending-95ea64ed1ffb71d6,the Third Affiliated Hospital of Southern Medical University,cnha-cfdi-a31d20a3c0a803333f0784da0389236b,广州医科大学附属第三医院,Third Affiliated Hospital of Guangzhou Medical University,0.846154,review_required,https://beian.cfdi.org.cn/CTMDS/pub/PUB010100.do?method=handle06&curPage=2&pageSize=100
713,cnha-pending-a516e403d5dcd792,Affiliated Cancer Hospital of Xinjiang Medical University,cnha-ror-04f970v93,Fifth Affiliated Hospital of Xinjiang Medical University,Fifth Affiliated Hospital of Xinjiang Medical University,0.891089,review_required,https://ror.org/04f970v93
713,cnha-pending-a516e403d5dcd792,Affiliated Cancer Hospital of Xinjiang Medical University,cnha-ror-03r4az639,Sixth Affiliated Hospital of Xinjiang Medical University,Sixth Affiliated Hospital of Xinjiang Medical University,0.891089,review_required,https://ror.org/03r4az639
713,cnha-pending-a516e403d5dcd792,Affiliated Cancer Hospital of Xinjiang Medical University,cnha-cfdi-c96cb6cfc0a80333106c5822b7f9113e,新疆医科大学第一附属医院,First Affiliated Hospital of Xinjiang Medical University,0.891089,review_required,https://beian.cfdi.org.cn/CTMDS/pub/PUB010100.do?method=handle06&curPage=2&pageSize=100
714,cnha-pending-b66255eb1bcdeca4,The University of Hong Kong-Shenzhen Hospital,cnha-cfdi-8f069e4dc0a8033311493fedc11ca1b2,香港大学深圳医院,University of Hong Kong - Shenzhen Hospital,0.96,review_required,https://beian.cfdi.org.cn/CTMDS/pub/PUB010100.do?method=handle06&curPage=1&pageSize=100
715,cnha-pending-be6e2040617b743b,The Second People's Hospital of Shenzhen,cnha-ror-00j5y7k81,Longgang Central Hospital,Ninth People's Hospital of Shenzhen,0.84375,review_required,https://ror.org/00j5y7k81
717,cnha-pending-d390274d7b432e08,Liaoning Cancer Hospital,cnha-cfdi-0d9e9d19c0a803332f2e459fefe8ecda,大连理工大学附属肿瘤医院,Liaoning Cancer Hospital & Institute,0.814815,review_required,https://beian.cfdi.org.cn/CTMDS/pub/PUB010100.do?method=handle06&curPage=3&pageSize=100
719,cnha-pending-d55b127e167598eb,Xiangya hospital,cnha-ror-05akvb491,中南大学湘雅三医院-门急诊楼,Third Xiangya Hospital,0.857143,review_required,https://ror.org/05akvb491
719,cnha-pending-d55b127e167598eb,Xiangya hospital,cnha-ror-053v2gh09,Second Xiangya Hospital of Central South University,Second Xiangya Hospital,0.833333,review_required,https://ror.org/053v2gh09
721,cnha-pending-ea0484f63fddd7bc,The Second Affiliated Hospital of Guangzhou Medical University,cnha-cfdi-3d0b67a2c0a8033370b2e48f7b5c9870,广州医科大学附属第二医院,Second Affiliated Hospital of Guangzhou Medical University,0.971963,review_required,https://beian.cfdi.org.cn/CTMDS/pub/PUB010100.do?method=handle06&curPage=2&pageSize=100
721,cnha-pending-ea0484f63fddd7bc,The Second Affiliated Hospital of Guangzhou Medical University,cnha-cfdi-a31d20a3c0a803333f0784da0389236b,广州医科大学附属第三医院,Third Affiliated Hospital of Guangzhou Medical University,0.924528,review_required,https://beian.cfdi.org.cn/CTMDS/pub/PUB010100.do?method=handle06&curPage=2&pageSize=100
721,cnha-pending-ea0484f63fddd7bc,The Second Affiliated Hospital of Guangzhou Medical University,cnha-cfdi-3bbe3ceec0a803331320f715d583ef2c,广州医科大学附属第一医院,First Affiliated Hospital of Guangzhou Medical University,0.886792,review_required,https://beian.cfdi.org.cn/CTMDS/pub/PUB010100.do?method=handle06&curPage=3&pageSize=100
722,cnha-pending-ee110351431bde1b,The First Affiliated Hospital of Dalian Medical University,cnha-cfdi-4a7f74e8c0a8033314a7aadf1c8aa2b7,大连医科大学附属第一医院,First Affiliated Hospital of Dalian Medical University,0.969697,review_required,https://beian.cfdi.org.cn/CTMDS/pub/PUB010100.do?method=handle06&curPage=4&pageSize=100
722,cnha-pending-ee110351431bde1b,The First Affiliated Hospital of Dalian Medical University,cnha-ror-012f2cn18,Second Affiliated Hospital of Dalian Medical University,Second Affiliated Hospital of Dalian Medical University,0.88,review_required,https://ror.org/012f2cn18
724,cnha-pending-f89f7f78676c9a3d,ZhuJiang Hospital of Southern Medical University,cnha-cfdi-56692f49c0a803335013e3da1634f3d6,南方医科大学第三附属医院,Third Affiliated Hospital of Southern Medical University,0.817204,review_required,https://beian.cfdi.org.cn/CTMDS/pub/PUB010100.do?method=handle06&curPage=10&pageSize=100
725,cnha-pending-fcf0ca96a399ff1a,General Hospital of Tianjin Medical University,cnha-ror-03rc99w60,Second Hospital of Tianjin Medical University,Second Hospital of Tianjin Medical University,0.888889,review_required,https://ror.org/03rc99w60
734,cnha-pending-0bf98b122b3928fb,The Affiliated Hospital of Hangzhou Normal University,cnha-ror-01bkvqx83,Affiliated Hospital of Hangzhou Normal University,Affiliated Hospital of Hangzhou Normal University,0.967033,review_required,https://ror.org/01bkvqx83
741,cnha-pending-5e95d5c56c1f3a3b,Weihai Central Hospital,cnha-ror-039nc2k59,威海市胸科医院,Weihai Chest Hospital,0.85,review_required,https://ror.org/039nc2k59
742,cnha-pending-740e34a56ad49540,Affiliated Hospital of Inner Mongolia Medical University,cnha-ror-01y07zp44,Second Affiliated Hospital of Inner Mongolia Medical University,Second Affiliated Hospital of Inner Mongolia Medical University,0.943396,review_required,https://ror.org/01y07zp44
742,cnha-pending-740e34a56ad49540,Affiliated Hospital of Inner Mongolia Medical University,cnha-cfdi-522ea2e9c0a8033328b3052f21083b94,内蒙古医科大学附属医院,Affiliated Hospital of Inner Mongolia Medical College,0.845361,review_required,https://beian.cfdi.org.cn/CTMDS/pub/PUB010100.do?method=handle06&curPage=6&pageSize=100
743,cnha-pending-74a456242535bcae,The Second Affiliated Hospital of Fujian Medical University,cnha-cfdi-3cc724a6c0a80333710dd56a968dec12,福建医科大学附属第二医院,Second Affiliated Hospital of Fujian Medical University,0.970297,review_required,https://beian.cfdi.org.cn/CTMDS/pub/PUB010100.do?method=handle06&curPage=9&pageSize=100
745,cnha-pending-82b2570f87fc66db,Zhongshan Hospital of Fudan University,cnha-cfdi-18e1e4e6c0a8033309dd544ae217ced3,复旦大学附属金山医院,Jinshan Hospital of Fudan University,0.909091,review_required,https://beian.cfdi.org.cn/CTMDS/pub/PUB010100.do?method=handle06&curPage=4&pageSize=100
745,cnha-pending-82b2570f87fc66db,Zhongshan Hospital of Fudan University,cnha-cfdi-138b56c4c0a803330e40ef24ba80d41f,复旦大学附属儿科医院,Children's Hospital of Fudan University,0.823529,review_required,https://beian.cfdi.org.cn/CTMDS/pub/PUB010100.do?method=handle06&curPage=5&pageSize=100
747,cnha-pending-947d1bf524db7ed0,"Affiliated Hangzhou First People's Hospital, Zhejiang University School of Medicine",cnha-cfdi-e9931cafc0a80333076533365daf5152,杭州市第一人民医院,"Affiliated Hangzhou First People's Hospital, Westlake University, School of Medicine",0.916667,review_required,https://beian.cfdi.org.cn/CTMDS/pub/PUB010100.do?method=handle06&curPage=2&pageSize=100
748,cnha-pending-a218e2adea43713e,The first Affiliated Hospital of Jilin University,cnha-cfdi-28c180c3c0a803337c9a4eaf72b893ea,吉林大学第一医院,The First Hospital of Jilin University,0.868421,review_required,https://beian.cfdi.org.cn/CTMDS/pub/PUB010100.do?method=handle06&curPage=3&pageSize=100
748,cnha-pending-a218e2adea43713e,The first Affiliated Hospital of Jilin University,cnha-ror-03x6hbh34,Second Affiliated Hospital of Jilin University,Second Affiliated Hospital of Jilin University,0.857143,review_required,https://ror.org/03x6hbh34
748,cnha-pending-a218e2adea43713e,The first Affiliated Hospital of Jilin University,cnha-ror-051c4bd82,吉林大学第一医院科研教学楼,First Bethune Hospital of Jilin University,0.8,review_required,https://ror.org/051c4bd82
749,cnha-pending-a6277b761ebf2907,Shanxi Bethune Hospital,cnha-ror-02wh8xm70,Shanxi Eye Hospital,Shanxi Eye Hospital,0.842105,review_required,https://ror.org/02wh8xm70
750,cnha-pending-a74e7b4393094829,Deyang people's hospital,cnha-ror-02hd7d161,德阳口腔医院,Deyang Third People's Hospital,0.893617,review_required,https://ror.org/02hd7d161
752,cnha-pending-bc019516aa780475,"Beijing Shijitan Hospital, Capital Medical University",cnha-cfdi-312ade48c0a803330dbbe4dc78900ab2,首都医科大学附属北京朝阳医院,"Beijing Chao-Yang Hospital, Capital Medical University",0.893617,review_required,https://beian.cfdi.org.cn/CTMDS/pub/PUB010100.do?method=handle06&curPage=4&pageSize=100
755,cnha-pending-eda366140e780325,The Third Affiliated Hospital of Sun Yat-Sen University,cnha-ror-04tm3k558,Third Affiliated Hospital of Sun Yat-sen University,Third Affiliated Hospital of Sun Yat-sen University,0.967033,review_required,https://ror.org/04tm3k558
755,cnha-pending-eda366140e780325,The Third Affiliated Hospital of Sun Yat-Sen University,cnha-cfdi-3ce595d2c0a803333acc798da7cf0c71,中山大学附属第一医院,"The First Affiliated Hospital, Sun Yat-sen University",0.913043,review_required,https://beian.cfdi.org.cn/CTMDS/pub/PUB010100.do?method=handle06&curPage=1&pageSize=100
755,cnha-pending-eda366140e780325,The Third Affiliated Hospital of Sun Yat-Sen University,cnha-cfdi-27288bcdc0a8033311523e0dfe55b3ff,中山大学附属第六医院,Sixth Affiliated Hospital of Sun Yat-sen University,0.901099,review_required,https://beian.cfdi.org.cn/CTMDS/pub/PUB010100.do?method=handle06&curPage=1&pageSize=100
756,cnha-pending-f12e0bbbd13d2fbe,The Southwest Hospital Of AMU,cnha-ror-02jn36537,西南医院,Southwest Hospital,0.809524,review_required,https://ror.org/02jn36537
757,cnha-pending-fbc5a80bf30fb4fe,Zhongda Hospital Affiliated to Southeast University,cnha-ror-01k3hq685,Zhongda Hospital Southeast University,Zhongda Hospital Southeast University,0.85,review_required,https://ror.org/01k3hq685
766,cnha-pending-25fc7dbe360cccf9,WuHan Union Hospital Of China,cnha-cfdi-cfc87cfdc0a8033370f2b59ea8bf5206,华中科技大学同济医学院附属协和医院,Wuhan Union Hospital,0.837209,review_required,https://beian.cfdi.org.cn/CTMDS/pub/PUB010100.do?method=handle06&curPage=1&pageSize=100
768,cnha-pending-3e006111aa238133,The Second Affiliated Hospital of Dalian Medical University,cnha-ror-012f2cn18,Second Affiliated Hospital of Dalian Medical University,Second Affiliated Hospital of Dalian Medical University,0.970297,review_required,https://ror.org/012f2cn18
768,cnha-pending-3e006111aa238133,The Second Affiliated Hospital of Dalian Medical University,cnha-cfdi-4a7f74e8c0a8033314a7aadf1c8aa2b7,大连医科大学附属第一医院,First Affiliated Hospital of Dalian Medical University,0.88,review_required,https://beian.cfdi.org.cn/CTMDS/pub/PUB010100.do?method=handle06&curPage=4&pageSize=100
769,cnha-pending-3ec5956c1751070b,People's Hospital of Ningxia Hui Autonomous Region,cnha-ror-05kjn8d41,宁夏回族自治区第四人民医院,The Fourth People's Hospital of Ningxia Hui Autonomous Region,0.905263,review_required,https://ror.org/05kjn8d41
770,cnha-pending-434c6e0f853a6a11,The First Affiliated Hospital of Guangzhou Medical College,cnha-cfdi-3bbe3ceec0a803331320f715d583ef2c,广州医科大学附属第一医院,First Affiliated Hospital of Guangzhou Medical University,0.823529,review_required,https://beian.cfdi.org.cn/CTMDS/pub/PUB010100.do?method=handle06&curPage=3&pageSize=100
770,cnha-pending-434c6e0f853a6a11,The First Affiliated Hospital of Guangzhou Medical College,cnha-cfdi-a31d20a3c0a803333f0784da0389236b,广州医科大学附属第三医院,Third Affiliated Hospital of Guangzhou Medical University,0.803922,review_required,https://beian.cfdi.org.cn/CTMDS/pub/PUB010100.do?method=handle06&curPage=2&pageSize=100
771,cnha-pending-4e49945500f23ed9,Huai'an Second People's Hospital,cnha-cfdi-87bad074c0a80333038e13e2148ea3da,南京医科大学附属淮安第一医院,Huai'an No.1 People's Hospital,0.862745,review_required,https://beian.cfdi.org.cn/CTMDS/pub/PUB010100.do?method=handle06&curPage=9&pageSize=100
772,cnha-pending-5be41072c01d8fd0,Haikou People's Hospital,cnha-cfdi-d67e6dfec0a80333728934bfcd7f4627,海口市人民医院,Haikou City People's Hospital,0.913043,review_required,https://beian.cfdi.org.cn/CTMDS/pub/PUB010100.do?method=handle06&curPage=6&pageSize=100
774,cnha-pending-64e33d4daa733cc7,The First Affiliated Hospital of Henan University of Science & Technology,cnha-ror-035zbbv42,First Affiliated Hospital of Henan University of Science and Technology,First Affiliated Hospital of Henan University of Science and Technology,0.944,review_required,https://ror.org/035zbbv42
775,cnha-pending-6a2774d4557ab30f,Beijing Boren Hospital,cnha-cfdi-ee623edbc0a8033330de327baef0596f,首都医科大学附属北京同仁医院,Beijing Tongren Hospital,0.904762,review_required,https://beian.cfdi.org.cn/CTMDS/pub/PUB010100.do?method=handle06&curPage=4&pageSize=100
775,cnha-pending-6a2774d4557ab30f,Beijing Boren Hospital,cnha-ror-02jwb5s28,Beijing Hospital,Beijing Hospital,0.857143,review_required,https://ror.org/02jwb5s28
775,cnha-pending-6a2774d4557ab30f,Beijing Boren Hospital,cnha-cfdi-cac245e9c0a80333661ce99773e9b741,首都医科大学附属北京佑安医院,Beijing YouAn Hospital,0.85,review_required,https://beian.cfdi.org.cn/CTMDS/pub/PUB010100.do?method=handle06&curPage=1&pageSize=100
777,cnha-pending-8a882b798f204c08,Xuan Wu Hospital of Capital Medical University,cnha-ror-00k7r7f88,北京市老年病医疗研究中心,Xuan Wu Hospital of the Capital Medical University,0.963855,review_required,https://ror.org/00k7r7f88
778,cnha-pending-95db16a3b22e541d,Reproductive & Genetic Hospital of CITIC-XIANGYA,cnha-ror-01ar3e651,中信湘雅生殖与遗传专科医院有限公司,Reproductive & Genetic Hospital CITIC-Xiangya,0.97561,review_required,https://ror.org/01ar3e651
779,cnha-pending-a21eac31fbac369e,The Second Affiliated Hospital to Nanchang University,cnha-cfdi-1b0d359fc0a803334a1c241e97d2032c,南昌大学第二附属医院,Second Affiliated Hospital of Nanchang University,0.945055,review_required,https://beian.cfdi.org.cn/CTMDS/pub/PUB010100.do?method=handle06&curPage=1&pageSize=100
779,cnha-pending-a21eac31fbac369e,The Second Affiliated Hospital to Nanchang University,cnha-ror-02g9jg318,南昌大学第三附属医院,Third Affiliated Hospital of Nanchang University,0.888889,review_required,https://ror.org/02g9jg318
779,cnha-pending-a21eac31fbac369e,The Second Affiliated Hospital to Nanchang University,cnha-cfdi-56984763c0a803336779babb6fc8fa42,南昌大学第一附属医院,The First Affiliated Hospital of Nanchang University,0.88172,review_required,https://beian.cfdi.org.cn/CTMDS/pub/PUB010100.do?method=handle06&curPage=1&pageSize=100
780,cnha-pending-ae6535e4036eddd7,Hainan Cancer Hospital,cnha-cfdi-8411957ac0a803331e837ff978318cf4,海南省人民医院,Hainan General Hospital,0.829268,review_required,https://beian.cfdi.org.cn/CTMDS/pub/PUB010100.do?method=handle06&curPage=3&pageSize=100
780,cnha-pending-ae6535e4036eddd7,Hainan Cancer Hospital,cnha-cfdi-17863a03c0a803336d8f6df97549f453,中山大学中山眼科中心海南眼科医院,Hainan Eye Hospital,0.810811,review_required,https://beian.cfdi.org.cn/CTMDS/pub/PUB010100.do?method=handle06&curPage=7&pageSize=100
781,cnha-pending-b0ce0bb91847c28e,Shanxi Provincial Cancer Hospital,cnha-ror-042ry7b85,山西省妇幼保健院,Shanxi Provincial Children's Hospital,0.825397,review_required,https://ror.org/042ry7b85
781,cnha-pending-b0ce0bb91847c28e,Shanxi Provincial Cancer Hospital,cnha-cfdi-5a9b087bc0a803337e94e03983195adc,山西省人民医院,Shanxi Provincial People’s Hospital,0.819672,review_required,https://beian.cfdi.org.cn/CTMDS/pub/PUB010100.do?method=handle06&curPage=6&pageSize=100
782,cnha-pending-c2354ca348ac9385,the Second Xiangya Hospital，Central South University,cnha-ror-053v2gh09,Second Xiangya Hospital of Central South University,Second Xiangya Hospital of Central South University,0.945055,review_required,https://ror.org/053v2gh09
782,cnha-pending-c2354ca348ac9385,the Second Xiangya Hospital，Central South University,cnha-cfdi-3bb0a3b4c0a803332a9f6fc83950b0b0,中南大学湘雅医院,Xiangya Hospital Central South University,0.891566,review_required,https://beian.cfdi.org.cn/CTMDS/pub/PUB010100.do?method=handle06&curPage=2&pageSize=100
782,cnha-pending-c2354ca348ac9385,the Second Xiangya Hospital，Central South University,cnha-ror-05akvb491,中南大学湘雅三医院-门急诊楼,Third Xiangya Hospital of Central South University,0.888889,review_required,https://ror.org/05akvb491
783,cnha-pending-cc50e0860f2fe0c2,Chongqing General Hospital,cnha-ror-01hfx7864,重庆牙科医院（重庆市渝中区口腔医院),Chongqing Dental Hospital,0.893617,review_required,https://ror.org/01hfx7864
783,cnha-pending-cc50e0860f2fe0c2,Chongqing General Hospital,cnha-ror-047d8yx24,重庆市肿瘤研究所,Chongqing Cancer Hospital,0.851064,review_required,https://ror.org/047d8yx24
786,cnha-pending-db14c6cc803865a8,Shanghai Oriental Hospital,cnha-ror-00g56wy16,上海市口腔病防治院,Shanghai Dental Hospital,0.913043,review_required,https://ror.org/00g56wy16
786,cnha-pending-db14c6cc803865a8,Shanghai Oriental Hospital,cnha-ror-04a46mh28,Shanghai First People's Hospital,Shanghai General Hospital,0.851064,review_required,https://ror.org/04a46mh28
786,cnha-pending-db14c6cc803865a8,Shanghai Oriental Hospital,cnha-ror-01whmzn59,上海徐汇中心医院,Shanghai Xuhui Central Hospital,0.846154,review_required,https://ror.org/01whmzn59
789,cnha-pending-ed831ec51474d06e,Affiliated Cancer Hospital and Institute of Guangzhou Medical University,cnha-cfdi-a31d20a3c0a803333f0784da0389236b,广州医科大学附属第三医院,Third Affiliated Hospital of Guangzhou Medical University,0.8,review_required,https://beian.cfdi.org.cn/CTMDS/pub/PUB010100.do?method=handle06&curPage=2&pageSize=100
789,cnha-pending-ed831ec51474d06e,Affiliated Cancer Hospital and Institute of Guangzhou Medical University,cnha-cfdi-3bbe3ceec0a803331320f715d583ef2c,广州医科大学附属第一医院,First Affiliated Hospital of Guangzhou Medical University,0.8,review_required,https://beian.cfdi.org.cn/CTMDS/pub/PUB010100.do?method=handle06&curPage=3&pageSize=100
790,cnha-pending-ede537768ac54bbd,"Changhai Hospital, Second Military Medical University",cnha-ror-043sbvg03,东方肝胆外科医院,"Third Affiliated Hospital, Second Military Medical University",0.831683,review_required,https://ror.org/043sbvg03
790,cnha-pending-ede537768ac54bbd,"Changhai Hospital, Second Military Medical University",cnha-ror-0103dxn66,Shanghai Changzheng Hospital,"Second Affiliated Hospital, Second Military Medical University",0.823529,review_required,https://ror.org/0103dxn66
791,cnha-pending-f2794622a973d34d,the Second Affiliated Hospital of Guangxi Medical University,cnha-ror-030sc3x20,First Affiliated Hospital of GuangXi Medical University,First Affiliated Hospital of GuangXi Medical University,0.882353,review_required,https://ror.org/030sc3x20
791,cnha-pending-f2794622a973d34d,the Second Affiliated Hospital of Guangxi Medical University,cnha-ror-04zdsga82,广西中医药大学附属瑞康医院,Ruikang Affiliated Hospital of Guangxi Medical University,0.865385,review_required,https://ror.org/04zdsga82
799,cnha-pending-02dd4331a3aa510e,The Fifth Affiliated Hospital of Guangzhou Medical University,cnha-cfdi-a31d20a3c0a803333f0784da0389236b,广州医科大学附属第三医院,Third Affiliated Hospital of Guangzhou Medical University,0.933333,review_required,https://beian.cfdi.org.cn/CTMDS/pub/PUB010100.do?method=handle06&curPage=2&pageSize=100
799,cnha-pending-02dd4331a3aa510e,The Fifth Affiliated Hospital of Guangzhou Medical University,cnha-cfdi-3bbe3ceec0a803331320f715d583ef2c,广州医科大学附属第一医院,First Affiliated Hospital of Guangzhou Medical University,0.933333,review_required,https://beian.cfdi.org.cn/CTMDS/pub/PUB010100.do?method=handle06&curPage=3&pageSize=100
799,cnha-pending-02dd4331a3aa510e,The Fifth Affiliated Hospital of Guangzhou Medical University,cnha-cfdi-3d0b67a2c0a8033370b2e48f7b5c9870,广州医科大学附属第二医院,Second Affiliated Hospital of Guangzhou Medical University,0.886792,review_required,https://beian.cfdi.org.cn/CTMDS/pub/PUB010100.do?method=handle06&curPage=2&pageSize=100
800,cnha-pending-03d67473ff651084,Chinese People's Liberation Army General Hospital,cnha-ror-042jtt364,Air Force General Hospital PLA,People's Liberation Army Air Force General Hospital,0.827586,review_required,https://ror.org/042jtt364
800,cnha-pending-03d67473ff651084,Chinese People's Liberation Army General Hospital,cnha-ror-02p8ayf63,解放军总医院海南医院,Hainan Branch of People's Liberation Army General Hospital,0.817204,review_required,https://ror.org/02p8ayf63
801,cnha-pending-07ec637c2482d69a,Peking University Cancer Hospital & Institute,cnha-cfdi-6dbec404c0a803332f72931bc454ee4e,北京肿瘤医院,Peking University Cancer Hospital,0.857143,review_required,https://beian.cfdi.org.cn/CTMDS/pub/PUB010100.do?method=handle06&curPage=1&pageSize=100
803,cnha-pending-152d5e9afb3a4bd4,Huashan Hospital of Fudan University,cnha-cfdi-18e1e4e6c0a8033309dd544ae217ced3,复旦大学附属金山医院,Jinshan Hospital of Fudan University,0.90625,review_required,https://beian.cfdi.org.cn/CTMDS/pub/PUB010100.do?method=handle06&curPage=4&pageSize=100
803,cnha-pending-152d5e9afb3a4bd4,Huashan Hospital of Fudan University,cnha-cfdi-138b56c4c0a803330e40ef24ba80d41f,复旦大学附属儿科医院,Children's Hospital of Fudan University,0.818182,review_required,https://beian.cfdi.org.cn/CTMDS/pub/PUB010100.do?method=handle06&curPage=5&pageSize=100
803,cnha-pending-152d5e9afb3a4bd4,Huashan Hospital of Fudan University,cnha-ror-02wc1yz29,Eye & ENT Hospital of Fudan University,Eye & ENT Hospital of Fudan University,0.8125,review_required,https://ror.org/02wc1yz29
804,cnha-pending-169d4e77cb83c616,Anyang People's Hospital,cnha-cfdi-51264b97c0a803335a11041859470683,安阳市眼科医院,Anyang Eye Hospital,0.842105,review_required,https://beian.cfdi.org.cn/CTMDS/pub/PUB010100.do?method=handle06&curPage=18&pageSize=100
807,cnha-pending-2247a54640304a49,Union Hospital Tongji Medical College of Huazhong University of Science and Technology,cnha-cfdi-cfc87cfdc0a8033370f2b59ea8bf5206,华中科技大学同济医学院附属协和医院,Union Hospital of Tongji Medical College of Huazhong University of Science and Technology,0.986842,review_required,https://beian.cfdi.org.cn/CTMDS/pub/PUB010100.do?method=handle06&curPage=1&pageSize=100
810,cnha-pending-2b69acae5cfbbaff,Lishui People's Hospital,cnha-ror-028yz2737,Lishui City People's Hospital,Lishui City People's Hospital,0.913043,review_required,https://ror.org/028yz2737
811,cnha-pending-3480a28bbeadd23a,Cancer Hospital of Guizhou Medical University,cnha-ror-02kstas42,Affiliated Hospital of Guizhou Medical University,Affiliated Hospital of Guizhou Medical University,0.857143,review_required,https://ror.org/02kstas42
812,cnha-pending-509630128df6c420,the Third People'S Hospital of Chengdu,cnha-cfdi-4444e6f9c0a80333690871be04ab6545,成都市第三人民医院,Third People's Hospital of Chengdu,0.95082,review_required,https://beian.cfdi.org.cn/CTMDS/pub/PUB010100.do?method=handle06&curPage=6&pageSize=100
812,cnha-pending-509630128df6c420,the Third People'S Hospital of Chengdu,cnha-cfdi-3d423aabc0a803335c9e1a5a0347cb9b,成都市第七人民医院,7th People's Hospital of Chengdu,0.881356,review_required,https://beian.cfdi.org.cn/CTMDS/pub/PUB010100.do?method=handle06&curPage=8&pageSize=100
814,cnha-pending-7ffb7b6d112e3448,Tianjin Medical University Second Hospital,cnha-ror-04j2cfe69,Tianjin Medical University Eye Hospital,Tianjin Medical University Eye Hospital,0.90411,review_required,https://ror.org/04j2cfe69
814,cnha-pending-7ffb7b6d112e3448,Tianjin Medical University Second Hospital,cnha-cfdi-214a1071c0a8033329decd493fe7ec5e,天津医科大学总医院,Tianjin Medical University General Hospital,0.883117,review_required,https://beian.cfdi.org.cn/CTMDS/pub/PUB010100.do?method=handle06&curPage=1&pageSize=100
814,cnha-pending-7ffb7b6d112e3448,Tianjin Medical University Second Hospital,cnha-cfdi-f38bbd78c0a80333056a73b8390ed2c2,天津市肿瘤医院,Tianjin Medical University Cancer Institute and Hospital,0.818182,review_required,https://beian.cfdi.org.cn/CTMDS/pub/PUB010100.do?method=handle06&curPage=9&pageSize=100
816,cnha-pending-86b65ebb2f9931aa,"Cancer Institute & Hospital, Chinese Academy of Medical Sciences",cnha-cfdi-31c61602c0a803336b55426e8e04a4da,中国医学科学院肿瘤医院,Cancer Hospital of Chinese Academy of Medical Sciences,0.882353,review_required,https://beian.cfdi.org.cn/CTMDS/pub/PUB010100.do?method=handle06&curPage=4&pageSize=100
817,cnha-pending-89eedad6c1fdfa24,Chang Zheng Hospital,cnha-ror-02bjs0p66,Changhai Hospital,Changhai Hospital,0.823529,review_required,https://ror.org/02bjs0p66
817,cnha-pending-89eedad6c1fdfa24,Chang Zheng Hospital,cnha-ror-0103dxn66,Shanghai Changzheng Hospital,Shanghai Changzheng Hospital,0.818182,review_required,https://ror.org/0103dxn66
820,cnha-pending-90da99eeb46b8193,The Fourth Affiliated Hospital of China Medical University,cnha-cfdi-20bf70afc0a803331d8b21c12f0aaad7,中国医科大学附属第四医院,Fourth Affiliated Hospital of China Medical University,0.969697,review_required,https://beian.cfdi.org.cn/CTMDS/pub/PUB010100.do?method=handle06&curPage=7&pageSize=100
820,cnha-pending-90da99eeb46b8193,The Fourth Affiliated Hospital of China Medical University,cnha-cfdi-066b931bc0a8033351202887a2fd71fa,中国医科大学附属第一医院,First Affiliated Hospital of China Medical University,0.877551,review_required,https://beian.cfdi.org.cn/CTMDS/pub/PUB010100.do?method=handle06&curPage=2&pageSize=100
821,cnha-pending-aadbab045b27f05b,"Zhongshan Hospital, Xiamen University",cnha-cfdi-a187f5a6c0a8033341bfac25249a0894,厦门大学附属中山医院,Zhongshan Hospital of Xiamen University,0.970588,review_required,https://beian.cfdi.org.cn/CTMDS/pub/PUB010100.do?method=handle06&curPage=5&pageSize=100
823,cnha-pending-bbf824748c3d48ad,The Second Hospital of Dalian Medical University,cnha-ror-012f2cn18,Second Affiliated Hospital of Dalian Medical University,Second Affiliated Hospital of Dalian Medical University,0.857143,review_required,https://ror.org/012f2cn18
823,cnha-pending-bbf824748c3d48ad,The Second Hospital of Dalian Medical University,cnha-cfdi-4a7f74e8c0a8033314a7aadf1c8aa2b7,大连医科大学附属第一医院,First Affiliated Hospital of Dalian Medical University,0.8,review_required,https://beian.cfdi.org.cn/CTMDS/pub/PUB010100.do?method=handle06&curPage=4&pageSize=100
824,cnha-pending-c892f51f8e2c2178,Shanghai Dermatology Hospital,cnha-ror-00g56wy16,上海市口腔病防治院,Shanghai Dental Hospital,0.816327,review_required,https://ror.org/00g56wy16
824,cnha-pending-c892f51f8e2c2178,Shanghai Dermatology Hospital,cnha-ror-038xmzj21,Shanghai East Hospital,Shanghai East Hospital,0.808511,review_required,https://ror.org/038xmzj21
824,cnha-pending-c892f51f8e2c2178,Shanghai Dermatology Hospital,cnha-ror-04a46mh28,Shanghai First People's Hospital,Shanghai General Hospital,0.8,review_required,https://ror.org/04a46mh28
825,cnha-pending-cbdba9295221c9ac,The Second Affiliated Hospital of Henan University of Science and Technology,cnha-ror-035zbbv42,First Affiliated Hospital of Henan University of Science and Technology,First Affiliated Hospital of Henan University of Science and Technology,0.90625,review_required,https://ror.org/035zbbv42
826,cnha-pending-d4040b80ee4daf97,Second Affiliated Hospital of Zhejiang University School of Medicine,cnha-ror-059cjpv64,Second Affiliated Hospital of Zhejiang University,Second Affiliated Hospital of Zhejiang University,0.846154,review_required,https://ror.org/059cjpv64
827,cnha-pending-d6ea920a353b45d8,The First People's Hospital of Yunnan Province,cnha-cfdi-ad94b118c0a80333719526c741366821,云南省第一人民医院,First People's Hospital of Yunnan Province,0.96,review_required,https://beian.cfdi.org.cn/CTMDS/pub/PUB010100.do?method=handle06&curPage=3&pageSize=100
827,cnha-pending-d6ea920a353b45d8,The First People's Hospital of Yunnan Province,cnha-cfdi-71459876c0a803331478331a585293db,云南省第三人民医院,Third People's Hospital of Yunnan Province,0.933333,review_required,https://beian.cfdi.org.cn/CTMDS/pub/PUB010100.do?method=handle06&curPage=4&pageSize=100
827,cnha-pending-d6ea920a353b45d8,The First People's Hospital of Yunnan Province,cnha-ror-00c639s42,云南省第二人民医院,Second People's Hospital of Yunnan Province,0.842105,review_required,https://ror.org/00c639s42
829,cnha-pending-ef8c1bbdc5f48a85,The Second Affiliated Hospital of Wannan Medical College,cnha-ror-05wbpaf14,First Affiliated Hospital of Wannan Medical College,First Affiliated Hospital of Wannan Medical College,0.87234,review_required,https://ror.org/05wbpaf14
832,cnha-pending-f6313f000c6871b0,Sichuan Cancer Hospital & Institute,cnha-ror-029wq9x81,四川省肿瘤研究所,Sichuan Cancer Hospital,0.807692,review_required,https://ror.org/029wq9x81
833,cnha-pending-f6b549bd75f18043,Beijing GoBroad Hospital,cnha-ror-02jwb5s28,Beijing Hospital,Beijing Hospital,0.810811,review_required,https://ror.org/02jwb5s28
833,cnha-pending-f6b549bd75f18043,Beijing GoBroad Hospital,cnha-cfdi-cac245e9c0a80333661ce99773e9b741,首都医科大学附属北京佑安医院,Beijing YouAn Hospital,0.809524,review_required,https://beian.cfdi.org.cn/CTMDS/pub/PUB010100.do?method=handle06&curPage=1&pageSize=100
833,cnha-pending-f6b549bd75f18043,Beijing GoBroad Hospital,cnha-ror-00jkncn63,北京三博脑科医院,Beijing Sanbo Brain Hospital,0.808511,review_required,https://ror.org/00jkncn63
847,cnha-pending-2f959936f512cabf,QUANZHOU First Hospital,cnha-ror-02scvt034,Quanzhou Women and Children's Hospital,Quanzhou Children's Hospital,0.826087,review_required,https://ror.org/02scvt034
849,cnha-pending-3ea7ffb05e4111b1,The First Affiliated Hospital of Xinxiang Medical University,cnha-ror-0278r4c85,First Affiliated Hospital of Xinxiang Medical University,First Affiliated Hospital of Xinxiang Medical University,0.970874,review_required,https://ror.org/0278r4c85
850,cnha-pending-4a7b021eacbf18cf,The Affiliated Hospital of Nanjing University Medical School,cnha-ror-026axqv54,Nanjing Drum Tower Hospital,Affiliated Hospital of Nanjing University Medical School,0.970874,review_required,https://ror.org/026axqv54
851,cnha-pending-50da74dd9e008b83,Changzhou Second People's Hospital,cnha-cfdi-458e8225c0a803335ec2506c0d2b3ce8,常州市第二人民医院,Changzhou No.2 People's Hospital,0.877193,review_required,https://beian.cfdi.org.cn/CTMDS/pub/PUB010100.do?method=handle06&curPage=9&pageSize=100
851,cnha-pending-50da74dd9e008b83,Changzhou Second People's Hospital,cnha-ror-04ze64w44,Changzhou Third People's Hospital,Changzhou Third People's Hospital,0.847458,review_required,https://ror.org/04ze64w44
853,cnha-pending-5fa030257170292d,Wenzhou People's Hospital,cnha-cfdi-f75fef0bc0a803337fd6ece95424d9e8,温州市中心医院,Wenzhou No.6 People's Hospital,0.93617,review_required,https://beian.cfdi.org.cn/CTMDS/pub/PUB010100.do?method=handle06&curPage=4&pageSize=100
853,cnha-pending-5fa030257170292d,Wenzhou People's Hospital,cnha-cfdi-14f98835c0a8033379ddb915cbbb848e,温州市人民医院,Wenzhou City People's Hospital,0.916667,review_required,https://beian.cfdi.org.cn/CTMDS/pub/PUB010100.do?method=handle06&curPage=1&pageSize=100
853,cnha-pending-5fa030257170292d,Wenzhou People's Hospital,cnha-cfdi-56a3e579c0a8033316c03e0005d96bba,温州市第七人民医院,Wenzhou Seventh People's Hospital,0.862745,review_required,https://beian.cfdi.org.cn/CTMDS/pub/PUB010100.do?method=handle06&curPage=18&pageSize=100
855,cnha-pending-6319172992993ede,The second Affiliated Hospital of Wenzhou Medical University,cnha-cfdi-d6ef24aac0a8033338dc6eae29c3581b,瑞安市人民医院,Third Affiliated Hospital of Wenzhou Medical University,0.921569,review_required,https://beian.cfdi.org.cn/CTMDS/pub/PUB010100.do?method=handle06&curPage=8&pageSize=100
855,cnha-pending-6319172992993ede,The second Affiliated Hospital of Wenzhou Medical University,cnha-ror-03cyvdv85,First Affiliated Hospital of Wenzhou Medical University,First Affiliated Hospital of Wenzhou Medical University,0.882353,review_required,https://ror.org/03cyvdv85
856,cnha-pending-66016c8b65cea297,Fudan University Cancer Center,cnha-cfdi-baf67b59c0a8033336a1a7228617e8b5,复旦大学附属肿瘤医院,Fudan University Shanghai Cancer Center,0.870968,review_required,https://beian.cfdi.org.cn/CTMDS/pub/PUB010100.do?method=handle06&curPage=2&pageSize=100
857,cnha-pending-69843f159b083e5c,Daqing peoples hospital,cnha-cfdi-8bacc487c0a8033318d8410e953b3c04,大庆市人民医院,Daqing City People's Hospital,0.913043,review_required,https://beian.cfdi.org.cn/CTMDS/pub/PUB010100.do?method=handle06&curPage=7&pageSize=100
858,cnha-pending-7483c7aa733801a3,The First Affiliated Hospital of Zhejiang University,cnha-ror-05m1p5x56,First Affiliated Hospital Zhejiang University,First Affiliated Hospital Zhejiang University,0.942529,review_required,https://ror.org/05m1p5x56
858,cnha-pending-7483c7aa733801a3,The First Affiliated Hospital of Zhejiang University,cnha-ror-059cjpv64,Second Affiliated Hospital of Zhejiang University,Second Affiliated Hospital of Zhejiang University,0.866667,review_required,https://ror.org/059cjpv64
859,cnha-pending-819af720cb91dd59,The Second Affiliated Hospital of Zhengzhou University,cnha-ror-026bqfq17,Second Affiliated Hospital of Zhengzhou University,Second Affiliated Hospital of Zhengzhou University,0.967742,review_required,https://ror.org/026bqfq17
859,cnha-pending-819af720cb91dd59,The Second Affiliated Hospital of Zhengzhou University,cnha-cfdi-5a977001c0a803332e59a866f980f41f,郑州大学第三附属医院,Third Affiliated Hospital of Zhengzhou University,0.913043,review_required,https://beian.cfdi.org.cn/CTMDS/pub/PUB010100.do?method=handle06&curPage=10&pageSize=100
859,cnha-pending-819af720cb91dd59,The Second Affiliated Hospital of Zhengzhou University,cnha-cfdi-1cddfb03c0a803332664670577fb4a58,郑州大学第一附属医院,The First Affiliated Hospital of Zhengzhou University,0.905263,review_required,https://beian.cfdi.org.cn/CTMDS/pub/PUB010100.do?method=handle06&curPage=2&pageSize=100
860,cnha-pending-87c89ebdfce06dd3,The second affiliated hospital of Harbin medical university,cnha-cfdi-2582affec0a8033369862c097264a444,哈尔滨医科大学附属第二医院,Second Affiliated Hospital of Harbin Medical University,0.970297,review_required,https://beian.cfdi.org.cn/CTMDS/pub/PUB010100.do?method=handle06&curPage=4&pageSize=100
860,cnha-pending-87c89ebdfce06dd3,The second affiliated hospital of Harbin medical university,cnha-cfdi-4ab33e0bc0a8033302630a51547a45f3,哈尔滨医科大学附属肿瘤医院,Third Affiliated Hospital of Harbin Medical University,0.92,review_required,https://beian.cfdi.org.cn/CTMDS/pub/PUB010100.do?method=handle06&curPage=3&pageSize=100
860,cnha-pending-87c89ebdfce06dd3,The second affiliated hospital of Harbin medical university,cnha-ror-02s7c9e98,哈尔滨医科大学第四附属医院,Fourth Affiliated Hospital of Harbin Medical University,0.891089,review_required,https://ror.org/02s7c9e98
861,cnha-pending-8822cdaf40d7b6b1,Shandong Cancer Hospital & Institute,cnha-cfdi-d096fe98c0a803333c5d67902f3d14b9,山东第一医科大学附属肿瘤医院,Shandong Cancer Hospital,0.814815,review_required,https://beian.cfdi.org.cn/CTMDS/pub/PUB010100.do?method=handle06&curPage=2&pageSize=100
863,cnha-pending-97a52777f4436219,The Sixth Affiliated Hospital Sun Yat sen University,cnha-cfdi-27288bcdc0a8033311523e0dfe55b3ff,中山大学附属第六医院,Sixth Affiliated Hospital of Sun Yat-sen University,0.94382,review_required,https://beian.cfdi.org.cn/CTMDS/pub/PUB010100.do?method=handle06&curPage=1&pageSize=100
863,cnha-pending-97a52777f4436219,The Sixth Affiliated Hospital Sun Yat sen University,cnha-cfdi-3ce595d2c0a803333acc798da7cf0c71,中山大学附属第一医院,"The First Affiliated Hospital, Sun Yat-sen University",0.933333,review_required,https://beian.cfdi.org.cn/CTMDS/pub/PUB010100.do?method=handle06&curPage=1&pageSize=100
863,cnha-pending-97a52777f4436219,The Sixth Affiliated Hospital Sun Yat sen University,cnha-ror-04tm3k558,Third Affiliated Hospital of Sun Yat-sen University,Third Affiliated Hospital of Sun Yat-sen University,0.898876,review_required,https://ror.org/04tm3k558
865,cnha-pending-9ee8d670bae51729,The First Affiliated Hospital of Medical School of Zhejiang University,cnha-ror-05m1p5x56,First Affiliated Hospital Zhejiang University,First Affiliated Hospital Zhejiang University,0.803922,review_required,https://ror.org/05m1p5x56
867,cnha-pending-b3f7f4919ec7a35d,"First Affiliated Hospital, Soochow University",cnha-cfdi-b5cd6543c0a803330d96755e77d8daa5,苏州大学附属第一医院,First Affiliated Hospital of Soochow University,0.97561,review_required,https://beian.cfdi.org.cn/CTMDS/pub/PUB010100.do?method=handle06&curPage=9&pageSize=100
867,cnha-pending-b3f7f4919ec7a35d,"First Affiliated Hospital, Soochow University",cnha-cfdi-1d696d32c0a803331506764268553b23,苏州大学附属第四医院,The Fourth Affiliated Hospital of Soochow University,0.883721,review_required,https://beian.cfdi.org.cn/CTMDS/pub/PUB010100.do?method=handle06&curPage=14&pageSize=100
867,cnha-pending-b3f7f4919ec7a35d,"First Affiliated Hospital, Soochow University",cnha-ror-0358q4810,Ruihua Affiliated Hospital of Soochow University,Ruihua Affiliated Hospital of Soochow University,0.86747,review_required,https://ror.org/0358q4810
868,cnha-pending-c41939ec68965e43,Oncology Department of The First Affiliated Hospital of Zhengzhou University,cnha-cfdi-1cddfb03c0a803332664670577fb4a58,郑州大学第一附属医院,The First Affiliated Hospital of Zhengzhou University,0.824561,review_required,https://beian.cfdi.org.cn/CTMDS/pub/PUB010100.do?method=handle06&curPage=2&pageSize=100
870,cnha-pending-c737cee650298b02,Chongqing General Hospital,cnha-ror-01hfx7864,重庆牙科医院（重庆市渝中区口腔医院),Chongqing Dental Hospital,0.893617,review_required,https://ror.org/01hfx7864
870,cnha-pending-c737cee650298b02,Chongqing General Hospital,cnha-ror-047d8yx24,重庆市肿瘤研究所,Chongqing Cancer Hospital,0.851064,review_required,https://ror.org/047d8yx24
872,cnha-pending-cac8ef34de16f71b,Affiliated Hospital of Yangzhou University,cnha-ror-04gz17b59,江苏省苏北人民医院,Affiliated Hospital to Yangzhou University,0.973684,review_required,https://ror.org/04gz17b59
876,cnha-pending-f3a5a00035282920,The First affiliated Hospital of Wenzhou Medical College,cnha-cfdi-0e9edb94c0a8033322217b6117bae902,温州医科大学附属眼视光医院,Affiliated Eye Hospital of Wenzhou Medical College,0.88172,review_required,https://beian.cfdi.org.cn/CTMDS/pub/PUB010100.do?method=handle06&curPage=5&pageSize=100
876,cnha-pending-f3a5a00035282920,The First affiliated Hospital of Wenzhou Medical College,cnha-ror-03cyvdv85,First Affiliated Hospital of Wenzhou Medical University,First Affiliated Hospital of Wenzhou Medical University,0.816327,review_required,https://ror.org/03cyvdv85
877,cnha-pending-ff9543c6f8fae994,"Cancer Hospital, Chinese Academy of Medical Science",cnha-cfdi-31c61602c0a803336b55426e8e04a4da,中国医学科学院肿瘤医院,Cancer Hospital of Chinese Academy of Medical Sciences,0.967033,review_required,https://beian.cfdi.org.cn/CTMDS/pub/PUB010100.do?method=handle06&curPage=4&pageSize=100
881,cnha-pending-035bc4f5ddbb77e2,Nanjing Maternal and Child Health Care Hospital,cnha-ror-01a2gef28,Nanjing Maternity and Child Health Care Hospital,Nanjing Maternity and Child Health Care Hospital,0.939759,review_required,https://ror.org/01a2gef28
882,cnha-pending-06a268c146dbd4d0,"The First Affiliated Hospital,Chongqing Medical University",cnha-ror-033vnzz93,重庆医科大学附属永川医院,First Affiliated Hospital of Chongqing Medical University,0.951456,review_required,https://ror.org/033vnzz93
882,cnha-pending-06a268c146dbd4d0,"The First Affiliated Hospital,Chongqing Medical University",cnha-cfdi-330a5a5dc0a8033377e4178e3d5a8695,重庆医科大学附属第二医院,Second Affiliated Hospital of Chongqing Medical University,0.865385,review_required,https://beian.cfdi.org.cn/CTMDS/pub/PUB010100.do?method=handle06&curPage=1&pageSize=100
882,cnha-pending-06a268c146dbd4d0,"The First Affiliated Hospital,Chongqing Medical University",cnha-ror-02jn36537,西南医院,"First Affiliated Hospital, Third Military Medical University",0.8,review_required,https://ror.org/02jn36537
884,cnha-pending-1324bf5553fbf223,"Third Affiliated Hospital, Sun Yat-Sen University",cnha-ror-04tm3k558,Third Affiliated Hospital of Sun Yat-sen University,Third Affiliated Hospital of Sun Yat-sen University,0.976744,review_required,https://ror.org/04tm3k558
884,cnha-pending-1324bf5553fbf223,"Third Affiliated Hospital, Sun Yat-Sen University",cnha-cfdi-3ce595d2c0a803333acc798da7cf0c71,中山大学附属第一医院,"The First Affiliated Hospital, Sun Yat-sen University",0.942529,review_required,https://beian.cfdi.org.cn/CTMDS/pub/PUB010100.do?method=handle06&curPage=1&pageSize=100
884,cnha-pending-1324bf5553fbf223,"Third Affiliated Hospital, Sun Yat-Sen University",cnha-cfdi-27288bcdc0a8033311523e0dfe55b3ff,中山大学附属第六医院,Sixth Affiliated Hospital of Sun Yat-sen University,0.906977,review_required,https://beian.cfdi.org.cn/CTMDS/pub/PUB010100.do?method=handle06&curPage=1&pageSize=100
885,cnha-pending-2adbb23b5cc46817,The First Affiliated Hospital of Bengbu Medical University,cnha-ror-04v043n92,蚌埠医学院第一附属医院,First Affiliated Hospital of Bengbu Medical College,0.8125,review_required,https://ror.org/04v043n92
886,cnha-pending-2d3f138caaf2b6e0,ChangZhou First People's Hospital,cnha-ror-04ze64w44,Changzhou Third People's Hospital,Changzhou Third People's Hospital,0.896552,review_required,https://ror.org/04ze64w44
886,cnha-pending-2d3f138caaf2b6e0,ChangZhou First People's Hospital,cnha-cfdi-458e8225c0a803335ec2506c0d2b3ce8,常州市第二人民医院,Changzhou No.2 People's Hospital,0.857143,review_required,https://beian.cfdi.org.cn/CTMDS/pub/PUB010100.do?method=handle06&curPage=9&pageSize=100
887,cnha-pending-45a5e64a870124b0,Shanghai 10th People's Hospital,cnha-ror-03vjkf643,上海第十人民医院,Shanghai Tenth People's Hospital,0.909091,review_required,https://ror.org/03vjkf643
887,cnha-pending-45a5e64a870124b0,Shanghai 10th People's Hospital,cnha-ror-010826a91,上海第九人民医院,Shanghai Ninth People's Hospital,0.909091,review_required,https://ror.org/010826a91
887,cnha-pending-45a5e64a870124b0,Shanghai 10th People's Hospital,cnha-ror-00gp99k74,上海交通大学医学院附属第三人民医院,Shanghai Third People's Hospital,0.909091,review_required,https://ror.org/00gp99k74
888,cnha-pending-4d31c2b6aa3fd934,Wuxi Second People's Hospital,cnha-ror-05pb5hm55,Wuxi People's Hospital,Wuxi People's Hospital,0.863636,review_required,https://ror.org/05pb5hm55
888,cnha-pending-4d31c2b6aa3fd934,Wuxi Second People's Hospital,cnha-cfdi-b1b916e1c0a803337959d7fcacbd5db1,无锡市第二人民医院,Wuxi No.2 People's Hospital,0.851064,review_required,https://beian.cfdi.org.cn/CTMDS/pub/PUB010100.do?method=handle06&curPage=3&pageSize=100
888,cnha-pending-4d31c2b6aa3fd934,Wuxi Second People's Hospital,cnha-ror-0421p8j22,Wuxi Third People's Hospital,Wuxi Third People's Hospital,0.816327,review_required,https://ror.org/0421p8j22
892,cnha-pending-604c795e13e979b3,"Tongji Hospital Affiliated to Tongji Medical College, Huazhong University of Science and Technology",cnha-cfdi-cfc87cfdc0a8033370f2b59ea8bf5206,华中科技大学同济医学院附属协和医院,"Union Hospital, Tongji Medical College, Huazhong University of Science and Technology",0.880503,review_required,https://beian.cfdi.org.cn/CTMDS/pub/PUB010100.do?method=handle06&curPage=1&pageSize=100
893,cnha-pending-635f99ee1d31bc9f,The Second People's Hospital of Neijiang,cnha-cfdi-af02162ac0a8033362ca0616b61130da,内江市第一人民医院,The First People's Hospital of Neijiang,0.865672,review_required,https://beian.cfdi.org.cn/CTMDS/pub/PUB010100.do?method=handle06&curPage=8&pageSize=100
899,cnha-pending-919ddcad7f0b2143,The First Affiliated Hospital of Henan University of Traditional Chinese Medicine,cnha-cfdi-17b5389ac0a803330905d83b03a684c5,河南中医药大学第一附属医院,First Affiliated Hospital of Henan University of Traditional Chinese Medicine,0.978417,review_required,https://beian.cfdi.org.cn/CTMDS/pub/PUB010100.do?method=handle06&curPage=4&pageSize=100
900,cnha-pending-983e2bc0c33d080c,Shanxi Provincial People's Hospital,cnha-cfdi-637b975dc0a803333264020224c4f75d,陕西省人民医院,Shaanxi Provincial People's Hospital,0.984127,review_required,https://beian.cfdi.org.cn/CTMDS/pub/PUB010100.do?method=handle06&curPage=3&pageSize=100
902,cnha-pending-9e5b99398dbb3b49,Xiyuan Hospital of China Academy of Chinese Medical Sciences,cnha-cfdi-e316dc10c0a803330c04ed74c08fb93d,中国中医科学院望京医院,Wangjing Hospital of China Academy of Chinese Medical Sciences,0.90566,review_required,https://beian.cfdi.org.cn/CTMDS/pub/PUB010100.do?method=handle06&curPage=9&pageSize=100
902,cnha-pending-9e5b99398dbb3b49,Xiyuan Hospital of China Academy of Chinese Medical Sciences,cnha-cfdi-31c61602c0a803336b55426e8e04a4da,中国医学科学院肿瘤医院,Cancer Hospital of Chinese Academy of Medical Sciences,0.808081,review_required,https://beian.cfdi.org.cn/CTMDS/pub/PUB010100.do?method=handle06&curPage=4&pageSize=100
904,cnha-pending-a9d774d323ad34ff,The First Teaching Hospital of Xinjiang Medical University,cnha-cfdi-c96cb6cfc0a80333106c5822b7f9113e,新疆医科大学第一附属医院,First Affiliated Hospital of Xinjiang Medical University,0.831683,review_required,https://beian.cfdi.org.cn/CTMDS/pub/PUB010100.do?method=handle06&curPage=2&pageSize=100
904,cnha-pending-a9d774d323ad34ff,The First Teaching Hospital of Xinjiang Medical University,cnha-ror-015tqbb95,Tumor Hospital of Xinjiang Medical University,Tumor Hospital of Xinjiang Medical University,0.813187,review_required,https://ror.org/015tqbb95
904,cnha-pending-a9d774d323ad34ff,The First Teaching Hospital of Xinjiang Medical University,cnha-ror-04f970v93,Fifth Affiliated Hospital of Xinjiang Medical University,Fifth Affiliated Hospital of Xinjiang Medical University,0.811881,review_required,https://ror.org/04f970v93
905,cnha-pending-aa0f14e3710a2464,Affiliated Tumor Hospital of Guangxi Medical University,cnha-ror-030sc3x20,First Affiliated Hospital of GuangXi Medical University,First Affiliated Hospital of GuangXi Medical University,0.897959,review_required,https://ror.org/030sc3x20
905,cnha-pending-aa0f14e3710a2464,Affiliated Tumor Hospital of Guangxi Medical University,cnha-ror-051mn8706,广西医科大学肿瘤医院,Tumor Hospital of Guangxi Medical University,0.886364,review_required,https://ror.org/051mn8706
905,cnha-pending-aa0f14e3710a2464,Affiliated Tumor Hospital of Guangxi Medical University,cnha-ror-04zdsga82,广西中医药大学附属瑞康医院,Ruikang Affiliated Hospital of Guangxi Medical University,0.88,review_required,https://ror.org/04zdsga82
907,cnha-pending-b072919aa2cfc4dd,Chenzhou No.1 People's Hospital,cnha-ror-04y2bwa40,Chenzhou First People's Hospital,Chenzhou First People's Hospital,0.851852,review_required,https://ror.org/04y2bwa40
908,cnha-pending-b5526505f7c66956,the Affiliated Hospital of Yangzhou University,cnha-ror-04gz17b59,江苏省苏北人民医院,Affiliated Hospital to Yangzhou University,0.936709,review_required,https://ror.org/04gz17b59
909,cnha-pending-b6a9f1a3fa75e604,The Affiliated Cancer Hospital of Guizhou Medical University,cnha-ror-02kstas42,Affiliated Hospital of Guizhou Medical University,Affiliated Hospital of Guizhou Medical University,0.907216,review_required,https://ror.org/02kstas42
912,cnha-pending-c87bcd823f586cb7,The Affiliated Hospital of Hangzhou Normal University,cnha-ror-01bkvqx83,Affiliated Hospital of Hangzhou Normal University,Affiliated Hospital of Hangzhou Normal University,0.967033,review_required,https://ror.org/01bkvqx83
913,cnha-pending-cd63a78540babad8,Cancer Hospital of Guangxi Medical University,cnha-ror-051mn8706,广西医科大学肿瘤医院,Tumor Hospital of Guangxi Medical University,0.886076,review_required,https://ror.org/051mn8706
913,cnha-pending-cd63a78540babad8,Cancer Hospital of Guangxi Medical University,cnha-ror-04zdsga82,广西中医药大学附属瑞康医院,Ruikang Affiliated Hospital of Guangxi Medical University,0.813187,review_required,https://ror.org/04zdsga82
913,cnha-pending-cd63a78540babad8,Cancer Hospital of Guangxi Medical University,cnha-ror-030sc3x20,First Affiliated Hospital of GuangXi Medical University,First Affiliated Hospital of GuangXi Medical University,0.808989,review_required,https://ror.org/030sc3x20
925,cnha-pending-09e775624df24053,The Fourth Hospital of Harbin Medical University,cnha-ror-02s7c9e98,哈尔滨医科大学第四附属医院,Fourth Affiliated Hospital of Harbin Medical University,0.857143,review_required,https://ror.org/02s7c9e98
925,cnha-pending-09e775624df24053,The Fourth Hospital of Harbin Medical University,cnha-cfdi-4ab33e0bc0a8033302630a51547a45f3,哈尔滨医科大学附属肿瘤医院,Third Affiliated Hospital of Harbin Medical University,0.8,review_required,https://beian.cfdi.org.cn/CTMDS/pub/PUB010100.do?method=handle06&curPage=3&pageSize=100
926,cnha-pending-0c519607122d52dd,"Guang'anmen hospital, China Academy of Chinese Medical Sciences",cnha-cfdi-e316dc10c0a803330c04ed74c08fb93d,中国中医科学院望京医院,Wangjing Hospital of China Academy of Chinese Medical Sciences,0.888889,review_required,https://beian.cfdi.org.cn/CTMDS/pub/PUB010100.do?method=handle06&curPage=9&pageSize=100
927,cnha-pending-0dca2884b6861259,The First Affiliated Hospital of China Medical University,cnha-cfdi-066b931bc0a8033351202887a2fd71fa,中国医科大学附属第一医院,First Affiliated Hospital of China Medical University,0.969072,review_required,https://beian.cfdi.org.cn/CTMDS/pub/PUB010100.do?method=handle06&curPage=2&pageSize=100
927,cnha-pending-0dca2884b6861259,The First Affiliated Hospital of China Medical University,cnha-cfdi-20bf70afc0a803331d8b21c12f0aaad7,中国医科大学附属第四医院,Fourth Affiliated Hospital of China Medical University,0.897959,review_required,https://beian.cfdi.org.cn/CTMDS/pub/PUB010100.do?method=handle06&curPage=7&pageSize=100
928,cnha-pending-11f7c2cbeb4f6a71,Tongji Hospital Tongji Medical College of Huazhong University of Science and Technology,cnha-cfdi-cfc87cfdc0a8033370f2b59ea8bf5206,华中科技大学同济医学院附属协和医院,Union Hospital of Tongji Medical College of Huazhong University of Science and Technology,0.941176,review_required,https://beian.cfdi.org.cn/CTMDS/pub/PUB010100.do?method=handle06&curPage=1&pageSize=100
929,cnha-pending-22ec7ed64dba2d54,Quzhou People's Hospital,cnha-ror-004qehs09,Quzhou City People's Hospital,Quzhou City People's Hospital,0.913043,review_required,https://ror.org/004qehs09
933,cnha-pending-29a302076d95e957,The Second Affiliated Hospital of Kunming Medical University,cnha-ror-00c639s42,云南省第二人民医院,Fourth Affiliated Hospital of Kunming Medical University,0.893204,review_required,https://ror.org/00c639s42
933,cnha-pending-29a302076d95e957,The Second Affiliated Hospital of Kunming Medical University,cnha-ror-02g01ht84,First Affiliated Hospital of Kunming Medical University,First Affiliated Hospital of Kunming Medical University,0.882353,review_required,https://ror.org/02g01ht84
933,cnha-pending-29a302076d95e957,The Second Affiliated Hospital of Kunming Medical University,cnha-cfdi-9160584dc0a803334852b549174b5336,昆明医科大学第二附属医院,Second Affiliated Hospital of Kunming Medical College,0.82,review_required,https://beian.cfdi.org.cn/CTMDS/pub/PUB010100.do?method=handle06&curPage=9&pageSize=100
935,cnha-pending-39c20f9a6398ed13,Zhejiang Xiaoshan Hospital,cnha-cfdi-f338e66cc0a803337adcdf3ac9b68fa1,浙江医院,Zhejiang Hospital,0.8,review_required,https://beian.cfdi.org.cn/CTMDS/pub/PUB010100.do?method=handle06&curPage=2&pageSize=100
937,cnha-pending-432b07cb7857fdb2,Baoji Central Hospital,cnha-cfdi-16da30a1c0a80333093840cbb76504fe,宝鸡市中心医院,Baoji City Central Hospital,0.909091,review_required,https://beian.cfdi.org.cn/CTMDS/pub/PUB010100.do?method=handle06&curPage=8&pageSize=100
939,cnha-pending-4f32fcad85749141,Jiujiang NO.1 People's Hospital,cnha-ror-0140x9678,Jiujiang First People's Hospital,Jiujiang First People's Hospital,0.851852,review_required,https://ror.org/0140x9678
941,cnha-pending-5bcbcc5477234a8c,the First Affiliated Hospital of Zhejiang Chinese Medical University,cnha-ror-05m1p5x56,First Affiliated Hospital Zhejiang University,First Affiliated Hospital Zhejiang University,0.811881,review_required,https://ror.org/05m1p5x56
942,cnha-pending-65f521559ce34833,The Affiliated Hospital of Medical College Qingdao University,cnha-ror-026e9yy16,Affiliated Hospital of Qingdao University,Affiliated Hospital of Qingdao University,0.813187,review_required,https://ror.org/026e9yy16
943,cnha-pending-6aa73d08f537ac76,Taizhou Hospital,cnha-ror-040884w51,台州市中心医院,Taizhou Central Hospital,0.810811,review_required,https://ror.org/040884w51
943,cnha-pending-6aa73d08f537ac76,Taizhou Hospital,cnha-ror-02fvevm64,Taizhou People's Hospital,Taizhou People's Hospital,0.810811,review_required,https://ror.org/02fvevm64
944,cnha-pending-74345d3a4233f9b1,The First People's Hospital of Hangzhou,cnha-cfdi-ef878593c0a803331633f9dae5bad270,杭州市第三人民医院,Third People's Hospital of Hangzhou,0.920635,review_required,https://beian.cfdi.org.cn/CTMDS/pub/PUB010100.do?method=handle06&curPage=8&pageSize=100
944,cnha-pending-74345d3a4233f9b1,The First People's Hospital of Hangzhou,cnha-cfdi-d4b86629c0a803336e995356cd7958fa,杭州市萧山区第一人民医院,"The First People's Hospital of Xiaoshan District, Hangzhou",0.804878,review_required,https://beian.cfdi.org.cn/CTMDS/pub/PUB010100.do?method=handle06&curPage=12&pageSize=100
945,cnha-pending-753f874c36de6269,The third people's hospital of Shenzhen,cnha-ror-00j5y7k81,Longgang Central Hospital,Ninth People's Hospital of Shenzhen,0.857143,review_required,https://ror.org/00j5y7k81
946,cnha-pending-77dd0787411e26c8,Lishui Municipal Central Hospital,cnha-cfdi-a19cdcf4c0a8033304a04100126047c3,丽水市中心医院,Lishui Central Hospital,0.823529,review_required,https://beian.cfdi.org.cn/CTMDS/pub/PUB010100.do?method=handle06&curPage=4&pageSize=100
947,cnha-pending-78b17b25068070cb,Southwest Hospital of Third Millitary Medical University,cnha-ror-02d217z27,新桥医院,"Second Affiliated Hospital, Third Military Medical University",0.807692,review_required,https://ror.org/02d217z27
948,cnha-pending-7919ecd7169ec6f6,The Third People's Hospital of Zhengzhou,cnha-cfdi-a142e98bc0a803336a3b193e17e91236,河南省传染病医院,The Sixth People's Hospital of Zhengzhou,0.911765,review_required,https://beian.cfdi.org.cn/CTMDS/pub/PUB010100.do?method=handle06&curPage=5&pageSize=100
950,cnha-pending-7c84cd9fce8bae83,First affiliated Hospital of Zhejiang University,cnha-ror-05m1p5x56,First Affiliated Hospital Zhejiang University,First Affiliated Hospital Zhejiang University,0.97619,review_required,https://ror.org/05m1p5x56
950,cnha-pending-7c84cd9fce8bae83,First affiliated Hospital of Zhejiang University,cnha-ror-059cjpv64,Second Affiliated Hospital of Zhejiang University,Second Affiliated Hospital of Zhejiang University,0.896552,review_required,https://ror.org/059cjpv64
952,cnha-pending-9a64660db507b0f1,Zhongshan Hospital Affiliated to Xiamen University,cnha-cfdi-a187f5a6c0a8033341bfac25249a0894,厦门大学附属中山医院,Zhongshan Hospital of Xiamen University,0.85,review_required,https://beian.cfdi.org.cn/CTMDS/pub/PUB010100.do?method=handle06&curPage=5&pageSize=100
953,cnha-pending-9e0513af036a0fc6,Jiangsu Provincial Hospital,cnha-cfdi-382ba8b0c0a803335b4ce03a0dba2371,南京医科大学第一附属医院,Jiangsu Province Hospital,0.916667,review_required,https://beian.cfdi.org.cn/CTMDS/pub/PUB010100.do?method=handle06&curPage=9&pageSize=100
953,cnha-pending-9e0513af036a0fc6,Jiangsu Provincial Hospital,cnha-cfdi-80e0d7e7c0a803331dcf2361ad2b01f1,江苏省省级机关医院,Jiangsu Provincial Authorities Hospital,0.819672,review_required,https://beian.cfdi.org.cn/CTMDS/pub/PUB010100.do?method=handle06&curPage=8&pageSize=100
955,cnha-pending-a47c0b0f98ea6ea8,Shanghai Xuhui District Central Hospital,cnha-ror-00xteb469,黄浦区中心医院,Shanghai Huangpu District Central Hospital,0.891892,review_required,https://ror.org/00xteb469
955,cnha-pending-a47c0b0f98ea6ea8,Shanghai Xuhui District Central Hospital,cnha-ror-01whmzn59,上海徐汇中心医院,Shanghai Xuhui Central Hospital,0.875,review_required,https://ror.org/01whmzn59
955,cnha-pending-a47c0b0f98ea6ea8,Shanghai Xuhui District Central Hospital,cnha-ror-00p0n9a62,Minhang District Central Hospital,Shanghai Minhang District Central Hospital,0.864865,review_required,https://ror.org/00p0n9a62
956,cnha-pending-aea0304c78ab4caa,The General Hospital of Shenyang Military Region,cnha-ror-0340t0585,中国人民解放军沈阳军区总医院,General Hospital of Shenyang Military Region,0.962963,review_required,https://ror.org/0340t0585
959,cnha-pending-ba4558fafd3b824d,"Union Hospital, Huazhong University of Science and Technology",cnha-cfdi-cfc87cfdc0a8033370f2b59ea8bf5206,华中科技大学同济医学院附属协和医院,"Union Hospital, Tongji Medical College, Huazhong University of Science and Technology",0.84127,review_required,https://beian.cfdi.org.cn/CTMDS/pub/PUB010100.do?method=handle06&curPage=1&pageSize=100
962,cnha-pending-c1d62dae1b4aa641,The Affiliated Hospital of Inner Mongolia Medical University,cnha-ror-01y07zp44,Second Affiliated Hospital of Inner Mongolia Medical University,Second Affiliated Hospital of Inner Mongolia Medical University,0.93578,review_required,https://ror.org/01y07zp44
962,cnha-pending-c1d62dae1b4aa641,The Affiliated Hospital of Inner Mongolia Medical University,cnha-cfdi-522ea2e9c0a8033328b3052f21083b94,内蒙古医科大学附属医院,Affiliated Hospital of Inner Mongolia Medical College,0.82,review_required,https://beian.cfdi.org.cn/CTMDS/pub/PUB010100.do?method=handle06&curPage=6&pageSize=100
968,cnha-pending-e0fb3b72da8242ac,Shanghai Tong Ren hospital,cnha-cfdi-a15cc9cbc0a8033339bd35fd623e7255,上海市浦东医院,Shanghai Pudong Hospital,0.844444,review_required,https://beian.cfdi.org.cn/CTMDS/pub/PUB010100.do?method=handle06&curPage=4&pageSize=100
968,cnha-pending-e0fb3b72da8242ac,Shanghai Tong Ren hospital,cnha-ror-04a46mh28,Shanghai First People's Hospital,Shanghai General Hospital,0.826087,review_required,https://ror.org/04a46mh28
968,cnha-pending-e0fb3b72da8242ac,Shanghai Tong Ren hospital,cnha-ror-0103dxn66,Shanghai Changzheng Hospital,Shanghai Changzheng Hospital,0.816327,review_required,https://ror.org/0103dxn66
969,cnha-pending-e6d969d62f2a188b,The Second Affiliated Hospital of Zhejiang University,cnha-ror-059cjpv64,Second Affiliated Hospital of Zhejiang University,Second Affiliated Hospital of Zhejiang University,0.967033,review_required,https://ror.org/059cjpv64
969,cnha-pending-e6d969d62f2a188b,The Second Affiliated Hospital of Zhejiang University,cnha-ror-05m1p5x56,First Affiliated Hospital Zhejiang University,First Affiliated Hospital Zhejiang University,0.840909,review_required,https://ror.org/05m1p5x56
970,cnha-pending-ee58d32849b59558,Jiangsu Province People's Hospital,cnha-cfdi-382ba8b0c0a803335b4ce03a0dba2371,南京医科大学第一附属医院,Jiangsu Province Hospital,0.867925,review_required,https://beian.cfdi.org.cn/CTMDS/pub/PUB010100.do?method=handle06&curPage=9&pageSize=100
971,cnha-pending-f563eb00911400cb,The Tumor Hospital Affiliated to Guangxi Medical University,cnha-ror-051mn8706,广西医科大学肿瘤医院,Tumor Hospital of Guangxi Medical University,0.835165,review_required,https://ror.org/051mn8706
973,cnha-pending-fdb94c392bb236f6,The First Hospital of Shanxi Medical University,cnha-ror-02vzqaq35,First Hospital of Shanxi Medical University,First Hospital of Shanxi Medical University,0.962025,review_required,https://ror.org/02vzqaq35
973,cnha-pending-fdb94c392bb236f6,The First Hospital of Shanxi Medical University,cnha-cfdi-90498cb3c0a80333608cf87ec8056ce6,山西医科大学第二医院,Second Hospital of Shanxi Medical University,0.85,review_required,https://beian.cfdi.org.cn/CTMDS/pub/PUB010100.do?method=handle06&curPage=6&pageSize=100
980,cnha-pending-022c4bbdf3e9c9b7,The first hospital of Qinhuangdao,cnha-ror-05pmkqv04,First Hospital of Qinhuangdao,First Hospital of Qinhuangdao,0.945455,review_required,https://ror.org/05pmkqv04
984,cnha-pending-0a7ed06f4e4f0006,The First Affiliated Hospital of Henan University of Chinese Medicine,cnha-cfdi-17b5389ac0a803330905d83b03a684c5,河南中医药大学第一附属医院,First Affiliated Hospital of Henan University of Traditional Chinese Medicine,0.890625,review_required,https://beian.cfdi.org.cn/CTMDS/pub/PUB010100.do?method=handle06&curPage=4&pageSize=100
985,cnha-pending-0db4e2d542b7e08c,Guangxi Medical University Affiliated Tumor Hospital,cnha-ror-051mn8706,广西医科大学肿瘤医院,Guangxi Medical University Affiliated Tumour Hospital,0.989474,review_required,https://ror.org/051mn8706
987,cnha-pending-26025f0cd310929e,Shanghai Tongji Hospital,cnha-cfdi-a15cc9cbc0a8033339bd35fd623e7255,上海市浦东医院,Shanghai Pudong Hospital,0.863636,review_required,https://beian.cfdi.org.cn/CTMDS/pub/PUB010100.do?method=handle06&curPage=4&pageSize=100
987,cnha-pending-26025f0cd310929e,Shanghai Tongji Hospital,cnha-ror-038xmzj21,Shanghai East Hospital,Shanghai East Hospital,0.809524,review_required,https://ror.org/038xmzj21
988,cnha-pending-27d2f77982b24b64,Henan Children's Hospital,cnha-ror-01jfd9z49,河南省儿童医院,Zhengzhou Children's Hospital,0.833333,review_required,https://ror.org/01jfd9z49
990,cnha-pending-2ad72c173dd0d982,"Dongzhimen Hospital ,Beijing University of Chinese Medicine",cnha-cfdi-b463d2bec0a803336b5465344a9bd2eb,北京中医药大学东直门医院,Dongzhimen Hospital Affiliated to Beijing University of Chinese Medicine,0.896552,review_required,https://beian.cfdi.org.cn/CTMDS/pub/PUB010100.do?method=handle06&curPage=4&pageSize=100
994,cnha-pending-3732a17580801bac,Beijing University First Hospital,cnha-cfdi-88d3b2b8c0a803331b12a6cc08d63a3f,北京大学第一医院,Peking University First Hospital,0.915254,review_required,https://beian.cfdi.org.cn/CTMDS/pub/PUB010100.do?method=handle06&curPage=10&pageSize=100
994,cnha-pending-3732a17580801bac,Beijing University First Hospital,cnha-cfdi-90e8bfbcc0a8033311829d2674af920d,北京大学第六医院,Peking University Sixth Hospital,0.813559,review_required,https://beian.cfdi.org.cn/CTMDS/pub/PUB010100.do?method=handle06&curPage=8&pageSize=100
994,cnha-pending-3732a17580801bac,Beijing University First Hospital,cnha-cfdi-37551ed6c0a803335a0094ca2f2a9999,北京大学第三医院,Peking University Third Hospital,0.813559,review_required,https://beian.cfdi.org.cn/CTMDS/pub/PUB010100.do?method=handle06&curPage=2&pageSize=100
997,cnha-pending-452805faa35b7b5b,Affiliated Tumor Hospital of Xinjiang Medical University,cnha-ror-04f970v93,Fifth Affiliated Hospital of Xinjiang Medical University,Fifth Affiliated Hospital of Xinjiang Medical University,0.9,review_required,https://ror.org/04f970v93
997,cnha-pending-452805faa35b7b5b,Affiliated Tumor Hospital of Xinjiang Medical University,cnha-ror-03r4az639,Sixth Affiliated Hospital of Xinjiang Medical University,Sixth Affiliated Hospital of Xinjiang Medical University,0.9,review_required,https://ror.org/03r4az639
997,cnha-pending-452805faa35b7b5b,Affiliated Tumor Hospital of Xinjiang Medical University,cnha-cfdi-c96cb6cfc0a80333106c5822b7f9113e,新疆医科大学第一附属医院,First Affiliated Hospital of Xinjiang Medical University,0.9,review_required,https://beian.cfdi.org.cn/CTMDS/pub/PUB010100.do?method=handle06&curPage=2&pageSize=100
998,cnha-pending-63534a182bc7ad6a,SunYat-sen University Cancer Centre,cnha-cfdi-5aade771c0a803334595b5c3428d53c9,中山大学肿瘤防治中心,Sun Yat-sen University Cancer Center,0.967742,review_required,https://beian.cfdi.org.cn/CTMDS/pub/PUB010100.do?method=handle06&curPage=3&pageSize=100
999,cnha-pending-65478b1f7f23a089,Tangshan Workers Hospital,cnha-ror-00xw2x114,Tangshan People's Hospital,Tangshan People's Hospital,0.826087,review_required,https://ror.org/00xw2x114
999,cnha-pending-65478b1f7f23a089,Tangshan Workers Hospital,cnha-ror-00sr40296,Tangshan Gongren Hospital,Tangshan Gongren Hospital,0.826087,review_required,https://ror.org/00sr40296
