priority_rank,hospital_id,canonical_name,ranking_basis,review_status,website_status,website,candidate_website_checks,readable_candidate_websites,fields_to_check,automatic_identity_approval
1,cnha-cfdi-1ee7cbacc0a803333781c82ae9b72a5d,四川大学华西医院,ctg,requested_identity_fields_reviewed,readable,https://www.wchscu.cn/,0,0,,False
2,cnha-cfdi-5aade771c0a803334595b5c3428d53c9,中山大学肿瘤防治中心,ctg,official_fields_partially_reviewed,readable,http://english.sysucc.org.cn/,0,0,historical_names | unified_social_credit_code,False
3,cnha-cfdi-f4272ec5c0a80333460485425a122d1d,中国医学科学院北京协和医院,ctg,official_fields_partially_reviewed,unreadable,http://www.pumch.cn/index.html,0,0,historical_names | unified_social_credit_code,False
4,cnha-cfdi-6dbec404c0a803332f72931bc454ee4e,北京肿瘤医院,ctg,automated_triage_only,readable,http://www.bjcancer.org/_English/Service.html,0,0,short_names | historical_names | unified_social_credit_code,False
5,cnha-cfdi-baf67b59c0a8033336a1a7228617e8b5,复旦大学附属肿瘤医院,ctg,official_fields_partially_reviewed,readable,http://www.shca.org.cn/english,0,0,historical_names | unified_social_credit_code,False
6,cnha-cfdi-28c180c3c0a803337c9a4eaf72b893ea,吉林大学第一医院,ctg,official_fields_partially_reviewed,unreadable,http://www.bethune-jilin.cn/,0,0,short_names | historical_names | unified_social_credit_code,False
7,cnha-cfdi-0eb581dec0a80333092f49dd1bd60215,河南省肿瘤医院,ctg,automated_triage_only,readable,http://www.anti-cancer.com.cn/,0,0,short_names | historical_names | unified_social_credit_code,False
8,cnha-cfdi-877dc8a7c0a803335e9cc239fa3a0b8d,浙江省肿瘤医院,ctg,automated_triage_only,unreadable,http://www.zchospital.com/#,0,0,short_names | historical_names | unified_social_credit_code,False
9,cnha-cfdi-d5d39237c0a80333089149662db7a5be,北京大学人民医院,ctg,automated_triage_only,unreadable,http://www.pkuph.cn/,0,0,unified_social_credit_code,False
10,cnha-cfdi-37551ed6c0a803335a0094ca2f2a9999,北京大学第三医院,ctg,automated_triage_only,unreadable,http://www.med.monash.edu.au/sphc/mchi/partners/cn-h-pku3.html,0,0,historical_names | unified_social_credit_code,False
11,cnha-cfdi-88d3b2b8c0a803331b12a6cc08d63a3f,北京大学第一医院,ctg,official_fields_partially_reviewed,unreadable,http://www.bddyyy.com.cn/english.shtml,0,0,unified_social_credit_code,False
12,cnha-cfdi-1cddfb03c0a803332664670577fb4a58,郑州大学第一附属医院,ctg,official_fields_partially_reviewed,unreadable,http://fcc.zzu.edu.cn/,0,0,short_names | historical_names | unified_social_credit_code,False
13,cnha-cfdi-cfc87cfdc0a8033370f2b59ea8bf5206,华中科技大学同济医学院附属协和医院,ctg,official_fields_partially_reviewed,readable,https://www.whuh.com/en/,0,0,short_names | unified_social_credit_code,False
14,cnha-cfdi-56da0c76c0a8033378166121ef596120,湖南省肿瘤医院,ctg,official_fields_partially_reviewed,readable,http://www.hnca.org.cn,0,0,short_names | historical_names | unified_social_credit_code,False
15,cnha-cfdi-56984763c0a803336779babb6fc8fa42,南昌大学第一附属医院,ctg,official_fields_partially_reviewed,unreadable,http://www.cdyfy.com/,0,0,short_names | historical_names | unified_social_credit_code,False
16,cnha-cfdi-4ab33e0bc0a8033302630a51547a45f3,哈尔滨医科大学附属肿瘤医院,ctg,automated_triage_only,unreadable,http://www.hrbmutumour.cn/,0,0,historical_names | unified_social_credit_code,False
17,cnha-cfdi-6142322cc0a80333778027a05e997a2f,广东省人民医院,ctg,official_fields_partially_reviewed,no_reference_website,,0,0,short_names | historical_names | unified_social_credit_code,False
18,cnha-cfdi-382ba8b0c0a803335b4ce03a0dba2371,南京医科大学第一附属医院,ctg,automated_triage_only,unreadable,http://www.jsph.net/,0,0,short_names | historical_names | unified_social_credit_code,False
19,cnha-ror-056ef9489,Qilu Hospital of Shandong University,ctg,automated_triage_only,unreadable,http://www.qiluhospital.com/site2/eng/09/10101.shtml,0,0,official_name_zh | short_names | historical_names | unified_social_credit_code,False
20,cnha-ror-04gw3ra78,中国人民解放军总医院,ctg,automated_triage_only,unreadable,http://www.301hospital.com.cn/en2012/web/Introduction.html,0,0,official_name_zh | historical_names | unified_social_credit_code,False
21,cnha-ror-03fjc3817,Shanghai Chest Hospital,ctg,automated_triage_only,unreadable,http://www.shxkyy.net/pages/index.aspx,0,0,official_name_zh | short_names | historical_names | unified_social_credit_code,False
22,cnha-cfdi-3bb0a3b4c0a803332a9f6fc83950b0b0,中南大学湘雅医院,ctg,automated_triage_only,unreadable,http://www.xiangya.com.cn/web/#,0,0,short_names | historical_names | unified_social_credit_code,False
23,cnha-cfdi-214a1071c0a8033329decd493fe7ec5e,天津医科大学总医院,ctg,automated_triage_only,challenge_or_noncontent,http://www.tjmugh.com.cn/,0,0,short_names | historical_names | unified_social_credit_code,False
24,cnha-pending-865b65f77ddd694e,The First Affiliated Hospital of Soochow University,ctg,automated_triage_only,no_reference_website,,3,2,official_name_zh | english_name | short_names | historical_names | unified_social_credit_code,False
25,cnha-ror-055gkcy74,Union Hospital,ctg,automated_triage_only,unreadable,http://www.fjxiehe.com/english/index.jsp,0,0,official_name_zh | short_names | historical_names | unified_social_credit_code,False
26,cnha-cfdi-f38bbd78c0a80333056a73b8390ed2c2,天津市肿瘤医院,ctg,automated_triage_only,challenge_or_noncontent,http://www.tjmuch.com/,0,0,historical_names | unified_social_credit_code,False
27,cnha-ror-04a46mh28,Shanghai First People's Hospital,ctg,automated_triage_only,challenge_or_noncontent,http://www.firsthospital.cn/,0,0,official_name_zh | short_names | historical_names | unified_social_credit_code,False
28,cnha-pending-ea44269cf5d0f2f6,"Zhongshan Hospital, Fudan University",ctg,automated_triage_only,no_reference_website,,1,1,official_name_zh | english_name | short_names | historical_names | unified_social_credit_code,False
29,cnha-pending-91a5a54e1f332bd6,"Cancer Hospital, Chinese Academy of Medical Sciences",ctg,automated_triage_only,no_reference_website,,1,1,official_name_zh | english_name | short_names | historical_names | unified_social_credit_code,False
30,cnha-cfdi-aa1ee30bc0a80333230b8748f2d0263c,中日友好医院,ctg,automated_triage_only,unreadable,http://english.zryhyy.com.cn/,0,0,historical_names | unified_social_credit_code,False
31,cnha-ror-033nbnf69,Shanghai Pulmonary Hospital,ctg,automated_triage_only,unreadable,http://med.tongji.edu.cn/english/article.asp?article_id=6219&category_id=2098&root_id=2086,0,0,official_name_zh | short_names | historical_names | unified_social_credit_code,False
32,cnha-cfdi-f9225458c0a8033321f824bbb774a21f,安徽医科大学第一附属医院,ctg,official_fields_partially_reviewed,readable,http://www.ayfy.com/,0,0,unified_social_credit_code,False
33,cnha-ror-038xmzj21,Shanghai East Hospital,ctg,automated_triage_only,readable,http://www.shanghaieasthospital.com/,0,0,official_name_zh | short_names | historical_names | unified_social_credit_code,False
34,cnha-pending-85de4d882cda37e1,"The First Affiliated Hospital , Zhejiang University, School of Medicine",ctg,automated_triage_only,no_reference_website,,1,1,official_name_zh | english_name | short_names | historical_names | unified_social_credit_code,False
35,cnha-cfdi-85eb4b82c0a803331df18fb4918e3bf6,中国科学技术大学附属第一医院,ctg,official_fields_partially_reviewed,readable,http://www.ahslyy.com.cn/,0,0,short_names | historical_names | unified_social_credit_code,False
36,cnha-cfdi-d096fe98c0a803333c5d67902f3d14b9,山东第一医科大学附属肿瘤医院,ctg,automated_triage_only,readable,http://www.sd-cancer.com/,0,0,short_names | historical_names | unified_social_credit_code,False
37,cnha-pending-7d6060d7b3cec138,The second Xiangya Hospital of Central South University,ctg,automated_triage_only,no_reference_website,,3,0,official_name_zh | english_name | short_names | historical_names | unified_social_credit_code,False
38,cnha-cfdi-3ce595d2c0a803333acc798da7cf0c71,中山大学附属第一医院,ctg,automated_triage_only,readable,https://www.fahsysu.org.cn,0,0,short_names | historical_names | unified_social_credit_code,False
39,cnha-ror-026axqv54,Nanjing Drum Tower Hospital,ctg,automated_triage_only,readable,http://www.njglyy.com/en/,0,0,official_name_zh | short_names | historical_names | unified_social_credit_code,False
40,cnha-pending-784a9c9811b22555,Fujian Cancer Hospital,ctg,automated_triage_only,no_reference_website,,1,1,official_name_zh | english_name | short_names | historical_names | unified_social_credit_code,False
41,cnha-cfdi-5bc5271cc0a80333216d3eb98f39844f,湖北省肿瘤医院,ctg,automated_triage_only,unreadable,http://www.hbch.com.cn/en/,0,0,historical_names | unified_social_credit_code,False
42,cnha-cfdi-cb7eef02c0a8033372362db264a58311,河南省人民医院,ctg,automated_triage_only,challenge_or_noncontent,http://www.hnsrmyy.net/,0,0,short_names | historical_names | unified_social_credit_code,False
43,cnha-ror-02jwb5s28,Beijing Hospital,ctg,automated_triage_only,readable,https://www.bjhmoh.cn/,0,0,official_name_zh | short_names | historical_names | unified_social_credit_code,False
44,cnha-cfdi-312ade48c0a803330dbbe4dc78900ab2,首都医科大学附属北京朝阳医院,ctg,automated_triage_only,readable,http://www.bjcyh.com.cn,0,0,short_names | historical_names | unified_social_credit_code,False
45,cnha-ror-03ekhbz91,Renmin Hospital of Wuhan University,ctg,automated_triage_only,unreadable,http://www.rmhospital.com/,0,0,official_name_zh | historical_names | unified_social_credit_code,False
46,cnha-pending-8a3ddf13ee8dd9a6,"Sun Yat-sen Memorial Hospital, Sun Yat-sen University",ctg,automated_triage_only,no_reference_website,,0,0,official_name_zh | english_name | short_names | historical_names | unified_social_credit_code,False
47,cnha-ror-03k14e164,Zhejiang Provincial People's Hospital,ctg,automated_triage_only,unreadable,http://wwwold.hospitalstar.com/,0,0,official_name_zh | short_names | historical_names | unified_social_credit_code,False
48,cnha-pending-3b7237b90b6b9535,"Ruijin Hospital, Shanghai Jiaotong University School of Medicine",ctg,automated_triage_only,no_reference_website,,0,0,official_name_zh | english_name | short_names | historical_names | unified_social_credit_code,False
49,cnha-cfdi-377cbc83c0a8033328258152d0df5c96,济南市中心医院,ctg,automated_triage_only,readable,http://www.zxyy.cn/,0,0,short_names | historical_names | unified_social_credit_code,False
50,cnha-pending-2c782256529ea671,The First Hospital of China Medical University,ctg,automated_triage_only,no_reference_website,,2,0,official_name_zh | english_name | short_names | historical_names | unified_social_credit_code,False
51,cnha-ror-01v5mqw79,Zhongnan Hospital of Wuhan University,ctg,automated_triage_only,unreadable,http://www.znhospital.cn/,0,0,official_name_zh | short_names | historical_names | unified_social_credit_code,False
52,cnha-pending-3618cbeac5624a9b,The Affiliated Hospital of Qingdao University,ctg,automated_triage_only,no_reference_website,,1,0,official_name_zh | english_name | short_names | historical_names | unified_social_credit_code,False
53,cnha-pending-442794888d86af0b,The First Affiliated Hospital of Xiamen University,ctg,automated_triage_only,no_reference_website,,1,1,official_name_zh | english_name | short_names | historical_names | unified_social_credit_code,False
54,cnha-ror-003regz62,北京市神经外科研究所,ctg,automated_triage_only,readable,https://www.bjtth.org/,0,0,official_name_zh | short_names | historical_names | unified_social_credit_code,False
55,cnha-pending-ea3d9ddfd3280e6c,The Third Xiangya Hospital of Central South University,ctg,automated_triage_only,no_reference_website,,3,0,official_name_zh | english_name | short_names | historical_names | unified_social_credit_code,False
56,cnha-cfdi-318dc62bc0a8033361606bba37a83140,南京市第一医院,ctg,automated_triage_only,unreadable,https://nfh.org.cn,0,0,historical_names | unified_social_credit_code,False
57,cnha-pending-24326fb852c6aa28,The First Affiliated Hospital of Wenzhou Medical University,ctg,automated_triage_only,no_reference_website,,2,0,official_name_zh | english_name | short_names | historical_names | unified_social_credit_code,False
58,cnha-pending-cff05d3e522ba7b8,The First Affiliated Hospital of Chongqing Medical University,ctg,automated_triage_only,no_reference_website,,3,1,official_name_zh | english_name | short_names | historical_names | unified_social_credit_code,False
59,cnha-cfdi-4b02cdbcc0a803336e9d94419358241e,上海市精神卫生中心,ctg,automated_triage_only,unreadable,http://www.smhc.org.cn/index_en.aspx,0,0,historical_names | unified_social_credit_code,False
60,cnha-ror-01k3hq685,Zhongda Hospital Southeast University,ctg,automated_triage_only,readable,http://www.njzdyy.com/,0,0,official_name_zh | short_names | historical_names | unified_social_credit_code,False
61,cnha-pending-f7d3a85536f1aef9,Shengjing Hospital of China Medical University,ctg,automated_triage_only,no_reference_website,,1,0,official_name_zh | english_name | short_names | historical_names | unified_social_credit_code,False
62,cnha-pending-26777eb65b0e1042,The First Affiliated Hospital of Xi'an Jiaotong University,ctg,automated_triage_only,no_reference_website,,3,1,official_name_zh | english_name | short_names | historical_names | unified_social_credit_code,False
63,cnha-pending-4ca02f5500643353,The Affiliated Hospital of Xuzhou Medical University,ctg,automated_triage_only,no_reference_website,,0,0,official_name_zh | english_name | short_names | historical_names | unified_social_credit_code,False
64,cnha-ror-029wq9x81,四川省肿瘤研究所,ctg,automated_triage_only,unreadable,http://www.sichuancancer.org/,0,0,official_name_zh | short_names | historical_names | unified_social_credit_code,False
65,cnha-pending-2a770a2dc9004ac8,"Beijing Friendship Hospital, Capital Medical University",ctg,automated_triage_only,no_reference_website,,1,1,official_name_zh | english_name | short_names | historical_names | unified_social_credit_code,False
66,cnha-pending-a4b5b42d548e68a3,"Nanfang Hospital, Southern Medical University",ctg,automated_triage_only,no_reference_website,,1,0,official_name_zh | english_name | short_names | historical_names | unified_social_credit_code,False
67,cnha-cfdi-45e31950c0a80333157eaf9ead1b853b,北京大学深圳医院,ctg,automated_triage_only,unreadable,https://www.pkuszh.com.cn/,0,0,short_names | historical_names | unified_social_credit_code,False
68,cnha-ror-02bjs0p66,Changhai Hospital,ctg,automated_triage_only,readable,http://www.chhospital.com.cn/,0,0,official_name_zh | short_names | historical_names | unified_social_credit_code,False
69,cnha-pending-77024d09e5021830,Tianjin Medical University Cancer Institute & Hospital,ctg,automated_triage_only,no_reference_website,,3,0,official_name_zh | english_name | short_names | historical_names | unified_social_credit_code,False
70,cnha-pending-2d56ba15d1ad639e,Jilin Cancer Hospital,ctg,automated_triage_only,no_reference_website,,0,0,official_name_zh | english_name | short_names | historical_names | unified_social_credit_code,False
71,cnha-ror-03108sf43,江苏省肿瘤防治研究所,ctg,automated_triage_only,unreadable,http://www.jszlyy.com.cn/,0,0,official_name_zh | short_names | historical_names | unified_social_credit_code,False
72,cnha-pending-a4873134dcd47f9b,Xuanwu Hospital Capital Medical University,ctg,automated_triage_only,no_reference_website,,2,2,official_name_zh | english_name | short_names | historical_names | unified_social_credit_code,False
73,cnha-pending-7c4d0be213a12060,The First Affiliated Hospital of Guangzhou Medical University,ctg,automated_triage_only,no_reference_website,,3,1,official_name_zh | english_name | short_names | historical_names | unified_social_credit_code,False
74,cnha-cfdi-583d67e0c0a803331ff29cfe5c8fdebd,深圳市人民医院,ctg,automated_triage_only,readable,http://www.szhospital.com/,0,0,short_names | historical_names | unified_social_credit_code,False
75,cnha-ror-03jpekd50,广东省老年医学研究所,ctg,automated_triage_only,unreadable,http://www.gdghospital.org.cn/EN/Index.php,0,0,official_name_zh | historical_names | unified_social_credit_code,False
76,cnha-pending-ee05ab409c581ba3,The Second Affiliated Hospital Zhejiang University School of Medicine,ctg,automated_triage_only,no_reference_website,,1,0,official_name_zh | english_name | short_names | historical_names | unified_social_credit_code,False
77,cnha-cfdi-49af8e67c0a803336507a7bb3f8db7bc,上海交通大学医学院附属瑞金医院,ctg,automated_triage_only,readable,http://www.rjh.com.cn/,0,0,unified_social_credit_code,False
78,cnha-pending-b5d09ff2ff5a55c0,Huashan Hospital Fudan University,ctg,automated_triage_only,no_reference_website,,1,1,official_name_zh | english_name | short_names | historical_names | unified_social_credit_code,False
79,cnha-cfdi-138b56c4c0a803330e40ef24ba80d41f,复旦大学附属儿科医院,ctg,official_fields_partially_reviewed,readable,http://ch.shmu.edu.cn/,0,0,historical_names | unified_social_credit_code,False
80,cnha-pending-fabd5a0342a363e3,The Second Affiliated hospital of Zhejiang University School of Medicine,ctg,automated_triage_only,no_reference_website,,1,0,official_name_zh | english_name | short_names | historical_names | unified_social_credit_code,False
81,cnha-ror-04xy45965,Tongji Hospital,ctg,automated_triage_only,unreadable,http://english.tjh.com.cn/,0,0,official_name_zh | short_names | historical_names | unified_social_credit_code,False
82,cnha-ror-02z2yec16,中山大学眼科中心,ctg,automated_triage_only,readable,https://www.gzzoc.com,0,0,official_name_zh | historical_names | unified_social_credit_code,False
83,cnha-pending-f11e26e0493a72cf,The Second Affiliated Hospital of Nanchang University,ctg,automated_triage_only,no_reference_website,,3,0,official_name_zh | english_name | short_names | historical_names | unified_social_credit_code,False
84,cnha-pending-f530ddfbeea77512,The First Affiliated Hospital of Guangxi Medical University,ctg,automated_triage_only,no_reference_website,,2,0,official_name_zh | english_name | short_names | historical_names | unified_social_credit_code,False
85,cnha-pending-82d95b2d147d3b01,"Tongji Hospital Tongji Medical College, Huazhong University of Science and Technology",ctg,automated_triage_only,no_reference_website,,1,1,official_name_zh | english_name | short_names | historical_names | unified_social_credit_code,False
86,cnha-pending-2a13f66d1c41f2eb,The First Affiliated Hospital of Fujian Medical University,ctg,automated_triage_only,no_reference_website,,1,1,official_name_zh | english_name | short_names | historical_names | unified_social_credit_code,False
87,cnha-pending-b5a1eb9b6dc50892,The First Affiliated Hospital of Nanjing Medical University,ctg,automated_triage_only,no_reference_website,,3,1,official_name_zh | english_name | short_names | historical_names | unified_social_credit_code,False
88,cnha-cfdi-fdab536cc0a8033331f709e0eb34965d,山东省立医院,ctg,automated_triage_only,readable,http://www.sph.com.cn/,0,0,historical_names | unified_social_credit_code,False
89,cnha-pending-191e5255c338b096,"Beijing Tiantan Hospital, Capital Medical University",ctg,automated_triage_only,no_reference_website,,1,1,official_name_zh | english_name | short_names | historical_names | unified_social_credit_code,False
90,cnha-pending-3d92a444a9fbb144,Xiangya Hospital of Central South University,ctg,automated_triage_only,no_reference_website,,3,0,official_name_zh | english_name | short_names | historical_names | unified_social_credit_code,False
91,cnha-pending-3fce6872b470b005,West China Hospital,ctg,automated_triage_only,no_reference_website,,0,0,official_name_zh | english_name | short_names | historical_names | unified_social_credit_code,False
92,cnha-cfdi-d5d0a870c0a8033365bd187136c16c8c,烟台毓璜顶医院,ctg,automated_triage_only,unreadable,http://www.ytyhdyy.com/,0,0,short_names | historical_names | unified_social_credit_code,False
93,cnha-pending-c9c1abb0f52bc5bb,"Zhong Shan Hospital, Fudan University",ctg,automated_triage_only,no_reference_website,,1,1,official_name_zh | english_name | short_names | historical_names | unified_social_credit_code,False
94,cnha-pending-d068564c703f5b7d,Sichuan Provincial People's Hospital,ctg,automated_triage_only,no_reference_website,,1,0,official_name_zh | english_name | short_names | historical_names | unified_social_credit_code,False
95,cnha-cfdi-e9931cafc0a80333076533365daf5152,杭州市第一人民医院,ctg,automated_triage_only,challenge_or_noncontent,http://www.hz-hospital.com/,0,0,short_names | historical_names | unified_social_credit_code,False
96,cnha-pending-644f448707778094,The First Affiliated Hospital of Xi'an Jiaotong University,ctg,automated_triage_only,no_reference_website,,3,1,official_name_zh | english_name | short_names | historical_names | unified_social_credit_code,False
97,cnha-pending-a2097fad3149e9f5,The Second Hospital of Hebei Medical University,ctg,automated_triage_only,no_reference_website,,3,1,official_name_zh | english_name | short_names | historical_names | unified_social_credit_code,False
98,cnha-pending-123bebecebe397c1,the first Affiliated Hospital of Sun Yat-Sen university,ctg,automated_triage_only,no_reference_website,,3,2,official_name_zh | english_name | short_names | historical_names | unified_social_credit_code,False
99,cnha-ror-048q23a93,Xuzhou Central Hospital,ctg,automated_triage_only,readable,http://www.xzch.cn/,0,0,official_name_zh | short_names | historical_names | unified_social_credit_code,False
100,cnha-ror-05pb5hm55,Wuxi People's Hospital,ctg,automated_triage_only,unreadable,http://www.wuxiph.com/,0,0,official_name_zh | short_names | historical_names | unified_social_credit_code,False
101,cnha-pending-3df91f45dcbf3b85,Cancer Hospital Chinese Academy of Medical Sciences.,ctg,automated_triage_only,no_reference_website,,1,1,official_name_zh | english_name | short_names | historical_names | unified_social_credit_code,False
102,cnha-pending-3486ce11b5818809,General Hospital Of Ningxia Medical University,ctg,automated_triage_only,no_reference_website,,0,0,official_name_zh | english_name | short_names | historical_names | unified_social_credit_code,False
103,cnha-pending-5bd963e6d387804a,The Fourth Hospital of Hebei Medical University,ctg,automated_triage_only,no_reference_website,,3,1,official_name_zh | english_name | short_names | historical_names | unified_social_credit_code,False
104,cnha-pending-dbbdcaef4f47a4e4,The first affiliated hospital of bengbu medical college,ctg,automated_triage_only,no_reference_website,,2,0,official_name_zh | english_name | short_names | historical_names | unified_social_credit_code,False
105,cnha-ror-02bwytq13,广州市第一人民医院,ctg,automated_triage_only,unreadable,http://en.gzhosp.cn/,0,0,official_name_zh | short_names | historical_names | unified_social_credit_code,False
106,cnha-ror-0103dxn66,Shanghai Changzheng Hospital,ctg,automated_triage_only,unreadable,http://changzheng.h.yynet.cn/,0,0,official_name_zh | short_names | historical_names | unified_social_credit_code,False
107,cnha-pending-f11401febaf7c0e0,"Xuanwu Hospital, Capital Medical University",ctg,automated_triage_only,no_reference_website,,2,2,official_name_zh | english_name | short_names | historical_names | unified_social_credit_code,False
108,cnha-pending-4393c3715c502228,The Second Hospital of Anhui Medical University,ctg,automated_triage_only,no_reference_website,,3,2,official_name_zh | english_name | short_names | historical_names | unified_social_credit_code,False
109,cnha-pending-6d52186f0bc5a5e5,Chongqing University Cancer Hospital,ctg,automated_triage_only,no_reference_website,,1,0,official_name_zh | english_name | short_names | historical_names | unified_social_credit_code,False
110,cnha-pending-8875df0c839dc4b5,"Sir Run Run Shaw Hospital, Zhejiang University School of Medicine",ctg,automated_triage_only,no_reference_website,,0,0,official_name_zh | english_name | short_names | historical_names | unified_social_credit_code,False
111,cnha-pending-b36e7e1f23966ad7,Zhujiang Hospital of Southern Medical University,ctg,automated_triage_only,no_reference_website,,1,0,official_name_zh | english_name | short_names | historical_names | unified_social_credit_code,False
112,cnha-pending-21565acd424fc9b2,The First Affiliated Hospital Of Xi'an Jiaotong University,ctg,automated_triage_only,no_reference_website,,3,1,official_name_zh | english_name | short_names | historical_names | unified_social_credit_code,False
113,cnha-pending-4a5b0a12876448d8,Xijing Hospital,ctg,automated_triage_only,no_reference_website,,2,0,official_name_zh | english_name | short_names | historical_names | unified_social_credit_code,False
114,cnha-cfdi-0d9e9d19c0a803332f2e459fefe8ecda,大连理工大学附属肿瘤医院,ctg,automated_triage_only,unreadable,https://www.lnszl.com,0,0,short_names | historical_names | unified_social_credit_code,False
115,cnha-cfdi-0760f716c0a8033319b4c71d741cd396,南通大学附属医院,ctg,automated_triage_only,readable,http://www.ahnmc.com/,0,0,short_names | historical_names | unified_social_credit_code,False
116,cnha-cfdi-aaf35c6ec0a803332e232c9de3002662,复旦大学附属中山医院,ctg,automated_triage_only,unreadable,https://www.zs-hospital.sh.cn,0,0,short_names | historical_names | unified_social_credit_code,False
117,cnha-cfdi-d164b26bc0a803335e5e81c86205b5be,上海市第六人民医院,ctg,automated_triage_only,readable,http://www.6thhosp.com/index.html,0,0,short_names | historical_names | unified_social_credit_code,False
118,cnha-pending-9c96df6106dddad4,"Ruijin Hospital, Shanghai Jiao Tong University, School of Medicine",ctg,automated_triage_only,no_reference_website,,0,0,official_name_zh | english_name | short_names | historical_names | unified_social_credit_code,False
119,cnha-cfdi-eadc8d77c0a8033363cbc4f3f4dcc4c9,北京清华长庚医院,ctg,automated_triage_only,unreadable,https://www.tsinghua.edu.cn/publish/chgen/,0,0,short_names | historical_names | unified_social_credit_code,False
120,cnha-pending-15aeb380c630ee90,The First Affiliated Hospital of Henan University of Science and Technology,ctg,automated_triage_only,no_reference_website,,1,0,official_name_zh | english_name | short_names | historical_names | unified_social_credit_code,False
121,cnha-cfdi-a55325c3c0a8033354d620afa20ac26c,中国医学科学院血液病医院,ctg,automated_triage_only,readable,https://www.chinablood.com.cn,0,0,short_names | historical_names | unified_social_credit_code,False
122,cnha-pending-6c4c6ef0fae770b7,Nanfang Hospital of Southern Medical University,ctg,automated_triage_only,no_reference_website,,1,0,official_name_zh | english_name | short_names | historical_names | unified_social_credit_code,False
123,cnha-cfdi-8c9677c6c0a80333732f874986787cb3,南方医科大学南方医院,ctg,official_fields_partially_reviewed,readable,http://www.nfyy.com/,0,0,short_names | historical_names | unified_social_credit_code,False
124,cnha-pending-bd75b7a865f512a7,The First Hospital of Hebei Medical University,ctg,automated_triage_only,no_reference_website,,3,1,official_name_zh | english_name | short_names | historical_names | unified_social_credit_code,False
125,cnha-cfdi-8411957ac0a803331e837ff978318cf4,海南省人民医院,ctg,automated_triage_only,readable,http://www.phhp.com.cn/,0,0,short_names | historical_names | unified_social_credit_code,False
126,cnha-pending-a54ec16b29f3fa58,The First hospital of LanZhou university,ctg,automated_triage_only,no_reference_website,,1,1,official_name_zh | english_name | short_names | historical_names | unified_social_credit_code,False
127,cnha-pending-de611f9415f26a86,"Hua Shan Hospital, Fu Dan University",ctg,automated_triage_only,no_reference_website,,1,1,official_name_zh | english_name | short_names | historical_names | unified_social_credit_code,False
128,cnha-pending-59ed9a28341c6d36,"Renji hospital, Shanghai Jiaotong University School of Medicine",ctg,automated_triage_only,no_reference_website,,0,0,official_name_zh | english_name | short_names | historical_names | unified_social_credit_code,False
129,cnha-pending-f88874e606caefcb,Yunnan Cancer Hospital,ctg,automated_triage_only,no_reference_website,,0,0,official_name_zh | english_name | short_names | historical_names | unified_social_credit_code,False
130,cnha-cfdi-3bdbeeaec0a803336bb4fc0b126bdd8e,江西省肿瘤医院,ctg,automated_triage_only,challenge_or_noncontent,http://www.jxszlyy.com/,0,0,short_names | historical_names | unified_social_credit_code,False
131,cnha-ror-03vjkf643,上海第十人民医院,ctg,automated_triage_only,unreadable,https://www.shdsyy.com.cn/,0,0,official_name_zh | short_names | historical_names | unified_social_credit_code,False
132,cnha-pending-ad8c266ac68ffebf,The First Affiliated Hospital with Nanjing Medical University,ctg,automated_triage_only,no_reference_website,,3,1,official_name_zh | english_name | short_names | historical_names | unified_social_credit_code,False
133,cnha-cfdi-d482f73ec0a8033332700273742c74b6,上海交通大学医学院附属仁济医院,ctg,automated_triage_only,unreadable,http://www.renji.com/Index.aspx,0,0,short_names | historical_names | unified_social_credit_code,False
134,cnha-pending-c96b62139dd95b1d,Shanxi Bethune Hospital,ctg,automated_triage_only,no_reference_website,,1,0,official_name_zh | english_name | short_names | historical_names | unified_social_credit_code,False
135,cnha-ror-02tbvhh96,First Affiliated Hospital of Xi'an Jiaotong University,ctg,automated_triage_only,unreadable,http://www.dyyy.xjtu.edu.cn/,0,0,official_name_zh | short_names | historical_names | unified_social_credit_code,False
136,cnha-cfdi-cf7fafe0c0a803337c221769696693dc,中山大学孙逸仙纪念医院,ctg,official_fields_partially_reviewed,readable,http://www.syshospital.com/,0,0,short_names | historical_names | unified_social_credit_code,False
137,cnha-cfdi-ee623edbc0a8033330de327baef0596f,首都医科大学附属北京同仁医院,ctg,automated_triage_only,unreadable,http://trhos.91health.net,0,0,historical_names | unified_social_credit_code,False
138,cnha-ror-04gz17b59,江苏省苏北人民医院,ctg,automated_triage_only,unreadable,http://www.yzsbh.com/Html/News/Articles/537.html,0,0,official_name_zh | historical_names | unified_social_credit_code,False
139,cnha-cfdi-9ab355d1c0a8033305cc8fed8fd9f878,江西省人民医院,ctg,automated_triage_only,unreadable,http://www.jxsrmyy.cn/,0,0,short_names | historical_names | unified_social_credit_code,False
140,cnha-ror-02h2j1586,北京市心肺血管疾病研究所,ctg,automated_triage_only,readable,http://www.anzhen.org/News/Main?siteId=130,0,0,official_name_zh | short_names | historical_names | unified_social_credit_code,False
141,cnha-ror-047d8yx24,重庆市肿瘤研究所,ctg,automated_triage_only,challenge_or_noncontent,http://www.cqch.cn/,0,0,official_name_zh | short_names | historical_names | unified_social_credit_code,False
142,cnha-cfdi-e4c2299ec0a8033344cc6b10cb3c6b7f,江苏大学附属医院,ctg,official_fields_partially_reviewed,readable,http://www.jdfy.cn/,0,0,short_names | historical_names | unified_social_credit_code,False
143,cnha-ror-02erhaz63,Lanzhou University Second Hospital,ctg,automated_triage_only,unreadable,http://www.ldey.cn/Category_1380/Index.aspx,0,0,official_name_zh | short_names | historical_names | unified_social_credit_code,False
144,cnha-cfdi-5fa1b83ec0a803333f2b2d82ab77ebfe,复旦大学附属华山医院,ctg,official_fields_partially_reviewed,readable,http://www.huashan.org.cn/,0,0,short_names | historical_names | unified_social_credit_code,False
145,cnha-cfdi-f37348c4c0a803336341ac6f21808c84,常州市第一人民医院,ctg,automated_triage_only,challenge_or_noncontent,http://www.czfph.com/default.asp,0,0,short_names | historical_names | unified_social_credit_code,False
146,cnha-cfdi-2378a801c0a8033344aab2495f5daaf2,河北大学附属医院,ctg,official_fields_partially_reviewed,readable,http://www.hbdxfy.cn/,0,0,short_names | historical_names | unified_social_credit_code,False
147,cnha-pending-018093b1b74628f5,Linyi cancer hospital,ctg,automated_triage_only,no_reference_website,,0,0,official_name_zh | english_name | short_names | historical_names | unified_social_credit_code,False
148,cnha-ror-053qy4437,北京友谊医院,ctg,automated_triage_only,readable,http://www.bfh.com.cn/,0,0,official_name_zh | short_names | historical_names | unified_social_credit_code,False
149,cnha-pending-076aac7ea2f85c0e,ShengJing Hospital of China Medical University,ctg,automated_triage_only,no_reference_website,,1,0,official_name_zh | english_name | short_names | historical_names | unified_social_credit_code,False
150,cnha-cfdi-f8b6f2b9c0a8033316cd39eead68296b,浙江大学医学院附属邵逸夫医院,ctg,automated_triage_only,readable,https://www.srrsh.com/,0,0,historical_names | unified_social_credit_code,False
151,cnha-pending-8645966d5d47644c,The Second Affiliated Hospital of Guangzhou Medical University,ctg,automated_triage_only,no_reference_website,,3,1,official_name_zh | english_name | short_names | historical_names | unified_social_credit_code,False
152,cnha-ror-05c74bq69,Shenzhen Second People's Hospital,ctg,automated_triage_only,unreadable,http://www.szrch.com/,0,0,official_name_zh | short_names | historical_names | unified_social_credit_code,False
153,cnha-pending-7805c4971c29ec3d,The Second Affiliated Hospital of Chongqing Medical University,ctg,automated_triage_only,no_reference_website,,3,1,official_name_zh | english_name | short_names | historical_names | unified_social_credit_code,False
154,cnha-pending-ed0f5e1f54a51d4d,The First Affiliated Hospital of Soochow University,ctg,automated_triage_only,no_reference_website,,3,2,official_name_zh | english_name | short_names | historical_names | unified_social_credit_code,False
155,cnha-pending-40ff0242eef28973,The Second Affiliated Hospital of Soochow University,ctg,automated_triage_only,no_reference_website,,3,1,official_name_zh | english_name | short_names | historical_names | unified_social_credit_code,False
156,cnha-pending-d3cdd7794abc91fb,Tianjin Medical University Cancer Institute & Hospital,ctg,automated_triage_only,no_reference_website,,3,0,official_name_zh | english_name | short_names | historical_names | unified_social_credit_code,False
157,cnha-pending-e85a42099c08e416,The Third Affiliated Hospital of Sun Yat-Sen University,ctg,automated_triage_only,no_reference_website,,3,2,official_name_zh | english_name | short_names | historical_names | unified_social_credit_code,False
158,cnha-pending-ea63b7619995ba43,The Affiliated Hospital of Guizhou Medical University,ctg,automated_triage_only,no_reference_website,,1,0,official_name_zh | english_name | short_names | historical_names | unified_social_credit_code,False
159,cnha-pending-eb24d36cdc926016,The Second Xiangya Hospital of Central South University,ctg,automated_triage_only,no_reference_website,,3,0,official_name_zh | english_name | short_names | historical_names | unified_social_credit_code,False
160,cnha-pending-f2e1d3dddb323acb,The First Affiliated Hospital of Wenzhou Medical University,ctg,automated_triage_only,no_reference_website,,2,0,official_name_zh | english_name | short_names | historical_names | unified_social_credit_code,False
161,cnha-pending-5a933f9c966f9fdf,Sichuan Provincial People's Hospital,ctg,automated_triage_only,no_reference_website,,1,0,official_name_zh | english_name | short_names | historical_names | unified_social_credit_code,False
162,cnha-cfdi-59ab496ec0a8033369c6dc64de81f975,湖南省人民医院,ctg,automated_triage_only,readable,http://www.hnsrmyy.com/,0,0,short_names | historical_names | unified_social_credit_code,False
163,cnha-cfdi-a8ca5ae4c0a803332f40cb299fdbe61d,东莞市人民医院,ctg,automated_triage_only,unreadable,http://www.dgphospital.com,0,0,short_names | historical_names | unified_social_credit_code,False
164,cnha-cfdi-d624272dc0a80333145e4fbaf6f26c0a,聊城市人民医院,ctg,automated_triage_only,challenge_or_noncontent,http://www.lchospital.cn/,0,0,short_names | historical_names | unified_social_credit_code,False
165,cnha-pending-df5aa8bfccbaf4d9,Beijing Friendship Hospital Capital Medical University,ctg,automated_triage_only,no_reference_website,,1,1,official_name_zh | english_name | short_names | historical_names | unified_social_credit_code,False
166,cnha-pending-ed992210e8706130,Shanxi Cancer Hospital,ctg,automated_triage_only,no_reference_website,,1,0,official_name_zh | english_name | short_names | historical_names | unified_social_credit_code,False
167,cnha-cfdi-0b707dd0c0a8033311cd017b78273291,潍坊市人民医院,ctg,automated_triage_only,readable,http://www.wfph.cn/,0,0,short_names | historical_names | unified_social_credit_code,False
168,cnha-pending-3f1f58cf27d2f38e,The Second Affiliated Hospital of Nanjing Medical University,ctg,automated_triage_only,no_reference_website,,3,1,official_name_zh | english_name | short_names | historical_names | unified_social_credit_code,False
169,cnha-pending-ef5ec6125d920bfb,The Second Hospital of Jilin University,ctg,automated_triage_only,no_reference_website,,2,0,official_name_zh | english_name | short_names | historical_names | unified_social_credit_code,False
170,cnha-ror-02vzqaq35,First Hospital of Shanxi Medical University,ctg,automated_triage_only,readable,http://www.sydyy.net.cn/,0,0,official_name_zh | short_names | historical_names | unified_social_credit_code,False
171,cnha-pending-3e44cee3f228cd54,The Second Affiliated Hospital of Anhui Medical University,ctg,automated_triage_only,no_reference_website,,3,2,official_name_zh | english_name | short_names | historical_names | unified_social_credit_code,False
172,cnha-pending-2cc23ea466fce230,Huashan Hospital Affiliated to Fudan University,ctg,automated_triage_only,no_reference_website,,0,0,official_name_zh | english_name | short_names | historical_names | unified_social_credit_code,False
173,cnha-pending-7c4167d8ba7f6bfd,Tianjin Cancer Hospital,ctg,automated_triage_only,no_reference_website,,3,1,official_name_zh | english_name | short_names | historical_names | unified_social_credit_code,False
174,cnha-cfdi-dac651f9c0a8033306f8c466867e4477,中国医学科学院阜外医院,ctg,official_fields_partially_reviewed,readable,http://www.fuwaihospital.org/News/Main?siteId=527,0,0,short_names | historical_names | unified_social_credit_code,False
175,cnha-pending-bec128e66ca91f72,The First Affiliated Hospital of Harbin Medical University,ctg,automated_triage_only,no_reference_website,,3,0,official_name_zh | english_name | short_names | historical_names | unified_social_credit_code,False
176,cnha-cfdi-443b6fddc0a803334e068a5722e251fc,贵州省人民医院,ctg,automated_triage_only,unreadable,http://www.5055.cn/,0,0,short_names | historical_names | unified_social_credit_code,False
177,cnha-cfdi-a900ffadc0a803333486f23102c2e40e,天津市人民医院,ctg,automated_triage_only,unreadable,http://www.umc.net.cn/,0,0,short_names | historical_names | unified_social_credit_code,False
178,cnha-pending-0e5dc2b76f5192bb,Xinhua Hospital Affiliated to Shanghai Jiaotong University School of Medicine,ctg,automated_triage_only,no_reference_website,,0,0,official_name_zh | english_name | short_names | historical_names | unified_social_credit_code,False
179,cnha-pending-41d4596deda085e3,The first bethune hospital of Jilin university,ctg,automated_triage_only,no_reference_website,,2,0,official_name_zh | english_name | short_names | historical_names | unified_social_credit_code,False
180,cnha-pending-939755ef7e59a1b4,Liaoning Cancer Hospital,ctg,automated_triage_only,no_reference_website,,1,0,official_name_zh | english_name | short_names | historical_names | unified_social_credit_code,False
181,cnha-pending-74a98845fc07084e,Taizhou Hospital of zhejiang Province,ctg,automated_triage_only,no_reference_website,,0,0,official_name_zh | english_name | short_names | historical_names | unified_social_credit_code,False
182,cnha-ror-01nnwyz44,公共卫生临床中心,ctg,automated_triage_only,unreadable,http://www.shaphc.org/default.aspx,0,0,official_name_zh | historical_names | unified_social_credit_code,False
183,cnha-pending-e84d07cb88a21554,the Sixth Affiliated Hospital of Sun Yat-sen University,ctg,automated_triage_only,no_reference_website,,3,2,official_name_zh | english_name | short_names | historical_names | unified_social_credit_code,False
184,cnha-ror-02jqapy19,Qingdao Municipal Hospital,ctg,automated_triage_only,unreadable,http://qdslyy.qdslyy.cn/,0,0,official_name_zh | short_names | historical_names | unified_social_credit_code,False
185,cnha-cfdi-178e4af7c0a80333007a1e99b7a2da53,广西壮族自治区人民医院,ctg,automated_triage_only,unreadable,http://www.gxhospital.com/,0,0,short_names | historical_names | unified_social_credit_code,False
186,cnha-cfdi-7d960a6cc0a803333c09ac6228e51753,福州大学附属省立医院,ctg,official_fields_partially_reviewed,readable,http://www.fjsl.com.cn/,0,0,short_names | historical_names | unified_social_credit_code,False
187,cnha-ror-05pkzpg75,宁波市第一医院,ctg,automated_triage_only,readable,http://www.nbdyyy.com,0,0,official_name_zh | short_names | historical_names | unified_social_credit_code,False
188,cnha-cfdi-a10466e9c0a803333b937f30e488fed6,临沂市人民医院,ctg,automated_triage_only,unreadable,http://www.ly120.cn/,0,0,short_names | historical_names | unified_social_credit_code,False
189,cnha-pending-03402c34145557c2,The First Affiliated Hospital of Xinjiang Medical University,ctg,automated_triage_only,no_reference_website,,3,0,official_name_zh | english_name | short_names | historical_names | unified_social_credit_code,False
190,cnha-pending-a269e094691c5581,Guangxi Medical University Cancer Hospital,ctg,automated_triage_only,no_reference_website,,1,0,official_name_zh | english_name | short_names | historical_names | unified_social_credit_code,False
191,cnha-pending-d121e5dde0cd8495,The First Affiliated Hospital of Xiamen University,ctg,automated_triage_only,no_reference_website,,1,1,official_name_zh | english_name | short_names | historical_names | unified_social_credit_code,False
192,cnha-cfdi-223461ecc0a8033359a1966478d511c5,宜昌市中心人民医院,ctg,automated_triage_only,no_reference_website,,0,0,short_names | historical_names | unified_social_credit_code,False
193,cnha-pending-1a611a120321fc6f,"Nanjing Drum Tower Hospital, the Affiliated Hospital of Nanjing University Medical School",ctg,automated_triage_only,no_reference_website,,0,0,official_name_zh | english_name | short_names | historical_names | unified_social_credit_code,False
194,cnha-pending-59ad14297f7865f7,The First Affiliated Hospital of China Medical University,ctg,automated_triage_only,no_reference_website,,2,0,official_name_zh | english_name | short_names | historical_names | unified_social_credit_code,False
195,cnha-pending-b6582c8819bf3106,"Beijing Anzhen Hospital, Capital Medical University",ctg,automated_triage_only,no_reference_website,,2,1,official_name_zh | english_name | short_names | historical_names | unified_social_credit_code,False
196,cnha-pending-d6953d7a2853ebad,The First Affiliated Hospital of Dalian Medical University,ctg,automated_triage_only,no_reference_website,,2,1,official_name_zh | english_name | short_names | historical_names | unified_social_credit_code,False
197,cnha-pending-d8bbeaa46369eb97,Anhui Provincial Cancer Hospital,ctg,automated_triage_only,no_reference_website,,2,2,official_name_zh | english_name | short_names | historical_names | unified_social_credit_code,False
198,cnha-pending-e01d203f627b04ee,The first affiliated hospital of Ningbo university,ctg,automated_triage_only,no_reference_website,,0,0,official_name_zh | english_name | short_names | historical_names | unified_social_credit_code,False
199,cnha-ror-02ar02c28,Wuxi Fourth People's Hospital,ctg,automated_triage_only,unreadable,http://wmdw.jswmw.com/wmdw.asp,0,0,official_name_zh | short_names | historical_names | unified_social_credit_code,False
200,cnha-ror-02g01ht84,First Affiliated Hospital of Kunming Medical University,ctg,automated_triage_only,unreadable,http://www.ydyy.cn/,0,0,official_name_zh | short_names | historical_names | unified_social_credit_code,False
201,cnha-cfdi-9a4828d4c0a803336d65b0548efdace5,宁波市医疗中心李惠利医院,ctg,automated_triage_only,readable,http://www.nblhlyy.com,0,0,short_names | historical_names | unified_social_credit_code,False
202,cnha-pending-2ffa4678eef019fc,Fujian Cancer Hospital,ctg,automated_triage_only,no_reference_website,,1,1,official_name_zh | english_name | short_names | historical_names | unified_social_credit_code,False
203,cnha-ror-016m2r485,Cangzhou Central Hospital,ctg,automated_triage_only,unreadable,http://www.cz96120.com/Article/ShowClass.asp?ClassID=124,0,0,official_name_zh | short_names | historical_names | unified_social_credit_code,False
204,cnha-ror-02wc1yz29,Eye & ENT Hospital of Fudan University,ctg,automated_triage_only,challenge_or_noncontent,http://www.fdeent.org/,0,0,official_name_zh | short_names | historical_names | unified_social_credit_code,False
205,cnha-pending-bcf5024dfc53fc28,Fudan University Cancer Hospital,ctg,automated_triage_only,no_reference_website,,0,0,official_name_zh | english_name | short_names | historical_names | unified_social_credit_code,False
206,cnha-pending-117a0164281026f0,"The FIrst Affiliated Hospital, College of Medicine, Zhejiang University",ctg,automated_triage_only,no_reference_website,,1,1,official_name_zh | english_name | short_names | historical_names | unified_social_credit_code,False
207,cnha-pending-7a1dec3d226e37f1,"Second Affiliated Hospital, School of Medicine, Zhejiang University",ctg,automated_triage_only,no_reference_website,,2,1,official_name_zh | english_name | short_names | historical_names | unified_social_credit_code,False
208,cnha-pending-a2b8a06d80b6a74b,The first affiliated hospital of zhejiang university school of medicine,ctg,automated_triage_only,no_reference_website,,0,0,official_name_zh | english_name | short_names | historical_names | unified_social_credit_code,False
209,cnha-pending-14f44f015d3edf4c,"Renji Hospital, Shanghai Jiao Tong University school of medicine",ctg,automated_triage_only,no_reference_website,,0,0,official_name_zh | english_name | short_names | historical_names | unified_social_credit_code,False
210,cnha-pending-ffcb4d32bf142b18,"Cancer Center, Sun Yat-sen University",ctg,automated_triage_only,no_reference_website,,0,0,official_name_zh | english_name | short_names | historical_names | unified_social_credit_code,False
211,cnha-cfdi-aa5e801bc0a80333103950ba923572ae,湖州市中心医院,ctg,automated_triage_only,readable,http://www.hzhospital.com/,0,0,short_names | historical_names | unified_social_credit_code,False
212,cnha-cfdi-efcef543c0a803333bac3cae8cf3a7ca,济宁医学院附属医院,ctg,official_fields_partially_reviewed,readable,http://www.jyfy.com.cn/,0,0,short_names | historical_names | unified_social_credit_code,False
213,cnha-pending-d27d4b1cfde2fe0c,Sir Run Run Shaw Hospital Zhejiang University School of Medicine,ctg,automated_triage_only,no_reference_website,,0,0,official_name_zh | english_name | short_names | historical_names | unified_social_credit_code,False
214,cnha-pending-e9999527cb9dbb66,Tianjin Cancer Hospital,ctg,automated_triage_only,no_reference_website,,3,1,official_name_zh | english_name | short_names | historical_names | unified_social_credit_code,False
215,cnha-pending-f73b90f407c51ac1,The First Affiliated Hospital of Chongqing Medical University,ctg,automated_triage_only,no_reference_website,,3,1,official_name_zh | english_name | short_names | historical_names | unified_social_credit_code,False
216,cnha-pending-d49af3fde3ca1038,The Second Affiliated Hospital of Kunming Medical University,ctg,automated_triage_only,no_reference_website,,3,2,official_name_zh | english_name | short_names | historical_names | unified_social_credit_code,False
217,cnha-ror-02jn36537,西南医院,ctg,automated_triage_only,readable,http://xnyy.cn/,0,0,official_name_zh | short_names | historical_names | unified_social_credit_code,False
218,cnha-cfdi-8e20a2dac0a80333543d3dd8675674e1,汕头大学医学院附属肿瘤医院,ctg,automated_triage_only,unreadable,http://www.sumcch.com/,0,0,short_names | historical_names | unified_social_credit_code,False
219,cnha-pending-1df7cafcbeb7f51e,Jilin Cancer Hospital,ctg,automated_triage_only,no_reference_website,,0,0,official_name_zh | english_name | short_names | historical_names | unified_social_credit_code,False
220,cnha-cfdi-637b975dc0a803333264020224c4f75d,陕西省人民医院,ctg,automated_triage_only,readable,http://www.spph-sx.com/,0,0,short_names | historical_names | unified_social_credit_code,False
221,cnha-pending-db76542d4b2116b8,"BeiJing YouAn Hospital ,Capital Medical University",ctg,automated_triage_only,no_reference_website,,3,2,official_name_zh | english_name | short_names | historical_names | unified_social_credit_code,False
222,cnha-cfdi-87bad074c0a80333038e13e2148ea3da,南京医科大学附属淮安第一医院,ctg,automated_triage_only,unreadable,http://www.hasyy.com/,0,0,short_names | historical_names | unified_social_credit_code,False
223,cnha-pending-0f0c1d084ed4f7f9,Zhong Shan Hospital affiliated to Fudan University,ctg,automated_triage_only,no_reference_website,,0,0,official_name_zh | english_name | short_names | historical_names | unified_social_credit_code,False
224,cnha-pending-db3b3555208c2aa1,Xiangyang Central Hospital,ctg,automated_triage_only,no_reference_website,,0,0,official_name_zh | english_name | short_names | historical_names | unified_social_credit_code,False
225,cnha-pending-e1345c8ebd9de006,The First Affiliated Hospital ZheJiang University,ctg,automated_triage_only,no_reference_website,,2,1,official_name_zh | english_name | short_names | historical_names | unified_social_credit_code,False
226,cnha-pending-2c47753fd58d8f63,"Tongji Hospital of Tongji Medical College, Huazhong University of Science and Technology",ctg,automated_triage_only,no_reference_website,,1,1,official_name_zh | english_name | short_names | historical_names | unified_social_credit_code,False
227,cnha-pending-bf60bab0aa20e8ba,Rui Jin Hospital Affiliated to Shanghai Jiao Tong University School of Medicine,ctg,automated_triage_only,no_reference_website,,0,0,official_name_zh | english_name | short_names | historical_names | unified_social_credit_code,False
228,cnha-pending-07986ee3fa432d17,Beijing Tongren Hospital Capital Medical University,ctg,automated_triage_only,no_reference_website,,1,1,official_name_zh | english_name | short_names | historical_names | unified_social_credit_code,False
229,cnha-pending-5211ffa49ad39f5b,"Cancer Institute and Hospital ,Chinese Academy of Medical Sciences",ctg,automated_triage_only,no_reference_website,,1,1,official_name_zh | english_name | short_names | historical_names | unified_social_credit_code,False
230,cnha-cfdi-556fc35ac0a8033337b37344bce4537d,绵阳市中心医院,ctg,automated_triage_only,unreadable,http://www.myzxyy.com/,0,0,short_names | historical_names | unified_social_credit_code,False
231,cnha-pending-32af6d1a54480c7e,The Second Hospital of Dalian Medical University,ctg,automated_triage_only,no_reference_website,,2,1,official_name_zh | english_name | short_names | historical_names | unified_social_credit_code,False
232,cnha-ror-035t17984,北京市创伤骨科研究所,ctg,automated_triage_only,readable,http://www.jst-hosp.com.cn/,0,0,official_name_zh | short_names | historical_names | unified_social_credit_code,False
233,cnha-cfdi-90498cb3c0a80333608cf87ec8056ce6,山西医科大学第二医院,ctg,automated_triage_only,readable,http://www.sydey.com/,0,0,short_names | historical_names | unified_social_credit_code,False
234,cnha-pending-5307bc88d97ba1a5,Chongqing University Cancer Hospital,ctg,automated_triage_only,no_reference_website,,1,0,official_name_zh | english_name | short_names | historical_names | unified_social_credit_code,False
235,cnha-pending-bd06040496d13516,The First Affiliated Hospital of Guangzhou Medical University,ctg,automated_triage_only,no_reference_website,,3,1,official_name_zh | english_name | short_names | historical_names | unified_social_credit_code,False
236,cnha-ror-010826a91,上海第九人民医院,ctg,automated_triage_only,unreadable,http://www.9hospital.net/djy_web/html/djy/portal/index/index.htm,0,0,official_name_zh | short_names | historical_names | unified_social_credit_code,False
237,cnha-ror-01whmzn59,上海徐汇中心医院,ctg,automated_triage_only,unreadable,http://www.hospital-cas.cn/cn/ABOUT/about8.asp,0,0,official_name_zh | short_names | historical_names | unified_social_credit_code,False
238,cnha-ror-05v6r7450,上海皮肤病医院长宁区门诊部,ctg,automated_triage_only,unreadable,http://www.shskin.com/,0,0,official_name_zh | historical_names | unified_social_credit_code,False
239,cnha-cfdi-8943f31ac0a80333354a0df6962a1108,福建省肿瘤医院,ctg,automated_triage_only,readable,http://www.fjzl.com.cn/,0,0,short_names | historical_names | unified_social_credit_code,False
240,cnha-cfdi-b797ac6ec0a8033377b0e5412a0d24da,南通市肿瘤医院,ctg,automated_triage_only,readable,http://www.ntzlyy.cn,0,0,short_names | historical_names | unified_social_credit_code,False
241,cnha-cfdi-f3c097fec0a803334a989b63c800827f,天津市胸科医院,ctg,automated_triage_only,readable,http://www.chesthospital.com/,0,0,historical_names | unified_social_credit_code,False
242,cnha-pending-82b256f893b2c72d,Sun Yat-Sen Memorial Hospital of Sun Yat-Sen University,ctg,automated_triage_only,no_reference_website,,0,0,official_name_zh | english_name | short_names | historical_names | unified_social_credit_code,False
243,cnha-pending-df36ab61a9c5baaf,The First Affiliated Hospital of Xinxiang Medical University,ctg,automated_triage_only,no_reference_website,,1,1,official_name_zh | english_name | short_names | historical_names | unified_social_credit_code,False
244,cnha-ror-04yvdan45,Tang Du Hospital,ctg,automated_triage_only,challenge_or_noncontent,http://tdwww.fmmu.edu.cn/,0,0,official_name_zh | short_names | historical_names | unified_social_credit_code,False
245,cnha-pending-1330f877db1d154b,"Beijing Tian Tan Hospital, Capital Medical University",ctg,automated_triage_only,no_reference_website,,1,1,official_name_zh | english_name | short_names | historical_names | unified_social_credit_code,False
246,cnha-pending-33b8a8c898f39f67,China-Japan Union Hospital of Jilin University,ctg,automated_triage_only,no_reference_website,,0,0,official_name_zh | english_name | short_names | historical_names | unified_social_credit_code,False
247,cnha-pending-77c1b8fc55452711,The second affiliated hospital of xi'an jiaotong university,ctg,automated_triage_only,no_reference_website,,3,1,official_name_zh | english_name | short_names | historical_names | unified_social_credit_code,False
248,cnha-pending-8bce630f6a158022,Affiliated Hospital of Zunyi Medical University,ctg,automated_triage_only,no_reference_website,,1,0,official_name_zh | english_name | short_names | historical_names | unified_social_credit_code,False
249,cnha-pending-c7b86fd84d0b6533,"Sun Yat-sen Memorial Hospital, Sun Yat-sen University",ctg,automated_triage_only,no_reference_website,,0,0,official_name_zh | english_name | short_names | historical_names | unified_social_credit_code,False
250,cnha-pending-c8c8e5f516271739,Shanxi Provincial Cancer Hospital,ctg,automated_triage_only,no_reference_website,,2,1,official_name_zh | english_name | short_names | historical_names | unified_social_credit_code,False
251,cnha-ror-04baw4297,Jiangmen Central Hospital,ctg,automated_triage_only,unreadable,http://www.bjch.com/,0,0,official_name_zh | short_names | historical_names | unified_social_credit_code,False
252,cnha-pending-fe7aeabb4a620773,"the Sixth Affiliated Hospital, Sun Yat-sen University",ctg,automated_triage_only,no_reference_website,,3,2,official_name_zh | english_name | short_names | historical_names | unified_social_credit_code,False
253,cnha-cfdi-fe2311f4c0a803333539d49197e1634b,苏州市立医院,ctg,automated_triage_only,challenge_or_noncontent,http://smh.cc,0,0,short_names | historical_names | unified_social_credit_code,False
254,cnha-ror-05pz4ws32,Children's Hospital of Chongqing Medical University,ctg,automated_triage_only,unreadable,http://www.cqhmaen.com/b_nr.asp?id=7&type_id=2,0,0,official_name_zh | historical_names | unified_social_credit_code,False
255,cnha-cfdi-111a51ebc0a8033351ddc3e578d4d069,株洲市中心医院,ctg,automated_triage_only,readable,http://www.zzszxyy.cn/,0,0,short_names | historical_names | unified_social_credit_code,False
256,cnha-pending-cd6da00d7de40b5b,"Beijing Anzhen Hospital, Capital Medical University",ctg,automated_triage_only,no_reference_website,,2,1,official_name_zh | english_name | short_names | historical_names | unified_social_credit_code,False
257,cnha-cfdi-458e8225c0a803335ec2506c0d2b3ce8,常州市第二人民医院,ctg,automated_triage_only,readable,https://www.czey.com/,0,0,short_names | historical_names | unified_social_credit_code,False
258,cnha-cfdi-558f64c8c0a803333b2960fdbcb95bb7,内蒙古自治区人民医院,ctg,automated_triage_only,unreadable,http://www.nmgyy.cn/English/index.html,0,0,historical_names | unified_social_credit_code,False
259,cnha-pending-522e8b686c63d2f1,The First Affiliated Hospital of Kunming Medical University,ctg,automated_triage_only,no_reference_website,,2,1,official_name_zh | english_name | short_names | historical_names | unified_social_credit_code,False
260,cnha-pending-aab9531338114902,The Second Affiliated Hospital of Xi'an Jiao Tong University,ctg,automated_triage_only,no_reference_website,,3,1,official_name_zh | english_name | short_names | historical_names | unified_social_credit_code,False
261,cnha-pending-f1f3a83e4fbe9218,The First Affiliated Hospital of Jinan University,ctg,automated_triage_only,no_reference_website,,3,2,official_name_zh | english_name | short_names | historical_names | unified_social_credit_code,False
262,cnha-cfdi-f338e66cc0a803337adcdf3ac9b68fa1,浙江医院,ctg,automated_triage_only,unreadable,http://english.zjhospital.com.cn/index.html,0,0,short_names | historical_names | unified_social_credit_code,False
263,cnha-pending-205cefa13a74ca94,"Qilu Hospital, Shandong University",ctg,automated_triage_only,no_reference_website,,2,0,official_name_zh | english_name | short_names | historical_names | unified_social_credit_code,False
264,cnha-pending-52387aa588a01ca9,"Cancer Institute and Hospital, Chinese Academy of Medical Sciences",ctg,automated_triage_only,no_reference_website,,1,1,official_name_zh | english_name | short_names | historical_names | unified_social_credit_code,False
265,cnha-pending-73b4ce369f88de10,Queen Mary Hospital,ctg,automated_triage_only,no_reference_website,,0,0,official_name_zh | english_name | short_names | historical_names | unified_social_credit_code,False
266,cnha-pending-cf33525353c0f643,The second Affiliated Hospital of Harbin Medical University,ctg,automated_triage_only,no_reference_website,,3,1,official_name_zh | english_name | short_names | historical_names | unified_social_credit_code,False
267,cnha-pending-e09a1cc4a76a89b8,The first hospital of China medical university,ctg,automated_triage_only,no_reference_website,,2,0,official_name_zh | english_name | short_names | historical_names | unified_social_credit_code,False
268,cnha-pending-e3ac09c5c875ea63,Liuzhou People's Hospital,ctg,automated_triage_only,no_reference_website,,0,0,official_name_zh | english_name | short_names | historical_names | unified_social_credit_code,False
269,cnha-pending-fc7c54a79cfbf967,Pingxiang People's Hospital,ctg,automated_triage_only,no_reference_website,,1,0,official_name_zh | english_name | short_names | historical_names | unified_social_credit_code,False
270,cnha-cfdi-44259fd7c0a80333772e83dcfca7e60f,上海交通大学医学院附属上海儿童医学中心,ctg,official_fields_partially_reviewed,readable,http://www.scmc.com.cn/,0,0,historical_names | unified_social_credit_code,False
271,cnha-cfdi-5a9b087bc0a803337e94e03983195adc,山西省人民医院,ctg,automated_triage_only,unreadable,http://www.sxsrmyy.com/,0,0,short_names | historical_names | unified_social_credit_code,False
272,cnha-pending-16aba4b5a9e13427,The First Affiliated Hospital of Zhejiang University,ctg,automated_triage_only,no_reference_website,,2,1,official_name_zh | english_name | short_names | historical_names | unified_social_credit_code,False
273,cnha-pending-63bf7e6c1e930db0,the Affiliated Hospital of southwest medicalUniversity,ctg,automated_triage_only,no_reference_website,,2,0,official_name_zh | english_name | short_names | historical_names | unified_social_credit_code,False
274,cnha-pending-36592451d1f12809,Jiangsu Provincial People's Hospital,ctg,automated_triage_only,no_reference_website,,3,0,official_name_zh | english_name | short_names | historical_names | unified_social_credit_code,False
275,cnha-pending-ebc731922988d8fd,The Second Affiliated Hospital of Nanchang University,ctg,automated_triage_only,no_reference_website,,3,0,official_name_zh | english_name | short_names | historical_names | unified_social_credit_code,False
276,cnha-cfdi-37b9443cc0a803331404f539fffb780c,惠州市中心人民医院,ctg,automated_triage_only,unreadable,http://www.hzch.gd.cn/,0,0,short_names | historical_names | unified_social_credit_code,False
277,cnha-cfdi-5c297385c0a803334317fc3900954e03,包头市中心医院,ctg,automated_triage_only,readable,http://www.btzxyy.com/,0,0,short_names | historical_names | unified_social_credit_code,False
278,cnha-cfdi-6f123361c0a8033301dca0f48216c258,成都市第二人民医院,ctg,automated_triage_only,unreadable,http://www.cd2120.com/,0,0,historical_names | unified_social_credit_code,False
279,cnha-pending-654cb2eb0996bdbc,The First Affiliated Hospital of Fujian Medical University,ctg,automated_triage_only,no_reference_website,,1,1,official_name_zh | english_name | short_names | historical_names | unified_social_credit_code,False
280,cnha-pending-c1eee38e1441da6d,The First People's Hospital of Foshan,ctg,automated_triage_only,no_reference_website,,1,0,official_name_zh | english_name | short_names | historical_names | unified_social_credit_code,False
281,cnha-pending-f3f20bad795fce9f,The Second Affiliated Hospital Of Xi'an Jiaotong University,ctg,automated_triage_only,no_reference_website,,3,1,official_name_zh | english_name | short_names | historical_names | unified_social_credit_code,False
282,cnha-ror-0335pr187,Fourth Affiliated Hospital of Guangxi Medical University,ctg,automated_triage_only,unreadable,http://www.lzgryy.com/,0,0,official_name_zh | short_names | historical_names | unified_social_credit_code,False
283,cnha-pending-4ad356428e622153,The First Affiliated Hospital - Zhejiang University School of Medicine,ctg,automated_triage_only,no_reference_website,,1,1,official_name_zh | english_name | short_names | historical_names | unified_social_credit_code,False
284,cnha-pending-9257844e111df0df,The Affiliated Nanjing Drum Tower Hospital of Nanjing University Medical School,ctg,automated_triage_only,no_reference_website,,1,1,official_name_zh | english_name | short_names | historical_names | unified_social_credit_code,False
285,cnha-pending-2965f5ce735e18e3,The Affiliated Hospital of inner Mongolia medical university,ctg,automated_triage_only,no_reference_website,,2,2,official_name_zh | english_name | short_names | historical_names | unified_social_credit_code,False
286,cnha-pending-652653bfbd34b45c,Nanyang Central Hospital,ctg,automated_triage_only,no_reference_website,,0,0,official_name_zh | english_name | short_names | historical_names | unified_social_credit_code,False
287,cnha-pending-adf15a58d3045b72,The Affiliated Hospital of Qingdao University,ctg,automated_triage_only,no_reference_website,,1,0,official_name_zh | english_name | short_names | historical_names | unified_social_credit_code,False
288,cnha-pending-e6da4e52def180c6,"Union Hospital of Tongji Medical College, Huazhong University of Science and Technology",ctg,automated_triage_only,no_reference_website,,1,1,official_name_zh | english_name | short_names | historical_names | unified_social_credit_code,False
289,cnha-pending-f391802fd7bf0f56,Shandong Cancer Hospital and Institute,ctg,automated_triage_only,no_reference_website,,0,0,official_name_zh | english_name | short_names | historical_names | unified_social_credit_code,False
290,cnha-pending-5fb098f3ac4a5311,"Tongji Hospital, Tongji Medical College of HUST",ctg,automated_triage_only,no_reference_website,,0,0,official_name_zh | english_name | short_names | historical_names | unified_social_credit_code,False
291,cnha-pending-c4beadddbe0f5d6a,"Nanfang Hospital, Southern Medical University",ctg,automated_triage_only,no_reference_website,,1,0,official_name_zh | english_name | short_names | historical_names | unified_social_credit_code,False
292,cnha-ror-04j2cfe69,Tianjin Medical University Eye Hospital,ctg,automated_triage_only,unreadable,http://www.tmuec.com/tmuec/english/,0,0,official_name_zh | historical_names | unified_social_credit_code,False
293,cnha-cfdi-a19cdcf4c0a8033304a04100126047c3,丽水市中心医院,ctg,automated_triage_only,unreadable,http://www.lshospital.zj.cn/,0,0,short_names | historical_names | unified_social_credit_code,False
294,cnha-pending-46464b446521e579,Beijing GoBroad Hospital,ctg,automated_triage_only,no_reference_website,,3,2,official_name_zh | english_name | short_names | historical_names | unified_social_credit_code,False
295,cnha-pending-b01cb97410d36d79,"Renji Hospital, School of Medicine, Shanghai Jiaotong University",ctg,automated_triage_only,no_reference_website,,0,0,official_name_zh | english_name | short_names | historical_names | unified_social_credit_code,False
296,cnha-pending-c2992df5e064537b,Shanghai Zhongshan Hospital,ctg,automated_triage_only,no_reference_website,,2,0,official_name_zh | english_name | short_names | historical_names | unified_social_credit_code,False
297,cnha-cfdi-1e4d48ddc0a803331fd38588d727499e,北京大学首钢医院,ctg,official_fields_partially_reviewed,readable,http://www.sgyy.com.cn/,0,0,short_names | historical_names | unified_social_credit_code,False
298,cnha-pending-acb29a0f29248900,"Beijing Children's Hospital, Capital Medical University",ctg,automated_triage_only,no_reference_website,,1,1,official_name_zh | english_name | short_names | historical_names | unified_social_credit_code,False
299,cnha-pending-c8fcc556e68d95e4,The Third Xiangya Hospital of Central South University,ctg,automated_triage_only,no_reference_website,,3,0,official_name_zh | english_name | short_names | historical_names | unified_social_credit_code,False
300,cnha-cfdi-464b547ac0a8033331338d0e08e74859,川北医学院附属医院,ctg,automated_triage_only,unreadable,http://www.hospital-nsmc.com.cn/index.html,0,0,short_names | historical_names | unified_social_credit_code,False
301,cnha-cfdi-4f0ed4cac0a803333ee9974b1e6f6636,新疆维吾尔自治区人民医院,ctg,automated_triage_only,challenge_or_noncontent,https://www.xjrmyy.com,0,0,short_names | historical_names | unified_social_credit_code,False
302,cnha-cfdi-7ceaf23ec0a8033333aba3b60f0ec08c,荆州市中心医院,ctg,automated_triage_only,challenge_or_noncontent,http://www.jzzxyy.com.cn/,0,0,short_names | historical_names | unified_social_credit_code,False
303,cnha-pending-1bc4120b21a5b680,"Beijing Chest Hospital, Capital Medical University",ctg,automated_triage_only,no_reference_website,,2,1,official_name_zh | english_name | short_names | historical_names | unified_social_credit_code,False
304,cnha-pending-50759ccebbbfb093,"Peking Union Medical College Hospital, Chinese Academy of Medical Sciences",ctg,automated_triage_only,no_reference_website,,0,0,official_name_zh | english_name | short_names | historical_names | unified_social_credit_code,False
305,cnha-pending-543a4d91206301bd,"Beijing Ditan Hospital, Capital Medical University",ctg,automated_triage_only,no_reference_website,,1,1,official_name_zh | english_name | short_names | historical_names | unified_social_credit_code,False
306,cnha-pending-7b67f4cce8a42be1,Guangxi medical university affiliated tumor hospital,ctg,automated_triage_only,no_reference_website,,1,0,official_name_zh | english_name | short_names | historical_names | unified_social_credit_code,False
307,cnha-pending-98320c516e1c7c9a,The First Affiliated Hospital of University of South China,ctg,automated_triage_only,no_reference_website,,1,0,official_name_zh | english_name | short_names | historical_names | unified_social_credit_code,False
308,cnha-pending-9b47939109b11fb8,The First Affiliated Hospital Of Bengbu Medical College,ctg,automated_triage_only,no_reference_website,,2,0,official_name_zh | english_name | short_names | historical_names | unified_social_credit_code,False
309,cnha-pending-faaf31b2ae24072b,The Second Affiliated Hospital ZheJiang University School of Medicine,ctg,automated_triage_only,no_reference_website,,1,0,official_name_zh | english_name | short_names | historical_names | unified_social_credit_code,False
310,cnha-ror-01ey7we33,Daqing Oilfield General Hospital,ctg,automated_triage_only,unreadable,http://www.first-hospital.com/,0,0,official_name_zh | short_names | historical_names | unified_social_credit_code,False
311,cnha-ror-0569k1630,北京世纪坛医院,ctg,automated_triage_only,unreadable,http://www.bjsjth.cn/english/english_index.asp,0,0,official_name_zh | short_names | historical_names | unified_social_credit_code,False
312,cnha-pending-0231eeb8ace4c0bf,"Beijing Tongren Hospital, Capital Medical University",ctg,automated_triage_only,no_reference_website,,1,1,official_name_zh | english_name | short_names | historical_names | unified_social_credit_code,False
313,cnha-pending-176424bccf17415a,The First Affiliated Hospital of Bengbu Medical University,ctg,automated_triage_only,no_reference_website,,1,0,official_name_zh | english_name | short_names | historical_names | unified_social_credit_code,False
314,cnha-pending-4415a498f21a63a2,Zhongshan Hospital Xiamen University,ctg,automated_triage_only,no_reference_website,,1,0,official_name_zh | english_name | short_names | historical_names | unified_social_credit_code,False
315,cnha-pending-82249543e28dda1e,Guangdong Provincial Hospital of Chinese Medicine,ctg,automated_triage_only,no_reference_website,,1,1,official_name_zh | english_name | short_names | historical_names | unified_social_credit_code,False
316,cnha-pending-b3d6a90c7e0c193a,Dermatology Hospital of Southern Medical University,ctg,automated_triage_only,no_reference_website,,0,0,official_name_zh | english_name | short_names | historical_names | unified_social_credit_code,False
317,cnha-pending-c99fd7f3d347a9b8,Tongji hospital affiliated to tongji medical college of huazhong university of science and technology,ctg,automated_triage_only,no_reference_website,,1,1,official_name_zh | english_name | short_names | historical_names | unified_social_credit_code,False
318,cnha-ror-04kmpyd03,中国人民解放军南京军区南京总医院,ctg,automated_triage_only,readable,http://www.njzy666.com/homepage1/index,0,0,official_name_zh | historical_names | unified_social_credit_code,False
319,cnha-ror-04vsn7g65,山东省泰安市中心医院,ctg,automated_triage_only,unreadable,https://www.taishanyy.com/,0,0,official_name_zh | short_names | historical_names | unified_social_credit_code,False
320,cnha-cfdi-13c9eaf7c0a8033352df6dbdc89113dd,天津市环湖医院,ctg,automated_triage_only,readable,http://www.tnsi.org/,0,0,short_names | historical_names | unified_social_credit_code,False
321,cnha-cfdi-55a50612c0a80333003733d3d6e16f10,宁波市第二医院,ctg,automated_triage_only,challenge_or_noncontent,http://www.nbdeyy.com,0,0,short_names | historical_names | unified_social_credit_code,False
322,cnha-cfdi-90e8bfbcc0a8033311829d2674af920d,北京大学第六医院,ctg,official_fields_partially_reviewed,readable,http://www.pkuh6.cn/,0,0,short_names | historical_names | unified_social_credit_code,False
323,cnha-pending-193ff56fd11785de,The First Affiliated Hospital of Henan University of Science &Technology,ctg,automated_triage_only,no_reference_website,,1,0,official_name_zh | english_name | short_names | historical_names | unified_social_credit_code,False
324,cnha-pending-56d9dbbe37d1b857,The affiliated hospital of Xuzhou medical university,ctg,automated_triage_only,no_reference_website,,0,0,official_name_zh | english_name | short_names | historical_names | unified_social_credit_code,False
325,cnha-pending-6575bc6ddf60e3e7,Liaoning Cancer Hospital and Institute,ctg,automated_triage_only,no_reference_website,,1,0,official_name_zh | english_name | short_names | historical_names | unified_social_credit_code,False
326,cnha-pending-c2233c99b6ca177e,The first hospital of Shanxi Medical University,ctg,automated_triage_only,no_reference_website,,2,2,official_name_zh | english_name | short_names | historical_names | unified_social_credit_code,False
327,cnha-cfdi-b2ba4b41c0a80333455f44fef81c53c1,武汉亚洲心脏病医院,ctg,automated_triage_only,challenge_or_noncontent,http://www.wahh.com.cn/,0,0,short_names | historical_names | unified_social_credit_code,False
328,cnha-pending-0622ea009e0bfdec,Linyi Cancer Hospital,ctg,automated_triage_only,no_reference_website,,0,0,official_name_zh | english_name | short_names | historical_names | unified_social_credit_code,False
329,cnha-pending-348d6fe05c75f67b,The first affiliated hospital of medical college of zhejiang university,ctg,automated_triage_only,no_reference_website,,0,0,official_name_zh | english_name | short_names | historical_names | unified_social_credit_code,False
330,cnha-pending-3863763830b9ad87,Zibo central hospital,ctg,automated_triage_only,no_reference_website,,0,0,official_name_zh | english_name | short_names | historical_names | unified_social_credit_code,False
331,cnha-pending-3c28c781c059e6e6,Shanghai Changhai Hospital,ctg,automated_triage_only,no_reference_website,,3,1,official_name_zh | english_name | short_names | historical_names | unified_social_credit_code,False
332,cnha-pending-5f1e9d589b3cdba3,"Tongji Hospital,Tongji Medical College Huazhong University of Science & Technology",ctg,automated_triage_only,no_reference_website,,1,1,official_name_zh | english_name | short_names | historical_names | unified_social_credit_code,False
333,cnha-pending-80dbde0ce7dfb4e0,"Cancer Hospital,Chinese Academy of Medical Science",ctg,automated_triage_only,no_reference_website,,1,1,official_name_zh | english_name | short_names | historical_names | unified_social_credit_code,False
334,cnha-pending-a20d11481305d487,The Second Affiliated Hospital of Zhengzhou University,ctg,automated_triage_only,no_reference_website,,3,1,official_name_zh | english_name | short_names | historical_names | unified_social_credit_code,False
335,cnha-pending-cd777e11b0f9713b,Linfen Central Hospital,ctg,automated_triage_only,no_reference_website,,0,0,official_name_zh | english_name | short_names | historical_names | unified_social_credit_code,False
336,cnha-cfdi-4513d0e5c0a80333752f89bce81d221b,天津市安定医院,ctg,automated_triage_only,challenge_or_noncontent,http://www.tjmhc.com/,0,0,short_names | historical_names | unified_social_credit_code,False
337,cnha-cfdi-ab94acb3c0a80333370367d2fac85029,湖南省儿童医院,ctg,automated_triage_only,unreadable,http://www.hnetyy.net,0,0,short_names | historical_names | unified_social_credit_code,False
338,cnha-pending-05a0fa73f825b08e,"Tongji Hospital, Tongji Medical College, Huazhong University of Science and Technology",ctg,automated_triage_only,no_reference_website,,1,1,official_name_zh | english_name | short_names | historical_names | unified_social_credit_code,False
339,cnha-pending-1dbffbe7f7a56848,"2nd Affiliated Hospital, School of Medicine, Zhejiang University",ctg,automated_triage_only,no_reference_website,,2,1,official_name_zh | english_name | short_names | historical_names | unified_social_credit_code,False
340,cnha-pending-3080f5be9fb615c8,"Department of Gastroenterology, Qilu Hospital, Shandong University",ctg,automated_triage_only,no_reference_website,,0,0,official_name_zh | english_name | short_names | historical_names | unified_social_credit_code,False
341,cnha-pending-433cd466004c04ec,Suining Central Hospital,ctg,automated_triage_only,no_reference_website,,0,0,official_name_zh | english_name | short_names | historical_names | unified_social_credit_code,False
342,cnha-pending-5d204070acaca620,The Second Affiliated Hospital of Zhejiang University,ctg,automated_triage_only,no_reference_website,,2,1,official_name_zh | english_name | short_names | historical_names | unified_social_credit_code,False
343,cnha-pending-7cea7a9480bae616,"Department of Hematology,Nanfang Hospital, Southern Medical University",ctg,automated_triage_only,no_reference_website,,0,0,official_name_zh | english_name | short_names | historical_names | unified_social_credit_code,False
344,cnha-pending-992fb07a9478ee6a,Tianjin Cancer Hospital Airport Hospital,ctg,automated_triage_only,no_reference_website,,0,0,official_name_zh | english_name | short_names | historical_names | unified_social_credit_code,False
345,cnha-pending-a4862fa3ee9b97ae,"Children's Hospital, Zhejiang University School of Medicine",ctg,automated_triage_only,no_reference_website,,0,0,official_name_zh | english_name | short_names | historical_names | unified_social_credit_code,False
346,cnha-pending-ba1101321ebe2043,Huashan Hospital affiliated to Fudan University,ctg,automated_triage_only,no_reference_website,,0,0,official_name_zh | english_name | short_names | historical_names | unified_social_credit_code,False
347,cnha-pending-c1b3e271f89b225b,Xijing Hospital,ctg,automated_triage_only,no_reference_website,,2,0,official_name_zh | english_name | short_names | historical_names | unified_social_credit_code,False
348,cnha-ror-03jxhcr96,北大国际医院,ctg,automated_triage_only,unreadable,http://www.pkucare.com/content/details23_59.html,0,0,official_name_zh | short_names | historical_names | unified_social_credit_code,False
349,cnha-cfdi-6021cae6c0a803330526f86552ac3b0f,安阳市肿瘤医院,ctg,automated_triage_only,no_reference_website,,0,0,short_names | historical_names | unified_social_credit_code,False
350,cnha-cfdi-b7d8b816c0a80333148e2d188b047f39,浙江大学医学院附属妇产科医院,ctg,automated_triage_only,readable,http://www.womanhospital.cn/,0,0,short_names | historical_names | unified_social_credit_code,False
351,cnha-pending-acc916a5129dc5f3,The First Affiliated Hospital of Henan University of Science and Technology,ctg,automated_triage_only,no_reference_website,,1,0,official_name_zh | english_name | short_names | historical_names | unified_social_credit_code,False
352,cnha-pending-b8b3b41d3707b4e5,The Third Hospital of Hebei Medical University,ctg,automated_triage_only,no_reference_website,,3,1,official_name_zh | english_name | short_names | historical_names | unified_social_credit_code,False
353,cnha-ror-03wgqqb38,北京回龙观医院,ctg,automated_triage_only,unreadable,http://www.bhlgh.com/en/Default.aspx,0,0,official_name_zh | short_names | historical_names | unified_social_credit_code,False
354,cnha-ror-041ts2d40,Affiliated Zhongshan Hospital of Dalian University,ctg,automated_triage_only,unreadable,http://www.dlhospital.com/,0,0,official_name_zh | short_names | historical_names | unified_social_credit_code,False
355,cnha-ror-050agvb10,版权所有 运城市中心医院,ctg,automated_triage_only,unreadable,https://ycch.cn,0,0,official_name_zh | short_names | historical_names | unified_social_credit_code,False
356,cnha-cfdi-12783270c0a8033304ea9c2064167117,新乡市中心医院,ctg,automated_triage_only,no_reference_website,,0,0,short_names | historical_names | unified_social_credit_code,False
357,cnha-cfdi-8dd7b9b9c0a80333785f0d8e2e12854d,粤北人民医院,ctg,automated_triage_only,unreadable,http://www.ybyy.net/,0,0,short_names | historical_names | unified_social_credit_code,False
358,cnha-cfdi-ce825239c0a80333050e076a5993cb1e,深圳市儿童医院,ctg,automated_triage_only,readable,http://www.szkid.com.cn/,0,0,short_names | historical_names | unified_social_credit_code,False
359,cnha-pending-0f57a91c169f0b5b,Xingtai People's Hospital,ctg,automated_triage_only,no_reference_website,,1,1,official_name_zh | english_name | short_names | historical_names | unified_social_credit_code,False
360,cnha-pending-1c46b86068b287ba,The Second Hospital of Tianjin Medical University,ctg,automated_triage_only,no_reference_website,,1,0,official_name_zh | english_name | short_names | historical_names | unified_social_credit_code,False
361,cnha-pending-5f95b10f7402d4a2,Fudan University Cancer Hospital,ctg,automated_triage_only,no_reference_website,,0,0,official_name_zh | english_name | short_names | historical_names | unified_social_credit_code,False
362,cnha-pending-72ed5757e1f188a8,Affiliated Hospital of Guangdong Medical University,ctg,automated_triage_only,no_reference_website,,1,0,official_name_zh | english_name | short_names | historical_names | unified_social_credit_code,False
363,cnha-pending-79007f3154370d28,The Second Affiliated Hospital of Zhejiang University School of Medicine,ctg,automated_triage_only,no_reference_website,,1,0,official_name_zh | english_name | short_names | historical_names | unified_social_credit_code,False
364,cnha-pending-93d5f731aae999d3,Meizhou People's Hospital,ctg,automated_triage_only,no_reference_website,,1,1,official_name_zh | english_name | short_names | historical_names | unified_social_credit_code,False
365,cnha-pending-983ba1323af4eca6,Binzhou Medical University Hospital,ctg,automated_triage_only,no_reference_website,,0,0,official_name_zh | english_name | short_names | historical_names | unified_social_credit_code,False
366,cnha-ror-0132wmv23,Changsha Central Hospital,ctg,automated_triage_only,readable,http://www.changshacentralhospital.com/,0,0,official_name_zh | short_names | historical_names | unified_social_credit_code,False
367,cnha-ror-01wcx2305,Nanjing Brain Hospital,ctg,automated_triage_only,unreadable,http://www.c-nbh.com/,0,0,official_name_zh | short_names | historical_names | unified_social_credit_code,False
368,cnha-ror-040gnq226,First Affiliated Hospital of Gannan Medical University,ctg,automated_triage_only,unreadable,http://www.gyyfy.com/,0,0,official_name_zh | short_names | historical_names | unified_social_credit_code,False
369,cnha-pending-2310c8770865190c,Mengchao Hepatobiliary Hospital of Fujian Medical University,ctg,automated_triage_only,no_reference_website,,0,0,official_name_zh | english_name | short_names | historical_names | unified_social_credit_code,False
370,cnha-pending-309810289c8ccc57,General Hospital of Northern Theater Command,ctg,automated_triage_only,no_reference_website,,0,0,official_name_zh | english_name | short_names | historical_names | unified_social_credit_code,False
371,cnha-pending-60f9de06804d4ba8,General Hospital of Ningxia Medical University,ctg,automated_triage_only,no_reference_website,,0,0,official_name_zh | english_name | short_names | historical_names | unified_social_credit_code,False
372,cnha-pending-8983d4fe54cd4e2e,The Second Affiliated Hospital of Soochow University,ctg,automated_triage_only,no_reference_website,,3,1,official_name_zh | english_name | short_names | historical_names | unified_social_credit_code,False
373,cnha-pending-c24d9d44e98c5635,Guangzhou Women and Children's Medical Center,ctg,automated_triage_only,no_reference_website,,1,1,official_name_zh | english_name | short_names | historical_names | unified_social_credit_code,False
374,cnha-pending-cbbe450615f10505,The Central Hospital of Wuhan,ctg,automated_triage_only,no_reference_website,,1,1,official_name_zh | english_name | short_names | historical_names | unified_social_credit_code,False
375,cnha-pending-df9d5780f022ec47,The First Affiliated Hospital of Guangxi Medical University,ctg,automated_triage_only,no_reference_website,,2,0,official_name_zh | english_name | short_names | historical_names | unified_social_credit_code,False
376,cnha-pending-e799a1c01b02c8b1,Xinhua Hospital Affiliated to Shanghai Jiao Tong University School of Medicine,ctg,automated_triage_only,no_reference_website,,0,0,official_name_zh | english_name | short_names | historical_names | unified_social_credit_code,False
377,cnha-pending-e7d5d4dceb1bb3c7,The Second Hospital of Tianjin Medical University,ctg,automated_triage_only,no_reference_website,,1,0,official_name_zh | english_name | short_names | historical_names | unified_social_credit_code,False
378,cnha-cfdi-5577712bc0a8033304fcb807dbd904e0,甘肃省人民医院,ctg,automated_triage_only,unreadable,http://www.gsyy.cn/,0,0,short_names | historical_names | unified_social_credit_code,False
379,cnha-cfdi-6ec7f323c0a8033357cd9d8a9faa7c45,青海大学附属医院,ctg,automated_triage_only,readable,http://www.qhuah.com/,0,0,historical_names | unified_social_credit_code,False
380,cnha-pending-6b1b01874e4ccf1a,the Third affiliated hospital of Zhejiang Chinese Medical university,ctg,automated_triage_only,no_reference_website,,0,0,official_name_zh | english_name | short_names | historical_names | unified_social_credit_code,False
381,cnha-pending-6eca7ce27911f10b,The Second Affiliated Hospital of Wenzhou Medical University,ctg,automated_triage_only,no_reference_website,,2,0,official_name_zh | english_name | short_names | historical_names | unified_social_credit_code,False
382,cnha-pending-971914506932c2f9,Renji Hospital Affiliated to Shanghai Jiao Tong University School of Medicine,ctg,automated_triage_only,no_reference_website,,0,0,official_name_zh | english_name | short_names | historical_names | unified_social_credit_code,False
383,cnha-pending-fa00a2ef5a33a952,The First People's Hospital of Yunnan Province,ctg,automated_triage_only,no_reference_website,,3,2,official_name_zh | english_name | short_names | historical_names | unified_social_credit_code,False
384,cnha-cfdi-31278b94c0a803333d226ab8b1471a8c,河北省人民医院,ctg,automated_triage_only,unreadable,http://www.hbpphosp.cn/,0,0,short_names | historical_names | unified_social_credit_code,False
385,cnha-cfdi-85ebd49ec0a80333553a4190a0080ea0,赣州市人民医院,ctg,official_fields_partially_reviewed,readable,http://www.gzsrmyy.com/,0,0,short_names | historical_names | unified_social_credit_code,False
386,cnha-pending-4dd1fe8c403d8e2b,The First Affiliated Hospital of University of Science and Technology of China,ctg,automated_triage_only,no_reference_website,,0,0,official_name_zh | english_name | short_names | historical_names | unified_social_credit_code,False
387,cnha-pending-5503dafb0001a732,The First Affiliated Hospital of Ningbo University,ctg,automated_triage_only,no_reference_website,,0,0,official_name_zh | english_name | short_names | historical_names | unified_social_credit_code,False
388,cnha-pending-9d0dc5eaa37083ab,"Beijing Children's Hospital, Capital Medical University",ctg,automated_triage_only,no_reference_website,,1,1,official_name_zh | english_name | short_names | historical_names | unified_social_credit_code,False
389,cnha-pending-b2abba791d1b9459,Yunnan Cancer Hospital,ctg,automated_triage_only,no_reference_website,,0,0,official_name_zh | english_name | short_names | historical_names | unified_social_credit_code,False
390,cnha-ror-00vrd0936,307医院,ctg,automated_triage_only,readable,http://www.307hospital.com/,0,0,official_name_zh | short_names | historical_names | unified_social_credit_code,False
391,cnha-cfdi-72402946c0a80333358e0b3c7b0e665c,河北医科大学第四医院,ctg,automated_triage_only,challenge_or_noncontent,http://english.hbydsy.com/,0,0,short_names | historical_names | unified_social_credit_code,False
392,cnha-pending-b0e77f1d4e521070,The First Affiliated Hospital of Wannan Medical College,ctg,automated_triage_only,no_reference_website,,1,1,official_name_zh | english_name | short_names | historical_names | unified_social_credit_code,False
393,cnha-pending-b49f7ecabc33303c,Tianjin First Central Hospital,ctg,automated_triage_only,no_reference_website,,3,2,official_name_zh | english_name | short_names | historical_names | unified_social_credit_code,False
394,cnha-pending-c7c1278187cca2c5,The Second Hospital of Hebei Medical University,ctg,automated_triage_only,no_reference_website,,3,1,official_name_zh | english_name | short_names | historical_names | unified_social_credit_code,False
395,cnha-pending-e58c0efa07dc8c56,The Second Hospital of Shanxi Medical University,ctg,automated_triage_only,no_reference_website,,2,2,official_name_zh | english_name | short_names | historical_names | unified_social_credit_code,False
396,cnha-ror-041r75465,Zhengzhou Central Hospital,ctg,automated_triage_only,readable,http://www.zzszxyy.com/,0,0,official_name_zh | short_names | historical_names | unified_social_credit_code,False
397,cnha-ror-043sbvg03,东方肝胆外科医院,ctg,automated_triage_only,unreadable,http://www.ehbh.cn/,0,0,official_name_zh | short_names | historical_names | unified_social_credit_code,False
398,cnha-pending-041a2ab5160827b0,Shengjing Hospital affiliated to China Medical University,ctg,automated_triage_only,no_reference_website,,0,0,official_name_zh | english_name | short_names | historical_names | unified_social_credit_code,False
399,cnha-pending-131d810a1c92a1fa,The Fifth Affiliated Hospital of Sun Yat-Sen University,ctg,automated_triage_only,no_reference_website,,1,0,official_name_zh | english_name | short_names | historical_names | unified_social_credit_code,False
400,cnha-pending-17d904a18b0c23c6,The People's Hospital of Liaoning Province,ctg,automated_triage_only,no_reference_website,,0,0,official_name_zh | english_name | short_names | historical_names | unified_social_credit_code,False
401,cnha-pending-2426b27843ef32b6,Prince of Wales Hospital,ctg,automated_triage_only,no_reference_website,,0,0,official_name_zh | english_name | short_names | historical_names | unified_social_credit_code,False
402,cnha-ror-01espdw89,Beijing Chest Hospital,ctg,automated_triage_only,unreadable,http://www.bjxkyy.cn/en/index.aspx,0,0,official_name_zh | short_names | historical_names | unified_social_credit_code,False
403,cnha-ror-02mhxa927,Zhujiang Hospital,ctg,automated_triage_only,readable,http://www.zjyy.com.cn/en/,0,0,official_name_zh | short_names | historical_names | unified_social_credit_code,False
404,cnha-ror-03gxy9f87,Chengdu Fifth People's Hospital,ctg,automated_triage_only,unreadable,http://www.cd5120.com/,0,0,official_name_zh | short_names | historical_names | unified_social_credit_code,False
405,cnha-ror-05cqe9350,西京医院,ctg,automated_triage_only,unreadable,http://xjwww.fmmu.edu.cn/,0,0,official_name_zh | short_names | historical_names | unified_social_credit_code,False
406,cnha-cfdi-6d86801dc0a8033309fe64ed2f53a5f6,上海中医药大学附属龙华医院,ctg,automated_triage_only,readable,http://www.longhua.net/,0,0,short_names | historical_names | unified_social_credit_code,False
407,cnha-cfdi-ea0d4158c0a8033303db75e4c5aa1975,广东省中医院,ctg,automated_triage_only,readable,http://www.gdhtcm.com/,0,0,short_names | historical_names | unified_social_credit_code,False
408,cnha-pending-4fc7ac1cac16c229,"Shanghai Ninth People's Hospital,Shanghai Jiaotong University School of Medicine",ctg,automated_triage_only,no_reference_website,,0,0,official_name_zh | english_name | short_names | historical_names | unified_social_credit_code,False
409,cnha-pending-8803be3eff6ecf42,Luoyang Central Hospital,ctg,automated_triage_only,no_reference_website,,0,0,official_name_zh | english_name | short_names | historical_names | unified_social_credit_code,False
410,cnha-pending-b7a5dee9b1be774a,Shanghai Ruijin Hospital,ctg,automated_triage_only,no_reference_website,,1,0,official_name_zh | english_name | short_names | historical_names | unified_social_credit_code,False
411,cnha-cfdi-207c0e3cc0a80333422f4492f05bd844,天津市第三中心医院,ctg,automated_triage_only,readable,http://www.tj3zx.cn/,0,0,short_names | historical_names | unified_social_credit_code,False
412,cnha-pending-84088c4114f4c971,The Second Affiliated Hospital of Dalian Medical University,ctg,automated_triage_only,no_reference_website,,2,1,official_name_zh | english_name | short_names | historical_names | unified_social_credit_code,False
413,cnha-pending-bb4f5681651dab9d,Institute of Hematology and Blood Diseases Hospital Chinese Academy of Medical Sciences,ctg,automated_triage_only,no_reference_website,,0,0,official_name_zh | english_name | short_names | historical_names | unified_social_credit_code,False
414,cnha-pending-da7097c4ae428c9e,Tongji Hospital of Tongji University,ctg,automated_triage_only,no_reference_website,,0,0,official_name_zh | english_name | short_names | historical_names | unified_social_credit_code,False
415,cnha-pending-e277429af0eac10f,Anyang Cancer Hospital,ctg,automated_triage_only,no_reference_website,,1,0,official_name_zh | english_name | short_names | historical_names | unified_social_credit_code,False
416,cnha-ror-05mzp4d74,山西省心血管医院,ctg,automated_triage_only,challenge_or_noncontent,http://www.sxxxgyy.com/,0,0,official_name_zh | short_names | historical_names | unified_social_credit_code,False
417,cnha-pending-132086b7e09af918,"Nanjing Drum Tower Hospital, the Affiliated Hospital of Nanjing University Medical School",ctg,automated_triage_only,no_reference_website,,0,0,official_name_zh | english_name | short_names | historical_names | unified_social_credit_code,False
418,cnha-pending-332f115b1a08bf4c,Second Affiliated Hospitalof Zhejiang University School of Medicine,ctg,automated_triage_only,no_reference_website,,1,0,official_name_zh | english_name | short_names | historical_names | unified_social_credit_code,False
419,cnha-pending-4689b37d50604626,Xiangya Hospital of Central- South University,ctg,automated_triage_only,no_reference_website,,3,0,official_name_zh | english_name | short_names | historical_names | unified_social_credit_code,False
420,cnha-pending-4b371341a2aa3c48,Qingdao Central Hospital,ctg,automated_triage_only,no_reference_website,,0,0,official_name_zh | english_name | short_names | historical_names | unified_social_credit_code,False
421,cnha-pending-5ea1b5817a41085f,"Beijing LuHe Hospital, Capital Medical University",ctg,automated_triage_only,no_reference_website,,2,1,official_name_zh | english_name | short_names | historical_names | unified_social_credit_code,False
422,cnha-pending-743f1ac4a1d97587,Chongqing University Three Gorges Hospital,ctg,automated_triage_only,no_reference_website,,0,0,official_name_zh | english_name | short_names | historical_names | unified_social_credit_code,False
423,cnha-pending-790784af39e97cc9,The Fourth Affiliated Hospital of Harbin Medical University,ctg,automated_triage_only,no_reference_website,,3,1,official_name_zh | english_name | short_names | historical_names | unified_social_credit_code,False
424,cnha-pending-7e6a21dcfe7fbc09,"2nd Affiliated Hospital, School of Medicine, Zhejiang University, China",ctg,automated_triage_only,no_reference_website,,0,0,official_name_zh | english_name | short_names | historical_names | unified_social_credit_code,False
425,cnha-pending-a6e98727a5e84b16,"Beijing Chest Hospital, Capital Medical University",ctg,automated_triage_only,no_reference_website,,2,1,official_name_zh | english_name | short_names | historical_names | unified_social_credit_code,False
426,cnha-pending-b84e53d92c534325,Cancer Hospital of Shandong First Medical University,ctg,automated_triage_only,no_reference_website,,0,0,official_name_zh | english_name | short_names | historical_names | unified_social_credit_code,False
427,cnha-pending-c6bf4d5b32fa93fa,The First Hospital of Jiaxing,ctg,automated_triage_only,no_reference_website,,1,0,official_name_zh | english_name | short_names | historical_names | unified_social_credit_code,False
428,cnha-pending-d9e817b28794ee09,The Second Affiliated Hospital of Chongqing Medical University,ctg,automated_triage_only,no_reference_website,,3,1,official_name_zh | english_name | short_names | historical_names | unified_social_credit_code,False
429,cnha-pending-f1f292bc6ed87d98,The First Affiliated Hospital of Shandong First Medical University,ctg,automated_triage_only,no_reference_website,,0,0,official_name_zh | english_name | short_names | historical_names | unified_social_credit_code,False
430,cnha-pending-f906bb9c178e10c5,"Fuwai Hospital, Chinese Academy of Medical Sciences",ctg,automated_triage_only,no_reference_website,,1,1,official_name_zh | english_name | short_names | historical_names | unified_social_credit_code,False
431,cnha-ror-0340t0585,中国人民解放军沈阳军区总医院,ctg,automated_triage_only,unreadable,http://www.syjqzyy.com/index.html,0,0,official_name_zh | short_names | historical_names | unified_social_credit_code,False
432,cnha-cfdi-3bbe3ceec0a803331320f715d583ef2c,广州医科大学附属第一医院,ctg,automated_triage_only,unreadable,http://www.gyfyy.com/cn/index.aspx,0,0,short_names | historical_names | unified_social_credit_code,False
433,cnha-cfdi-5688a594c0a8033332d74ef231918790,赤峰市医院,ctg,automated_triage_only,readable,http://cfsyy.cn/index.asp,0,0,short_names | historical_names | unified_social_credit_code,False
434,cnha-cfdi-6871630cc0a803330daafd3f80189bd7,沈阳市第六人民医院,ctg,automated_triage_only,readable,http://www.mhidsy.com/,0,0,short_names | historical_names | unified_social_credit_code,False
435,cnha-cfdi-aca5253cc0a803331756b31326d171c1,成都市妇女儿童中心医院,ctg,automated_triage_only,challenge_or_noncontent,http://www.wcch.cn/,0,0,short_names | historical_names | unified_social_credit_code,False
436,cnha-cfdi-ea2747e5c0a80333638fd0970d6d734c,上海交通大学医学院附属新华医院,ctg,automated_triage_only,readable,http://www.xinhuamed.com.cn/,0,0,short_names | historical_names | unified_social_credit_code,False
437,cnha-pending-050b40605dfde0ee,Gansu Provincial Cancer Hospital,ctg,automated_triage_only,no_reference_website,,2,0,official_name_zh | english_name | short_names | historical_names | unified_social_credit_code,False
438,cnha-pending-26fd01bf99039aa4,The Second Hospital of Jilin University,ctg,automated_triage_only,no_reference_website,,2,0,official_name_zh | english_name | short_names | historical_names | unified_social_credit_code,False
439,cnha-pending-299cac2c90e6f960,The First Hospital of Hebei Medical University,ctg,automated_triage_only,no_reference_website,,3,1,official_name_zh | english_name | short_names | historical_names | unified_social_credit_code,False
440,cnha-pending-4e07eaa71ab1ef14,Xuan Wu Hospital,ctg,automated_triage_only,no_reference_website,,1,1,official_name_zh | english_name | short_names | historical_names | unified_social_credit_code,False
441,cnha-pending-4eaf95611a39d8cb,"The First Affiliated Hospital of College of Medicine, Zhejiang University",ctg,automated_triage_only,no_reference_website,,0,0,official_name_zh | english_name | short_names | historical_names | unified_social_credit_code,False
442,cnha-pending-5726e87972f9411a,Institute of Hematology & Blood Diseases Hospital Chinese Academy of Medical Sciences,ctg,automated_triage_only,no_reference_website,,0,0,official_name_zh | english_name | short_names | historical_names | unified_social_credit_code,False
443,cnha-pending-7ad1017cd25fd707,The Affiliated Hospital of Guizhou Medical University,ctg,automated_triage_only,no_reference_website,,1,0,official_name_zh | english_name | short_names | historical_names | unified_social_credit_code,False
444,cnha-pending-9ae914db4d3baffe,West China Hospital,ctg,automated_triage_only,no_reference_website,,0,0,official_name_zh | english_name | short_names | historical_names | unified_social_credit_code,False
445,cnha-pending-adc97031c80589b0,Sun Yet-Sen University Cancer Center,ctg,automated_triage_only,no_reference_website,,1,1,official_name_zh | english_name | short_names | historical_names | unified_social_credit_code,False
446,cnha-ror-026e9yy16,Affiliated Hospital of Qingdao University,ctg,automated_triage_only,unreadable,http://qdumh.qd.sd.cn/index.html,0,0,official_name_zh | short_names | historical_names | unified_social_credit_code,False
447,cnha-cfdi-066b931bc0a8033351202887a2fd71fa,中国医科大学附属第一医院,ctg,automated_triage_only,challenge_or_noncontent,http://www.cmu1h.com/,0,0,short_names | historical_names | unified_social_credit_code,False
448,cnha-pending-4308822a86b0dca7,Union Hospital affiliated to Tongji Medical College of Huazhong University of Science and Technology,ctg,automated_triage_only,no_reference_website,,1,1,official_name_zh | english_name | short_names | historical_names | unified_social_credit_code,False
449,cnha-pending-581b1e239eb212ba,"The First Affiliated Hospital, School of Medicine, Zhejiang University",ctg,automated_triage_only,no_reference_website,,2,2,official_name_zh | english_name | short_names | historical_names | unified_social_credit_code,False
450,cnha-pending-b4f2cf86bf3e936d,The Second Affiliated Hospital of Hainan Medical University,ctg,automated_triage_only,no_reference_website,,0,0,official_name_zh | english_name | short_names | historical_names | unified_social_credit_code,False
451,cnha-pending-c6143caa165454d5,Jinhua Municipal Central Hospital,ctg,automated_triage_only,no_reference_website,,1,1,official_name_zh | english_name | short_names | historical_names | unified_social_credit_code,False
452,cnha-ror-02qkhx131,Jiangxi Pingxiang People's Hospital,ctg,automated_triage_only,unreadable,http://www.pxsrmyy.cn/,0,0,official_name_zh | short_names | historical_names | unified_social_credit_code,False
453,cnha-ror-03cy8qt72,Heze Municipal Hospital,ctg,automated_triage_only,readable,http://www.hz120.cn/,0,0,official_name_zh | short_names | historical_names | unified_social_credit_code,False
454,cnha-pending-15733575bd5a0672,Puyang Oilfield General Hospital,ctg,automated_triage_only,no_reference_website,,0,0,official_name_zh | english_name | short_names | historical_names | unified_social_credit_code,False
455,cnha-pending-258aa5a706d0b180,The Fifth Medical Center of PLA General Hospital,ctg,automated_triage_only,no_reference_website,,0,0,official_name_zh | english_name | short_names | historical_names | unified_social_credit_code,False
456,cnha-pending-570fb42fad578f00,Affiliated Zhongshan Hospital of Fudan University,ctg,automated_triage_only,no_reference_website,,1,1,official_name_zh | english_name | short_names | historical_names | unified_social_credit_code,False
457,cnha-pending-845223005d367257,The First People's Hospital of Lianyungang,ctg,automated_triage_only,no_reference_website,,0,0,official_name_zh | english_name | short_names | historical_names | unified_social_credit_code,False
458,cnha-pending-97ab3b91999d528b,Pingxiang People's Hospital,ctg,automated_triage_only,no_reference_website,,1,0,official_name_zh | english_name | short_names | historical_names | unified_social_credit_code,False
459,cnha-pending-d2cb4412cc751864,The First Affiliated Hospital of Nanchang University Branch Donghu,ctg,automated_triage_only,no_reference_website,,2,0,official_name_zh | english_name | short_names | historical_names | unified_social_credit_code,False
460,cnha-ror-00fthae95,第三军医大学大坪医院,ctg,automated_triage_only,unreadable,http://www.dapinghospital.com/,0,0,official_name_zh | short_names | historical_names | unified_social_credit_code,False
461,cnha-ror-02kstas42,Affiliated Hospital of Guizhou Medical University,ctg,automated_triage_only,unreadable,http://www.gmcah.cn/,0,0,official_name_zh | short_names | historical_names | unified_social_credit_code,False
462,cnha-cfdi-12ccb55bc0a80333400cfcf6fc52306b,上海市儿童医院,ctg,automated_triage_only,readable,https://www.shchildren.com.cn,0,0,short_names | historical_names | unified_social_credit_code,False
463,cnha-cfdi-350cb36ac0a803331b0d46566a10ed40,杭州市肿瘤医院,ctg,automated_triage_only,unreadable,http://www.hzszlyy.com/,0,0,short_names | historical_names | unified_social_credit_code,False
464,cnha-pending-146f9e378be3acaa,"The First Affiliated Hospital, Zhejiang University",ctg,automated_triage_only,no_reference_website,,2,1,official_name_zh | english_name | short_names | historical_names | unified_social_credit_code,False
465,cnha-pending-15f66a91e91bdcb7,Zhongda Hospital,ctg,automated_triage_only,no_reference_website,,0,0,official_name_zh | english_name | short_names | historical_names | unified_social_credit_code,False
466,cnha-pending-21afc989498dae1e,The Second Affiliated Hospital of Nanjing Medical University,ctg,automated_triage_only,no_reference_website,,3,1,official_name_zh | english_name | short_names | historical_names | unified_social_credit_code,False
467,cnha-pending-2cdbd565725e28ad,The First Affiliated Hospital of Jinzhou Medical University,ctg,automated_triage_only,no_reference_website,,1,0,official_name_zh | english_name | short_names | historical_names | unified_social_credit_code,False
468,cnha-pending-3b248bc11f0da5f2,The university of Hong Kong-Shenzhen Hospital,ctg,automated_triage_only,no_reference_website,,1,1,official_name_zh | english_name | short_names | historical_names | unified_social_credit_code,False
469,cnha-pending-6f751e771a907943,Jilin Province People's Hospital,ctg,automated_triage_only,no_reference_website,,2,2,official_name_zh | english_name | short_names | historical_names | unified_social_credit_code,False
470,cnha-pending-802f9fd5853f5b3c,Biological treatment center in Fuda cancer hospital,ctg,automated_triage_only,no_reference_website,,0,0,official_name_zh | english_name | short_names | historical_names | unified_social_credit_code,False
471,cnha-pending-8a5d4200fe45dab9,"The Third Affiliated Hospital, Sun Yat-Sen University",ctg,automated_triage_only,no_reference_website,,3,2,official_name_zh | english_name | short_names | historical_names | unified_social_credit_code,False
472,cnha-pending-9d3a9e45d4f9c796,"Sixth Affiliated Hospital, Sun Yat-sen University",ctg,automated_triage_only,no_reference_website,,3,2,official_name_zh | english_name | short_names | historical_names | unified_social_credit_code,False
473,cnha-pending-a81b7374c5b21ebd,Anhui Chest Hospital,ctg,automated_triage_only,no_reference_website,,0,0,official_name_zh | english_name | short_names | historical_names | unified_social_credit_code,False
474,cnha-pending-b8bbfa1b13308b66,"The First Affiliated Hospital of USTC, Anhui Provincial Hospital",ctg,automated_triage_only,no_reference_website,,0,0,official_name_zh | english_name | short_names | historical_names | unified_social_credit_code,False
475,cnha-pending-bb2105c02c4681d2,Children's Hospital of Soochow University,ctg,automated_triage_only,no_reference_website,,1,0,official_name_zh | english_name | short_names | historical_names | unified_social_credit_code,False
476,cnha-pending-bb9ab5c7b10f342f,Nanyang First People's Hospital,ctg,automated_triage_only,no_reference_website,,0,0,official_name_zh | english_name | short_names | historical_names | unified_social_credit_code,False
477,cnha-pending-d05555aba8239074,Cancer Center of Sun Yat-sen University,ctg,automated_triage_only,no_reference_website,,0,0,official_name_zh | english_name | short_names | historical_names | unified_social_credit_code,False
478,cnha-cfdi-56aefbecc0a8033339b855884e059fac,泰达国际心血管病医院,ctg,automated_triage_only,unreadable,http://en.tedaich.com/Home.aspx,0,0,short_names | historical_names | unified_social_credit_code,False
479,cnha-pending-036dd84ef26088bd,Shanghai Zhongshan Hospital,ctg,automated_triage_only,no_reference_website,,2,0,official_name_zh | english_name | short_names | historical_names | unified_social_credit_code,False
480,cnha-pending-154c7f2c8ca52370,Southern Medical University Nanfang Hospital,ctg,automated_triage_only,no_reference_website,,0,0,official_name_zh | english_name | short_names | historical_names | unified_social_credit_code,False
481,cnha-pending-45a1f224c9c8527a,"Ren Ji Hospital, School of Medicine, Shanghai Jiaotong University",ctg,automated_triage_only,no_reference_website,,0,0,official_name_zh | english_name | short_names | historical_names | unified_social_credit_code,False
482,cnha-pending-b1e8f81b9d50ece1,Second Affiliated Hospital Zhejiang University School of Medicine,ctg,automated_triage_only,no_reference_website,,1,0,official_name_zh | english_name | short_names | historical_names | unified_social_credit_code,False
483,cnha-pending-cb75d8c7dd60436b,The Third Hospital of Changsha,ctg,automated_triage_only,no_reference_website,,3,0,official_name_zh | english_name | short_names | historical_names | unified_social_credit_code,False
484,cnha-pending-d7a2307f563008c7,The Second Hospital of Shandong University,ctg,automated_triage_only,no_reference_website,,2,0,official_name_zh | english_name | short_names | historical_names | unified_social_credit_code,False
485,cnha-pending-d97342f5f67d63da,Fuwai Central China Cardiovascular Hospital,ctg,automated_triage_only,no_reference_website,,0,0,official_name_zh | english_name | short_names | historical_names | unified_social_credit_code,False
486,cnha-pending-de909580b8c4912f,"Institute of Hematology and Blood Diseases Hospital, Chinese Academy of Medical Sciences,",ctg,automated_triage_only,no_reference_website,,0,0,official_name_zh | english_name | short_names | historical_names | unified_social_credit_code,False
487,cnha-pending-e2f812b7060b0c16,"Cancer Hospital,Fudan University",ctg,automated_triage_only,no_reference_website,,1,1,official_name_zh | english_name | short_names | historical_names | unified_social_credit_code,False
488,cnha-pending-f1752a1d21d9d6b3,Qilu Hospital,ctg,automated_triage_only,no_reference_website,,0,0,official_name_zh | english_name | short_names | historical_names | unified_social_credit_code,False
489,cnha-cfdi-0f27c805c0a803332ce19ba6a765712a,济宁市第一人民医院,ctg,automated_triage_only,unreadable,http://www.jnrmyy.com/index.html,0,0,short_names | historical_names | unified_social_credit_code,False
490,cnha-cfdi-60f5b325c0a803331a6f8a0d94e41c3c,武汉市中西医结合医院,ctg,automated_triage_only,challenge_or_noncontent,http://wap.whyyy.com,0,0,short_names | historical_names | unified_social_credit_code,False
491,cnha-pending-33eef1b0a4832f7c,Affiliated Hospital of Guilin Medical University,ctg,automated_triage_only,no_reference_website,,1,0,official_name_zh | english_name | short_names | historical_names | unified_social_credit_code,False
492,cnha-pending-3cd9e48cb3055b9c,The Second Hospital of Anhui Medical University,ctg,automated_triage_only,no_reference_website,,3,2,official_name_zh | english_name | short_names | historical_names | unified_social_credit_code,False
493,cnha-pending-46d38c0c0b430bc8,The First Affiliated Hospital of Nanyang Medical College,ctg,automated_triage_only,no_reference_website,,0,0,official_name_zh | english_name | short_names | historical_names | unified_social_credit_code,False
494,cnha-pending-94a9598b45b7d739,Xuan Wu Hospital,ctg,automated_triage_only,no_reference_website,,1,1,official_name_zh | english_name | short_names | historical_names | unified_social_credit_code,False
495,cnha-pending-95ca00a0b4c78fa5,Huadong Hospital Affiliated to Fudan University,ctg,automated_triage_only,no_reference_website,,0,0,official_name_zh | english_name | short_names | historical_names | unified_social_credit_code,False
496,cnha-pending-9f37dd93a6164930,The First Affiliated Hospital of Guangzhou University of Chinese Medicine,ctg,automated_triage_only,no_reference_website,,2,1,official_name_zh | english_name | short_names | historical_names | unified_social_credit_code,False
497,cnha-pending-acba7ce6eaa02e89,Zhejiang Cancer Hospital,ctg,automated_triage_only,no_reference_website,,0,0,official_name_zh | english_name | short_names | historical_names | unified_social_credit_code,False
498,cnha-pending-c25c4825b7945d65,Shanghai Changhai Hospital,ctg,automated_triage_only,no_reference_website,,3,1,official_name_zh | english_name | short_names | historical_names | unified_social_credit_code,False
499,cnha-pending-da90b27fc7e2af84,The fourth hospital of Hebei Medical University,ctg,automated_triage_only,no_reference_website,,3,1,official_name_zh | english_name | short_names | historical_names | unified_social_credit_code,False
500,cnha-pending-dadca8b30c31279c,Heping Hospital Affiliated to Changzhi Medical College,ctg,automated_triage_only,no_reference_website,,0,0,official_name_zh | english_name | short_names | historical_names | unified_social_credit_code,False
501,cnha-pending-ddc49318d1999e09,The First Affiliated Hospital of Suzhou University,ctg,automated_triage_only,no_reference_website,,2,1,official_name_zh | english_name | short_names | historical_names | unified_social_credit_code,False
502,cnha-pending-ef10df8656c1ea4a,"Department of Nuclear Medicine, First Affiliated Hospital of Fujian Medical University",ctg,automated_triage_only,no_reference_website,,0,0,official_name_zh | english_name | short_names | historical_names | unified_social_credit_code,False
503,cnha-ror-04sk80178,Nanjing Jiangning Hospital,ctg,automated_triage_only,unreadable,http://www.njjnyy.cn/english/1.asp,0,0,official_name_zh | short_names | historical_names | unified_social_credit_code,False
504,cnha-cfdi-c96cb6cfc0a80333106c5822b7f9113e,新疆医科大学第一附属医院,ctg,automated_triage_only,unreadable,http://en.xydyfy.com/index.php?m=content&c=index&a=show&catid=6&id=13,0,0,short_names | historical_names | unified_social_credit_code,False
505,cnha-cfdi-f9ba3bf5c0a80333382b791d42fb79e1,深圳市第三人民医院,ctg,automated_triage_only,no_reference_website,,0,0,short_names | historical_names | unified_social_credit_code,False
506,cnha-pending-0e24697c54f53a38,Zhongshan Hospital affiliated to Fudan University,ctg,automated_triage_only,no_reference_website,,0,0,official_name_zh | english_name | short_names | historical_names | unified_social_credit_code,False
507,cnha-pending-19cd715a36b0d9f9,"Beijing You An Hospital, Capital Medical University",ctg,automated_triage_only,no_reference_website,,3,2,official_name_zh | english_name | short_names | historical_names | unified_social_credit_code,False
508,cnha-pending-27c18a196547ceaf,The Second Affiliated Hospital of Anhui Medical University,ctg,automated_triage_only,no_reference_website,,3,2,official_name_zh | english_name | short_names | historical_names | unified_social_credit_code,False
509,cnha-pending-36dfe4c595da3672,Peking University Cancer Hospital & Institute,ctg,automated_triage_only,no_reference_website,,1,1,official_name_zh | english_name | short_names | historical_names | unified_social_credit_code,False
510,cnha-pending-570b30087304d115,Tongji Hospital affiliated to Tongji Medical College of Huazhong University of Science & Technology,ctg,automated_triage_only,no_reference_website,,1,1,official_name_zh | english_name | short_names | historical_names | unified_social_credit_code,False
511,cnha-pending-8a4d64d160e0d52c,"The Fifth Affiliated Hospital, Sun Yat-Sen University",ctg,automated_triage_only,no_reference_website,,1,0,official_name_zh | english_name | short_names | historical_names | unified_social_credit_code,False
512,cnha-pending-e29e61baf20268b0,The Fourth Affiliated hospital of Zhejiang University School of Medicine,ctg,automated_triage_only,no_reference_website,,0,0,official_name_zh | english_name | short_names | historical_names | unified_social_credit_code,False
513,cnha-pending-e639497cd51dc025,The First Affiliated Hospital of Nanjing Medical University,ctg,automated_triage_only,no_reference_website,,3,1,official_name_zh | english_name | short_names | historical_names | unified_social_credit_code,False
514,cnha-pending-f9d706fe6cbf81dd,Tangdu Hospital,ctg,automated_triage_only,no_reference_website,,1,0,official_name_zh | english_name | short_names | historical_names | unified_social_credit_code,False
515,cnha-ror-030sc3x20,First Affiliated Hospital of GuangXi Medical University,ctg,automated_triage_only,unreadable,http://www.gxmuyfy.cn/gxmufy1/1fy/index/index.asp,0,0,official_name_zh | short_names | historical_names | unified_social_credit_code,False
516,cnha-ror-047c53f83,武汉市儿童医院,ctg,automated_triage_only,unreadable,http://www.zgwhfe.com/,0,0,official_name_zh | short_names | historical_names | unified_social_credit_code,False
517,cnha-ror-053v2gh09,Second Xiangya Hospital of Central South University,ctg,automated_triage_only,unreadable,https://www.xyeyy.com/,0,0,official_name_zh | short_names | historical_names | unified_social_credit_code,False
518,cnha-cfdi-12ae2e13c0a803333503d61b7562910d,绍兴市人民医院,ctg,automated_triage_only,unreadable,http://www.312000.net/english.aspx,0,0,short_names | historical_names | unified_social_credit_code,False
519,cnha-cfdi-26c490e9c0a8033323c1e1fc3cc3cb1a,福建省漳州市医院,ctg,automated_triage_only,readable,http://www.zzfh.com/,0,0,short_names | historical_names | unified_social_credit_code,False
520,cnha-cfdi-4af055fbc0a8033321f03a33eb4d0fc2,山东第一医科大学第一附属医院,ctg,automated_triage_only,readable,http://www.sdhospital.com.cn/,0,0,short_names | historical_names | unified_social_credit_code,False
521,cnha-cfdi-4b83d9e7c0a803334076ba9db495e4b9,威海市立医院,ctg,automated_triage_only,readable,http://www.shiliyiyuan.cn/,0,0,short_names | historical_names | unified_social_credit_code,False
522,cnha-cfdi-b5cd6543c0a803330d96755e77d8daa5,苏州大学附属第一医院,ctg,automated_triage_only,unreadable,http://fyy.sdfyy.cn/,0,0,short_names | historical_names | unified_social_credit_code,False
523,cnha-cfdi-e9cabd3dc0a803335c3d6f6cf27e207c,十堰市太和医院,ctg,official_fields_partially_reviewed,readable,http://www.taihehospital.com/,0,0,short_names | historical_names | unified_social_credit_code,False
524,cnha-pending-0a5d1fa408495bae,Jinhua Municipal Central Hospital,ctg,automated_triage_only,no_reference_website,,1,1,official_name_zh | english_name | short_names | historical_names | unified_social_credit_code,False
525,cnha-pending-19b78893794ebfe4,Shanghai Tongji Hospital,ctg,automated_triage_only,no_reference_website,,2,1,official_name_zh | english_name | short_names | historical_names | unified_social_credit_code,False
526,cnha-pending-26a2f8a028010346,Ruijin Hospital affiliated to Shanghai Jiao Tong University School of Medicine,ctg,automated_triage_only,no_reference_website,,0,0,official_name_zh | english_name | short_names | historical_names | unified_social_credit_code,False
527,cnha-pending-4b033763f1d2db81,Affiliated Hospital of Chengde Medical University,ctg,automated_triage_only,no_reference_website,,1,1,official_name_zh | english_name | short_names | historical_names | unified_social_credit_code,False
528,cnha-pending-b9dfe0b201be9802,"Beijing Ditan Hospital, Capital Medical University",ctg,automated_triage_only,no_reference_website,,1,1,official_name_zh | english_name | short_names | historical_names | unified_social_credit_code,False
529,cnha-pending-c8a85e8585d4b333,The First Affiliated Hospital of Guangdong Pharmaceutical University,ctg,automated_triage_only,no_reference_website,,3,2,official_name_zh | english_name | short_names | historical_names | unified_social_credit_code,False
530,cnha-pending-dc75afd1336cf4d6,"West China Second University Hospital, Sichuan University",ctg,automated_triage_only,no_reference_website,,3,3,official_name_zh | english_name | short_names | historical_names | unified_social_credit_code,False
531,cnha-pending-ee7be2344ea035c3,"Sir Run Run Shaw Hospital, School of Medicine, Zhejiang University",ctg,automated_triage_only,no_reference_website,,1,1,official_name_zh | english_name | short_names | historical_names | unified_social_credit_code,False
532,cnha-pending-f89c6ec6ef4799e0,Affiliated Hospital of Xuzhou Medical University,ctg,automated_triage_only,no_reference_website,,0,0,official_name_zh | english_name | short_names | historical_names | unified_social_credit_code,False
533,cnha-pending-fed0a4d8b56bfe8b,Changzhi People's Hospital,ctg,automated_triage_only,no_reference_website,,0,0,official_name_zh | english_name | short_names | historical_names | unified_social_credit_code,False
534,cnha-ror-02fvevm64,Taizhou People's Hospital,ctg,automated_triage_only,unreadable,http://www.jstzhospital.com/,0,0,official_name_zh | historical_names | unified_social_credit_code,False
535,cnha-cfdi-f54478f4c0a803337f778cd3b4849179,厦门大学附属第一医院,ctg,automated_triage_only,readable,http://en.xmfh.com.cn/,0,0,short_names | historical_names | unified_social_credit_code,False
536,cnha-pending-0e4cfe554f329f8b,The First Affiliated Hospital of Sun Yat-sen University,ctg,automated_triage_only,no_reference_website,,3,2,official_name_zh | english_name | short_names | historical_names | unified_social_credit_code,False
537,cnha-pending-12e2e71aa5da4306,Sanmenxia Central Hospital,ctg,automated_triage_only,no_reference_website,,0,0,official_name_zh | english_name | short_names | historical_names | unified_social_credit_code,False
538,cnha-pending-25c205aa447599f7,Huaihe Hospital of Henan University,ctg,automated_triage_only,no_reference_website,,0,0,official_name_zh | english_name | short_names | historical_names | unified_social_credit_code,False
539,cnha-pending-31845061e64f762c,Inner Mongolia Baogang Hospital,ctg,automated_triage_only,no_reference_website,,0,0,official_name_zh | english_name | short_names | historical_names | unified_social_credit_code,False
540,cnha-pending-3223e4ba2312eb1e,Biotherapeutic Department of Chinese PLA General Hospital,ctg,automated_triage_only,no_reference_website,,0,0,official_name_zh | english_name | short_names | historical_names | unified_social_credit_code,False
541,cnha-pending-376b9f6e5b470f2a,Affiliated Cancer Hospital of Harbin Medical University,ctg,automated_triage_only,no_reference_website,,3,0,official_name_zh | english_name | short_names | historical_names | unified_social_credit_code,False
542,cnha-pending-6fdf56b31ee1bbb2,The First Hospital of Jilin University,ctg,automated_triage_only,no_reference_website,,0,0,official_name_zh | english_name | short_names | historical_names | unified_social_credit_code,False
543,cnha-pending-afe15d3d9b52197e,The First People's Hospital of Foshan,ctg,automated_triage_only,no_reference_website,,1,0,official_name_zh | english_name | short_names | historical_names | unified_social_credit_code,False
544,cnha-pending-b9add3095f67bd0d,The Second Hospital of Nanjing,ctg,automated_triage_only,no_reference_website,,0,0,official_name_zh | english_name | short_names | historical_names | unified_social_credit_code,False
545,cnha-pending-c72c066351cf0dc6,The 2nd Affiliated Hospital of Harbin Medical University,ctg,automated_triage_only,no_reference_website,,3,1,official_name_zh | english_name | short_names | historical_names | unified_social_credit_code,False
546,cnha-pending-c7dd5359b9a76f5d,Hangzhou Third People's Hospital,ctg,automated_triage_only,no_reference_website,,1,0,official_name_zh | english_name | short_names | historical_names | unified_social_credit_code,False
547,cnha-pending-cc41285160f6c64c,The Second Affiliated Hospital of Shandong First Medical University,ctg,automated_triage_only,no_reference_website,,0,0,official_name_zh | english_name | short_names | historical_names | unified_social_credit_code,False
548,cnha-pending-d822cd7e25eb3884,Wuhan Central Hospital,ctg,automated_triage_only,no_reference_website,,1,0,official_name_zh | english_name | short_names | historical_names | unified_social_credit_code,False
549,cnha-pending-f292f3fc8d85e7b4,First Affiliated Hospital of Medical College of Xi'an Jiaotong University,ctg,automated_triage_only,no_reference_website,,2,1,official_name_zh | english_name | short_names | historical_names | unified_social_credit_code,False
550,cnha-pending-f5b17350d4150466,"Cancer Hospital Chinese Academy Of Medical Sciences, Shenzhen Center",ctg,automated_triage_only,no_reference_website,,0,0,official_name_zh | english_name | short_names | historical_names | unified_social_credit_code,False
551,cnha-cfdi-42d95032c0a80333133ed997a11b066f,首都医科大学附属北京儿童医院,ctg,official_fields_partially_reviewed,readable,http://www.bch.com.cn/,0,0,unified_social_credit_code,False
552,cnha-cfdi-4754f3d4c0a803331cd8fdb4f4406ac0,揭阳市人民医院,ctg,automated_triage_only,readable,https://www.jysrmyy.cn/,0,0,short_names | historical_names | unified_social_credit_code,False
553,cnha-pending-0cc534aafa6b2402,The third Affiliated Hospital of Guangzhou Medical University,ctg,automated_triage_only,no_reference_website,,3,1,official_name_zh | english_name | short_names | historical_names | unified_social_credit_code,False
554,cnha-pending-349f84280ace0cf8,HeNan Tumor Hospital,ctg,automated_triage_only,no_reference_website,,0,0,official_name_zh | english_name | short_names | historical_names | unified_social_credit_code,False
555,cnha-pending-36d177d3ee2aefcd,The first affiliated hospital of ustc,ctg,automated_triage_only,no_reference_website,,0,0,official_name_zh | english_name | short_names | historical_names | unified_social_credit_code,False
556,cnha-pending-375b465d068c6f00,The First Affiliated Hospital of Hainan Medical University,ctg,automated_triage_only,no_reference_website,,0,0,official_name_zh | english_name | short_names | historical_names | unified_social_credit_code,False
557,cnha-pending-41dae958264ee567,Shanghai Jiao-Tong University School of Medicine Renji Hospital,ctg,automated_triage_only,no_reference_website,,0,0,official_name_zh | english_name | short_names | historical_names | unified_social_credit_code,False
558,cnha-pending-5841a9552bc7d1f5,"National Cancer Center/Cancer Hospital, Chinese Academy of Medical Sciences and Peking Union Medical College",ctg,automated_triage_only,no_reference_website,,0,0,official_name_zh | english_name | short_names | historical_names | unified_social_credit_code,False
559,cnha-pending-75a7ed9d28bcf75d,First Affiliated Hospital of Xi 'an Jiaotong University,ctg,automated_triage_only,no_reference_website,,3,1,official_name_zh | english_name | short_names | historical_names | unified_social_credit_code,False
560,cnha-pending-7f31e99920edcb9c,Guangxi Medical University Cancer Hospital,ctg,automated_triage_only,no_reference_website,,1,0,official_name_zh | english_name | short_names | historical_names | unified_social_credit_code,False
561,cnha-pending-8602e337a013861b,General Hospital of Eastern Theater Command,ctg,automated_triage_only,no_reference_website,,0,0,official_name_zh | english_name | short_names | historical_names | unified_social_credit_code,False
562,cnha-pending-8818733913ac51dd,Fuwai Hospital Chinese Academy of Medical Sciences,ctg,automated_triage_only,no_reference_website,,1,1,official_name_zh | english_name | short_names | historical_names | unified_social_credit_code,False
563,cnha-pending-919b3f90356317d4,"National Cancer Center/Cancer Hospital, Chinese Academy of Medical Sciences and Peking Union Medical College",ctg,automated_triage_only,no_reference_website,,0,0,official_name_zh | english_name | short_names | historical_names | unified_social_credit_code,False
564,cnha-pending-c293a321da9d5749,Fudan University Zhongshan Hospital,ctg,automated_triage_only,no_reference_website,,0,0,official_name_zh | english_name | short_names | historical_names | unified_social_credit_code,False
565,cnha-pending-c3fd409647f16cb1,Central Hospital Affiliated To Shandong First Medical University,ctg,automated_triage_only,no_reference_website,,1,1,official_name_zh | english_name | short_names | historical_names | unified_social_credit_code,False
566,cnha-pending-c70b973dabba82e6,Tianjin Medical University Cancer Hospital,ctg,automated_triage_only,no_reference_website,,3,0,official_name_zh | english_name | short_names | historical_names | unified_social_credit_code,False
567,cnha-pending-e3636c017a5a6e6e,The Affiliated Hospital of Xuzhou Medical College,ctg,automated_triage_only,no_reference_website,,1,0,official_name_zh | english_name | short_names | historical_names | unified_social_credit_code,False
568,cnha-pending-ea5c893ae52f3871,Xijing Hospital of Digestive Diseases,ctg,automated_triage_only,no_reference_website,,0,0,official_name_zh | english_name | short_names | historical_names | unified_social_credit_code,False
569,cnha-pending-fa7bb908bcb2b2c9,Eastern hepatobilliary surgery hospital,ctg,automated_triage_only,no_reference_website,,1,0,official_name_zh | english_name | short_names | historical_names | unified_social_credit_code,False
570,cnha-ror-00xw2x114,Tangshan People's Hospital,ctg,automated_triage_only,readable,http://www.tsrmyy.cn/,0,0,official_name_zh | short_names | historical_names | unified_social_credit_code,False
571,cnha-ror-01hbm5940,江西省妇幼保健院,ctg,automated_triage_only,readable,http://www.jxsfybjyy.cn/,0,0,official_name_zh | short_names | historical_names | unified_social_credit_code,False
572,cnha-ror-036dyz052,PLA Navy General Hospital,ctg,automated_triage_only,unreadable,http://www.hjzyy.com.cn/#,0,0,official_name_zh | short_names | historical_names | unified_social_credit_code,False
573,cnha-ror-04gjmb875,中国中医科学院广安门医院,ctg,automated_triage_only,unreadable,http://www.gamhospital.ac.cn/english/,0,0,official_name_zh | historical_names | unified_social_credit_code,False
574,cnha-ror-04tm3k558,Third Affiliated Hospital of Sun Yat-sen University,ctg,automated_triage_only,readable,http://www.zssy.com.cn/,0,0,official_name_zh | short_names | historical_names | unified_social_credit_code,False
575,cnha-cfdi-13cd3688c0a8033335a695c8d55c6e3d,长沙市第一医院,ctg,automated_triage_only,unreadable,http://www.cssdyyy.com/,0,0,short_names | historical_names | unified_social_credit_code,False
576,cnha-cfdi-26ddbb23c0a803332da8fc9bf4f5384a,华北理工大学附属医院,ctg,automated_triage_only,unreadable,http://www.myfy.com.cn/,0,0,short_names | historical_names | unified_social_credit_code,False
577,cnha-cfdi-31c31344c0a803337cc19b734c5cf1ef,江西省儿童医院,ctg,official_fields_partially_reviewed,readable,http://www.jxsetyy.cn/,0,0,short_names | historical_names | unified_social_credit_code,False
578,cnha-cfdi-95a4d38cc0a803333e4235f2ddb5c2f6,南通市第一人民医院,ctg,automated_triage_only,readable,https://www.nt2191.com,0,0,short_names | historical_names | unified_social_credit_code,False
579,cnha-pending-049a0518b6f36cad,Zhongshan People's Hospital,ctg,automated_triage_only,no_reference_website,,0,0,official_name_zh | english_name | short_names | historical_names | unified_social_credit_code,False
580,cnha-pending-1cef0093366e7b1d,Xiangtan Central Hospital,ctg,automated_triage_only,no_reference_website,,0,0,official_name_zh | english_name | short_names | historical_names | unified_social_credit_code,False
581,cnha-pending-21374c1954eb6a9c,CANGZHOU People's Hospital,ctg,automated_triage_only,no_reference_website,,1,0,official_name_zh | english_name | short_names | historical_names | unified_social_credit_code,False
582,cnha-pending-40f43ef1c843936b,Zhongshan City People's Hospital,ctg,automated_triage_only,no_reference_website,,0,0,official_name_zh | english_name | short_names | historical_names | unified_social_credit_code,False
583,cnha-pending-59ab22138e0df23e,The Second Affiliated Hospital and Yuying Children's Hospital of Wenzhou Medical University,ctg,automated_triage_only,no_reference_website,,1,0,official_name_zh | english_name | short_names | historical_names | unified_social_credit_code,False
584,cnha-pending-80ab0eb67fe0290a,Cancer Center Of Guangzhou Medical University,ctg,automated_triage_only,no_reference_website,,0,0,official_name_zh | english_name | short_names | historical_names | unified_social_credit_code,False
585,cnha-pending-8a0d0f1ca352cb94,Shanghai Rui Jin Hospital,ctg,automated_triage_only,no_reference_website,,1,0,official_name_zh | english_name | short_names | historical_names | unified_social_credit_code,False
586,cnha-pending-96977a85ef022a6c,"Guang'anmen Hospital, China Academy of Chinese Medical Sciences",ctg,automated_triage_only,no_reference_website,,1,0,official_name_zh | english_name | short_names | historical_names | unified_social_credit_code,False
587,cnha-pending-9b80a75efd46ff18,Changhai Hospital of Shanghai,ctg,automated_triage_only,no_reference_website,,0,0,official_name_zh | english_name | short_names | historical_names | unified_social_credit_code,False
588,cnha-pending-bbec594abe503ecc,The sixth Affiliated Hospital of Sun Yat-sen University,ctg,automated_triage_only,no_reference_website,,3,2,official_name_zh | english_name | short_names | historical_names | unified_social_credit_code,False
589,cnha-pending-e826d52cb7a68a5f,Anhui Cancer Hospital,ctg,automated_triage_only,no_reference_website,,0,0,official_name_zh | english_name | short_names | historical_names | unified_social_credit_code,False
590,cnha-pending-fca7383f9a8a37fe,The Affiliated Hospital of Xuzhou Medical College,ctg,automated_triage_only,no_reference_website,,1,0,official_name_zh | english_name | short_names | historical_names | unified_social_credit_code,False
591,cnha-cfdi-18cb6e9ac0a8033363b0753f3cba5eee,广州医科大学附属市八医院,ctg,automated_triage_only,unreadable,http://www.gz8h.com.cn/,0,0,short_names | historical_names | unified_social_credit_code,False
592,cnha-pending-0a5e392d75ae10df,The First Hospital of Lanzhou University,ctg,automated_triage_only,no_reference_website,,1,1,official_name_zh | english_name | short_names | historical_names | unified_social_credit_code,False
593,cnha-pending-2da05855bbf44182,Taizhou Central Hospital,ctg,automated_triage_only,no_reference_website,,1,1,official_name_zh | english_name | short_names | historical_names | unified_social_credit_code,False
594,cnha-pending-6bf21d6b702828b5,Tongji Hospital of Tongji Medical College of Huazhong University of Science and Technology,ctg,automated_triage_only,no_reference_website,,1,1,official_name_zh | english_name | short_names | historical_names | unified_social_credit_code,False
595,cnha-pending-755c55425b56b2f5,"Xijing Hospital, Fourth Military Medical University",ctg,automated_triage_only,no_reference_website,,0,0,official_name_zh | english_name | short_names | historical_names | unified_social_credit_code,False
596,cnha-pending-9d4c6a4c4166c839,Hebei Petro China Central Hospital,ctg,automated_triage_only,no_reference_website,,0,0,official_name_zh | english_name | short_names | historical_names | unified_social_credit_code,False
597,cnha-pending-cae6c907119366cb,"Beijing Tongren Hospital, Cmu",ctg,automated_triage_only,no_reference_website,,1,0,official_name_zh | english_name | short_names | historical_names | unified_social_credit_code,False
598,cnha-pending-e3327ebe9bd53bf1,"Daping Hospital, Third Military Medical University",ctg,automated_triage_only,no_reference_website,,3,2,official_name_zh | english_name | short_names | historical_names | unified_social_credit_code,False
599,cnha-pending-ed339dc2a5e7e956,The first Affiliated Hospital of Shantou University Medical College,ctg,automated_triage_only,no_reference_website,,3,2,official_name_zh | english_name | short_names | historical_names | unified_social_credit_code,False
600,cnha-ror-04pge2a40,Second Affiliated Hospital of Nanjing Medical University,ctg,automated_triage_only,unreadable,http://www.jsnydefy.com/,0,0,official_name_zh | short_names | historical_names | unified_social_credit_code,False
601,cnha-cfdi-da50e69ac0a8033314c4be56ac99fa22,中国医科大学附属盛京医院,ctg,automated_triage_only,unreadable,http://www.sj-hospital.org/,0,0,short_names | historical_names | unified_social_credit_code,False
602,cnha-pending-04f45329134ff749,Chinese Academy of Medical Science and Blood Disease Hospital,ctg,automated_triage_only,no_reference_website,,0,0,official_name_zh | english_name | short_names | historical_names | unified_social_credit_code,False
603,cnha-pending-161dd7c392a45037,The Second People's Hospital of Hefei,ctg,automated_triage_only,no_reference_website,,1,0,official_name_zh | english_name | short_names | historical_names | unified_social_credit_code,False
604,cnha-pending-2ee54a5802191454,The third hospital of Nanchang,ctg,automated_triage_only,no_reference_website,,3,1,official_name_zh | english_name | short_names | historical_names | unified_social_credit_code,False
605,cnha-pending-33360cdd2ab37bb2,PLA General Hospital,ctg,automated_triage_only,no_reference_website,,3,0,official_name_zh | english_name | short_names | historical_names | unified_social_credit_code,False
606,cnha-pending-4bfbf59d21d92a45,Tianjin Eye Hospital,ctg,automated_triage_only,no_reference_website,,2,1,official_name_zh | english_name | short_names | historical_names | unified_social_credit_code,False
607,cnha-pending-5f0c862c0615efa4,The First Bethune Hospital of Jilin University,ctg,automated_triage_only,no_reference_website,,2,0,official_name_zh | english_name | short_names | historical_names | unified_social_credit_code,False
608,cnha-pending-6168a17a1069d718,"Institute of Hematology & Blood Diseases Hospital, Chinese Academy of Medical Sciences & Peking Union Medical College",ctg,automated_triage_only,no_reference_website,,0,0,official_name_zh | english_name | short_names | historical_names | unified_social_credit_code,False
609,cnha-pending-810213ed5330687e,Zhoukou Central Hospital,ctg,automated_triage_only,no_reference_website,,0,0,official_name_zh | english_name | short_names | historical_names | unified_social_credit_code,False
610,cnha-pending-85d37bad33931590,The Second People's Hospital of Yibin,ctg,automated_triage_only,no_reference_website,,1,0,official_name_zh | english_name | short_names | historical_names | unified_social_credit_code,False
611,cnha-pending-8a6fb635cd96c71f,Luoyang Third People's Hospital,ctg,automated_triage_only,no_reference_website,,0,0,official_name_zh | english_name | short_names | historical_names | unified_social_credit_code,False
612,cnha-pending-91bc12116281c3c2,Fuda cancer institute of Fuda cancer hospital,ctg,automated_triage_only,no_reference_website,,0,0,official_name_zh | english_name | short_names | historical_names | unified_social_credit_code,False
613,cnha-pending-95bf3ba969c4c622,The First People's Hospital of Changde City,ctg,automated_triage_only,no_reference_website,,1,1,official_name_zh | english_name | short_names | historical_names | unified_social_credit_code,False
614,cnha-pending-988d6dbcb651fb6e,Dermatology Hospital of Jiangxi Province,ctg,automated_triage_only,no_reference_website,,0,0,official_name_zh | english_name | short_names | historical_names | unified_social_credit_code,False
615,cnha-pending-9ab7e7e1b670d4a6,Tongji Hospital of Tongji University,ctg,automated_triage_only,no_reference_website,,0,0,official_name_zh | english_name | short_names | historical_names | unified_social_credit_code,False
616,cnha-pending-9ad301aceb5ea3f9,Foshan First People's Hospital,ctg,automated_triage_only,no_reference_website,,1,1,official_name_zh | english_name | short_names | historical_names | unified_social_credit_code,False
617,cnha-pending-be5467bf47a4df08,Shulan (Hangzhou) Hospital,ctg,automated_triage_only,no_reference_website,,0,0,official_name_zh | english_name | short_names | historical_names | unified_social_credit_code,False
618,cnha-pending-bfd67dd64111a29a,The Fourth Affiliated Hospital of Harbin Medical University,ctg,automated_triage_only,no_reference_website,,3,1,official_name_zh | english_name | short_names | historical_names | unified_social_credit_code,False
619,cnha-pending-c1b2fba977564969,Renji Hospital Affiliated to Shanghai Jiao Tong University School of Medicine,ctg,automated_triage_only,no_reference_website,,0,0,official_name_zh | english_name | short_names | historical_names | unified_social_credit_code,False
620,cnha-pending-d74bcd7ea66c1cae,Yibin Second People's Hospital,ctg,automated_triage_only,no_reference_website,,0,0,official_name_zh | english_name | short_names | historical_names | unified_social_credit_code,False
621,cnha-pending-e5e86875b998312e,Shanghai Tong Ren Hospital,ctg,automated_triage_only,no_reference_website,,3,0,official_name_zh | english_name | short_names | historical_names | unified_social_credit_code,False
622,cnha-pending-eb338d031722cfda,Breast cancer institute of Fudan University Cancer Hospital,ctg,automated_triage_only,no_reference_website,,0,0,official_name_zh | english_name | short_names | historical_names | unified_social_credit_code,False
623,cnha-pending-f231d3fc38b9d21e,Tianjin Eye Hospital,ctg,automated_triage_only,no_reference_website,,2,1,official_name_zh | english_name | short_names | historical_names | unified_social_credit_code,False
624,cnha-pending-f7f816ef35b5c0fa,"Shanghai JiaoTong University School of Medicine, Ruijin Hospital",ctg,automated_triage_only,no_reference_website,,0,0,official_name_zh | english_name | short_names | historical_names | unified_social_credit_code,False
625,cnha-pending-fd350b45a29100d4,"Medical Center for Digestive Diseases, The Second Affiliated Hospital of Nanjing Medical University",ctg,automated_triage_only,no_reference_website,,0,0,official_name_zh | english_name | short_names | historical_names | unified_social_credit_code,False
626,cnha-ror-00qw5wg75,Guizhou Cancer Hospital,ctg,automated_triage_only,unreadable,http://www.gzszlyy.cn/,0,0,official_name_zh | short_names | historical_names | unified_social_credit_code,False
627,cnha-ror-02xjrkt08,Second Affiliated Hospital of Soochow University,ctg,automated_triage_only,unreadable,http://www.sdfey.com/web/jsp/front/english.jsp,0,0,official_name_zh | short_names | historical_names | unified_social_credit_code,False
628,cnha-ror-035wt7p80,Shengli Oilfield Central Hospital,ctg,automated_triage_only,unreadable,http://www.slchos.com:8070/,0,0,official_name_zh | short_names | historical_names | unified_social_credit_code,False
629,cnha-ror-03cyvdv85,First Affiliated Hospital of Wenzhou Medical University,ctg,automated_triage_only,unreadable,https://www.wzhospital.cn/,0,0,official_name_zh | short_names | historical_names | unified_social_credit_code,False
630,cnha-cfdi-0cf24949c0a803332821abbd34763079,枣庄市立医院,ctg,automated_triage_only,readable,http://www.zzslyy.com/,0,0,short_names | historical_names | unified_social_credit_code,False
631,cnha-cfdi-367d16a9c0a803334d358b8a60341c23,天津市中西医结合医院,ctg,automated_triage_only,unreadable,http://www.tjnkh.com/,0,0,short_names | historical_names | unified_social_credit_code,False
632,cnha-cfdi-41bce0e2c0a8033315f29b2a61cee434,大连理工大学附属中心医院,ctg,automated_triage_only,readable,http://www.dlzxyy.com/,0,0,short_names | historical_names | unified_social_credit_code,False
633,cnha-cfdi-6ef3ba1fc0a803335a951950d4a738de,安徽医科大学第二附属医院,ctg,official_fields_partially_reviewed,readable,http://www.ay2fy.com/,0,0,short_names | historical_names | unified_social_credit_code,False
634,cnha-cfdi-87425d16c0a803332cf760b3931ed20b,复旦大学附属妇产科医院,ctg,automated_triage_only,unreadable,http://fckyy.fudan.edu.cn/en/,0,0,short_names | historical_names | unified_social_credit_code,False
635,cnha-cfdi-b1b916e1c0a803337959d7fcacbd5db1,无锡市第二人民医院,ctg,automated_triage_only,readable,http://www.wx2h.com/,0,0,short_names | historical_names | unified_social_credit_code,False
636,cnha-cfdi-db373e4bc0a8033358aa9e0c82bd6c96,首都医科大学附属北京安贞医院南充医院,ctg,automated_triage_only,readable,http://www.nc120.cn/,0,0,short_names | historical_names | unified_social_credit_code,False
637,cnha-pending-0032be6caa549808,People's Hospital of Zhengzhou,ctg,automated_triage_only,no_reference_website,,1,1,official_name_zh | english_name | short_names | historical_names | unified_social_credit_code,False
638,cnha-pending-1e76a7f5df1244da,The First Affiliated Hospital of Xinxiang Medical College,ctg,automated_triage_only,no_reference_website,,2,2,official_name_zh | english_name | short_names | historical_names | unified_social_credit_code,False
639,cnha-pending-254b4d01c404efa6,"Xin Hua Hospital, Shanghai Jiaotong University School of Medicine",ctg,automated_triage_only,no_reference_website,,0,0,official_name_zh | english_name | short_names | historical_names | unified_social_credit_code,False
640,cnha-pending-2695a3dc4449eb9b,Qingyuan People's hospital,ctg,automated_triage_only,no_reference_website,,0,0,official_name_zh | english_name | short_names | historical_names | unified_social_credit_code,False
641,cnha-pending-29985ee4f8dd63d6,Xi'an International Medical Center Hospital,ctg,automated_triage_only,no_reference_website,,0,0,official_name_zh | english_name | short_names | historical_names | unified_social_credit_code,False
642,cnha-pending-4740998d4a42417b,Shanxi Cancer Hospital,ctg,automated_triage_only,no_reference_website,,1,0,official_name_zh | english_name | short_names | historical_names | unified_social_credit_code,False
643,cnha-pending-5ded5e318c64896a,Anhui Provincial Cancer Hospital,ctg,automated_triage_only,no_reference_website,,2,2,official_name_zh | english_name | short_names | historical_names | unified_social_credit_code,False
644,cnha-pending-65dfa134a874885b,"Union Hospital Affiliated to Tongji Medical College, Huazhong University of Science and Technology",ctg,automated_triage_only,no_reference_website,,1,1,official_name_zh | english_name | short_names | historical_names | unified_social_credit_code,False
645,cnha-pending-6dc969d71a4b5a58,Xiangyang Central Hospital,ctg,automated_triage_only,no_reference_website,,0,0,official_name_zh | english_name | short_names | historical_names | unified_social_credit_code,False
646,cnha-pending-6e6f5cb4657c2c8c,Taizhou Hospital of Zhejiang Province,ctg,automated_triage_only,no_reference_website,,0,0,official_name_zh | english_name | short_names | historical_names | unified_social_credit_code,False
647,cnha-pending-da2b97d8e63a74ef,The First Affiliated Hospital of University of Science and Technology of China (Anhui Provincial Hospital),ctg,automated_triage_only,no_reference_website,,0,0,official_name_zh | english_name | short_names | historical_names | unified_social_credit_code,False
648,cnha-pending-f2fc8fce87714c57,Henan Cancer Hospital (The Affiliated Cancer Hospital of Zhengzhou University),ctg,automated_triage_only,no_reference_website,,0,0,official_name_zh | english_name | short_names | historical_names | unified_social_credit_code,False
649,cnha-pending-fa58f433b9572385,Hebei Medical University Third Hospital,ctg,automated_triage_only,no_reference_website,,0,0,official_name_zh | english_name | short_names | historical_names | unified_social_credit_code,False
650,cnha-ror-00h4nzs54,Zhumadian Central Hospital,ctg,automated_triage_only,readable,http://www.zmdszxyy.cn/,0,0,official_name_zh | short_names | historical_names | unified_social_credit_code,False
651,cnha-ror-021ky1s64,北京安定医院,ctg,automated_triage_only,readable,http://www.bjad.com.cn/article/?sid=106,0,0,official_name_zh | short_names | historical_names | unified_social_credit_code,False
652,cnha-ror-030em0930,Hebei Yanda Ludaopei Hospital,ctg,automated_triage_only,unreadable,http://ludaopei.com,0,0,official_name_zh | short_names | historical_names | unified_social_credit_code,False
653,cnha-ror-04fszpp16,Dongyang People's Hospital,ctg,automated_triage_only,unreadable,http://www.dyhospital.com/,0,0,official_name_zh | short_names | historical_names | unified_social_credit_code,False
654,cnha-ror-04y2bwa40,Chenzhou First People's Hospital,ctg,automated_triage_only,unreadable,http://www.czhospital.com/Index.html,0,0,official_name_zh | short_names | historical_names | unified_social_credit_code,False
655,cnha-cfdi-417dd7d5c0a803332053ddb03e929a9e,自贡市第一人民医院,ctg,automated_triage_only,unreadable,http://www.zgno1hos.com.cn/,0,0,short_names | historical_names | unified_social_credit_code,False
656,cnha-cfdi-473fe7d4c0a80333369e1812752d6f58,汕头市中心医院,ctg,automated_triage_only,readable,http://www.sthospital.com/,0,0,short_names | historical_names | unified_social_credit_code,False
657,cnha-cfdi-601a3506c0a803332c09e912a6ed6a6f,山东中医药大学附属医院,ctg,automated_triage_only,challenge_or_noncontent,http://www.sdzydfy.com/web/index.asp,0,0,short_names | historical_names | unified_social_credit_code,False
658,cnha-cfdi-91ae13e4c0a803334363b0261c5172c2,金华市中心医院,ctg,automated_triage_only,readable,http://www.jhzxyy.cn/,0,0,short_names | historical_names | unified_social_credit_code,False
659,cnha-cfdi-a142e98bc0a803336a3b193e17e91236,河南省传染病医院,ctg,automated_triage_only,readable,http://www.zz6y.cn/,0,0,short_names | historical_names | unified_social_credit_code,False
660,cnha-cfdi-a15cc9cbc0a8033339bd35fd623e7255,上海市浦东医院,ctg,automated_triage_only,challenge_or_noncontent,http://shmc.fudan.edu.cn/eng/show/Pudong,0,0,short_names | historical_names | unified_social_credit_code,False
661,cnha-cfdi-a68dae61c0a803330aa87c8efde9c72b,娄底市中心医院,ctg,automated_triage_only,readable,http://www.ldzxyy.com/,0,0,short_names | historical_names | unified_social_credit_code,False
662,cnha-cfdi-b0e294e2c0a8033365254668ebd20dbc,珠海市人民医院,ctg,automated_triage_only,challenge_or_noncontent,http://www.zhhospital.cn/,0,0,short_names | historical_names | unified_social_credit_code,False
663,cnha-pending-088baa9b666c34d4,The First Affiliated Hospital of Baotou Medical College,ctg,automated_triage_only,no_reference_website,,0,0,official_name_zh | english_name | short_names | historical_names | unified_social_credit_code,False
664,cnha-pending-0c8173fcbce0f658,Yueyang Central Hospital,ctg,automated_triage_only,no_reference_website,,0,0,official_name_zh | english_name | short_names | historical_names | unified_social_credit_code,False
665,cnha-pending-1b29f5be24123efa,Nanfang Hospital of Southern Medical University,ctg,automated_triage_only,no_reference_website,,1,0,official_name_zh | english_name | short_names | historical_names | unified_social_credit_code,False
666,cnha-pending-1e5d861e7821d775,Shanghai 6th People's Hospital,ctg,automated_triage_only,no_reference_website,,3,1,official_name_zh | english_name | short_names | historical_names | unified_social_credit_code,False
667,cnha-pending-25a74df2c4583ede,The Second People's Hospital of Hefei,ctg,automated_triage_only,no_reference_website,,1,0,official_name_zh | english_name | short_names | historical_names | unified_social_credit_code,False
668,cnha-pending-2f7dec9e710b7958,Beijing Pinggu Hospital,ctg,automated_triage_only,no_reference_website,,3,2,official_name_zh | english_name | short_names | historical_names | unified_social_credit_code,False
669,cnha-pending-31600225e5d5ea94,Jining No.1 People's Hospital,ctg,automated_triage_only,no_reference_website,,1,0,official_name_zh | english_name | short_names | historical_names | unified_social_credit_code,False
670,cnha-pending-418301169a83736a,"Beijing Anding Hospital, Capital Medical University",ctg,automated_triage_only,no_reference_website,,1,1,official_name_zh | english_name | short_names | historical_names | unified_social_credit_code,False
671,cnha-pending-4b3fa9078776eba7,Nanyang Second General Hospital,ctg,automated_triage_only,no_reference_website,,0,0,official_name_zh | english_name | short_names | historical_names | unified_social_credit_code,False
672,cnha-pending-4d2063d100160b7d,"Peking University Insititute of Hematology, Peking University People's Hospital",ctg,automated_triage_only,no_reference_website,,0,0,official_name_zh | english_name | short_names | historical_names | unified_social_credit_code,False
673,cnha-pending-75fb4ef4504e1955,Beijing Tiantan Hospital Affiliated to Capital Medical University,ctg,automated_triage_only,no_reference_website,,1,0,official_name_zh | english_name | short_names | historical_names | unified_social_credit_code,False
674,cnha-pending-771e822ce8cae2c4,Institute of Hematology and Hospital of Blood Disease,ctg,automated_triage_only,no_reference_website,,0,0,official_name_zh | english_name | short_names | historical_names | unified_social_credit_code,False
675,cnha-pending-78cccfcb198fb385,"Department of Nasopharyngeal Carcinoma, Sun Yat-sen University Cancer Center",ctg,automated_triage_only,no_reference_website,,0,0,official_name_zh | english_name | short_names | historical_names | unified_social_credit_code,False
676,cnha-pending-7a24545778496b86,Guang'anmen Hospital of China Academy of Chinese Medical Sciences,ctg,automated_triage_only,no_reference_website,,1,0,official_name_zh | english_name | short_names | historical_names | unified_social_credit_code,False
677,cnha-pending-7e769e33aca9eac0,The First Affiliated Hospital of Xinjiang Medical University,ctg,automated_triage_only,no_reference_website,,3,0,official_name_zh | english_name | short_names | historical_names | unified_social_credit_code,False
678,cnha-pending-b722ea470410e990,Sichuan Academy of Medical Sciences & Sichuan Provincial People's Hospital,ctg,automated_triage_only,no_reference_website,,0,0,official_name_zh | english_name | short_names | historical_names | unified_social_credit_code,False
679,cnha-pending-b9f81022676b4719,First affiliated hospital of Zhejiang University,ctg,automated_triage_only,no_reference_website,,2,1,official_name_zh | english_name | short_names | historical_names | unified_social_credit_code,False
680,cnha-pending-c877225991e9c7f3,ShengJing Hospital of China Medical University,ctg,automated_triage_only,no_reference_website,,0,0,official_name_zh | english_name | short_names | historical_names | unified_social_credit_code,False
681,cnha-pending-d50b2f9077014efb,"Tongji Hospital, Tongji Medical College of Huazhong University of Science and Technology",ctg,automated_triage_only,no_reference_website,,1,1,official_name_zh | english_name | short_names | historical_names | unified_social_credit_code,False
682,cnha-pending-ec3d05fd5a0d89cb,"Sun Yat-sen University, Cancer Center",ctg,automated_triage_only,no_reference_website,,0,0,official_name_zh | english_name | short_names | historical_names | unified_social_credit_code,False
683,cnha-pending-fb5f59008d9aa512,Zibo Municipal Hospital,ctg,automated_triage_only,no_reference_website,,0,0,official_name_zh | english_name | short_names | historical_names | unified_social_credit_code,False
684,cnha-ror-01a2gef28,Nanjing Maternity and Child Health Care Hospital,ctg,automated_triage_only,robots_disallowed,http://www.njfybjy.com/,0,0,official_name_zh | short_names | historical_names | unified_social_credit_code,False
685,cnha-cfdi-3a82f5aec0a80333558d48cdf85b8d1e,南京市儿童医院,ctg,automated_triage_only,readable,http://www.njch.com.cn/,0,0,short_names | historical_names | unified_social_credit_code,False
686,cnha-cfdi-4a7f74e8c0a8033314a7aadf1c8aa2b7,大连医科大学附属第一医院,ctg,automated_triage_only,readable,http://www.dmu-1.com/,0,0,short_names | historical_names | unified_social_credit_code,False
687,cnha-cfdi-7cd5f605c0a8033313b6b64d97e193fe,台州市第一人民医院,ctg,automated_triage_only,unreadable,http://www.tzrmyy.cn/,0,0,short_names | historical_names | unified_social_credit_code,False
688,cnha-cfdi-87a361ebc0a8033332c5e8986e853e18,梧州市红十字会医院,ctg,automated_triage_only,readable,http://www.wzhh120.com/,0,0,short_names | historical_names | unified_social_credit_code,False
689,cnha-cfdi-b642d952c0a803334aa6b910471c02c8,黑龙江省医院,ctg,automated_triage_only,unreadable,http://www.hljhospital.net/,0,0,short_names | historical_names | unified_social_credit_code,False
690,cnha-cfdi-d00dfa19c0a8033361c9f822dde08acc,西南医科大学附属中医医院,ctg,automated_triage_only,unreadable,http://www.swmctcm.com/index.html,0,0,short_names | historical_names | unified_social_credit_code,False
691,cnha-cfdi-d707cae9c0a8033355a48dc114d9c7e4,航天中心医院,ctg,automated_triage_only,unreadable,http://www.asch.net.cn/english/list/249.html,0,0,historical_names | unified_social_credit_code,False
692,cnha-cfdi-db14c9dac0a803330de3e9f495fdb997,深圳市康宁医院,ctg,official_fields_partially_reviewed,readable,http://www.szknyy.com/,0,0,short_names | historical_names | unified_social_credit_code,False
693,cnha-cfdi-fc8093c0c0a80333634c8842c417afb5,青海省人民医院,ctg,automated_triage_only,unreadable,http://www.qhsrmyy.com/main/index.asp,0,0,short_names | historical_names | unified_social_credit_code,False
694,cnha-pending-050d30eff2d82b98,Beijing Tongren hospital affiliated to Capital Medical University,ctg,automated_triage_only,no_reference_website,,2,1,official_name_zh | english_name | short_names | historical_names | unified_social_credit_code,False
695,cnha-pending-0de48f2d0bd9d087,Subei People's Hospital of Jiangsu Province,ctg,automated_triage_only,no_reference_website,,0,0,official_name_zh | english_name | short_names | historical_names | unified_social_credit_code,False
696,cnha-pending-1e2e0ec9a6438981,"Chinese Academy of Medical Sciences, Fuwai Hospital",ctg,automated_triage_only,no_reference_website,,0,0,official_name_zh | english_name | short_names | historical_names | unified_social_credit_code,False
697,cnha-pending-22abe284ec3b38b5,Guangxi Cancer Hospital of Guangxi Medical University,ctg,automated_triage_only,no_reference_website,,2,0,official_name_zh | english_name | short_names | historical_names | unified_social_credit_code,False
698,cnha-pending-2bb5cae06b4c80ae,The Affiliated People's Hospital of Ningbo University,ctg,automated_triage_only,no_reference_website,,0,0,official_name_zh | english_name | short_names | historical_names | unified_social_credit_code,False
699,cnha-pending-2d3d81da65f89104,The Second Hospital of Lanzhou University,ctg,automated_triage_only,no_reference_website,,1,1,official_name_zh | english_name | short_names | historical_names | unified_social_credit_code,False
700,cnha-pending-349625f7220f5e18,The central hospital of Wuhan,ctg,automated_triage_only,no_reference_website,,1,1,official_name_zh | english_name | short_names | historical_names | unified_social_credit_code,False
701,cnha-pending-3955aefd1c018c47,Guangdong Second Provincial General Hospital,ctg,automated_triage_only,no_reference_website,,0,0,official_name_zh | english_name | short_names | historical_names | unified_social_credit_code,False
702,cnha-pending-3c3104359689f8fb,Huadong hospital affiliated to Fudan University,ctg,automated_triage_only,no_reference_website,,0,0,official_name_zh | english_name | short_names | historical_names | unified_social_credit_code,False
703,cnha-pending-3f345800439e82f2,"Peking Union Medical College Hospital, Chinese Academy of Medical Sciences",ctg,automated_triage_only,no_reference_website,,0,0,official_name_zh | english_name | short_names | historical_names | unified_social_credit_code,False
704,cnha-pending-436df5003bdf9539,Tianjin Academy of Traditional Chinese Medicine Affiliated Hospital,ctg,automated_triage_only,no_reference_website,,0,0,official_name_zh | english_name | short_names | historical_names | unified_social_credit_code,False
705,cnha-pending-4521e406c26fa8c7,General Hospital of Tianjin Medical University,ctg,automated_triage_only,no_reference_website,,1,0,official_name_zh | english_name | short_names | historical_names | unified_social_credit_code,False
706,cnha-pending-47b724626025902e,"Shanghai General Hospital, Shanghai Jiao Tong University School of Medicine",ctg,automated_triage_only,no_reference_website,,0,0,official_name_zh | english_name | short_names | historical_names | unified_social_credit_code,False
707,cnha-pending-4b5d4c9b2dbfffe9,"Beijing Luhe Hospital, Capital Medical University",ctg,automated_triage_only,no_reference_website,,2,1,official_name_zh | english_name | short_names | historical_names | unified_social_credit_code,False
708,cnha-pending-573c4e18e7b49164,Shandong Provincial Hospital Affiliated to Shandong First Medical University,ctg,automated_triage_only,no_reference_website,,0,0,official_name_zh | english_name | short_names | historical_names | unified_social_credit_code,False
709,cnha-pending-66385b6ddc3a4ae3,Obstetrics & Gynecology Hospital of Fudan University,ctg,automated_triage_only,no_reference_website,,1,0,official_name_zh | english_name | short_names | historical_names | unified_social_credit_code,False
710,cnha-pending-6db73c3becc13cfc,The Second People's Hospital of Neijiang,ctg,automated_triage_only,no_reference_website,,1,1,official_name_zh | english_name | short_names | historical_names | unified_social_credit_code,False
711,cnha-pending-788d7cfea3f118c3,"Sir Run Run Shaw Hospital, School of Medicine, Zhejiang University",ctg,automated_triage_only,no_reference_website,,1,1,official_name_zh | english_name | short_names | historical_names | unified_social_credit_code,False
712,cnha-pending-95ea64ed1ffb71d6,the Third Affiliated Hospital of Southern Medical University,ctg,automated_triage_only,no_reference_website,,3,2,official_name_zh | english_name | short_names | historical_names | unified_social_credit_code,False
713,cnha-pending-a516e403d5dcd792,Affiliated Cancer Hospital of Xinjiang Medical University,ctg,automated_triage_only,no_reference_website,,3,0,official_name_zh | english_name | short_names | historical_names | unified_social_credit_code,False
714,cnha-pending-b66255eb1bcdeca4,The University of Hong Kong-Shenzhen Hospital,ctg,automated_triage_only,no_reference_website,,1,1,official_name_zh | english_name | short_names | historical_names | unified_social_credit_code,False
715,cnha-pending-be6e2040617b743b,The Second People's Hospital of Shenzhen,ctg,automated_triage_only,no_reference_website,,1,0,official_name_zh | english_name | short_names | historical_names | unified_social_credit_code,False
716,cnha-pending-c2d38d3efcf101bb,"Nanjing First Hospital,Nanjing Medical University",ctg,automated_triage_only,no_reference_website,,0,0,official_name_zh | english_name | short_names | historical_names | unified_social_credit_code,False
717,cnha-pending-d390274d7b432e08,Liaoning Cancer Hospital,ctg,automated_triage_only,no_reference_website,,1,0,official_name_zh | english_name | short_names | historical_names | unified_social_credit_code,False
718,cnha-pending-d50ad41a9e3ed26b,Chongqing University Three gorges Hospital,ctg,automated_triage_only,no_reference_website,,0,0,official_name_zh | english_name | short_names | historical_names | unified_social_credit_code,False
719,cnha-pending-d55b127e167598eb,Xiangya hospital,ctg,automated_triage_only,no_reference_website,,2,0,official_name_zh | english_name | short_names | historical_names | unified_social_credit_code,False
720,cnha-pending-de7538a34b7ed1c6,PKUCare Luzhong Hospital,ctg,automated_triage_only,no_reference_website,,0,0,official_name_zh | english_name | short_names | historical_names | unified_social_credit_code,False
721,cnha-pending-ea0484f63fddd7bc,The Second Affiliated Hospital of Guangzhou Medical University,ctg,automated_triage_only,no_reference_website,,3,1,official_name_zh | english_name | short_names | historical_names | unified_social_credit_code,False
722,cnha-pending-ee110351431bde1b,The First Affiliated Hospital of Dalian Medical University,ctg,automated_triage_only,no_reference_website,,2,1,official_name_zh | english_name | short_names | historical_names | unified_social_credit_code,False
723,cnha-pending-f377a320609d3348,Shenzhen University General Hospital,ctg,automated_triage_only,no_reference_website,,0,0,official_name_zh | english_name | short_names | historical_names | unified_social_credit_code,False
724,cnha-pending-f89f7f78676c9a3d,ZhuJiang Hospital of Southern Medical University,ctg,automated_triage_only,no_reference_website,,1,0,official_name_zh | english_name | short_names | historical_names | unified_social_credit_code,False
725,cnha-pending-fcf0ca96a399ff1a,General Hospital of Tianjin Medical University,ctg,automated_triage_only,no_reference_website,,1,0,official_name_zh | english_name | short_names | historical_names | unified_social_credit_code,False
726,cnha-ror-01pd66220,中国人民解放军第302医院,ctg,automated_triage_only,readable,http://www.302hospital.com/,0,0,official_name_zh | short_names | historical_names | unified_social_credit_code,False
727,cnha-ror-02fsmcz03,中国传统医药的天津大学第一附属医院,ctg,automated_triage_only,readable,http://www.tjtcm.cn/english/,0,0,official_name_zh | short_names | historical_names | unified_social_credit_code,False
728,cnha-ror-033vnzz93,重庆医科大学附属永川医院,ctg,automated_triage_only,unreadable,https://www.ychcqmu.com,0,0,official_name_zh | short_names | historical_names | unified_social_credit_code,False
729,cnha-ror-03aq7kf18,Second Affiliated Hospital of Xi'an Jiaotong University,ctg,automated_triage_only,unreadable,http://www.2yuan.org/,0,0,official_name_zh | short_names | historical_names | unified_social_credit_code,False
730,cnha-ror-05kkkes98,北京地坛医院,ctg,automated_triage_only,challenge_or_noncontent,http://www.bjdth.com/,0,0,official_name_zh | short_names | historical_names | unified_social_credit_code,False
731,cnha-ror-05m1p5x56,First Affiliated Hospital Zhejiang University,ctg,automated_triage_only,readable,http://www.zy91.com/,0,0,official_name_zh | short_names | historical_names | unified_social_credit_code,False
732,cnha-cfdi-f39d1486c0a8033356e66cced185f148,西安市中心医院,ctg,automated_triage_only,unreadable,http://xaszxyy.com/,0,0,short_names | historical_names | unified_social_credit_code,False
733,cnha-pending-0953e77c07472a1e,"Shanghai Ninth People's Hospital, Shanghai Jiaotong University School of Medicine",ctg,automated_triage_only,no_reference_website,,0,0,official_name_zh | english_name | short_names | historical_names | unified_social_credit_code,False
734,cnha-pending-0bf98b122b3928fb,The Affiliated Hospital of Hangzhou Normal University,ctg,automated_triage_only,no_reference_website,,1,0,official_name_zh | english_name | short_names | historical_names | unified_social_credit_code,False
735,cnha-pending-21a017aa83493ab6,Meihekou Central Hospital,ctg,automated_triage_only,no_reference_website,,0,0,official_name_zh | english_name | short_names | historical_names | unified_social_credit_code,False
736,cnha-pending-26f59d69905b2940,Ruijin Hospital Shanghai Jiaotong University,ctg,automated_triage_only,no_reference_website,,0,0,official_name_zh | english_name | short_names | historical_names | unified_social_credit_code,False
737,cnha-pending-2dae75dda543958e,Tonghua Central Hospital,ctg,automated_triage_only,no_reference_website,,0,0,official_name_zh | english_name | short_names | historical_names | unified_social_credit_code,False
738,cnha-pending-319fcd216f07e80b,Chengdu Xinhua Hospital,ctg,automated_triage_only,no_reference_website,,0,0,official_name_zh | english_name | short_names | historical_names | unified_social_credit_code,False
739,cnha-pending-483f3efbb3b2895f,"Department of Neurology, General Hospital of Northern Theater Command",ctg,automated_triage_only,no_reference_website,,0,0,official_name_zh | english_name | short_names | historical_names | unified_social_credit_code,False
740,cnha-pending-560dd0a852582eb5,Sichuan Academy of Medical Sciences and Sichuan Provincial Peoples Hospital,ctg,automated_triage_only,no_reference_website,,0,0,official_name_zh | english_name | short_names | historical_names | unified_social_credit_code,False
741,cnha-pending-5e95d5c56c1f3a3b,Weihai Central Hospital,ctg,automated_triage_only,no_reference_website,,1,0,official_name_zh | english_name | short_names | historical_names | unified_social_credit_code,False
742,cnha-pending-740e34a56ad49540,Affiliated Hospital of Inner Mongolia Medical University,ctg,automated_triage_only,no_reference_website,,2,2,official_name_zh | english_name | short_names | historical_names | unified_social_credit_code,False
743,cnha-pending-74a456242535bcae,The Second Affiliated Hospital of Fujian Medical University,ctg,automated_triage_only,no_reference_website,,1,1,official_name_zh | english_name | short_names | historical_names | unified_social_credit_code,False
744,cnha-pending-75b16954f5fc34b5,Handan Central Hospital,ctg,automated_triage_only,no_reference_website,,0,0,official_name_zh | english_name | short_names | historical_names | unified_social_credit_code,False
745,cnha-pending-82b2570f87fc66db,Zhongshan Hospital of Fudan University,ctg,automated_triage_only,no_reference_website,,2,2,official_name_zh | english_name | short_names | historical_names | unified_social_credit_code,False
746,cnha-pending-936bf1ff9d0ef91f,"Guangzhou Military Region General Hospital, Department of Anesthesiology",ctg,automated_triage_only,no_reference_website,,0,0,official_name_zh | english_name | short_names | historical_names | unified_social_credit_code,False
747,cnha-pending-947d1bf524db7ed0,"Affiliated Hangzhou First People's Hospital, Zhejiang University School of Medicine",ctg,automated_triage_only,no_reference_website,,1,0,official_name_zh | english_name | short_names | historical_names | unified_social_credit_code,False
748,cnha-pending-a218e2adea43713e,The first Affiliated Hospital of Jilin University,ctg,automated_triage_only,no_reference_website,,3,0,official_name_zh | english_name | short_names | historical_names | unified_social_credit_code,False
749,cnha-pending-a6277b761ebf2907,Shanxi Bethune Hospital,ctg,automated_triage_only,no_reference_website,,1,0,official_name_zh | english_name | short_names | historical_names | unified_social_credit_code,False
750,cnha-pending-a74e7b4393094829,Deyang people's hospital,ctg,automated_triage_only,no_reference_website,,1,0,official_name_zh | english_name | short_names | historical_names | unified_social_credit_code,False
751,cnha-pending-a88fc0be0234e137,Taizhou Hospital of Zhejiang Province,ctg,automated_triage_only,no_reference_website,,0,0,official_name_zh | english_name | short_names | historical_names | unified_social_credit_code,False
752,cnha-pending-bc019516aa780475,"Beijing Shijitan Hospital, Capital Medical University",ctg,automated_triage_only,no_reference_website,,1,1,official_name_zh | english_name | short_names | historical_names | unified_social_credit_code,False
753,cnha-pending-d0f78eafce9908d2,The Children's Hospital Zhejiang University School of Medicine,ctg,automated_triage_only,no_reference_website,,0,0,official_name_zh | english_name | short_names | historical_names | unified_social_credit_code,False
754,cnha-pending-e6e1b7b363d0a2bb,West China Second University Hospital,ctg,automated_triage_only,no_reference_website,,0,0,official_name_zh | english_name | short_names | historical_names | unified_social_credit_code,False
755,cnha-pending-eda366140e780325,The Third Affiliated Hospital of Sun Yat-Sen University,ctg,automated_triage_only,no_reference_website,,3,2,official_name_zh | english_name | short_names | historical_names | unified_social_credit_code,False
756,cnha-pending-f12e0bbbd13d2fbe,The Southwest Hospital Of AMU,ctg,automated_triage_only,no_reference_website,,1,1,official_name_zh | english_name | short_names | historical_names | unified_social_credit_code,False
757,cnha-pending-fbc5a80bf30fb4fe,Zhongda Hospital Affiliated to Southeast University,ctg,automated_triage_only,no_reference_website,,1,1,official_name_zh | english_name | short_names | historical_names | unified_social_credit_code,False
758,cnha-ror-02j5n9e16,厦门市第二医院,ctg,automated_triage_only,unreadable,https://www.xmdeyy.com,0,0,official_name_zh | short_names | historical_names | unified_social_credit_code,False
759,cnha-ror-04tgrpw60,郑州人民医院网站,ctg,automated_triage_only,readable,http://www.zzrmyy.com/,0,0,official_name_zh | short_names | historical_names | unified_social_credit_code,False
760,cnha-ror-05pmkqv04,First Hospital of Qinhuangdao,ctg,automated_triage_only,challenge_or_noncontent,http://www.qhdsdyyy.com/,0,0,official_name_zh | short_names | historical_names | unified_social_credit_code,False
761,cnha-cfdi-8cc8acb7c0a803337d9c8f8bc4ae361c,盐城市第一人民医院,ctg,automated_triage_only,readable,http://www.ycsyy.com/,0,0,short_names | historical_names | unified_social_credit_code,False
762,cnha-cfdi-f723a667c0a803337bbbd1a71a8a05c0,苏州市第五人民医院,ctg,automated_triage_only,readable,http://www.szwy.cn/,0,0,short_names | historical_names | unified_social_credit_code,False
763,cnha-pending-011e102e8208d91a,KaiFeng Central Hospital,ctg,automated_triage_only,no_reference_website,,0,0,official_name_zh | english_name | short_names | historical_names | unified_social_credit_code,False
764,cnha-pending-03bddea65b237545,The First Affiliated Hospital of Hebei North University,ctg,automated_triage_only,no_reference_website,,0,0,official_name_zh | english_name | short_names | historical_names | unified_social_credit_code,False
765,cnha-pending-1ed19af6a9a949dc,The Central Hospital of Yongzhou,ctg,automated_triage_only,no_reference_website,,0,0,official_name_zh | english_name | short_names | historical_names | unified_social_credit_code,False
766,cnha-pending-25fc7dbe360cccf9,WuHan Union Hospital Of China,ctg,automated_triage_only,no_reference_website,,1,1,official_name_zh | english_name | short_names | historical_names | unified_social_credit_code,False
767,cnha-pending-30ec7a2cb9b01866,"Tongji Hospital, Tongji Medical College of HUST",ctg,automated_triage_only,no_reference_website,,0,0,official_name_zh | english_name | short_names | historical_names | unified_social_credit_code,False
768,cnha-pending-3e006111aa238133,The Second Affiliated Hospital of Dalian Medical University,ctg,automated_triage_only,no_reference_website,,2,1,official_name_zh | english_name | short_names | historical_names | unified_social_credit_code,False
769,cnha-pending-3ec5956c1751070b,People's Hospital of Ningxia Hui Autonomous Region,ctg,automated_triage_only,no_reference_website,,1,0,official_name_zh | english_name | short_names | historical_names | unified_social_credit_code,False
770,cnha-pending-434c6e0f853a6a11,The First Affiliated Hospital of Guangzhou Medical College,ctg,automated_triage_only,no_reference_website,,2,1,official_name_zh | english_name | short_names | historical_names | unified_social_credit_code,False
771,cnha-pending-4e49945500f23ed9,Huai'an Second People's Hospital,ctg,automated_triage_only,no_reference_website,,1,0,official_name_zh | english_name | short_names | historical_names | unified_social_credit_code,False
772,cnha-pending-5be41072c01d8fd0,Haikou People's Hospital,ctg,automated_triage_only,no_reference_website,,1,1,official_name_zh | english_name | short_names | historical_names | unified_social_credit_code,False
773,cnha-pending-5e04c34da2aa6b7c,Shandong University Qilu hospital,ctg,automated_triage_only,no_reference_website,,0,0,official_name_zh | english_name | short_names | historical_names | unified_social_credit_code,False
774,cnha-pending-64e33d4daa733cc7,The First Affiliated Hospital of Henan University of Science & Technology,ctg,automated_triage_only,no_reference_website,,1,0,official_name_zh | english_name | short_names | historical_names | unified_social_credit_code,False
775,cnha-pending-6a2774d4557ab30f,Beijing Boren Hospital,ctg,automated_triage_only,no_reference_website,,3,2,official_name_zh | english_name | short_names | historical_names | unified_social_credit_code,False
776,cnha-pending-7b8f9a16f1978fa8,The Second Affiliated Hospital of Guilin Medical University,ctg,automated_triage_only,no_reference_website,,0,0,official_name_zh | english_name | short_names | historical_names | unified_social_credit_code,False
777,cnha-pending-8a882b798f204c08,Xuan Wu Hospital of Capital Medical University,ctg,automated_triage_only,no_reference_website,,1,1,official_name_zh | english_name | short_names | historical_names | unified_social_credit_code,False
778,cnha-pending-95db16a3b22e541d,Reproductive & Genetic Hospital of CITIC-XIANGYA,ctg,automated_triage_only,no_reference_website,,1,1,official_name_zh | english_name | short_names | historical_names | unified_social_credit_code,False
779,cnha-pending-a21eac31fbac369e,The Second Affiliated Hospital to Nanchang University,ctg,automated_triage_only,no_reference_website,,3,0,official_name_zh | english_name | short_names | historical_names | unified_social_credit_code,False
780,cnha-pending-ae6535e4036eddd7,Hainan Cancer Hospital,ctg,automated_triage_only,no_reference_website,,2,2,official_name_zh | english_name | short_names | historical_names | unified_social_credit_code,False
781,cnha-pending-b0ce0bb91847c28e,Shanxi Provincial Cancer Hospital,ctg,automated_triage_only,no_reference_website,,2,1,official_name_zh | english_name | short_names | historical_names | unified_social_credit_code,False
782,cnha-pending-c2354ca348ac9385,the Second Xiangya Hospital，Central South University,ctg,automated_triage_only,no_reference_website,,3,0,official_name_zh | english_name | short_names | historical_names | unified_social_credit_code,False
783,cnha-pending-cc50e0860f2fe0c2,Chongqing General Hospital,ctg,automated_triage_only,no_reference_website,,1,0,official_name_zh | english_name | short_names | historical_names | unified_social_credit_code,False
784,cnha-pending-d22a24fa19d2b130,Chinese Academy of Medical Sciences Cancer Hospital,ctg,automated_triage_only,no_reference_website,,0,0,official_name_zh | english_name | short_names | historical_names | unified_social_credit_code,False
785,cnha-pending-da6be8522268364d,Hainan Provincial People's Hospital,ctg,automated_triage_only,no_reference_website,,0,0,official_name_zh | english_name | short_names | historical_names | unified_social_credit_code,False
786,cnha-pending-db14c6cc803865a8,Shanghai Oriental Hospital,ctg,automated_triage_only,no_reference_website,,3,0,official_name_zh | english_name | short_names | historical_names | unified_social_credit_code,False
787,cnha-pending-e64c9752234c293e,The First Affiliated Hospital of Henan University of Science &Technology,ctg,automated_triage_only,no_reference_website,,0,0,official_name_zh | english_name | short_names | historical_names | unified_social_credit_code,False
788,cnha-pending-e85547138a00c1b1,Sir Run Run Shaw Hospital of Zhejiang University School of Medicine,ctg,automated_triage_only,no_reference_website,,0,0,official_name_zh | english_name | short_names | historical_names | unified_social_credit_code,False
789,cnha-pending-ed831ec51474d06e,Affiliated Cancer Hospital and Institute of Guangzhou Medical University,ctg,automated_triage_only,no_reference_website,,2,1,official_name_zh | english_name | short_names | historical_names | unified_social_credit_code,False
790,cnha-pending-ede537768ac54bbd,"Changhai Hospital, Second Military Medical University",ctg,automated_triage_only,no_reference_website,,2,0,official_name_zh | english_name | short_names | historical_names | unified_social_credit_code,False
791,cnha-pending-f2794622a973d34d,the Second Affiliated Hospital of Guangxi Medical University,ctg,automated_triage_only,no_reference_website,,2,0,official_name_zh | english_name | short_names | historical_names | unified_social_credit_code,False
792,cnha-pending-f4e7b935795146bd,Gansu Wuwei Tumour Hospital,ctg,automated_triage_only,no_reference_website,,0,0,official_name_zh | english_name | short_names | historical_names | unified_social_credit_code,False
793,cnha-ror-02wh8xm70,Shanxi Eye Hospital,ctg,automated_triage_only,unreadable,http://www.sxsyk.com/html/yingwenban/,0,0,official_name_zh | short_names | historical_names | unified_social_credit_code,False
794,cnha-cfdi-8d5e7d36c0a80333718f051d3ecd4885,信阳市中心医院,ctg,automated_triage_only,readable,http://www.xyzxyy.com.cn/,0,0,short_names | historical_names | unified_social_credit_code,False
795,cnha-cfdi-a80f2247c0a80333027f42dab0c78035,广州医科大学附属脑科医院,ctg,official_fields_partially_reviewed,readable,http://www.gzbrain.cn/,0,0,short_names | historical_names | unified_social_credit_code,False
796,cnha-cfdi-a9e58d41c0a803334712a9fdd252ffd2,福建医科大学附属第一医院,ctg,automated_triage_only,readable,http://www.fyyy.com/,0,0,short_names | historical_names | unified_social_credit_code,False
797,cnha-cfdi-be58dd73c0a803333d3a61f48bdbad55,黄石市中心医院,ctg,automated_triage_only,unreadable,http://www.hshospital.cn/web/showabout.asp?ArtID=1249,0,0,short_names | historical_names | unified_social_credit_code,False
798,cnha-cfdi-f75fef0bc0a803337fd6ece95424d9e8,温州市中心医院,ctg,automated_triage_only,readable,https://www.wzhosp.com/,0,0,short_names | historical_names | unified_social_credit_code,False
799,cnha-pending-02dd4331a3aa510e,The Fifth Affiliated Hospital of Guangzhou Medical University,ctg,automated_triage_only,no_reference_website,,3,1,official_name_zh | english_name | short_names | historical_names | unified_social_credit_code,False
800,cnha-pending-03d67473ff651084,Chinese People's Liberation Army General Hospital,ctg,automated_triage_only,no_reference_website,,2,0,official_name_zh | english_name | short_names | historical_names | unified_social_credit_code,False
801,cnha-pending-07ec637c2482d69a,Peking University Cancer Hospital & Institute,ctg,automated_triage_only,no_reference_website,,1,1,official_name_zh | english_name | short_names | historical_names | unified_social_credit_code,False
802,cnha-pending-0c0671cc983acd2a,Chongqing Traditional Chinese Medicine Hospital,ctg,automated_triage_only,no_reference_website,,0,0,official_name_zh | english_name | short_names | historical_names | unified_social_credit_code,False
803,cnha-pending-152d5e9afb3a4bd4,Huashan Hospital of Fudan University,ctg,automated_triage_only,no_reference_website,,3,2,official_name_zh | english_name | short_names | historical_names | unified_social_credit_code,False
804,cnha-pending-169d4e77cb83c616,Anyang People's Hospital,ctg,automated_triage_only,no_reference_website,,1,0,official_name_zh | english_name | short_names | historical_names | unified_social_credit_code,False
805,cnha-pending-19f6df21ad6bc80f,Fuzhou General Hospital,ctg,automated_triage_only,no_reference_website,,0,0,official_name_zh | english_name | short_names | historical_names | unified_social_credit_code,False
806,cnha-pending-1e985d88714ccb12,Linfen people's hospital,ctg,automated_triage_only,no_reference_website,,0,0,official_name_zh | english_name | short_names | historical_names | unified_social_credit_code,False
807,cnha-pending-2247a54640304a49,Union Hospital Tongji Medical College of Huazhong University of Science and Technology,ctg,automated_triage_only,no_reference_website,,1,1,official_name_zh | english_name | short_names | historical_names | unified_social_credit_code,False
808,cnha-pending-253d7d9ca01aeb78,Xinhua Hospital Shanghai Jiaotong University School of Medicine,ctg,automated_triage_only,no_reference_website,,0,0,official_name_zh | english_name | short_names | historical_names | unified_social_credit_code,False
809,cnha-pending-29cf4c026c937809,"Gastrointestinal Hospital, Sun Yatsen University",ctg,automated_triage_only,no_reference_website,,0,0,official_name_zh | english_name | short_names | historical_names | unified_social_credit_code,False
810,cnha-pending-2b69acae5cfbbaff,Lishui People's Hospital,ctg,automated_triage_only,no_reference_website,,1,0,official_name_zh | english_name | short_names | historical_names | unified_social_credit_code,False
811,cnha-pending-3480a28bbeadd23a,Cancer Hospital of Guizhou Medical University,ctg,automated_triage_only,no_reference_website,,1,0,official_name_zh | english_name | short_names | historical_names | unified_social_credit_code,False
812,cnha-pending-509630128df6c420,the Third People'S Hospital of Chengdu,ctg,automated_triage_only,no_reference_website,,2,0,official_name_zh | english_name | short_names | historical_names | unified_social_credit_code,False
813,cnha-pending-51332896fbd3f9f5,Affiliated Hospital of Qinghai University,ctg,automated_triage_only,no_reference_website,,0,0,official_name_zh | english_name | short_names | historical_names | unified_social_credit_code,False
814,cnha-pending-7ffb7b6d112e3448,Tianjin Medical University Second Hospital,ctg,automated_triage_only,no_reference_website,,3,0,official_name_zh | english_name | short_names | historical_names | unified_social_credit_code,False
815,cnha-pending-845479cf1f22fa68,Affiliated Cancer Hospital of Shandong First Medical University,ctg,automated_triage_only,no_reference_website,,0,0,official_name_zh | english_name | short_names | historical_names | unified_social_credit_code,False
816,cnha-pending-86b65ebb2f9931aa,"Cancer Institute & Hospital, Chinese Academy of Medical Sciences",ctg,automated_triage_only,no_reference_website,,1,1,official_name_zh | english_name | short_names | historical_names | unified_social_credit_code,False
817,cnha-pending-89eedad6c1fdfa24,Chang Zheng Hospital,ctg,automated_triage_only,no_reference_website,,2,1,official_name_zh | english_name | short_names | historical_names | unified_social_credit_code,False
818,cnha-pending-8c378fe243df35c0,Maoming People's Hospital,ctg,automated_triage_only,no_reference_website,,0,0,official_name_zh | english_name | short_names | historical_names | unified_social_credit_code,False
819,cnha-pending-8d144ff21400f592,District One Hospital,ctg,automated_triage_only,no_reference_website,,0,0,official_name_zh | english_name | short_names | historical_names | unified_social_credit_code,False
820,cnha-pending-90da99eeb46b8193,The Fourth Affiliated Hospital of China Medical University,ctg,automated_triage_only,no_reference_website,,2,0,official_name_zh | english_name | short_names | historical_names | unified_social_credit_code,False
821,cnha-pending-aadbab045b27f05b,"Zhongshan Hospital, Xiamen University",ctg,automated_triage_only,no_reference_website,,1,0,official_name_zh | english_name | short_names | historical_names | unified_social_credit_code,False
822,cnha-pending-b74914b6b7fbad54,"Department of Medical Oncology, Sun Yat-Sen University Cancer Center",ctg,automated_triage_only,no_reference_website,,0,0,official_name_zh | english_name | short_names | historical_names | unified_social_credit_code,False
823,cnha-pending-bbf824748c3d48ad,The Second Hospital of Dalian Medical University,ctg,automated_triage_only,no_reference_website,,2,1,official_name_zh | english_name | short_names | historical_names | unified_social_credit_code,False
824,cnha-pending-c892f51f8e2c2178,Shanghai Dermatology Hospital,ctg,automated_triage_only,no_reference_website,,3,1,official_name_zh | english_name | short_names | historical_names | unified_social_credit_code,False
825,cnha-pending-cbdba9295221c9ac,The Second Affiliated Hospital of Henan University of Science and Technology,ctg,automated_triage_only,no_reference_website,,1,0,official_name_zh | english_name | short_names | historical_names | unified_social_credit_code,False
826,cnha-pending-d4040b80ee4daf97,Second Affiliated Hospital of Zhejiang University School of Medicine,ctg,automated_triage_only,no_reference_website,,1,0,official_name_zh | english_name | short_names | historical_names | unified_social_credit_code,False
827,cnha-pending-d6ea920a353b45d8,The First People's Hospital of Yunnan Province,ctg,automated_triage_only,no_reference_website,,3,2,official_name_zh | english_name | short_names | historical_names | unified_social_credit_code,False
828,cnha-pending-ddd0b7bca42a97ef,Xianyang Hospital of Yan'an University,ctg,automated_triage_only,no_reference_website,,0,0,official_name_zh | english_name | short_names | historical_names | unified_social_credit_code,False
829,cnha-pending-ef8c1bbdc5f48a85,The Second Affiliated Hospital of Wannan Medical College,ctg,automated_triage_only,no_reference_website,,1,1,official_name_zh | english_name | short_names | historical_names | unified_social_credit_code,False
830,cnha-pending-f01d3913a0dc2087,"Beijing Tiantan Hospital, Beijing, Beijing 100070",ctg,automated_triage_only,no_reference_website,,0,0,official_name_zh | english_name | short_names | historical_names | unified_social_credit_code,False
831,cnha-pending-f0901ec682a1862f,Chongqing Three Gorges Central Hospital,ctg,automated_triage_only,no_reference_website,,0,0,official_name_zh | english_name | short_names | historical_names | unified_social_credit_code,False
832,cnha-pending-f6313f000c6871b0,Sichuan Cancer Hospital & Institute,ctg,automated_triage_only,no_reference_website,,1,0,official_name_zh | english_name | short_names | historical_names | unified_social_credit_code,False
833,cnha-pending-f6b549bd75f18043,Beijing GoBroad Hospital,ctg,automated_triage_only,no_reference_website,,3,2,official_name_zh | english_name | short_names | historical_names | unified_social_credit_code,False
834,cnha-ror-015ycqv20,Second Hospital of Hebei Medical University,ctg,automated_triage_only,unreadable,https://www.hb2h.com,0,0,official_name_zh | short_names | historical_names | unified_social_credit_code,False
835,cnha-ror-037ve0v69,Yanbian University Hospital,ctg,automated_triage_only,unreadable,http://www.yanbianhospital.com/,0,0,official_name_zh | short_names | historical_names | unified_social_credit_code,False
836,cnha-ror-057vq6e26,北京市中西医结合医院,ctg,automated_triage_only,readable,https://www.bjzhongyi.com/,0,0,official_name_zh | short_names | historical_names | unified_social_credit_code,False
837,cnha-cfdi-1b0d359fc0a803334a1c241e97d2032c,南昌大学第二附属医院,ctg,automated_triage_only,unreadable,http://www.jxndefy.cn/index.shtml,0,0,short_names | historical_names | unified_social_credit_code,False
838,cnha-cfdi-2a76f77dc0a8033311314f9be1ed9183,武汉市第四医院,ctg,official_fields_partially_reviewed,readable,http://www.puaihospital.net/,0,0,short_names | historical_names | unified_social_credit_code,False
839,cnha-cfdi-44db4bffc0a8033313e33b5544492482,承德医学院附属医院,ctg,automated_triage_only,readable,http://www.cyfy.cn/,0,0,short_names | historical_names | unified_social_credit_code,False
840,cnha-cfdi-645d8541c0a8033356127b1b254f2668,衡水市人民医院,ctg,automated_triage_only,unreadable,http://www.halixun.com/0812/,0,0,short_names | historical_names | unified_social_credit_code,False
841,cnha-cfdi-a110ca6fc0a8033361d8961082e5e19e,浙江省立同德医院,ctg,automated_triage_only,unreadable,http://www.zjtongde.com/cms/englishdefault.aspx,0,0,short_names | historical_names | unified_social_credit_code,False
842,cnha-cfdi-cac245e9c0a80333661ce99773e9b741,首都医科大学附属北京佑安医院,ctg,official_fields_partially_reviewed,readable,http://www.bjyah.com/Html/News/Main/142.html,0,0,short_names | historical_names | unified_social_credit_code,False
843,cnha-cfdi-fff9474dc0a80333235f1a3d04d0fcc9,安徽省儿童医院,ctg,automated_triage_only,readable,http://www.ahetyy.com,0,0,short_names | historical_names | unified_social_credit_code,False
844,cnha-pending-0eb360049572720a,Huizhou Municipal Central Hospital,ctg,automated_triage_only,no_reference_website,,0,0,official_name_zh | english_name | short_names | historical_names | unified_social_credit_code,False
845,cnha-pending-14da96665d895e37,"Department of Rheumatology and Immunology, Peking University People's Hospital",ctg,automated_triage_only,no_reference_website,,0,0,official_name_zh | english_name | short_names | historical_names | unified_social_credit_code,False
846,cnha-pending-2995f3c99eb662ba,Central laboratory in Fuda cancer hospital,ctg,automated_triage_only,no_reference_website,,0,0,official_name_zh | english_name | short_names | historical_names | unified_social_credit_code,False
847,cnha-pending-2f959936f512cabf,QUANZHOU First Hospital,ctg,automated_triage_only,no_reference_website,,1,1,official_name_zh | english_name | short_names | historical_names | unified_social_credit_code,False
848,cnha-pending-34596f6911435322,Liuzhou people's Hospital,ctg,automated_triage_only,no_reference_website,,0,0,official_name_zh | english_name | short_names | historical_names | unified_social_credit_code,False
849,cnha-pending-3ea7ffb05e4111b1,The First Affiliated Hospital of Xinxiang Medical University,ctg,automated_triage_only,no_reference_website,,1,1,official_name_zh | english_name | short_names | historical_names | unified_social_credit_code,False
850,cnha-pending-4a7b021eacbf18cf,The Affiliated Hospital of Nanjing University Medical School,ctg,automated_triage_only,no_reference_website,,1,1,official_name_zh | english_name | short_names | historical_names | unified_social_credit_code,False
851,cnha-pending-50da74dd9e008b83,Changzhou Second People's Hospital,ctg,automated_triage_only,no_reference_website,,2,1,official_name_zh | english_name | short_names | historical_names | unified_social_credit_code,False
852,cnha-pending-5b88208a397d65ab,Shanghai Cancer Center,ctg,automated_triage_only,no_reference_website,,0,0,official_name_zh | english_name | short_names | historical_names | unified_social_credit_code,False
853,cnha-pending-5fa030257170292d,Wenzhou People's Hospital,ctg,automated_triage_only,no_reference_website,,3,3,official_name_zh | english_name | short_names | historical_names | unified_social_credit_code,False
854,cnha-pending-5fff47dc9141c2c5,"the Affiliated Hospital of Yangzhou University, Yangzhou University",ctg,automated_triage_only,no_reference_website,,0,0,official_name_zh | english_name | short_names | historical_names | unified_social_credit_code,False
855,cnha-pending-6319172992993ede,The second Affiliated Hospital of Wenzhou Medical University,ctg,automated_triage_only,no_reference_website,,2,0,official_name_zh | english_name | short_names | historical_names | unified_social_credit_code,False
856,cnha-pending-66016c8b65cea297,Fudan University Cancer Center,ctg,automated_triage_only,no_reference_website,,1,1,official_name_zh | english_name | short_names | historical_names | unified_social_credit_code,False
857,cnha-pending-69843f159b083e5c,Daqing peoples hospital,ctg,automated_triage_only,no_reference_website,,1,1,official_name_zh | english_name | short_names | historical_names | unified_social_credit_code,False
858,cnha-pending-7483c7aa733801a3,The First Affiliated Hospital of Zhejiang University,ctg,automated_triage_only,no_reference_website,,2,1,official_name_zh | english_name | short_names | historical_names | unified_social_credit_code,False
859,cnha-pending-819af720cb91dd59,The Second Affiliated Hospital of Zhengzhou University,ctg,automated_triage_only,no_reference_website,,3,1,official_name_zh | english_name | short_names | historical_names | unified_social_credit_code,False
860,cnha-pending-87c89ebdfce06dd3,The second affiliated hospital of Harbin medical university,ctg,automated_triage_only,no_reference_website,,3,1,official_name_zh | english_name | short_names | historical_names | unified_social_credit_code,False
861,cnha-pending-8822cdaf40d7b6b1,Shandong Cancer Hospital & Institute,ctg,automated_triage_only,no_reference_website,,1,1,official_name_zh | english_name | short_names | historical_names | unified_social_credit_code,False
862,cnha-pending-9472811d611a6f3b,Childrens Hospital of Shanghai,ctg,automated_triage_only,no_reference_website,,0,0,official_name_zh | english_name | short_names | historical_names | unified_social_credit_code,False
863,cnha-pending-97a52777f4436219,The Sixth Affiliated Hospital Sun Yat sen University,ctg,automated_triage_only,no_reference_website,,3,2,official_name_zh | english_name | short_names | historical_names | unified_social_credit_code,False
864,cnha-pending-99b1d264b288db29,"Sichuan University, West China Hospital",ctg,automated_triage_only,no_reference_website,,0,0,official_name_zh | english_name | short_names | historical_names | unified_social_credit_code,False
865,cnha-pending-9ee8d670bae51729,The First Affiliated Hospital of Medical School of Zhejiang University,ctg,automated_triage_only,no_reference_website,,1,1,official_name_zh | english_name | short_names | historical_names | unified_social_credit_code,False
866,cnha-pending-b100e0b29bf32bfc,The First Affiliated Hospital of Nanyang Medical College,ctg,automated_triage_only,no_reference_website,,0,0,official_name_zh | english_name | short_names | historical_names | unified_social_credit_code,False
867,cnha-pending-b3f7f4919ec7a35d,"First Affiliated Hospital, Soochow University",ctg,automated_triage_only,no_reference_website,,3,2,official_name_zh | english_name | short_names | historical_names | unified_social_credit_code,False
868,cnha-pending-c41939ec68965e43,Oncology Department of The First Affiliated Hospital of Zhengzhou University,ctg,automated_triage_only,no_reference_website,,1,0,official_name_zh | english_name | short_names | historical_names | unified_social_credit_code,False
869,cnha-pending-c427bb67b80dcdef,"Cancer Hospital, Chinese Academy of Medical Sciences and Peking Union Medical College",ctg,automated_triage_only,no_reference_website,,0,0,official_name_zh | english_name | short_names | historical_names | unified_social_credit_code,False
870,cnha-pending-c737cee650298b02,Chongqing General Hospital,ctg,automated_triage_only,no_reference_website,,1,0,official_name_zh | english_name | short_names | historical_names | unified_social_credit_code,False
871,cnha-pending-ca793de3b1b417be,920th Hospital of Joint Logistics Support Force of People's Liberation Army of China,ctg,automated_triage_only,no_reference_website,,0,0,official_name_zh | english_name | short_names | historical_names | unified_social_credit_code,False
872,cnha-pending-cac8ef34de16f71b,Affiliated Hospital of Yangzhou University,ctg,automated_triage_only,no_reference_website,,1,0,official_name_zh | english_name | short_names | historical_names | unified_social_credit_code,False
873,cnha-pending-d1751b4b36478669,People's Hospital of Hunan Province,ctg,automated_triage_only,no_reference_website,,0,0,official_name_zh | english_name | short_names | historical_names | unified_social_credit_code,False
874,cnha-pending-df14e4a4eccfa084,Henan Cancer Hospital,ctg,automated_triage_only,no_reference_website,,0,0,official_name_zh | english_name | short_names | historical_names | unified_social_credit_code,False
875,cnha-pending-e744c29f416a30fa,Hematology Hospital of Chinese Academy of Medical Sciences,ctg,automated_triage_only,no_reference_website,,0,0,official_name_zh | english_name | short_names | historical_names | unified_social_credit_code,False
876,cnha-pending-f3a5a00035282920,The First affiliated Hospital of Wenzhou Medical College,ctg,automated_triage_only,no_reference_website,,2,0,official_name_zh | english_name | short_names | historical_names | unified_social_credit_code,False
877,cnha-pending-ff9543c6f8fae994,"Cancer Hospital, Chinese Academy of Medical Science",ctg,automated_triage_only,no_reference_website,,1,1,official_name_zh | english_name | short_names | historical_names | unified_social_credit_code,False
878,cnha-ror-00sr40296,Tangshan Gongren Hospital,ctg,automated_triage_only,no_reference_website,,0,0,official_name_zh | short_names | historical_names | unified_social_credit_code,False
879,cnha-cfdi-3d0b67a2c0a8033370b2e48f7b5c9870,广州医科大学附属第二医院,ctg,automated_triage_only,challenge_or_noncontent,http://www.gyey.com/cn/index.aspx,0,0,short_names | historical_names | unified_social_credit_code,False
880,cnha-cfdi-fdd05094c0a803332e4470a4901a5db0,昆明市儿童医院,ctg,automated_triage_only,readable,http://www.etyy.cn/,0,0,short_names | historical_names | unified_social_credit_code,False
881,cnha-pending-035bc4f5ddbb77e2,Nanjing Maternal and Child Health Care Hospital,ctg,automated_triage_only,no_reference_website,,1,0,official_name_zh | english_name | short_names | historical_names | unified_social_credit_code,False
882,cnha-pending-06a268c146dbd4d0,"The First Affiliated Hospital,Chongqing Medical University",ctg,automated_triage_only,no_reference_website,,3,2,official_name_zh | english_name | short_names | historical_names | unified_social_credit_code,False
883,cnha-pending-0de16d1f67c4a7ea,"Sichuan Academy of Medical Sciences, Sichuan Provincial People's Hospital",ctg,automated_triage_only,no_reference_website,,0,0,official_name_zh | english_name | short_names | historical_names | unified_social_credit_code,False
884,cnha-pending-1324bf5553fbf223,"Third Affiliated Hospital, Sun Yat-Sen University",ctg,automated_triage_only,no_reference_website,,3,2,official_name_zh | english_name | short_names | historical_names | unified_social_credit_code,False
885,cnha-pending-2adbb23b5cc46817,The First Affiliated Hospital of Bengbu Medical University,ctg,automated_triage_only,no_reference_website,,1,0,official_name_zh | english_name | short_names | historical_names | unified_social_credit_code,False
886,cnha-pending-2d3f138caaf2b6e0,ChangZhou First People's Hospital,ctg,automated_triage_only,no_reference_website,,2,1,official_name_zh | english_name | short_names | historical_names | unified_social_credit_code,False
887,cnha-pending-45a5e64a870124b0,Shanghai 10th People's Hospital,ctg,automated_triage_only,no_reference_website,,3,1,official_name_zh | english_name | short_names | historical_names | unified_social_credit_code,False
888,cnha-pending-4d31c2b6aa3fd934,Wuxi Second People's Hospital,ctg,automated_triage_only,no_reference_website,,3,2,official_name_zh | english_name | short_names | historical_names | unified_social_credit_code,False
889,cnha-pending-51cace3bd2ba6dc3,"Zhujiang Hospital, Southern Medical University",ctg,automated_triage_only,no_reference_website,,0,0,official_name_zh | english_name | short_names | historical_names | unified_social_credit_code,False
890,cnha-pending-5383772465992dd4,Shijiazhuang People's Hospital,ctg,automated_triage_only,no_reference_website,,0,0,official_name_zh | english_name | short_names | historical_names | unified_social_credit_code,False
891,cnha-pending-5a2419fb933b6c3a,Handan First Hospital,ctg,automated_triage_only,no_reference_website,,0,0,official_name_zh | english_name | short_names | historical_names | unified_social_credit_code,False
892,cnha-pending-604c795e13e979b3,"Tongji Hospital Affiliated to Tongji Medical College, Huazhong University of Science and Technology",ctg,automated_triage_only,no_reference_website,,1,1,official_name_zh | english_name | short_names | historical_names | unified_social_credit_code,False
893,cnha-pending-635f99ee1d31bc9f,The Second People's Hospital of Neijiang,ctg,automated_triage_only,no_reference_website,,1,1,official_name_zh | english_name | short_names | historical_names | unified_social_credit_code,False
894,cnha-pending-6ca8daca5e9f3c6d,Shanxi Province Cancer Hospital,ctg,automated_triage_only,no_reference_website,,0,0,official_name_zh | english_name | short_names | historical_names | unified_social_credit_code,False
895,cnha-pending-71b8aed4752dcf87,Tuen Mun Hospital,ctg,automated_triage_only,no_reference_website,,0,0,official_name_zh | english_name | short_names | historical_names | unified_social_credit_code,False
896,cnha-pending-79c058728f90b531,Shanghai First Maternity and Infant Hospital,ctg,automated_triage_only,no_reference_website,,0,0,official_name_zh | english_name | short_names | historical_names | unified_social_credit_code,False
897,cnha-pending-7e2457df04ce8b9e,the first hospital of Jilin University,ctg,automated_triage_only,no_reference_website,,0,0,official_name_zh | english_name | short_names | historical_names | unified_social_credit_code,False
898,cnha-pending-86628fcd05aa629f,Xuancheng People's Hospital,ctg,automated_triage_only,no_reference_website,,0,0,official_name_zh | english_name | short_names | historical_names | unified_social_credit_code,False
899,cnha-pending-919ddcad7f0b2143,The First Affiliated Hospital of Henan University of Traditional Chinese Medicine,ctg,automated_triage_only,no_reference_website,,1,1,official_name_zh | english_name | short_names | historical_names | unified_social_credit_code,False
900,cnha-pending-983e2bc0c33d080c,Shanxi Provincial People's Hospital,ctg,automated_triage_only,no_reference_website,,1,1,official_name_zh | english_name | short_names | historical_names | unified_social_credit_code,False
901,cnha-pending-9a4b75a0c3493c5a,"Department of Urology, Minimally Invasive Surgery Center, The First Affiliated Hospital of Guangzhou Medical University",ctg,automated_triage_only,no_reference_website,,0,0,official_name_zh | english_name | short_names | historical_names | unified_social_credit_code,False
902,cnha-pending-9e5b99398dbb3b49,Xiyuan Hospital of China Academy of Chinese Medical Sciences,ctg,automated_triage_only,no_reference_website,,2,1,official_name_zh | english_name | short_names | historical_names | unified_social_credit_code,False
903,cnha-pending-a739bbe69f30e52b,Yijishan Hospital of Wannan Medical College,ctg,automated_triage_only,no_reference_website,,0,0,official_name_zh | english_name | short_names | historical_names | unified_social_credit_code,False
904,cnha-pending-a9d774d323ad34ff,The First Teaching Hospital of Xinjiang Medical University,ctg,automated_triage_only,no_reference_website,,3,1,official_name_zh | english_name | short_names | historical_names | unified_social_credit_code,False
905,cnha-pending-aa0f14e3710a2464,Affiliated Tumor Hospital of Guangxi Medical University,ctg,automated_triage_only,no_reference_website,,3,0,official_name_zh | english_name | short_names | historical_names | unified_social_credit_code,False
906,cnha-pending-b048d3f665c02d3d,West China School of Medicine；West China Hospital of Sichuan University,ctg,automated_triage_only,no_reference_website,,0,0,official_name_zh | english_name | short_names | historical_names | unified_social_credit_code,False
907,cnha-pending-b072919aa2cfc4dd,Chenzhou No.1 People's Hospital,ctg,automated_triage_only,no_reference_website,,1,0,official_name_zh | english_name | short_names | historical_names | unified_social_credit_code,False
908,cnha-pending-b5526505f7c66956,the Affiliated Hospital of Yangzhou University,ctg,automated_triage_only,no_reference_website,,1,0,official_name_zh | english_name | short_names | historical_names | unified_social_credit_code,False
909,cnha-pending-b6a9f1a3fa75e604,The Affiliated Cancer Hospital of Guizhou Medical University,ctg,automated_triage_only,no_reference_website,,1,0,official_name_zh | english_name | short_names | historical_names | unified_social_credit_code,False
910,cnha-pending-bc905e48ffc67332,Shenzhen Hospital of Southern Medical University,ctg,automated_triage_only,no_reference_website,,0,0,official_name_zh | english_name | short_names | historical_names | unified_social_credit_code,False
911,cnha-pending-c18cd5f5db757f18,Cardiovascular Institute and Fuwai Hospital,ctg,automated_triage_only,no_reference_website,,0,0,official_name_zh | english_name | short_names | historical_names | unified_social_credit_code,False
912,cnha-pending-c87bcd823f586cb7,The Affiliated Hospital of Hangzhou Normal University,ctg,automated_triage_only,no_reference_website,,1,0,official_name_zh | english_name | short_names | historical_names | unified_social_credit_code,False
913,cnha-pending-cd63a78540babad8,Cancer Hospital of Guangxi Medical University,ctg,automated_triage_only,no_reference_website,,3,0,official_name_zh | english_name | short_names | historical_names | unified_social_credit_code,False
914,cnha-pending-e2fe461c11e18436,Sichuan Cancer Hospital and Research Institute,ctg,automated_triage_only,no_reference_website,,0,0,official_name_zh | english_name | short_names | historical_names | unified_social_credit_code,False
915,cnha-pending-e8f28b371a776273,The First Affiliated Hospital of Zhejiang University School of Medicine,ctg,automated_triage_only,no_reference_website,,0,0,official_name_zh | english_name | short_names | historical_names | unified_social_credit_code,False
916,cnha-pending-ea16a07cfbd9506b,The First Affiliated Hospital of Shandong First Medical University (Shandong Provincial Qianfoshan Hospital),ctg,automated_triage_only,no_reference_website,,0,0,official_name_zh | english_name | short_names | historical_names | unified_social_credit_code,False
917,cnha-pending-f495fe162a36a9f8,"The First Affiliated Hospital of College of Medicine, Zhejiang University",ctg,automated_triage_only,no_reference_website,,0,0,official_name_zh | english_name | short_names | historical_names | unified_social_credit_code,False
918,cnha-ror-006xrph64,Central Hospital Affiliated to Shenyang Medical College,ctg,automated_triage_only,unreadable,http://www.syzxyy.cn/,0,0,official_name_zh | short_names | historical_names | unified_social_credit_code,False
919,cnha-cfdi-0db8a76bc0a8033343b0ed0176df3d0f,河南省胸科医院,ctg,automated_triage_only,readable,http://www.hnxkyy.com.cn/,0,0,short_names | historical_names | unified_social_credit_code,False
920,cnha-cfdi-19e0f103c0a803336ebd2c700e31ac50,常德市第一人民医院,ctg,official_fields_partially_reviewed,readable,http://www.cdsyy.com/,0,0,short_names | historical_names | unified_social_credit_code,False
921,cnha-cfdi-7d137124c0a80333539fcd8a474e028d,武汉市金银潭医院,ctg,automated_triage_only,readable,http://www.whyljz.com.cn/,0,0,short_names | historical_names | unified_social_credit_code,False
922,cnha-cfdi-a77f73acc0a8033351ef676fcbe2692c,辽宁省人民医院,ctg,automated_triage_only,readable,http://www.lnph.com/,0,0,short_names | historical_names | unified_social_credit_code,False
923,cnha-cfdi-ad94b118c0a80333719526c741366821,云南省第一人民医院,ctg,automated_triage_only,unreadable,http://www.ypfph.com/deskAction.do?method=showDesk,0,0,short_names | historical_names | unified_social_credit_code,False
924,cnha-cfdi-d3a7de8ac0a803332ae265949d8bca90,南宁市第二人民医院,ctg,automated_triage_only,challenge_or_noncontent,http://www.nn2yy.com/,0,0,short_names | historical_names | unified_social_credit_code,False
925,cnha-pending-09e775624df24053,The Fourth Hospital of Harbin Medical University,ctg,automated_triage_only,no_reference_website,,2,0,official_name_zh | english_name | short_names | historical_names | unified_social_credit_code,False
926,cnha-pending-0c519607122d52dd,"Guang'anmen hospital, China Academy of Chinese Medical Sciences",ctg,automated_triage_only,no_reference_website,,1,0,official_name_zh | english_name | short_names | historical_names | unified_social_credit_code,False
927,cnha-pending-0dca2884b6861259,The First Affiliated Hospital of China Medical University,ctg,automated_triage_only,no_reference_website,,2,0,official_name_zh | english_name | short_names | historical_names | unified_social_credit_code,False
928,cnha-pending-11f7c2cbeb4f6a71,Tongji Hospital Tongji Medical College of Huazhong University of Science and Technology,ctg,automated_triage_only,no_reference_website,,1,1,official_name_zh | english_name | short_names | historical_names | unified_social_credit_code,False
929,cnha-pending-22ec7ed64dba2d54,Quzhou People's Hospital,ctg,automated_triage_only,no_reference_website,,1,0,official_name_zh | english_name | short_names | historical_names | unified_social_credit_code,False
930,cnha-pending-240ba5d83d112aaf,The Fifth Medical Center of Chinese PLA General Hospital,ctg,automated_triage_only,no_reference_website,,0,0,official_name_zh | english_name | short_names | historical_names | unified_social_credit_code,False
931,cnha-pending-258daaccfecdc093,Daqing Longnan hospital,ctg,automated_triage_only,no_reference_website,,0,0,official_name_zh | english_name | short_names | historical_names | unified_social_credit_code,False
932,cnha-pending-282ab8068bd9b0a9,Sir Run Run Hospital Nanjing Medical University,ctg,automated_triage_only,no_reference_website,,0,0,official_name_zh | english_name | short_names | historical_names | unified_social_credit_code,False
933,cnha-pending-29a302076d95e957,The Second Affiliated Hospital of Kunming Medical University,ctg,automated_triage_only,no_reference_website,,3,2,official_name_zh | english_name | short_names | historical_names | unified_social_credit_code,False
934,cnha-pending-37677f3d353401cd,Guangzhou Panyu Central Hospital,ctg,automated_triage_only,no_reference_website,,0,0,official_name_zh | english_name | short_names | historical_names | unified_social_credit_code,False
935,cnha-pending-39c20f9a6398ed13,Zhejiang Xiaoshan Hospital,ctg,automated_triage_only,no_reference_website,,1,0,official_name_zh | english_name | short_names | historical_names | unified_social_credit_code,False
936,cnha-pending-423c7a238bd2fed7,Siping Central People's Hospital,ctg,automated_triage_only,no_reference_website,,0,0,official_name_zh | english_name | short_names | historical_names | unified_social_credit_code,False
937,cnha-pending-432b07cb7857fdb2,Baoji Central Hospital,ctg,automated_triage_only,no_reference_website,,1,1,official_name_zh | english_name | short_names | historical_names | unified_social_credit_code,False
938,cnha-pending-4dfe86581bc62f96,"Beijing Obstetrics and Gynecology Hospital,Capital Medical University",ctg,automated_triage_only,no_reference_website,,0,0,official_name_zh | english_name | short_names | historical_names | unified_social_credit_code,False
939,cnha-pending-4f32fcad85749141,Jiujiang NO.1 People's Hospital,ctg,automated_triage_only,no_reference_website,,1,0,official_name_zh | english_name | short_names | historical_names | unified_social_credit_code,False
940,cnha-pending-5032107f0307c940,Hebei Medical University Fourth Hospital,ctg,automated_triage_only,no_reference_website,,0,0,official_name_zh | english_name | short_names | historical_names | unified_social_credit_code,False
941,cnha-pending-5bcbcc5477234a8c,the First Affiliated Hospital of Zhejiang Chinese Medical University,ctg,automated_triage_only,no_reference_website,,1,1,official_name_zh | english_name | short_names | historical_names | unified_social_credit_code,False
942,cnha-pending-65f521559ce34833,The Affiliated Hospital of Medical College Qingdao University,ctg,automated_triage_only,no_reference_website,,1,0,official_name_zh | english_name | short_names | historical_names | unified_social_credit_code,False
943,cnha-pending-6aa73d08f537ac76,Taizhou Hospital,ctg,automated_triage_only,no_reference_website,,2,1,official_name_zh | english_name | short_names | historical_names | unified_social_credit_code,False
944,cnha-pending-74345d3a4233f9b1,The First People's Hospital of Hangzhou,ctg,automated_triage_only,no_reference_website,,2,0,official_name_zh | english_name | short_names | historical_names | unified_social_credit_code,False
945,cnha-pending-753f874c36de6269,The third people's hospital of Shenzhen,ctg,automated_triage_only,no_reference_website,,1,0,official_name_zh | english_name | short_names | historical_names | unified_social_credit_code,False
946,cnha-pending-77dd0787411e26c8,Lishui Municipal Central Hospital,ctg,automated_triage_only,no_reference_website,,1,0,official_name_zh | english_name | short_names | historical_names | unified_social_credit_code,False
947,cnha-pending-78b17b25068070cb,Southwest Hospital of Third Millitary Medical University,ctg,automated_triage_only,no_reference_website,,1,1,official_name_zh | english_name | short_names | historical_names | unified_social_credit_code,False
948,cnha-pending-7919ecd7169ec6f6,The Third People's Hospital of Zhengzhou,ctg,automated_triage_only,no_reference_website,,1,1,official_name_zh | english_name | short_names | historical_names | unified_social_credit_code,False
949,cnha-pending-7c107bbfccee59dd,Harbin Medical University Cancer Hospital,ctg,automated_triage_only,no_reference_website,,0,0,official_name_zh | english_name | short_names | historical_names | unified_social_credit_code,False
950,cnha-pending-7c84cd9fce8bae83,First affiliated Hospital of Zhejiang University,ctg,automated_triage_only,no_reference_website,,2,1,official_name_zh | english_name | short_names | historical_names | unified_social_credit_code,False
951,cnha-pending-84203b4b2e5b2034,Jingzhou First People's Hospital,ctg,automated_triage_only,no_reference_website,,0,0,official_name_zh | english_name | short_names | historical_names | unified_social_credit_code,False
952,cnha-pending-9a64660db507b0f1,Zhongshan Hospital Affiliated to Xiamen University,ctg,automated_triage_only,no_reference_website,,1,0,official_name_zh | english_name | short_names | historical_names | unified_social_credit_code,False
953,cnha-pending-9e0513af036a0fc6,Jiangsu Provincial Hospital,ctg,automated_triage_only,no_reference_website,,2,0,official_name_zh | english_name | short_names | historical_names | unified_social_credit_code,False
954,cnha-pending-a0d6e4f4dd54681e,"Research Institute of Nephrology, Jinling Hospital, Nanjing University School of Medicine",ctg,automated_triage_only,no_reference_website,,0,0,official_name_zh | english_name | short_names | historical_names | unified_social_credit_code,False
955,cnha-pending-a47c0b0f98ea6ea8,Shanghai Xuhui District Central Hospital,ctg,automated_triage_only,no_reference_website,,2,0,official_name_zh | english_name | short_names | historical_names | unified_social_credit_code,False
956,cnha-pending-aea0304c78ab4caa,The General Hospital of Shenyang Military Region,ctg,automated_triage_only,no_reference_website,,1,0,official_name_zh | english_name | short_names | historical_names | unified_social_credit_code,False
957,cnha-pending-b521ce5785932d9d,"Institute of Hematology & Blood Diseases Hospital, Chinese Academy of Medical Sciences",ctg,automated_triage_only,no_reference_website,,0,0,official_name_zh | english_name | short_names | historical_names | unified_social_credit_code,False
958,cnha-pending-b5cd8e6c967edfc3,Maanshan People's Hospital,ctg,automated_triage_only,no_reference_website,,0,0,official_name_zh | english_name | short_names | historical_names | unified_social_credit_code,False
959,cnha-pending-ba4558fafd3b824d,"Union Hospital, Huazhong University of Science and Technology",ctg,automated_triage_only,no_reference_website,,1,1,official_name_zh | english_name | short_names | historical_names | unified_social_credit_code,False
960,cnha-pending-bcaf79ed54075598,Luoyang Third People's Hospital,ctg,automated_triage_only,no_reference_website,,0,0,official_name_zh | english_name | short_names | historical_names | unified_social_credit_code,False
961,cnha-pending-be6d4e376549f280,"Beijing Obstetrics and Gynecology Hospital,Capital Medical University",ctg,automated_triage_only,no_reference_website,,0,0,official_name_zh | english_name | short_names | historical_names | unified_social_credit_code,False
962,cnha-pending-c1d62dae1b4aa641,The Affiliated Hospital of Inner Mongolia Medical University,ctg,automated_triage_only,no_reference_website,,2,2,official_name_zh | english_name | short_names | historical_names | unified_social_credit_code,False
963,cnha-pending-d3c1339e71114a58,The Second People's Hospital of Lianyungang,ctg,automated_triage_only,no_reference_website,,0,0,official_name_zh | english_name | short_names | historical_names | unified_social_credit_code,False
964,cnha-pending-d5babd69b64f1dee,Harbin Medical University Cancer Hospital,ctg,automated_triage_only,no_reference_website,,0,0,official_name_zh | english_name | short_names | historical_names | unified_social_credit_code,False
965,cnha-pending-d624e92529a727aa,"Affiliated Drum Tower Hospital, Medical School of Nanjing University",ctg,automated_triage_only,no_reference_website,,0,0,official_name_zh | english_name | short_names | historical_names | unified_social_credit_code,False
966,cnha-pending-dbe27143f877ea96,"Tangdu Hospital, Fourth Military Medical University",ctg,automated_triage_only,no_reference_website,,0,0,official_name_zh | english_name | short_names | historical_names | unified_social_credit_code,False
967,cnha-pending-dfda0747799b1f66,Prince of Wales Hospital,ctg,automated_triage_only,no_reference_website,,0,0,official_name_zh | english_name | short_names | historical_names | unified_social_credit_code,False
968,cnha-pending-e0fb3b72da8242ac,Shanghai Tong Ren hospital,ctg,automated_triage_only,no_reference_website,,3,0,official_name_zh | english_name | short_names | historical_names | unified_social_credit_code,False
969,cnha-pending-e6d969d62f2a188b,The Second Affiliated Hospital of Zhejiang University,ctg,automated_triage_only,no_reference_website,,2,1,official_name_zh | english_name | short_names | historical_names | unified_social_credit_code,False
970,cnha-pending-ee58d32849b59558,Jiangsu Province People's Hospital,ctg,automated_triage_only,no_reference_website,,1,0,official_name_zh | english_name | short_names | historical_names | unified_social_credit_code,False
971,cnha-pending-f563eb00911400cb,The Tumor Hospital Affiliated to Guangxi Medical University,ctg,automated_triage_only,no_reference_website,,1,0,official_name_zh | english_name | short_names | historical_names | unified_social_credit_code,False
972,cnha-pending-fcf87c64ff2477a1,"Cancer Hospital Chinese Academy of Medical Sciences, Shenzhen Center",ctg,automated_triage_only,no_reference_website,,0,0,official_name_zh | english_name | short_names | historical_names | unified_social_credit_code,False
973,cnha-pending-fdb94c392bb236f6,The First Hospital of Shanxi Medical University,ctg,automated_triage_only,no_reference_website,,2,2,official_name_zh | english_name | short_names | historical_names | unified_social_credit_code,False
974,cnha-ror-00xabh388,湖北省中醫院,ctg,automated_triage_only,unreadable,http://www.hbhtcm.com/,0,0,official_name_zh | short_names | historical_names | unified_social_credit_code,False
975,cnha-ror-01g9gaq76,Xuzhou Cancer Hospital,ctg,automated_triage_only,readable,http://www.xzzlyy.com/,0,0,official_name_zh | short_names | historical_names | unified_social_credit_code,False
976,cnha-ror-05vy2sc54,First Affiliated Hospital of Harbin Medical University,ctg,automated_triage_only,unreadable,http://www.54dr.com/,0,0,official_name_zh | short_names | historical_names | unified_social_credit_code,False
977,cnha-cfdi-31c61602c0a803336b55426e8e04a4da,中国医学科学院肿瘤医院,ctg,automated_triage_only,readable,https://www.cicams.ac.cn,0,0,short_names | historical_names | unified_social_credit_code,False
978,cnha-cfdi-3340923cc0a803335613d72a9247a1b9,吉林省肿瘤医院,ctg,automated_triage_only,readable,https://www.jlszlyy.com/,0,0,short_names | historical_names | unified_social_credit_code,False
979,cnha-cfdi-38d4d4c9c0a8033370f802154de28e76,滕州市中心人民医院,ctg,automated_triage_only,readable,http://www.tzzxrmyy.com/,0,0,short_names | historical_names | unified_social_credit_code,False
980,cnha-pending-022c4bbdf3e9c9b7,The first hospital of Qinhuangdao,ctg,automated_triage_only,no_reference_website,,1,0,official_name_zh | english_name | short_names | historical_names | unified_social_credit_code,False
981,cnha-pending-034b66ced39fcdc6,Suining central hospital,ctg,automated_triage_only,no_reference_website,,0,0,official_name_zh | english_name | short_names | historical_names | unified_social_credit_code,False
982,cnha-pending-07d9c26c55ee9067,"National Cancer Center/ National Clinical Research Center for Cancer/Cancer Hospital, Chinese Academy of Medical Sciences and Peking Union Medical College",ctg,automated_triage_only,no_reference_website,,0,0,official_name_zh | english_name | short_names | historical_names | unified_social_credit_code,False
983,cnha-pending-09aa57a10f6f54e7,Kaiping Central Hospital,ctg,automated_triage_only,no_reference_website,,0,0,official_name_zh | english_name | short_names | historical_names | unified_social_credit_code,False
984,cnha-pending-0a7ed06f4e4f0006,The First Affiliated Hospital of Henan University of Chinese Medicine,ctg,automated_triage_only,no_reference_website,,1,1,official_name_zh | english_name | short_names | historical_names | unified_social_credit_code,False
985,cnha-pending-0db4e2d542b7e08c,Guangxi Medical University Affiliated Tumor Hospital,ctg,automated_triage_only,no_reference_website,,1,0,official_name_zh | english_name | short_names | historical_names | unified_social_credit_code,False
986,cnha-pending-1e2b0f1a210eace6,"Fuwai Hospital, CAMS&PUMC",ctg,automated_triage_only,no_reference_website,,0,0,official_name_zh | english_name | short_names | historical_names | unified_social_credit_code,False
987,cnha-pending-26025f0cd310929e,Shanghai Tongji Hospital,ctg,automated_triage_only,no_reference_website,,2,1,official_name_zh | english_name | short_names | historical_names | unified_social_credit_code,False
988,cnha-pending-27d2f77982b24b64,Henan Children's Hospital,ctg,automated_triage_only,no_reference_website,,1,1,official_name_zh | english_name | short_names | historical_names | unified_social_credit_code,False
989,cnha-pending-289d079096723963,"Renmin Hospital of Wuhan University, Hubei General Hospital",ctg,automated_triage_only,no_reference_website,,0,0,official_name_zh | english_name | short_names | historical_names | unified_social_credit_code,False
990,cnha-pending-2ad72c173dd0d982,"Dongzhimen Hospital ,Beijing University of Chinese Medicine",ctg,automated_triage_only,no_reference_website,,1,0,official_name_zh | english_name | short_names | historical_names | unified_social_credit_code,False
991,cnha-pending-3086259242b232ba,The General Hospital of Western Theater Command,ctg,automated_triage_only,no_reference_website,,0,0,official_name_zh | english_name | short_names | historical_names | unified_social_credit_code,False
992,cnha-pending-34c52179e17d43d3,Jiaxing Second Hospital,ctg,automated_triage_only,no_reference_website,,0,0,official_name_zh | english_name | short_names | historical_names | unified_social_credit_code,False
993,cnha-pending-360be81c24f9ce1b,Xiamen Cardiovascular Hospital Xiamen University,ctg,automated_triage_only,no_reference_website,,0,0,official_name_zh | english_name | short_names | historical_names | unified_social_credit_code,False
994,cnha-pending-3732a17580801bac,Beijing University First Hospital,ctg,automated_triage_only,no_reference_website,,3,1,official_name_zh | english_name | short_names | historical_names | unified_social_credit_code,False
995,cnha-pending-38020477582abf41,Daping Hospital and the Research Institute of Surgery of the Third Military Medical University,ctg,automated_triage_only,no_reference_website,,0,0,official_name_zh | english_name | short_names | historical_names | unified_social_credit_code,False
996,cnha-pending-41d250c4ad45bacd,Beijing GoBroad Boren Hospital,ctg,automated_triage_only,no_reference_website,,0,0,official_name_zh | english_name | short_names | historical_names | unified_social_credit_code,False
997,cnha-pending-452805faa35b7b5b,Affiliated Tumor Hospital of Xinjiang Medical University,ctg,automated_triage_only,no_reference_website,,3,0,official_name_zh | english_name | short_names | historical_names | unified_social_credit_code,False
998,cnha-pending-63534a182bc7ad6a,SunYat-sen University Cancer Centre,ctg,automated_triage_only,no_reference_website,,1,1,official_name_zh | english_name | short_names | historical_names | unified_social_credit_code,False
999,cnha-pending-65478b1f7f23a089,Tangshan Workers Hospital,ctg,automated_triage_only,no_reference_website,,1,1,official_name_zh | english_name | short_names | historical_names | unified_social_credit_code,False
1000,cnha-pending-659823c0476464fb,Huizhou Municipal Central Hospital,ctg,automated_triage_only,no_reference_website,,0,0,official_name_zh | english_name | short_names | historical_names | unified_social_credit_code,False
